word	chosen	occ	agree	best_alt	alt_agree
𐤎𐤐𐤓	H5612	191	0.41	H5608	0.41361256544502617
𐤉𐤔𐤅𐤏	H3442	827	0.16	H3443	0.15598548972188633
𐤄𐤌𐤔𐤉𐤇	H4899	406	0.15		
𐤁𐤍𐤃𐤅𐤃	H1732	17	0.94	H1121	1.0
𐤁𐤍𐤀𐤁𐤓𐤄𐤌	H85	3	0.00	H1121	1.0
𐤀𐤁𐤓𐤄𐤌	H85	539	0.23		
𐤄𐤅𐤋𐤉𐤃	H3205	61	0.57		
𐤀𐤕𐤉𐤑𐤇𐤒	H3327	5	0.80	H853	0.0
𐤅𐤉𐤑𐤇𐤒	H3327	41	0.37	H6711	0.07317073170731707
𐤀𐤕𐤉𐤏𐤒𐤁	H3290	14	0.14	H853	0.0
𐤅𐤉𐤏𐤒𐤁	H3290	82	0.05		
𐤀𐤕𐤉𐤄𐤅𐤃𐤄	H3063	5	0.40	H853	0.4
𐤅𐤀𐤕𐤀𐤇𐤉𐤅	H251	5	1.00	H853	0.4
𐤅𐤉𐤄𐤅𐤃𐤄	H3063	78	0.49		
𐤅𐤀𐤕	H853	2919	0.62	H854	0.7458033573141487
𐤆𐤓𐤇	H2226	14	0.43	H2224	0.2857142857142857
𐤅𐤐𐤓𐤑	H6555	6	0.00	H6557	0.3333333333333333
𐤅𐤓𐤌	H7311	4	0.75	H7410	0.75
𐤅𐤁𐤏𐤆	H1162	8	0.12		
𐤌𐤓𐤅𐤕	H7327	3	0.00	H4796	0.3333333333333333
𐤅𐤏𐤅𐤁𐤃	H5744	5	0.00		
𐤄𐤌𐤋𐤊	H4428	2541	0.83	H4427	0.8815426997245179
𐤅𐤃𐤅𐤃	H1732	28	0.82		
𐤌𐤀𐤔𐤕	H802	3	1.00		
𐤀𐤅𐤓𐤉𐤄	H223	22	0.86		
𐤅𐤔𐤋𐤌𐤄	H8010	19	0.47		
𐤅𐤀𐤁𐤉𐤄	H29	5	0.40	H1	0.4
𐤅𐤉𐤄𐤅𐤔𐤐𐤈	H3092	4	0.75		
𐤅𐤉𐤅𐤓𐤌	H3141	5	0.40		
𐤅𐤀𐤇𐤆	H270	6	0.67	H271	0.5
𐤅𐤌𐤍𐤔𐤄	H4519	9	0.44		
𐤅𐤉𐤀𐤔𐤉𐤄𐤅	H2977	5	0.60		
𐤋𐤏𐤕	H6256	125	0.82		
𐤂𐤋𐤅𐤕	H1546	13	0.54	H1540	0.6153846153846154
𐤁𐤁𐤋	H894	118	0.42	H895	0.423728813559322
𐤅𐤀𐤇𐤓𐤉	H310	770	0.87	H317	0.41688311688311686
𐤂𐤋𐤅𐤕𐤌	H1546	3	0.00		
𐤁𐤁𐤋𐤄	H894	32	0.31		
𐤀𐤕	H853	23148	0.62	H854	0.7573872472783826
𐤔𐤀𐤋𐤕𐤉𐤀𐤋	H7597	5	0.40	H7598	0.4
𐤅𐤆𐤓𐤁𐤁𐤋	H2216	4	0.50		
𐤅𐤀𐤋𐤉𐤒𐤉𐤌	H471	5	0.60		
𐤅𐤉𐤊𐤉𐤍	H3199	6	0.50		
𐤅𐤀𐤋𐤏𐤆𐤓	H499	16	0.38		
𐤅𐤌𐤕𐤍	H5414	8	0.62	H4976	0.25
𐤀𐤕𐤉𐤅𐤎𐤐	H3130	3	0.00	H853	0.3333333333333333
𐤁𐤏𐤋	H1167	98	0.78	H1166	0.6428571428571429
𐤌𐤓𐤉𐤌	H4813	118	0.35	H7311	0.5932203389830508
𐤀𐤔𐤓	H834	15476	0.71	H804	0.4804212974928922
𐤌𐤌𐤍𐤄	H4480	212	0.64		
𐤍𐤅𐤋𐤃	H3205	97	0.91		
𐤄𐤍𐤒𐤓𐤀	H7121	325	0.97		
𐤌𐤔𐤉𐤇	H4899	9	0.44		
𐤅𐤄𐤍𐤄	H2009	745	0.28	H2008	0.6308724832214765
𐤀𐤓𐤁𐤏𐤄	H702	130	0.65	H703	0.5461538461538461
𐤏𐤔𐤓	H6240	407	0.75	H6218	0.40786240786240785
𐤃𐤓𐤅𐤕	H1755	3	1.00		
𐤊𐤄	H3541	254	0.83	H3542	0.7913385826771654
𐤄𐤉𐤕𐤄	H1961	832	0.77		
𐤀𐤌𐤅	H517	183	0.84		
𐤋𐤉𐤅𐤎𐤐	H3130	59	0.64		
𐤅𐤁𐤈𐤓𐤌	H2962	30	0.90		
𐤉𐤁𐤀	H935	81	0.67		
𐤀𐤋𐤉𐤄	H413	315	0.65	H452	0.47619047619047616
𐤍𐤌𐤑𐤀𐤕	H4672	11	0.91		
𐤄𐤓𐤄	H2030	19	0.68	H2029	0.7368421052631579
𐤋𐤓𐤅𐤇	H7307	29	0.79		
𐤄𐤒𐤃𐤔	H6944	212	0.93	H6942	0.8443396226415094
𐤅𐤉𐤅𐤎𐤐	H3254	166	0.62	H3130	0.4036144578313253
𐤁𐤏𐤋𐤄	H1167	65	0.92	H1173	0.3230769230769231
𐤄𐤉𐤄	H1961	2953	0.77		
𐤀𐤉𐤔	H376	3084	0.81	H378	0.4568741893644617
𐤑𐤃𐤉𐤒	H6662	86	0.70		
𐤅𐤋𐤀	H3808	3393	0.73	H3863	0.48924255820807544
𐤀𐤁𐤄	H14	63	0.60	H16	0.0
𐤋𐤕𐤕𐤄	H5414	20	0.95		
𐤋𐤁𐤅𐤆	H937	22	0.41	H962	0.5
𐤅𐤉𐤀𐤌𐤓	H559	2359	0.72	H560	0.44383213225943197
𐤁𐤋𐤁𐤅	H3820	212	0.80		
𐤋𐤔𐤋𐤇𐤄	H7971	3	1.00		
𐤁𐤎𐤕𐤓	H5643	112	0.55		
𐤄𐤅𐤀	H1931	4031	0.56	H1934	0.8439593153063756
𐤇𐤔𐤁	H2803	233	0.91	H2805	0.630901287553648
𐤊𐤆𐤀𐤕	H2063	209	0.81		
𐤌𐤋𐤀𐤊	H4397	93	0.62	H4398	0.4731182795698925
𐤉𐤄𐤅𐤄	H3068	272	0.22	H3071	0.17279411764705882
𐤍𐤓𐤀𐤄	H7200	174	0.87		
𐤀𐤋𐤉𐤅	H413	1800	0.71		
𐤁𐤇𐤋𐤅𐤌	H2472	31	0.65		
𐤉𐤅𐤎𐤐	H3130	1026	0.54	H3254	0.4551656920077973
𐤀𐤋𐤕𐤉𐤓𐤀	H3372	16	0.81	H413	0.375
𐤀𐤋𐤉𐤊	H413	182	0.57		
𐤀𐤔𐤕𐤊	H802	8	0.88		
𐤊𐤉	H3588	16032	0.84	H3587	0.02133233532934132
𐤌𐤓𐤅𐤇	H4790	15	0.00	H7307	0.9333333333333333
𐤅𐤄𐤉𐤀	H1931	163	0.52	H1932	0.25153374233128833
𐤉𐤋𐤃𐤕	H3205	5	0.80		
𐤁𐤍	H1121	1327	0.90	H996	0.651846269781462
𐤅𐤒𐤓𐤀𐤕	H7121	7	0.86	H7122	0.14285714285714285
𐤀𐤕𐤔𐤌𐤅	H8034	15	0.67	H853	0.6
𐤉𐤅𐤔𐤉𐤏	H3467	3	0.67		
𐤀𐤕𐤏𐤌𐤅	H5973	9	0.67	H853	0.3333333333333333
𐤅𐤕𐤄𐤉	H1961	265	0.73		
𐤊𐤋𐤆𐤀𐤕	H2063	14	0.43	H3605	0.0
𐤋𐤌𐤋𐤀𐤕	H4390	24	0.92		
𐤀𐤔𐤓𐤃𐤁𐤓	H1697	9	1.00	H834	0.1111111111111111
𐤁𐤉𐤃	H3027	397	0.77	H3028	0.40554156171284633
𐤄𐤍𐤁𐤉𐤀	H5030	239	0.96		
𐤋𐤀𐤌𐤓	H559	615	0.79	H564	0.1983739837398374
𐤄𐤍𐤄	H2009	748	0.29	H2008	0.606951871657754
𐤄𐤏𐤋𐤌𐤄	H5959	15	0.93		
𐤅𐤒𐤓𐤀𐤅	H7121	33	0.61		
𐤔𐤌𐤅	H8034	375	0.50	H7760	0.8133333333333334
𐤐𐤓𐤅𐤔𐤅	H6566	7	0.00		
𐤄𐤀𐤋	H410	41	0.71	H413	0.7073170731707317
𐤏𐤌𐤍𐤅	H5973	105	0.69	H5971	0.7333333333333333
𐤅𐤉𐤉𐤒𐤑	H3364	15	0.07		
𐤌𐤔𐤍𐤕𐤅	H8142	20	0.35		
𐤅𐤉𐤏𐤔	H6213	258	0.76		
𐤊𐤀𐤔𐤓	H834	1990	0.69		
𐤑𐤅𐤄𐤅	H6680	22	0.91		
𐤅𐤉𐤒𐤇	H3947	414	0.53		
𐤀𐤕𐤀𐤔𐤕𐤅	H802	20	0.95	H853	0.3
𐤉𐤃𐤏𐤄	H3045	30	0.90		
𐤏𐤃	H5704	2163	0.81	H5750	0.778548312528895
𐤅𐤉𐤒𐤓𐤀	H7121	409	0.67	H7122	0.24449877750611246
𐤅𐤉𐤄𐤉	H1961	2316	0.60		
𐤁𐤁𐤉𐤕𐤋𐤇𐤌	H3899	3	0.00	H1004	0.6666666666666666
𐤉𐤄𐤅𐤃𐤄	H3063	892	0.47	H3034	0.45739910313901344
𐤁𐤉𐤌𐤉	H3117	192	0.90		
𐤅𐤉𐤁𐤀𐤅	H935	171	0.81		
𐤌𐤀𐤓𐤑	H776	186	0.64		
𐤌𐤆𐤓𐤇	H4217	21	0.81		
𐤉𐤓𐤅𐤔𐤋𐤉𐤌𐤄	H3389	124	0.43		
𐤌𐤋𐤊	H4428	926	0.75	H4427	0.8045356371490281
𐤄𐤉𐤄𐤅𐤃𐤉𐤌	H3064	1366	0.07		
𐤄𐤍𐤅𐤋𐤃	H3205	31	0.90		
𐤓𐤀𐤉𐤍𐤅	H7200	37	0.70		
𐤁𐤌𐤆𐤓𐤇	H4217	10	0.60		
𐤅𐤍𐤁𐤀	H935	13	0.77		
𐤋𐤄𐤔𐤕𐤇𐤅𐤕	H7812	22	0.86		
𐤊𐤔𐤌𐤏	H8085	37	0.62	H8088	0.8648648648648649
𐤅𐤉𐤁𐤄𐤋	H926	28	0.50		
𐤏𐤌𐤅	H5973	690	0.68	H5971	0.41739130434782606
𐤅𐤉𐤒𐤄𐤋	H6950	27	0.85		
𐤄𐤊𐤄𐤍𐤉𐤌	H3548	303	0.95		
𐤄𐤏𐤌	H5971	1279	0.71		
𐤅𐤉𐤃𐤓𐤔	H1875	8	0.50		
𐤌𐤀𐤕𐤌	H854	20	0.55	H864	0.3
𐤀𐤉𐤐𐤄	H375	29	0.21	H374	0.13793103448275862
𐤉𐤅𐤋𐤃	H3205	22	0.91		
𐤅𐤉𐤀𐤌𐤓𐤅	H559	591	0.72		
𐤊𐤉𐤊𐤍	H3651	18	0.39	H3588	0.6111111111111112
𐤊𐤕𐤅𐤁	H3789	109	0.21		
𐤅𐤀𐤕𐤄	H859	188	0.00	H853	0.2872340425531915
𐤁𐤉𐤕𐤋𐤇𐤌	H3899	7	0.00	H1004	0.2857142857142857
𐤀𐤓𐤑	H776	823	0.64	H7521	0.46051032806804376
𐤀𐤉𐤍𐤊	H369	25	0.60		
𐤑𐤏𐤉𐤓	H6810	32	0.78		
𐤌𐤌𐤊	H4480	125	0.50		
𐤉𐤑𐤀	H3318	416	0.88		
𐤌𐤅𐤔𐤋	H4910	38	0.79		
𐤀𐤕𐤏𐤌𐤉	H5971	4	1.00	H853	0.25
𐤉𐤔𐤓𐤀𐤋	H3478	1093	0.42	H3479	0.42268984446477587
𐤀𐤆	H227	416	0.74		
𐤒𐤓𐤀	H7121	261	0.74	H7123	0.6934865900383141
𐤅𐤉𐤇𐤒𐤓	H2713	6	0.83		
𐤀𐤕𐤌	H853	1063	0.48	H854	0.6246472248353716
𐤋𐤃𐤏𐤕	H3045	203	0.90		
𐤏𐤕	H6256	152	0.84	H6258	0.7171052631578947
𐤄𐤓𐤀𐤅𐤕	H7200	22	0.86		
𐤄𐤊𐤅𐤊𐤁	H3556	5	0.60		
𐤅𐤉𐤔𐤋𐤇𐤌	H7971	38	0.63		
𐤋𐤊𐤅	H3212	71	0.51		
𐤇𐤒𐤓𐤅	H2713	7	0.71		
𐤄𐤉𐤈𐤁	H3190	117	0.95		
𐤏𐤋𐤃𐤁𐤓	H1697	89	0.94	H5921	0.9101123595505618
𐤄𐤉𐤋𐤃	H3206	110	0.76		
𐤅𐤄𐤉𐤄	H1961	348	0.65		
𐤀𐤕𐤅	H853	877	0.54	H854	0.6716077537058153
𐤅𐤄𐤂𐤃𐤕𐤌	H5046	4	0.50		
𐤂𐤌𐤀𐤍𐤉	H589	29	0.14	H1571	0.3448275862068966
𐤊𐤔𐤌𐤏𐤌	H8085	38	0.63		
𐤀𐤕𐤃𐤁𐤓𐤉	H1697	34	0.88	H853	0.17647058823529413
𐤅𐤉𐤋𐤊𐤅	H3212	337	0.59		
𐤃𐤓𐤊	H1870	395	0.78	H1869	0.14430379746835442
𐤋𐤐𐤍𐤉𐤄𐤌	H6440	181	0.90		
𐤁𐤀𐤅	H935	424	0.86		
𐤀𐤋𐤌𐤒𐤅𐤌	H4725	14	0.71	H413	0.5
𐤀𐤔𐤓𐤔𐤌	H8033	14	0.00	H834	0.2857142857142857
𐤅𐤉𐤏𐤌𐤃	H5975	63	0.83		
𐤌𐤌𐤏𐤋	H4605	60	0.70		
𐤅𐤉𐤓𐤀𐤅	H7200	159	0.64	H3372	0.5471698113207547
𐤅𐤉𐤔𐤌𐤇𐤅	H8055	44	0.55		
𐤔𐤌𐤇𐤄	H8057	75	0.65	H8055	0.7733333333333333
𐤂𐤃𐤅𐤋𐤄	H1419	447	0.75	H1420	0.6666666666666666
𐤏𐤃𐤌𐤀𐤃	H3966	12	0.75	H5704	0.6666666666666666
𐤄𐤁𐤉𐤕𐤄	H1004	52	0.73		
𐤅𐤉𐤌𐤑𐤀𐤅	H4672	77	0.64		
𐤀𐤕𐤄𐤉𐤋𐤃	H3206	11	1.00	H853	0.2727272727272727
𐤅𐤉𐤐𐤋𐤅	H5307	93	0.68		
𐤏𐤋𐤐𐤍𐤉𐤄𐤌	H6440	9	0.89	H5921	0.6666666666666666
𐤅𐤉𐤔𐤕𐤇𐤅𐤅𐤋𐤅	H7812	3	0.67		
𐤅𐤉𐤐𐤕𐤇𐤅	H6605	20	0.70		
𐤅𐤉𐤒𐤓𐤉𐤁𐤅	H7126	18	0.78		
𐤌𐤍𐤇𐤄	H4503	40	0.60	H4496	0.325
𐤆𐤄𐤁	H2091	301	0.69	H4314	0.7109634551495017
𐤅𐤋𐤁𐤅𐤍𐤄	H3828	8	0.75		
𐤅𐤌𐤓	H4751	10	0.50		
𐤅𐤉𐤑𐤅𐤅	H6680	26	0.81		
𐤋𐤁𐤋𐤕𐤉	H1115	313	0.73		
𐤔𐤅𐤁	H7725	67	0.87		
𐤁𐤃𐤓𐤊	H1870	363	0.68		
𐤀𐤇𐤓	H310	492	0.78	H268	0.7317073170731707
𐤀𐤋𐤀𐤓𐤑𐤌	H776	5	0.60	H413	0.8
𐤄𐤌	H1992	1555	0.63	H1991	0.7536977491961415
𐤄𐤋𐤊𐤅	H1980	165	0.88		
𐤌𐤔𐤌	H8033	351	0.47		
𐤒𐤅𐤌	H6965	85	0.42	H6957	0.07058823529411765
𐤒𐤇	H3947	43	0.23		
𐤅𐤀𐤕𐤀𐤌𐤅	H517	12	1.00	H853	0.25
𐤌𐤑𐤓𐤉𐤌𐤄	H4714	158	0.34		
𐤏𐤃𐤀𐤔𐤓	H834	26	0.50	H5704	0.6923076923076923
𐤀𐤌𐤓	H559	833	0.85	H560	0.6686674669867947
𐤑𐤃𐤄	H6720	23	0.57	H6658	0.43478260869565216
𐤋𐤀𐤁𐤃𐤅	H6	8	0.88		
𐤅𐤉𐤒𐤌	H6965	244	0.57		
𐤁𐤋𐤉𐤋𐤄	H3915	224	0.68		
𐤅𐤉𐤁𐤓𐤇	H1272	37	0.43		
𐤏𐤃𐤌𐤅𐤕	H4194	11	0.82	H5704	0.36363636363636365
𐤃𐤁𐤓	H1697	1701	0.92	H1696	0.8001175778953556
𐤌𐤌𐤑𐤓𐤉𐤌	H4714	102	0.58		
𐤒𐤓𐤀𐤕𐤉	H7121	24	0.62	H7122	0.20833333333333334
𐤋𐤁𐤍𐤉	H1121	214	0.87	H3845	0.11682242990654206
𐤅𐤉𐤓𐤀	H7200	408	0.62	H3372	0.5294117647058824
𐤄𐤕𐤋𐤅	H2048	4	0.25		
𐤅𐤉𐤒𐤑𐤐	H7107	19	0.47		
𐤌𐤀𐤃	H3966	1017	0.90		
𐤅𐤉𐤔𐤋𐤇	H7971	450	0.76		
𐤅𐤉𐤌𐤕	H4191	202	0.65		
𐤅𐤋𐤌𐤈𐤄	H4294	4	0.25	H4295	0.5
𐤊𐤐𐤉	H3709	166	0.33	H6310	0.8674698795180723
𐤄𐤏𐤕	H6256	106	0.89		
𐤇𐤒𐤓𐤄	H2713	4	0.25		
𐤌𐤐𐤉	H6310	111	0.91	H4648	0.36036036036036034
𐤅𐤉𐤌𐤋𐤀	H4390	39	0.77		
𐤄𐤃𐤁𐤓	H1697	1358	0.89	H1696	0.7525773195876289
𐤄𐤍𐤀𐤌𐤓	H559	12	0.83		
𐤁𐤐𐤉	H6310	96	0.89		
𐤉𐤓𐤌𐤉𐤄	H3414	4	0.00		
𐤒𐤅𐤋	H6963	251	0.61		
𐤁𐤓𐤌𐤄	H7414	5	1.00	H7413	0.6
𐤍𐤔𐤌𐤏	H8085	42	0.76		
𐤍𐤄𐤉	H5092	8	0.75	H1961	0.5
𐤅𐤁𐤊𐤉	H3588	4	0.25	H1065	0.25
𐤕𐤌𐤓𐤅𐤓𐤉𐤌	H8563	3	0.33	H8564	0.0
𐤓𐤇𐤋	H7354	69	0.13	H7353	0.21739130434782608
𐤌𐤁𐤊𐤄	H3541	3	0.67	H1058	1.0
𐤌𐤀𐤍𐤄	H3985	4	0.00		
𐤋𐤄𐤍𐤇𐤌	H5162	7	1.00		
𐤀𐤉𐤍𐤌	H369	129	0.59		
𐤀𐤇𐤓𐤉	H310	1846	0.86	H268	0.8049837486457205
𐤌𐤅𐤕	H4194	397	0.76	H4191	0.8136020151133502
𐤁𐤀𐤓𐤑	H776	727	0.64		
𐤌𐤑𐤓𐤉𐤌	H4714	800	0.47	H4713	0.49875
𐤅𐤋𐤊	H3212	54	0.50		
𐤀𐤋𐤀𐤓𐤑	H776	19	0.79	H413	0.7368421052631579
𐤌𐤕𐤅	H4191	95	0.74	H4194	0.5684210526315789
𐤄𐤌𐤁𐤒𐤔𐤉𐤌	H1245	16	0.56		
𐤅𐤉𐤁𐤀	H935	416	0.86		
𐤀𐤓𐤑𐤄	H776	230	0.64	H7521	0.3739130434782609
𐤅𐤊𐤔𐤌𐤏𐤅	H8085	15	0.93		
𐤁𐤉𐤄𐤅𐤃𐤄	H3063	58	0.52		
𐤕𐤇𐤕	H8478	524	0.61	H5182	0.43320610687022904
𐤀𐤁𐤉𐤅	H1	737	0.75		
𐤉𐤓𐤀	H3372	145	0.85	H7200	0.8
𐤋𐤋𐤊𐤕	H3212	406	0.69		
𐤔𐤌𐤄	H8033	326	0.31	H7760	0.803680981595092
𐤅𐤉𐤑𐤅𐤄	H6680	8	0.50		
𐤅𐤉𐤋𐤊	H3212	425	0.57	H1980	0.6964705882352941
𐤄𐤂𐤋𐤉𐤋	H1551	184	0.36		
𐤅𐤉𐤔𐤁	H7725	445	0.79	H3427	0.6651685393258427
𐤁𐤏𐤉𐤓	H5892	307	0.82	H5782	0.048859934853420196
𐤍𐤑𐤓𐤕	H5341	3	0.00		
𐤏𐤋𐤐𐤉	H6310	84	0.92	H5921	0.9166666666666666
𐤄𐤍𐤁𐤉𐤀𐤉𐤌	H5030	74	0.96		
𐤍𐤑𐤓𐤉	H5341	3	0.00		
𐤉𐤒𐤓𐤀	H7121	63	0.70	H7122	0.20634920634920634
𐤁𐤉𐤌𐤉𐤌	H3117	359	0.91	H3220	0.21727019498607242
𐤄𐤄𐤌	H1992	535	0.39		
𐤁𐤀	H935	726	0.84		
𐤉𐤅𐤇𐤍𐤍	H3110	260	0.18	H3076	0.2
𐤁𐤌𐤃𐤁𐤓	H4057	102	0.58		
𐤔𐤅𐤁𐤅	H7725	27	0.85		
𐤌𐤋𐤊𐤅𐤕	H4438	147	0.78	H4437	0.8299319727891157
𐤄𐤔𐤌𐤉𐤌	H8064	362	0.59		
𐤄𐤂𐤉𐤏𐤄	H5060	57	0.72		
𐤄𐤋𐤀𐤆𐤄	H2088	3	0.67	H3808	0.3333333333333333
𐤍𐤁𐤀	H5012	53	0.87	H935	0.9245283018867925
𐤏𐤋𐤉𐤅	H5921	1341	0.91		
𐤉𐤔𐤏𐤉𐤄𐤅	H3470	25	0.20		
𐤒𐤅𐤓𐤀	H7121	33	0.64	H6981	0.15151515151515152
𐤐𐤍𐤅	H6437	41	0.76		
𐤉𐤔𐤓𐤅	H3474	20	0.70	H8323	0.55
𐤅𐤄𐤅𐤀	H1931	966	0.52	H1932	0.2722567287784679
𐤋𐤁𐤅𐤔𐤅	H3830	5	0.60		
𐤔𐤏𐤓	H8179	82	0.68	H8181	0.17073170731707318
𐤂𐤌𐤋𐤉𐤌	H1581	12	0.67	H1580	0.4166666666666667
𐤅𐤀𐤆𐤅𐤓	H232	3	0.67		
𐤏𐤅𐤓	H5785	40	0.23	H5787	0.625
𐤁𐤌𐤕𐤍𐤉𐤅	H4975	4	0.75		
𐤅𐤌𐤀𐤊𐤋𐤅	H398	3	0.67	H3978	0.6666666666666666
𐤅𐤃𐤁𐤔	H1706	9	0.56		
𐤄𐤉𐤏𐤓	H3293	18	0.89		
𐤅𐤉𐤑𐤀𐤅	H3318	177	0.81		
𐤉𐤔𐤁𐤉	H3427	17	0.76	H3433	0.5882352941176471
𐤉𐤓𐤅𐤔𐤋𐤉𐤌	H3389	554	0.55		
𐤄𐤉𐤓𐤃𐤍	H3383	153	0.66		
𐤅𐤉𐤈𐤁𐤋𐤅	H2881	10	0.00		
𐤏𐤋𐤉𐤃𐤅	H3027	41	0.88	H5921	0.8780487804878049
𐤁𐤉𐤓𐤃𐤍	H3383	3	0.00		
𐤀𐤕𐤇𐤈𐤀𐤕𐤌	H2403	5	0.00	H853	0.0
𐤊𐤓𐤀𐤅𐤕𐤅	H7200	17	0.76		
𐤓𐤁𐤉𐤌	H7227	1143	0.85	H1337	0.331583552055993
𐤅𐤄𐤑𐤃𐤅𐤒𐤉𐤌	H6659	9	0.00		
𐤍𐤂𐤔𐤉𐤌	H5065	7	0.43	H5066	0.7142857142857143
𐤉𐤋𐤃𐤉	H3206	27	0.56	H3205	0.7037037037037037
𐤄𐤑𐤐𐤏𐤅𐤍𐤉𐤌	H6848	4	1.00		
𐤌𐤉	H4310	475	0.30	H4100	0.33263157894736844
𐤄𐤔𐤊𐤉𐤋	H7919	10	0.80		
𐤀𐤕𐤊𐤌	H853	408	0.39	H854	0.5147058823529411
𐤋𐤄𐤌𐤋𐤈	H4422	78	0.69		
𐤄𐤁𐤀	H935	129	0.81		
𐤏𐤔𐤅	H6213	786	0.65	H6215	0.27608142493638677
𐤐𐤓𐤉	H6529	141	0.67	H6499	0.24113475177304963
𐤄𐤓𐤀𐤅𐤉	H3372	54	0.85		
𐤋𐤕𐤔𐤅𐤁𐤄	H7725	16	0.75		
𐤁𐤋𐤁𐤁𐤊𐤌	H3824	20	0.75		
𐤀𐤁𐤉𐤍𐤅	H1	105	0.74		
𐤀𐤍𐤉	H589	1016	0.19	H205	0.2263779527559055
𐤄𐤀𐤋𐤄	H428	1676	0.67	H424	0.47911694510739855
𐤉𐤊𐤅𐤋	H3201	125	0.89		
𐤄𐤀𐤋𐤄𐤉𐤌	H430	1198	0.55		
𐤋𐤄𐤒𐤉𐤌	H6965	63	0.79		
𐤁𐤍𐤉𐤌	H1121	264	0.89	H1129	0.6931818181818182
𐤋𐤀𐤁𐤓𐤄𐤌	H85	57	0.21		
𐤅𐤊𐤁𐤓	H3529	64	0.05		
𐤄𐤅𐤔𐤌	H8034	20	0.30		
𐤄𐤂𐤓𐤆𐤍	H1631	3	0.00		
𐤄𐤏𐤑𐤉𐤌	H6086	46	0.76		
𐤊𐤋𐤏𐤑	H6086	5	1.00	H3605	0.8
𐤀𐤉𐤍𐤍𐤅	H369	138	0.51		
𐤏𐤔𐤄	H6213	835	0.86	H6214	0.2838323353293413
𐤈𐤅𐤁	H2896	561	0.81	H2895	0.6773618538324421
𐤉𐤂𐤃𐤏	H1438	4	0.75		
𐤅𐤉𐤔𐤋𐤊	H7993	17	0.59		
𐤁𐤀𐤔	H784	221	0.63	H887	0.6018099547511312
𐤄𐤍	H2005	551	0.29	H2009	0.13430127041742287
𐤁𐤌𐤉𐤌	H4325	50	0.74		
𐤅𐤄𐤁𐤀	H935	11	0.91		
𐤇𐤆𐤒	H2388	153	0.67	H2389	0.39215686274509803
𐤌𐤌𐤍𐤉	H4480	111	0.59		
𐤀𐤉𐤍𐤍𐤉	H369	54	0.28		
𐤓𐤀𐤅𐤉	H7200	135	0.93		
𐤋𐤔𐤀𐤕	H5375	168	0.91		
𐤍𐤏𐤋𐤉𐤅	H5275	5	1.00		
𐤉𐤈𐤁𐤋	H2881	4	0.00		
𐤁𐤓𐤅𐤇	H7307	129	0.86	H1272	0.1937984496124031
𐤅𐤁𐤀𐤔	H784	4	0.50	H887	0.0
𐤁𐤉𐤃𐤅	H3027	394	0.92		
𐤅𐤀𐤎𐤐	H622	9	0.78	H623	0.2222222222222222
𐤋𐤀	H3808	7636	0.78	H3863	0.5495023572551074
𐤕𐤊𐤁𐤄	H3518	11	0.91		
𐤌𐤍𐤄𐤂𐤋𐤉𐤋	H1551	14	0.07	H4480	0.42857142857142855
𐤀𐤋𐤉𐤅𐤇𐤍𐤍	H3110	4	0.00	H413	0.5
𐤅𐤉𐤅𐤇𐤍𐤍	H3110	41	0.17	H3076	0.17073170731707318
𐤇𐤔𐤊	H2822	32	0.41	H2821	0.4375
𐤀𐤅𐤕𐤅	H853	1379	0.52		
𐤑𐤓𐤉𐤊	H6862	40	0.25	H6735	0.175
𐤋𐤄𐤈𐤁𐤋	H2881	3	0.00		
𐤏𐤋𐤉𐤃𐤊	H3027	4	0.25	H5921	0.25
𐤀𐤋𐤉	H413	344	0.52	H410	0.3691860465116279
𐤅𐤉𐤏𐤍	H6030	514	0.77		
𐤄𐤍𐤉𐤇𐤄	H3240	13	0.77		
𐤊𐤍	H3651	1538	0.78	H3653	0.323146944083225
𐤍𐤀𐤅𐤄	H5000	11	0.55	H4998	0.45454545454545453
𐤋𐤌𐤋𐤀	H4390	80	0.74		
𐤅𐤉𐤍𐤇	H3240	14	0.79	H5117	0.6428571428571429
𐤍𐤈𐤁𐤋	H2881	6	0.00		
𐤅𐤉𐤌𐤄𐤓	H4116	127	0.56		
𐤋𐤏𐤋𐤅𐤕	H5927	139	0.88	H5930	0.460431654676259
𐤌𐤍𐤄𐤌𐤉𐤌	H4325	9	0.89	H4480	0.4444444444444444
𐤀𐤕𐤓𐤅𐤇	H7307	26	1.00	H853	0.15384615384615385
𐤀𐤋𐤄𐤉𐤌	H430	1565	0.62		
𐤊𐤉𐤅𐤍𐤄	H3123	3	1.00		
𐤅𐤍𐤇𐤄	H5117	3	0.67		
𐤌𐤍𐤄𐤔𐤌𐤉𐤌	H8064	68	0.99	H4480	0.35294117647058826
𐤀𐤅𐤌𐤓	H201	111	0.03	H559	0.8378378378378378
𐤆𐤄	H2088	1213	0.71	H2090	0.4319868095630668
𐤁𐤍𐤉	H1121	2571	0.82	H1323	0.45702061454686893
𐤉𐤃𐤉𐤃𐤉	H3039	26	0.58		
𐤍𐤐𐤔𐤉	H5315	107	0.87		
𐤍𐤔𐤀	H5375	166	0.90	H5377	0.536144578313253
𐤄𐤓𐤅𐤇	H7307	127	0.92		
𐤀𐤕𐤉𐤔𐤅𐤏	H3442	56	0.16	H853	0.017857142857142856
𐤄𐤌𐤃𐤁𐤓𐤄	H4057	25	0.64		
𐤋𐤌𐤏𐤍	H4616	1495	0.63		
𐤄𐤔𐤈𐤍	H7854	80	0.42		
𐤀𐤓𐤁𐤏𐤉𐤌	H705	158	0.78		
𐤉𐤅𐤌	H3117	699	0.89	H3118	0.6852646638054364
𐤅𐤀𐤓𐤁𐤏𐤉𐤌	H705	87	0.71		
𐤋𐤉𐤋𐤄	H3915	95	0.78		
𐤅𐤉𐤓𐤏𐤁	H7456	3	0.00		
𐤅𐤉𐤂𐤔	H5066	81	0.54		
𐤄𐤌𐤍𐤎𐤄	H5127	3	0.33	H4519	0.0
𐤀𐤌	H518	2490	0.84	H517	0.7108433734939759
𐤀𐤕𐤄	H859	802	0.00	H854	0.527431421446384
𐤅𐤕𐤄𐤉𐤉𐤍𐤄	H1961	18	0.94		
𐤋𐤋𐤇𐤌	H3899	3	0.67		
𐤏𐤋𐤄𐤋𐤇𐤌	H3899	3	1.00	H5921	0.6666666666666666
𐤋𐤁𐤃𐤅	H905	228	0.83		
𐤉𐤇𐤉𐤄	H2421	35	0.91	H3174	0.11428571428571428
𐤄𐤀𐤃𐤌	H120	531	0.39	H122	0.009416195856873822
𐤅𐤉𐤔𐤀𐤄𐤅	H5375	15	0.87		
𐤀𐤋𐤏𐤉𐤓	H5892	11	0.82	H413	0.9090909090909091
𐤅𐤉𐤏𐤌𐤉𐤃𐤄𐤅	H5975	12	0.50		
𐤁𐤉𐤕	H1004	564	0.78	H1023	0.4078014184397163
𐤄𐤌𐤒𐤃𐤔	H4720	423	0.66	H6942	0.7021276595744681
𐤄𐤔𐤋𐤊	H7994	11	0.55	H7993	0.6363636363636364
𐤏𐤑𐤌𐤊	H6106	15	0.67		
𐤋𐤌𐤈𐤄	H4294	67	0.31	H4295	0.40298507462686567
𐤌𐤋𐤀𐤊𐤉𐤅	H4397	10	0.70		
𐤁𐤀𐤁𐤍	H68	18	0.61		
𐤓𐤂𐤋𐤊	H7272	6	0.67		
𐤅𐤏𐤅𐤃	H5750	356	0.89		
𐤀𐤋𐤄𐤉𐤊	H430	16	0.31		
𐤀𐤋𐤄𐤓	H2022	8	1.00	H413	0.375
𐤂𐤁𐤄	H1364	39	0.72	H1361	0.8974358974358975
𐤅𐤉𐤓𐤀𐤄𐤅	H7200	13	0.62		
𐤀𐤕𐤊𐤋	H3605	27	0.15	H853	0.14814814814814814
𐤌𐤌𐤋𐤊𐤅𐤕	H4467	15	0.80	H4468	0.7333333333333333
𐤕𐤁𐤋	H8398	80	0.88	H5034	0.4625
𐤀𐤕𐤊𐤋𐤆𐤀𐤕	H2063	3	0.33	H853	0.0
𐤀𐤕𐤍𐤍𐤄	H5414	8	0.50		
𐤅𐤕𐤔𐤕𐤇𐤅𐤄	H7812	4	1.00		
𐤎𐤅𐤓	H5493	14	0.64	H5495	0.07142857142857142
𐤋𐤉𐤄𐤅𐤄	H3068	18	0.22		
𐤕𐤔𐤕𐤇𐤅𐤄	H7812	3	1.00		
𐤅𐤀𐤅𐤕𐤅	H853	31	0.42		
𐤕𐤏𐤁𐤃	H5647	3	1.00		
𐤅𐤉𐤓𐤐	H7503	3	0.33		
𐤌𐤌𐤍𐤅	H4480	855	0.70		
𐤍𐤂𐤔𐤅	H5066	26	0.58		
𐤌𐤋𐤀𐤊𐤉𐤌	H4397	76	0.78	H4428	0.3684210526315789
𐤊𐤔𐤌𐤏𐤅	H8085	42	0.86		
𐤄𐤎𐤂𐤉𐤓𐤅	H5462	5	1.00		
𐤀𐤕𐤉𐤅𐤇𐤍𐤍	H3110	9	0.00	H853	0.0
𐤅𐤉𐤋𐤊𐤋𐤅	H3605	8	0.38		
𐤅𐤉𐤏𐤆𐤁	H5800	43	0.53		
𐤏𐤋𐤔𐤐𐤕	H8193	5	0.60	H5921	1.0
𐤄𐤉𐤌	H3220	321	0.74		
𐤁𐤂𐤁𐤅𐤋	H1366	27	0.59		
𐤆𐤁𐤋𐤅𐤍	H2074	4	0.25		
𐤅𐤍𐤐𐤕𐤋𐤉	H5321	16	0.31		
𐤅𐤀𐤓𐤑𐤄	H776	4	0.75	H7521	0.25
𐤍𐤐𐤕𐤋𐤉	H5321	37	0.54		
𐤏𐤁𐤓	H5674	259	0.88	H5676	0.749034749034749
𐤄𐤂𐤅𐤉𐤌	H1471	118	0.82		
𐤄𐤄𐤋𐤊𐤉𐤌	H1980	24	0.96		
𐤁𐤇𐤔𐤊	H2822	19	0.95		
𐤓𐤀𐤅	H7200	250	0.80		
𐤀𐤅𐤓	H216	92	0.83	H215	0.8043478260869565
𐤂𐤃𐤅𐤋	H1419	848	0.77		
𐤅𐤉𐤔𐤁𐤉	H3427	6	0.67	H3433	0.0
𐤑𐤋𐤌𐤅𐤕	H6757	8	0.50		
𐤍𐤂𐤄	H5051	11	0.73	H5053	0.36363636363636365
𐤏𐤋𐤉𐤄𐤌	H5921	1446	0.93	H5922	0.8215767634854771
𐤌𐤍𐤄𐤏𐤕	H6256	3	0.67	H4480	0.0
𐤄𐤄𐤉𐤀	H1931	703	0.48		
𐤄𐤇𐤋	H2490	103	0.76	H2426	0.36893203883495146
𐤋𐤒𐤓𐤀	H7121	91	0.76		
𐤒𐤓𐤅𐤀	H7121	3	1.00		
𐤏𐤋𐤉𐤃	H3027	77	0.81	H5921	0.8961038961038961
𐤔𐤍𐤉	H8147	446	0.75	H8145	0.6704035874439462
𐤀𐤍𐤔𐤉𐤌	H376	692	0.85	H606	0.004335260115606936
𐤀𐤇𐤉𐤌	H251	88	0.86	H255	0.03409090909090909
𐤀𐤕𐤔𐤌𐤏𐤅𐤍	H8095	7	0.14	H853	0.14285714285714285
𐤀𐤇𐤉𐤅	H251	792	0.76	H283	0.3661616161616162
𐤅𐤄𐤌𐤄	H1992	76	0.32		
𐤌𐤔𐤋𐤉𐤊𐤉𐤌	H7993	6	0.50		
𐤌𐤑𐤅𐤃𐤄	H6654	16	0.19	H4686	0.75
𐤁𐤉𐤌	H3220	60	0.75		
𐤄𐤉𐤅	H1961	1410	0.73		
𐤀𐤋𐤉𐤄𐤌	H413	970	0.65	H352	0.3371134020618557
𐤅𐤉𐤏𐤆𐤁𐤅	H5800	37	0.22		
𐤌𐤄𐤓𐤄	H4120	72	0.57	H4116	0.7638888888888888
𐤀𐤇𐤓𐤉𐤅	H310	337	0.88		
𐤊𐤏𐤁𐤓𐤅	H5674	3	0.33		
𐤀𐤇𐤓𐤉𐤌	H312	275	0.85		
𐤁𐤍𐤆𐤁𐤃𐤉	H2067	4	0.50	H1121	1.0
𐤅𐤀𐤕𐤉𐤅𐤇𐤍𐤍	H2603	10	0.30		
𐤁𐤀𐤍𐤉𐤄	H591	74	0.20		
𐤀𐤁𐤉𐤄𐤌	H1	172	0.67		
𐤌𐤉𐤃	H3027	360	0.89		
𐤅𐤉𐤎𐤁	H5437	27	0.74		
𐤅𐤉𐤋𐤌𐤃	H3925	38	0.39		
𐤁𐤁𐤕𐤉	H1004	36	0.56		
𐤅𐤉𐤁𐤔𐤓	H1320	7	0.14		
𐤁𐤔𐤅𐤓𐤕	H7794	14	0.00		
𐤄𐤌𐤋𐤊𐤅𐤕	H4438	49	0.82		
𐤅𐤉𐤓𐤐𐤀	H7495	19	0.68		
𐤅𐤊𐤋𐤌𐤃𐤅𐤄	H3925	3	0.67		
𐤁𐤏𐤌	H5971	55	0.75		
𐤅𐤉𐤑𐤀	H3318	334	0.87		
𐤔𐤌𐤏𐤅	H8085	200	0.74	H8089	0.075
𐤅𐤉𐤁𐤉𐤀𐤅	H935	107	0.69		
𐤊𐤋𐤄𐤇𐤅𐤋𐤉𐤌	H2344	4	0.00		
𐤄𐤌𐤏𐤍𐤉𐤌	H6041	3	0.33	H4519	0.0
𐤅𐤌𐤊𐤀𐤅𐤁𐤉𐤌	H4341	3	0.33		
𐤔𐤃𐤉𐤌	H7699	20	0.05	H7700	0.0
𐤉𐤓𐤇	H3394	10	0.30	H3391	0.3
𐤀𐤁𐤓𐤉𐤌	H87	14	0.07	H47	0.14285714285714285
𐤅𐤉𐤓𐤐𐤀𐤌	H7495	7	1.00		
𐤄𐤌𐤍𐤉𐤌	H1995	3	0.67		
𐤄𐤏𐤓𐤉𐤌	H5892	205	0.51		
𐤅𐤌𐤉𐤓𐤅𐤔𐤋𐤉𐤌	H3389	3	0.33		
𐤅𐤌𐤏𐤁𐤓	H5676	8	1.00		
𐤋𐤉𐤓𐤃𐤍	H3383	8	0.50		
𐤀𐤕𐤄𐤌𐤅𐤍	H1995	11	1.00	H853	0.0
𐤅𐤉𐤏𐤋	H5927	149	0.77		
𐤄𐤄𐤓𐤄	H2022	17	0.82		
𐤔𐤌	H8033	1666	0.38	H7760	0.8139255702280912
𐤅𐤉𐤂𐤔𐤅	H5066	67	0.43		
𐤅𐤉𐤐𐤕𐤇	H6605	44	0.64	H3316	0.13636363636363635
𐤀𐤕𐤐𐤉𐤄𐤅	H6310	3	0.33	H853	0.0
𐤀𐤅𐤕𐤌	H853	1311	0.56		
𐤀𐤔𐤓𐤉	H835	80	0.75	H842	0.05
𐤏𐤍𐤉𐤉	H6040	4	0.00	H6035	0.25
𐤓𐤅𐤇	H7307	451	0.77	H7308	0.738359201773836
𐤊𐤉𐤄𐤌	H1992	8	0.25	H3588	0.375
𐤉𐤍𐤇𐤌𐤅	H5162	12	0.92		
𐤄𐤏𐤍𐤅𐤉𐤌	H6035	7	0.57		
𐤊𐤉𐤄𐤌𐤄	H1992	3	0.00	H3588	0.6666666666666666
𐤉𐤉𐤓𐤔𐤅	H3423	10	0.90		
𐤄𐤀𐤓𐤑	H776	1439	0.70		
𐤄𐤓𐤏𐤁𐤉𐤌	H7457	4	1.00		
𐤋𐤑𐤃𐤒𐤄	H6666	24	0.71		
𐤉𐤔𐤁𐤏𐤅	H7646	8	0.62	H7650	0.625
𐤉𐤓𐤇𐤌𐤅	H7355	7	0.57		
𐤋𐤁𐤁	H3824	44	0.55	H8003	0.4090909090909091
𐤉𐤇𐤆𐤅	H2372	3	1.00		
𐤀𐤕𐤄𐤀𐤋𐤄𐤉𐤌	H430	68	0.22	H853	0.17647058823529413
𐤔𐤋𐤅𐤌	H7965	363	0.80	H7967	0.162534435261708
𐤊𐤉𐤁𐤍𐤉	H1121	3	0.67	H3588	0.3333333333333333
𐤉𐤒𐤓𐤀𐤅	H7121	34	0.74		
𐤄𐤑𐤃𐤒𐤄	H6666	43	0.74		
𐤀𐤔𐤓𐤉𐤊𐤌	H835	8	1.00		
𐤅𐤉𐤓𐤃𐤐𐤅	H7291	47	0.53		
𐤅𐤉𐤃𐤁𐤓𐤅	H1696	31	0.71		
𐤁𐤔𐤒𐤓	H8267	7	0.71		
𐤏𐤋𐤉𐤊𐤌	H5921	140	0.79		
𐤁𐤏𐤁𐤅𐤓𐤉	H5668	4	0.25		
𐤔𐤌𐤇𐤅	H8055	34	0.74		
𐤔𐤊𐤓𐤊𐤌	H7939	6	1.00		
𐤓𐤁	H7227	737	0.91	H7235	0.9090909090909091
𐤁𐤔𐤌𐤉𐤌	H8064	125	0.74	H1314	0.072
𐤓𐤃𐤐𐤅	H7291	39	0.77		
𐤀𐤕𐤄𐤍𐤁𐤉𐤀𐤉𐤌	H5030	3	1.00	H853	0.6666666666666666
𐤋𐤐𐤍𐤉𐤊𐤌	H6440	44	0.84		
𐤌𐤋𐤇	H4417	15	0.67	H5898	0.8666666666666667
𐤕𐤐𐤋	H5307	10	0.90	H8602	0.0
𐤁𐤌𐤄	H4100	55	0.58	H1116	0.41818181818181815
𐤉𐤌𐤋𐤇	H4417	3	1.00		
𐤏𐤅𐤃	H5750	1599	0.89	H5751	0.7329580988117573
𐤋𐤊𐤋	H3605	604	0.66	H3606	0.6357615894039735
𐤇𐤅𐤑𐤄	H2351	18	0.44		
𐤀𐤃𐤌	H120	543	0.41	H121	0.7219152854511971
𐤄𐤏𐤅𐤋𐤌	H5769	214	0.84		
𐤏𐤉𐤓	H5892	399	0.76	H5898	0.7669172932330827
𐤉𐤔𐤁𐤕	H3427	7	0.71	H7673	0.42857142857142855
𐤏𐤋𐤄𐤄𐤓	H2022	4	0.50	H5921	0.25
𐤕𐤅𐤊𐤋	H3201	65	0.83	H3202	0.7230769230769231
𐤋𐤄𐤎𐤕𐤓	H5641	12	0.50		
𐤂𐤌	H1571	3371	0.78		
𐤀𐤉𐤍	H369	745	0.62	H339	0.29261744966442954
𐤍𐤓	H5369	15	0.00	H5216	0.8
𐤅𐤔𐤌𐤉𐤌	H8064	6	0.33		
𐤄𐤀𐤉𐤐𐤄	H374	3	0.67		
𐤅𐤉𐤀𐤓	H215	5	0.60		
𐤄𐤁𐤉𐤕	H1004	197	0.86	H1006	0.2233502538071066
𐤋𐤐𐤍𐤉	H6440	1271	0.88	H3942	0.5169158143194336
𐤉𐤓𐤀𐤅	H7200	161	0.80	H3372	0.7453416149068323
𐤌𐤏𐤔𐤉𐤊𐤌	H4639	21	0.71		
𐤄𐤈𐤅𐤁𐤉𐤌	H2896	57	0.89		
𐤅𐤔𐤁𐤇𐤅	H7624	3	0.00		
𐤔𐤁𐤔𐤌𐤉𐤌	H8064	31	0.97		
𐤀𐤋𐤕𐤇𐤔𐤁𐤅	H2803	3	1.00	H413	0.6666666666666666
𐤁𐤀𐤕𐤉	H935	69	0.87		
𐤋𐤄𐤐𐤓	H6565	22	0.41		
𐤀𐤕𐤄𐤕𐤅𐤓𐤄	H8451	29	0.86	H853	0.13793103448275862
𐤀𐤅	H176	794	0.37	H183	0.48740554156171284
𐤀𐤌𐤍	H543	169	0.30	H539	0.7337278106508875
𐤅𐤄𐤀𐤓𐤑	H776	58	0.86		
𐤕𐤏𐤁𐤓	H5674	10	0.80		
𐤀𐤇𐤕	H259	544	0.74	H269	0.5753676470588235
𐤀𐤇𐤃	H259	1466	0.72		
𐤌𐤍𐤄𐤕𐤅𐤓𐤄	H8451	5	1.00	H4480	0.4
𐤉𐤏𐤔𐤄	H6213	254	0.83		
𐤄𐤊𐤋	H3605	314	0.62		
𐤉𐤐𐤓	H6565	8	0.88	H6509	0.5
𐤄𐤒𐤈𐤍𐤅𐤕	H6996	5	0.60		
𐤅𐤊𐤍	H3651	226	0.82	H3652	0.2920353982300885
𐤉𐤋𐤌𐤃	H3925	8	0.62		
𐤀𐤕𐤁𐤍𐤉	H1121	14	0.79	H853	0.14285714285714285
𐤒𐤈𐤅𐤍	H3355	3	0.00		
𐤁𐤌𐤋𐤊𐤅𐤕	H4437	28	0.96	H4438	0.9642857142857143
𐤅𐤀𐤔𐤓	H834	516	0.56	H836	0.38372093023255816
𐤀𐤅𐤕𐤍	H5414	127	0.85		
𐤑𐤃𐤒𐤕𐤊𐤌	H6666	5	0.80		
𐤄𐤎𐤅𐤐𐤓𐤉𐤌	H5612	58	0.40		
𐤅𐤄𐤐𐤓𐤅𐤔𐤉𐤌	H6571	33	0.09		
𐤕𐤁𐤀𐤅	H935	10	0.90		
𐤀𐤋𐤌𐤋𐤊𐤅𐤕	H4438	16	1.00	H413	0.5
𐤔𐤌𐤏𐤕𐤌	H8085	45	0.71		
𐤍𐤀𐤌𐤓	H559	32	0.75	H560	0.53125
𐤋𐤒𐤃𐤌𐤅𐤍𐤉𐤌	H6931	3	0.67		
𐤕𐤓𐤑𐤇	H7523	6	1.00		
𐤋𐤁𐤉𐤕	H1004	91	0.77	H1005	0.5494505494505495
𐤃𐤉𐤍	H1779	40	0.53	H1780	0.375
𐤀𐤁𐤋	H60	770	0.09	H61	0.45324675324675323
𐤊𐤋𐤀𐤔𐤓	H834	74	0.43	H3605	0.20270270270270271
𐤉𐤒𐤑𐤐	H7107	4	0.50		
𐤇𐤍𐤌	H2600	29	0.72		
𐤉𐤀𐤌𐤓	H559	103	0.89	H560	0.6990291262135923
𐤀𐤋𐤀𐤇𐤉𐤅	H251	7	0.71	H413	0.7142857142857143
𐤄𐤍𐤁𐤋	H5035	8	0.38		
𐤋𐤀𐤔	H784	8	0.75		
𐤂𐤉𐤄𐤍𐤌	H2005	4	0.25	H1516	0.0
𐤅𐤔𐤌	H8034	244	0.30	H7760	0.889344262295082
𐤕𐤆𐤊𐤓	H2142	5	0.80		
𐤊𐤉𐤉𐤔	H3426	11	0.91	H3588	0.7272727272727273
𐤋𐤀𐤇𐤉𐤊	H251	7	0.71		
𐤏𐤋𐤉𐤊	H5921	132	0.82	H5922	0.6742424242424242
𐤏𐤆𐤅𐤁	H5800	14	0.57		
𐤕𐤏𐤆𐤁	H5800	6	0.67		
𐤄𐤌𐤆𐤁𐤇	H4196	169	0.68		
𐤋𐤊𐤐𐤓	H3722	36	0.39		
𐤐𐤍𐤉	H6440	319	0.91		
𐤀𐤇𐤉𐤊	H251	87	0.64	H252	0.39080459770114945
𐤁𐤅𐤀	H935	110	0.81		
𐤄𐤒𐤓𐤁	H7130	66	0.80	H7126	0.6818181818181818
𐤌𐤄𐤓	H2022	249	0.41	H4116	0.7269076305220884
𐤄𐤕𐤓𐤑𐤄	H7521	8	0.88		
𐤋𐤀𐤉𐤔	H376	250	0.75		
𐤓𐤉𐤁𐤊	H7379	4	0.75		
𐤁𐤏𐤅𐤃𐤊	H1157	3	0.67		
𐤀𐤕𐤊	H854	67	0.57	H853	0.373134328358209
𐤅𐤄𐤔𐤐𐤈	H8199	3	1.00		
𐤅𐤄𐤔𐤋𐤊𐤕	H7993	4	1.00		
𐤀𐤋𐤁𐤉𐤕	H1004	32	0.69	H413	0.5
𐤄𐤊𐤋𐤀	H3608	16	0.44		
𐤕𐤑𐤀	H3318	18	1.00		
𐤄𐤀𐤇𐤓𐤅𐤍𐤄	H314	24	0.67		
𐤕𐤍𐤀𐤐	H5003	7	1.00		
𐤉𐤁𐤉𐤈	H5027	10	0.70		
𐤁𐤀𐤔𐤄	H890	14	0.21	H802	1.0
𐤀𐤅𐤕𐤄	H853	546	0.57	H183	0.6593406593406593
𐤍𐤀𐤐	H5003	11	0.91		
𐤅𐤀𐤌	H518	567	0.78	H517	0.63668430335097
𐤏𐤉𐤍	H5869	92	0.82	H5871	0.29347826086956524
𐤉𐤌𐤉𐤍𐤊	H3225	8	0.62		
𐤍𐤒𐤓	H5365	4	0.00		
𐤅𐤄𐤔𐤋𐤊	H7993	7	0.71		
𐤉𐤀𐤁𐤃	H6	42	0.83		
𐤌𐤓𐤃𐤕	H4775	3	0.00	H3381	1.0
𐤄𐤉𐤌𐤍𐤉𐤕	H3233	18	0.94		
𐤒𐤑𐤑	H7112	5	1.00		
𐤅𐤍𐤀𐤌𐤓	H559	9	1.00		
𐤉𐤔𐤋𐤇	H7971	64	0.89	H7972	0.796875
𐤅𐤍𐤕𐤍	H5414	109	0.87	H5416	0.8807339449541285
𐤄𐤌𐤔𐤋𐤇	H7971	8	0.62		
𐤁𐤋𐤕𐤉	H1115	184	0.83	H1086	0.33695652173913043
𐤆𐤍𐤅𐤕	H2184	13	0.38	H2181	0.6153846153846154
𐤍𐤀𐤐𐤕	H5003	4	1.00		
𐤅𐤄𐤋𐤒𐤇	H3947	5	0.60		
𐤀𐤕𐤄𐤂𐤓𐤅𐤔𐤄	H1644	3	1.00	H853	0.0
𐤋𐤀𐤔𐤄	H802	198	0.80		
𐤋𐤔𐤒𐤓	H8267	18	0.83		
𐤅𐤔𐤋𐤌	H7999	22	0.59	H8002	0.3181818181818182
𐤕𐤔𐤁𐤏𐤅	H7646	3	1.00	H7650	0.6666666666666666
𐤄𐤌𐤄	H1992	242	0.41	H1993	0.4380165289256198
𐤓𐤂𐤋𐤉𐤅	H7272	50	0.68		
𐤄𐤉𐤀	H1931	877	0.52	H1932	0.27137970353477764
𐤁𐤉𐤓𐤅𐤔𐤋𐤉𐤌	H3389	231	0.43		
𐤊𐤉𐤄𐤉𐤀	H1931	4	0.00	H3588	0.5
𐤒𐤓𐤉𐤕	H7157	14	0.14	H7149	0.42857142857142855
𐤀𐤐	H637	606	0.73	H639	0.6468646864686468
𐤊𐤉𐤀𐤉𐤍	H369	11	0.64	H3588	0.6363636363636364
𐤋𐤄𐤐𐤊	H2015	34	0.85	H2016	0.38235294117647056
𐤋𐤋𐤁𐤍	H3837	10	0.30	H3836	0.2
𐤋𐤔𐤇𐤓	H7837	4	0.25	H7836	0.0
𐤅𐤄𐤉𐤅𐤕𐤓	H3498	3	0.33		
𐤌𐤀𐤋𐤄	H428	136	0.74		
𐤌𐤍𐤄𐤓𐤏	H7451	6	1.00	H4480	0.5
𐤔𐤍	H8127	10	0.40	H1052	0.5
𐤋𐤓𐤏	H7451	17	0.65	H7455	0.35294117647058826
𐤀𐤊	H389	1114	0.56	H5221	0.49730700179533216
𐤄𐤌𐤊𐤄	H5221	39	0.64	H4347	0.5641025641025641
𐤀𐤅𐤕𐤊	H853	132	0.37		
𐤏𐤋𐤄𐤋𐤇𐤉	H3895	6	0.33	H5921	0.3333333333333333
𐤉𐤇𐤐𐤑	H2654	63	0.95		
𐤋𐤓𐤉𐤁	H7378	11	0.55	H7379	0.36363636363636365
𐤏𐤌𐤊	H5973	119	0.45	H5971	0.4369747899159664
𐤅𐤋𐤒𐤇𐤕	H3947	53	0.51		
𐤀𐤕𐤄𐤌𐤏𐤉𐤋	H4598	3	0.67	H853	0.3333333333333333
𐤔𐤍𐤉𐤌	H8147	553	0.58	H8141	0.6600361663652803
𐤌𐤀𐤕𐤊	H854	19	0.32		
𐤐𐤍𐤉𐤅	H6440	237	0.96		
𐤅𐤀𐤄𐤁𐤕	H157	19	0.89	H160	0.7894736842105263
𐤋𐤓𐤏𐤊	H7453	7	1.00		
𐤅𐤔𐤍𐤀𐤕	H8135	4	0.25		
𐤀𐤄𐤁𐤅	H157	36	0.64		
𐤀𐤕𐤀𐤉𐤁𐤉𐤊𐤌	H341	3	0.33	H853	0.0
𐤁𐤓𐤊𐤅	H1288	51	0.90	H1291	0.0
𐤄𐤉𐤈𐤉𐤁𐤅	H3190	12	1.00		
𐤅𐤄𐤕𐤐𐤋𐤋𐤅	H6419	16	0.88		
𐤁𐤏𐤃	H1157	383	0.69	H5750	0.8485639686684073
𐤕𐤄𐤉𐤅	H1961	22	0.82		
𐤋𐤀𐤁𐤉𐤊𐤌	H1	3	1.00		
𐤔𐤌𐤔𐤅	H8121	7	0.57		
𐤋𐤓𐤏𐤉𐤌	H7451	5	0.80	H7462	0.8
𐤅𐤂𐤌	H1571	1820	0.74		
𐤌𐤄𐤄𐤅𐤀	H1931	23	0.30	H4100	0.391304347826087
𐤄𐤋𐤀	H3808	562	0.66	H3809	0.35231316725978645
𐤋𐤔𐤋𐤅𐤌	H7965	142	0.55		
𐤀𐤇𐤉𐤊𐤌	H251	55	0.71		
𐤁𐤋𐤁𐤃	H905	123	0.93		
𐤔𐤋𐤌𐤉𐤌	H8002	22	0.45	H8003	0.7272727272727273
𐤀𐤁𐤉𐤊𐤌	H1	36	0.89		
𐤔𐤋𐤌	H8003	95	0.57	H7965	0.8
𐤄𐤔𐤌𐤓𐤅	H8104	21	0.43		
𐤌𐤏𐤔𐤅𐤕	H6213	38	0.92		
𐤅𐤀𐤌𐤋𐤀	H4390	21	0.62		
𐤀𐤉𐤍𐤋𐤊𐤌	H369	4	0.25		
𐤔𐤊𐤓	H7941	85	0.11	H7936	0.5882352941176471
𐤌𐤀𐤕	H854	629	0.67	H3967	0.21303656597774245
𐤁𐤏𐤔𐤅𐤕𐤊	H6213	3	1.00		
𐤑𐤃𐤒𐤄	H6666	68	0.47	H6663	0.5
𐤋𐤐𐤍𐤉𐤊	H6440	126	0.89		
𐤁𐤔𐤅𐤐𐤓	H7782	11	1.00		
𐤊𐤌𐤏𐤔𐤄	H4639	44	0.61		
𐤄𐤇𐤍𐤐𐤉𐤌	H2611	15	0.93		
𐤄𐤊𐤍𐤎𐤉𐤅𐤕	H3071	15	0.13		
𐤉𐤄𐤋𐤋𐤅	H1984	4	0.75		
𐤄𐤀𐤍𐤔𐤉𐤌	H376	920	0.87		
𐤋𐤒𐤇𐤅	H3947	109	0.50		
𐤀𐤕𐤔𐤊𐤓𐤌	H3754	4	0.25	H853	0.0
𐤕𐤄𐤉𐤄	H1961	276	0.76		
𐤑𐤃𐤒𐤕𐤊	H6666	4	0.50		
𐤅𐤀𐤁𐤉𐤊	H1	5	0.60		
𐤄𐤓𐤀𐤄	H7200	103	0.90	H7204	0.11650485436893204
𐤁𐤌𐤎𐤕𐤓𐤉𐤌	H4565	28	0.68		
𐤁𐤂𐤋𐤅𐤉	H1540	70	0.94		
𐤉𐤂𐤌𐤋𐤊	H1580	3	1.00		
𐤅𐤊𐤉	H3588	400	0.83		
𐤕𐤕𐤐𐤋𐤋	H6419	4	1.00		
𐤀𐤋𐤕𐤄𐤉	H1961	3	0.33	H413	0.3333333333333333
𐤄𐤀𐤄𐤁𐤉𐤌	H158	6	0.83		
𐤋𐤄𐤕𐤐𐤋𐤋	H6419	42	0.64		
𐤁𐤏𐤌𐤃𐤌	H5975	4	0.75		
𐤅𐤀𐤑𐤋	H5337	5	0.40	H681	0.2
𐤐𐤍𐤅𐤕	H6438	12	0.25	H6437	0.75
𐤅𐤎𐤂𐤓	H5462	7	0.71	H5463	0.5714285714285714
𐤁𐤏𐤃𐤊	H1157	8	0.38		
𐤅𐤄𐤕𐤐𐤋𐤋	H6419	14	0.29		
𐤄𐤇𐤔𐤁𐤉𐤌	H2803	6	1.00		
𐤃𐤁𐤓𐤉𐤄𐤌	H1697	66	0.80		
𐤉𐤔𐤌𐤏𐤅	H8085	71	0.82		
𐤅𐤀𐤕𐤌	H859	175	0.00	H853	0.33714285714285713
𐤉𐤅𐤃𐤏	H3045	158	0.90		
𐤁𐤈𐤓𐤌	H2962	209	0.73		
𐤕𐤔𐤀𐤋𐤅	H7592	8	1.00		
𐤕𐤕𐤐𐤋𐤋𐤅	H6419	3	0.67		
𐤉𐤕𐤒𐤃𐤔	H6942	3	1.00		
𐤔𐤌𐤊	H8034	47	0.51	H7760	0.8297872340425532
𐤕𐤁𐤀	H935	19	0.74	H14	0.5263157894736842
𐤌𐤋𐤊𐤅𐤕𐤊	H4438	13	0.85	H4437	0.8461538461538461
𐤓𐤑𐤅𐤍𐤊	H7522	17	0.82		
𐤊𐤌𐤅	H3644	308	0.75	H3643	0.12987012987012986
𐤀𐤕𐤋𐤇𐤌	H3899	6	1.00	H853	0.16666666666666666
𐤄𐤉𐤅𐤌	H3117	700	0.91		
𐤂𐤌𐤀𐤍𐤇𐤍𐤅	H587	27	0.15	H1571	0.18518518518518517
𐤋𐤉𐤃𐤉	H3027	66	0.92		
𐤍𐤎𐤉𐤅𐤍	H5127	9	0.56		
𐤄𐤌𐤌𐤋𐤊𐤄	H4467	110	0.99		
𐤅𐤄𐤂𐤁𐤅𐤓𐤄	H1369	8	0.38		
𐤋𐤏𐤅𐤋𐤌𐤉	H5769	33	0.70		
𐤏𐤅𐤋𐤌𐤉𐤌	H5769	63	0.87		
𐤋𐤁𐤍𐤉𐤀𐤃𐤌	H120	3	0.00	H1121	1.0
𐤉𐤎𐤋𐤇	H5545	23	0.87		
𐤂𐤌𐤋𐤊𐤌	H1576	4	0.25		
𐤀𐤋𐤕𐤄𐤉𐤅	H1961	6	0.50	H413	0.16666666666666666
𐤄𐤌𐤔𐤍𐤉𐤌	H8147	4	0.00	H4932	0.5
𐤋𐤄𐤓𐤀𐤅𐤕	H7200	120	0.93		
𐤑𐤌𐤉𐤌	H6782	8	0.00		
𐤕𐤑𐤅𐤌	H6680	3	0.00		
𐤅𐤓𐤇𐤑	H7364	3	1.00		
𐤀𐤕𐤐𐤍𐤉𐤊	H6440	4	0.75	H853	0.25
𐤀𐤅𐤑𐤓𐤅𐤕	H214	37	0.54		
𐤎𐤎	H5580	3	0.67		
𐤅𐤓𐤒𐤁	H7538	4	0.00		
𐤁𐤌𐤒𐤅𐤌	H4725	366	0.73		
𐤉𐤄𐤉𐤄	H1961	630	0.77		
𐤄𐤏𐤉𐤍	H5869	13	0.92		
𐤕𐤌𐤉𐤌𐤄	H8549	21	0.52		
𐤉𐤀𐤅𐤓	H2975	12	0.33		
𐤓𐤏𐤄	H7451	332	0.78	H7489	0.8042168674698795
𐤄𐤀𐤅𐤓	H216	35	0.89		
𐤁𐤒𐤓𐤁𐤊	H7130	6	0.50		
𐤄𐤇𐤔𐤊	H2822	17	0.88		
𐤉𐤅𐤊𐤋	H3201	271	0.91	H3202	0.7933579335793358
𐤋𐤏𐤁𐤃	H5647	64	0.70	H5654	0.328125
𐤀𐤃𐤍𐤉𐤌	H134	4	0.50	H113	0.5
𐤀𐤕𐤄𐤀𐤇𐤃	H259	3	0.67	H853	0.3333333333333333
𐤅𐤉𐤀𐤄𐤁	H157	14	0.86		
𐤀𐤕𐤄𐤀𐤇𐤓	H312	3	1.00	H853	0.6666666666666666
𐤁𐤀𐤇𐤃	H259	45	0.76		
𐤅𐤉𐤁𐤆𐤄	H959	4	0.50		
𐤕𐤅𐤊𐤋𐤅	H3201	46	1.00		
𐤏𐤁𐤅𐤃	H5650	3	0.00	H5647	0.6666666666666666
𐤏𐤋𐤊𐤍	H3651	272	0.70	H5921	0.8308823529411765
𐤋𐤍𐤐𐤔𐤊𐤌	H5315	4	0.75		
𐤌𐤄𐤕𐤀𐤊𐤋𐤅	H398	3	1.00		
𐤄𐤍𐤐𐤔	H5315	44	0.80		
𐤉𐤒𐤓𐤄	H3368	71	0.39	H7136	0.8169014084507042
𐤉𐤒𐤓	H3368	66	0.53	H7136	0.696969696969697
𐤄𐤁𐤉𐤈𐤅	H5027	21	0.67		
𐤅𐤓𐤀𐤅	H7200	39	0.77		
𐤅𐤀𐤉𐤍𐤌	H369	53	0.49		
𐤒𐤑𐤓𐤉𐤌	H7114	6	0.83		
𐤅𐤀𐤁𐤉𐤊𐤌	H1	3	1.00		
𐤌𐤊𐤋𐤊𐤋	H3605	6	0.50	H3557	0.8333333333333334
𐤅𐤌𐤉𐤆𐤄	H2088	3	0.33	H4310	0.0
𐤋𐤄𐤅𐤎𐤉𐤐	H3254	51	0.92		
𐤀𐤌𐤄	H520	185	0.88	H517	0.7513513513513513
𐤅𐤋𐤋𐤁𐤅𐤔	H3830	3	0.67		
𐤋𐤌𐤄	H4100	145	0.23	H4101	0.22758620689655173
𐤄𐤔𐤃𐤄	H7704	100	0.53		
𐤀𐤉𐤍𐤍	H369	16	0.81		
𐤅𐤀𐤉𐤍𐤍	H369	3	1.00		
𐤅𐤀𐤍𐤉	H589	334	0.13	H590	0.020958083832335328
𐤋𐤀𐤄𐤉𐤄	H1961	24	0.58	H3808	0.5
𐤋𐤁𐤅𐤔	H3830	50	0.70	H3847	0.48
𐤊𐤀𐤇𐤕	H259	11	0.64		
𐤅𐤀𐤌𐤊𐤊𐤄	H3602	7	0.14	H518	1.0
𐤑𐤌𐤇	H6780	19	0.26	H6779	0.3684210526315789
𐤅𐤌𐤇𐤓	H4279	10	0.80		
𐤉𐤔𐤋𐤊	H5394	9	0.33	H7993	0.4444444444444444
𐤋𐤕𐤅𐤊	H8432	117	0.69		
𐤊𐤉𐤀𐤕𐤊𐤌	H854	3	0.33	H3588	0.6666666666666666
𐤒𐤈𐤍𐤉	H6995	5	0.80	H6996	1.0
𐤄𐤀𐤌𐤅𐤍𐤄	H530	79	0.90		
𐤀𐤕𐤊𐤋𐤀𐤋𐤄	H428	15	0.07	H3605	0.3333333333333333
𐤌𐤁𐤒𐤔𐤉𐤌	H1245	32	0.69		
𐤉𐤃𐤏	H3045	321	0.93	H3046	0.7725856697819314
𐤑𐤓𐤉𐤊𐤉𐤌	H6862	21	0.38		
𐤁𐤒𐤔𐤅	H1245	93	0.59		
𐤁𐤓𐤀𐤔𐤅𐤍𐤄	H7223	163	0.94		
𐤀𐤕𐤌𐤋𐤊𐤅𐤕	H4438	16	1.00	H853	0.3125
𐤅𐤍𐤅𐤎𐤐	H3254	25	0.80		
𐤊𐤋𐤀𐤋𐤄	H428	29	0.17	H3605	0.1724137931034483
𐤋𐤉𐤅𐤌	H3117	81	0.85		
𐤌𐤇𐤓	H4279	30	0.53	H2735	0.2
𐤉𐤃𐤀𐤂	H1672	14	0.43		
𐤋𐤏𐤑𐤌𐤅	H6086	53	0.17		
𐤑𐤓𐤕𐤅	H6869	8	0.50		
𐤀𐤋𐤕𐤔𐤐𐤈𐤅	H8199	3	1.00	H413	0.6666666666666666
𐤕𐤔𐤐𐤈𐤅	H8199	7	1.00		
𐤁𐤌𐤔𐤐𐤈	H4941	45	0.73		
𐤔𐤐𐤈𐤉𐤌	H8201	42	0.29	H8199	0.8809523809523809
𐤅𐤁𐤌𐤃𐤄	H4060	6	0.67		
𐤉𐤌𐤃	H4058	5	1.00		
𐤅𐤋𐤌𐤄	H4100	85	0.26		
𐤓𐤀𐤄	H7200	264	0.82	H7202	0.26515151515151514
𐤁𐤏𐤉𐤍	H5869	21	0.76	H1156	0.19047619047619047
𐤁𐤏𐤉𐤍𐤊	H5869	7	0.86		
𐤕𐤁𐤉𐤈	H5027	6	1.00		
𐤕𐤀𐤌𐤓	H559	46	0.76		
𐤀𐤋𐤀𐤇𐤉𐤊	H251	3	1.00	H413	0.0
𐤌𐤏𐤉𐤍𐤊	H5771	3	0.00		
𐤄𐤒𐤅𐤓𐤄	H6982	7	0.57		
𐤄𐤇𐤍𐤐	H2611	5	0.60		
𐤄𐤎𐤓	H5493	12	0.75		
𐤀𐤕𐤄𐤒𐤅𐤓𐤄	H6982	3	1.00	H853	0.0
𐤕𐤓𐤀𐤄	H7200	47	0.83		
𐤋𐤄𐤎𐤉𐤓	H5493	58	0.81		
𐤌𐤏𐤉𐤍	H4599	22	0.68	H5872	0.5
𐤀𐤋𐤕𐤕𐤍𐤅	H5414	4	0.75	H413	0.5
𐤋𐤊𐤋𐤁𐤉𐤌	H3611	6	0.17		
𐤄𐤇𐤆𐤉𐤓𐤉𐤌	H2386	7	0.14		
𐤁𐤓𐤂𐤋𐤉𐤄𐤌	H7272	12	0.58		
𐤅𐤐𐤍𐤅	H6437	14	0.86		
𐤅𐤈𐤓𐤐𐤅	H2964	4	0.25		
𐤔𐤀𐤋𐤅	H7592	54	0.85		
𐤅𐤉𐤍𐤕𐤍	H5414	13	0.54		
𐤃𐤓𐤔𐤅	H1875	25	0.44		
𐤅𐤕𐤌𐤑𐤀𐤅	H4672	5	1.00		
𐤉𐤒𐤁𐤋	H6903	14	0.64	H6901	1.0
𐤉𐤌𐤑𐤀	H4672	95	0.84		
𐤉𐤐𐤕𐤇	H3316	15	0.27	H6605	0.7333333333333333
𐤅𐤌𐤉	H4310	125	0.26	H4313	0.128
𐤉𐤔𐤀𐤋	H7592	21	0.62		
𐤁𐤍𐤅	H1121	611	0.87	H935	0.8036006546644845
𐤋𐤇𐤌	H3899	185	0.51	H3900	0.4
𐤅𐤍𐤕𐤍𐤋𐤅	H5414	3	0.00		
𐤀𐤁𐤍	H68	72	0.71	H69	0.6805555555555556
𐤃𐤂	H1709	5	0.80		
𐤍𐤇𐤔	H5175	12	0.33	H5176	0.8333333333333334
𐤄𐤓𐤏𐤉𐤌	H7462	73	0.56	H7451	0.6438356164383562
𐤉𐤃𐤏𐤉𐤌	H3045	13	1.00		
𐤋𐤕𐤕	H5414	401	0.88		
𐤌𐤕𐤍𐤅𐤕	H4979	97	0.78		
𐤈𐤁𐤅𐤕	H2896	7	1.00		
𐤋𐤁𐤍𐤉𐤊𐤌	H1121	11	0.91		
𐤉𐤕𐤍	H5414	211	0.87		
𐤌𐤀𐤕𐤅	H854	38	0.53	H853	0.5789473684210527
𐤊𐤋	H3605	5549	0.58	H3615	0.6653451072265273
𐤕𐤇𐤐𐤑𐤅	H2654	7	0.29		
𐤂𐤌𐤀𐤕𐤌	H853	61	0.20	H1571	0.29508196721311475
𐤊𐤉𐤆𐤀𐤕	H2063	5	0.60		
𐤄𐤕𐤅𐤓𐤄	H8451	254	0.77		
𐤅𐤄𐤍𐤁𐤉𐤀𐤉𐤌	H5030	15	1.00		
𐤁𐤐𐤕𐤇	H6607	12	0.58		
𐤄𐤑𐤓	H6862	16	0.50	H6887	0.5
𐤓𐤇𐤁	H7341	30	0.50	H7343	0.8
𐤄𐤐𐤕𐤇	H6607	11	1.00	H6605	0.8181818181818182
𐤅𐤌𐤓𐤅𐤇	H7307	3	0.33		
𐤄𐤃𐤓𐤊	H1870	163	0.71	H1926	0.22085889570552147
𐤄𐤌𐤁𐤉𐤀	H935	13	0.77		
𐤋𐤀𐤁𐤃𐤅𐤍	H11	13	0.85		
𐤅𐤓𐤁𐤉𐤌	H7227	192	0.88		
𐤉𐤁𐤀𐤅	H935	53	0.87		
𐤅𐤒𐤔𐤄	H7186	30	0.47		
𐤋𐤇𐤉𐤉𐤌	H2416	29	0.93	H3895	0.0
𐤅𐤌𐤏𐤈𐤉𐤌	H4592	9	0.78		
𐤌𐤍𐤁𐤉𐤀𐤉	H5030	3	1.00		
𐤄𐤔𐤒𐤓	H8267	37	0.81		
𐤄𐤁𐤀𐤉𐤌	H935	180	0.88		
𐤀𐤋𐤉𐤊𐤌	H413	218	0.63		
𐤁𐤋𐤁𐤅𐤔	H3830	8	0.62		
𐤊𐤁𐤔𐤉𐤌	H3532	33	0.82	H3533	0.45454545454545453
𐤅𐤁𐤒𐤓𐤁𐤌	H7130	3	0.67		
𐤆𐤀𐤁𐤉𐤌	H2061	3	0.00		
𐤄𐤊𐤓	H5234	6	0.67	H3734	0.16666666666666666
𐤕𐤊𐤉𐤓𐤅	H5234	6	1.00		
𐤏𐤍𐤁𐤉𐤌	H6025	6	0.17		
𐤕𐤀𐤍𐤉𐤌	H8384	5	0.80	H8383	0.0
𐤓𐤏	H7451	294	0.80	H7489	0.8027210884353742
𐤏𐤑	H6086	83	0.48		
𐤋𐤀𐤉𐤅𐤊𐤋	H398	21	0.10		
𐤏𐤔𐤅𐤕	H6213	45	0.89	H6220	0.044444444444444446
𐤅𐤏𐤑	H6086	8	0.88		
𐤌𐤔𐤇𐤕	H4888	16	0.12	H7845	0.5
𐤅𐤊𐤋𐤏𐤑	H6086	3	0.33	H3605	0.3333333333333333
𐤀𐤔𐤓𐤋𐤀	H3808	12	0.50	H834	0.5
𐤀𐤃𐤍𐤉	H136	180	0.27	H113	0.2833333333333333
𐤉𐤁𐤅𐤀	H935	192	0.80		
𐤓𐤑𐤅𐤍	H7522	100	0.83		
𐤀𐤁𐤉	H1	335	0.76	H935	0.7731343283582089
𐤁𐤉𐤅𐤌	H3117	557	0.89	H3118	0.7504488330341114
𐤄𐤄𐤅𐤀	H1931	877	0.36		
𐤉𐤀𐤌𐤓𐤅	H559	51	0.92		
𐤀𐤃𐤍𐤉𐤍𐤅	H113	121	0.21	H136	0.18181818181818182
𐤁𐤔𐤌𐤊	H8034	13	0.77		
𐤏𐤔𐤉𐤍𐤅	H6213	20	0.70		
𐤂𐤁𐤅𐤓𐤅𐤕	H1369	24	0.50		
𐤓𐤁𐤅𐤕	H7227	390	0.91	H7235	0.9076923076923077
𐤌𐤏𐤅𐤋𐤌	H5769	90	0.84		
𐤉𐤃𐤏𐤕𐤉	H3045	152	0.86		
𐤎𐤅𐤓𐤅	H5493	4	0.50		
𐤐𐤏𐤋𐤉	H6466	7	0.29	H6467	0.5714285714285714
𐤄𐤀𐤅𐤍	H205	3	1.00		
𐤀𐤋𐤄	H428	1329	0.74	H430	0.6930022573363431
𐤅𐤏𐤔𐤄	H6213	82	0.80	H6214	0.25609756097560976
𐤇𐤊𐤌	H2450	61	0.46	H2449	0.6065573770491803
𐤀𐤕𐤁𐤉𐤕𐤅	H1004	12	1.00	H853	0.16666666666666666
𐤏𐤋𐤄𐤎𐤋𐤏	H5553	7	0.86	H5921	0.7142857142857143
𐤅𐤉𐤓𐤃	H3381	98	0.37	H7287	0.3877551020408163
𐤄𐤂𐤔𐤌	H1653	16	0.62		
𐤅𐤉𐤔𐤈𐤐𐤅	H7857	4	0.00		
𐤄𐤍𐤄𐤓𐤅𐤕	H5104	10	0.90		
𐤅𐤉𐤔𐤁𐤅	H3427	155	0.65	H7725	0.7806451612903226
𐤄𐤓𐤅𐤇𐤅𐤕	H7307	40	0.85		
𐤅𐤉𐤂𐤏𐤅	H3021	3	0.00		
𐤁𐤁𐤉𐤕	H1004	287	0.70	H1005	0.34843205574912894
𐤍𐤐𐤋	H5307	195	0.88	H5308	0.7333333333333333
𐤉𐤎𐤃	H3245	31	0.71	H3247	0.1935483870967742
𐤉𐤃𐤌𐤄	H1819	16	0.69		
𐤁𐤏𐤓	H1197	12	0.75	H1160	0.3333333333333333
𐤅𐤉𐤐𐤂𐤏𐤅	H6293	18	0.61		
𐤅𐤉𐤐𐤋	H5307	78	0.95		
𐤌𐤐𐤋𐤕𐤅	H4658	12	0.25		
𐤊𐤊𐤋𐤅𐤕	H3615	23	0.74		
𐤋𐤃𐤁𐤓	H1696	553	0.84	H1697	0.9132007233273056
𐤀𐤕𐤄𐤃𐤁𐤓𐤉𐤌	H1697	47	0.94	H853	0.19148936170212766
𐤅𐤉𐤔𐤕𐤅𐤌𐤌	H8074	6	0.67		
𐤄𐤌𐤅𐤍	H1995	262	0.81	H1996	0.7748091603053435
𐤏𐤋𐤕𐤅𐤓𐤕𐤅	H8451	5	0.00	H5921	0.8
𐤌𐤋𐤌𐤃	H3925	19	0.79	H4451	0.05263157894736842
𐤊𐤁𐤏𐤋	H1167	8	0.75		
𐤂𐤁𐤅𐤓𐤄	H1369	60	0.68		
𐤌𐤍𐤄𐤄𐤓	H2022	9	0.78	H4480	0.3333333333333333
𐤏𐤌	H5973	2262	0.78	H5971	0.47833775419982316
𐤀𐤕𐤉𐤃𐤅	H3027	11	1.00	H853	0.0
𐤅𐤉𐤂𐤏𐤁𐤅	H5060	3	1.00		
𐤇𐤐𐤑	H2654	202	0.84	H2655	0.8168316831683168
𐤈𐤄𐤓	H2891	15	0.80	H2893	0.8
𐤅𐤌𐤉𐤃	H3027	55	0.95		
𐤍𐤓𐤐𐤀𐤄	H7495	5	0.80		
𐤅𐤄𐤓𐤀𐤄	H7200	24	0.79	H7201	0.08333333333333333
𐤀𐤋𐤄𐤊𐤄𐤍	H3548	5	1.00	H413	0.6
𐤅𐤄𐤒𐤓𐤁	H7130	8	0.50	H7126	0.875
𐤀𐤕𐤄𐤒𐤓𐤁𐤍	H7130	3	0.33	H853	0.3333333333333333
𐤑𐤅𐤄	H6680	450	0.85		
𐤌𐤔𐤄	H4872	617	0.13	H4873	0.1312803889789303
𐤋𐤏𐤃𐤅𐤕	H5715	25	0.64		
𐤊𐤁𐤀𐤅	H935	11	0.91		
𐤍𐤏𐤓𐤉	H5288	12	0.58	H5271	0.16666666666666666
𐤋𐤌𐤔𐤊𐤁	H4904	12	0.33		
𐤁𐤁𐤉𐤕𐤉	H1004	11	0.55	H1005	0.36363636363636365
𐤍𐤊𐤄	H6549	19	0.47	H5221	0.3157894736842105
𐤅𐤌𐤏𐤍𐤄	H6032	3	0.67	H6031	0.6666666666666666
𐤀𐤁𐤀	H935	15	0.47		
𐤔𐤓𐤄𐤌𐤀𐤄	H3967	11	0.00	H8283	0.0
𐤍𐤒𐤋𐤕𐤉	H7043	4	0.25		
𐤁𐤑𐤋	H6738	6	0.17		
𐤓𐤒	H7535	666	0.70	H7386	0.04954954954954955
𐤍𐤕𐤅𐤍	H5414	24	0.83		
𐤄𐤔𐤋𐤈𐤅𐤍	H7983	96	0.24		
𐤉𐤃𐤉	H3027	367	0.95	H3028	0.5803814713896458
𐤀𐤍𐤔𐤉	H376	852	0.81		
𐤑𐤁𐤀	H6635	289	0.90	H6633	0.8096885813148789
𐤅𐤀𐤌𐤓𐤕𐤉	H559	18	0.78		
𐤋𐤆𐤄	H2088	71	0.85		
𐤅𐤄𐤋𐤊	H1980	54	0.81	H1983	0.3148148148148148
𐤅𐤋𐤆𐤄	H2088	8	0.62		
𐤅𐤁𐤀	H935	101	0.84		
𐤏𐤔𐤄𐤆𐤀𐤕	H2063	3	0.33	H6213	1.0
𐤅𐤉𐤔𐤌𐤏	H8085	296	0.69		
𐤅𐤉𐤕𐤌𐤄	H3495	46	0.11		
𐤋𐤀𐤌𐤑𐤀𐤕𐤉	H4672	10	0.90	H3808	0.2
𐤀𐤌𐤅𐤍𐤄	H530	45	0.73		
𐤌𐤌𐤆𐤓𐤇	H4217	18	0.72		
𐤅𐤌𐤌𐤏𐤓𐤁	H4628	7	0.86		
𐤅𐤉𐤎𐤁𐤅	H5437	19	0.84		
𐤉𐤂𐤓𐤔𐤅	H1644	8	0.38		
𐤀𐤋𐤄𐤇𐤔𐤊	H2822	3	1.00	H413	0.0
𐤄𐤇𐤉𐤑𐤅𐤍	H2435	14	0.86		
𐤄𐤉𐤋𐤋𐤄	H3915	10	0.40		
𐤄𐤔𐤍𐤉𐤌	H8141	73	0.66	H8147	0.4794520547945205
𐤉𐤄𐤉𐤄𐤋𐤊	H1961	4	0.75		
𐤍𐤏𐤓𐤅	H5288	8	0.88	H5286	0.0
𐤁𐤔𐤏𐤄	H3444	82	0.37		
𐤁𐤉𐤕𐤄	H1004	37	0.70	H1005	0.5135135135135135
𐤍𐤐𐤋𐤕	H5307	3	1.00		
𐤀𐤇𐤆𐤕𐤄	H270	3	0.33		
𐤄𐤒𐤃𐤇𐤕	H6920	8	0.75		
𐤅𐤉𐤂𐤏	H5060	19	0.58	H3023	0.05263157894736842
𐤁𐤉𐤃𐤄	H3027	17	0.82	H3028	0.7647058823529411
𐤅𐤕𐤓𐤐	H7503	4	0.50		
𐤅𐤕𐤒𐤌	H6965	30	0.50		
𐤏𐤓𐤁	H6153	146	0.32	H6154	0.5821917808219178
𐤀𐤇𐤅𐤆𐤉	H270	8	0.88		
𐤅𐤉𐤂𐤓𐤔	H1644	20	0.65		
𐤁𐤃𐤁𐤓	H1697	393	0.93	H1696	0.7811704834605598
𐤐𐤉𐤅	H6310	55	0.69		
𐤎𐤁𐤋𐤌	H5445	5	0.40		
𐤊𐤓𐤀𐤅𐤕	H7200	89	0.85		
𐤅𐤉𐤑𐤅	H6680	384	0.70		
𐤋𐤏𐤁𐤓	H5674	76	0.97	H5676	0.7236842105263158
𐤀𐤋𐤏𐤁𐤓	H5674	17	0.82	H413	0.8823529411764706
𐤓𐤁𐤉	H7227	45	0.33	H7236	0.15555555555555556
𐤀𐤋𐤊𐤄	H3541	8	0.88	H3212	0.875
𐤀𐤇𐤓𐤉𐤊	H310	33	0.79		
𐤀𐤋	H413	6581	0.79	H3808	0.7143291293116547
𐤕𐤋𐤊	H3212	37	0.51		
𐤏𐤐𐤓	H6083	53	0.60	H6081	0.2830188679245283
𐤅𐤋𐤏𐤅𐤐	H5775	4	1.00		
𐤌𐤒𐤅𐤌	H4725	373	0.72		
𐤋𐤄𐤍𐤉𐤇	H5117	16	0.94		
𐤀𐤕𐤓𐤀𐤔𐤅	H7218	11	0.82	H853	0.09090909090909091
𐤅𐤀𐤇𐤓	H310	131	0.70	H312	0.4580152671755725
𐤄𐤍𐤉𐤇𐤄𐤋𐤉	H3240	3	1.00		
𐤀𐤕𐤀𐤁𐤉	H1	9	1.00	H853	0.1111111111111111
𐤅𐤄𐤍𐤇	H3240	4	0.75		
𐤋𐤌𐤕𐤉𐤌	H4191	10	0.80		
𐤋𐤒𐤁𐤓	H6912	10	0.50	H6913	0.5
𐤀𐤕𐤌𐤕𐤉𐤄𐤌	H4970	4	0.00		
𐤀𐤋𐤄𐤀𐤍𐤉𐤄	H591	12	0.17	H413	0.5
𐤅𐤉𐤓𐤃𐤅	H3381	39	0.38	H7287	0.48717948717948717
𐤎𐤏𐤓	H5591	8	0.50	H5590	0.125
𐤄𐤀𐤍𐤉𐤄	H591	25	0.56		
𐤉𐤔𐤍	H3465	18	0.17	H3426	0.7222222222222222
𐤕𐤋𐤌𐤉𐤃𐤉𐤅	H8527	32	0.00		
𐤅𐤉𐤏𐤉𐤓𐤅	H5782	3	0.33		
𐤄𐤅𐤔𐤉𐤏𐤍𐤅	H3467	3	0.67		
𐤀𐤁𐤃𐤍𐤅	H6	9	0.67		
𐤉𐤓𐤀𐤕𐤌	H3372	17	0.65	H3373	0.23529411764705882
𐤅𐤉𐤂𐤏𐤓	H1605	15	0.13		
𐤁𐤓𐤅𐤇𐤅𐤕	H1272	4	0.00		
𐤅𐤁𐤉𐤌	H3220	11	0.91		
𐤃𐤌𐤌𐤄	H1827	10	1.00		
𐤅𐤉𐤕𐤌𐤄𐤅	H8539	30	0.57		
𐤀𐤐𐤅𐤀	H645	267	0.82		
𐤅𐤄𐤉𐤌	H3220	17	0.94		
𐤉𐤔𐤌𐤏𐤅𐤍	H8085	6	0.83		
𐤉𐤑𐤀𐤉𐤌	H3318	9	0.89		
𐤌𐤁𐤕𐤉	H1004	4	0.50		
𐤋𐤀𐤉𐤊𐤋	H398	6	0.00		
𐤑𐤏𐤒𐤉𐤌	H6817	7	0.14		
𐤌𐤄𐤋𐤍𐤅	H4100	6	0.00		
𐤄𐤁𐤀𐤕	H935	14	1.00		
𐤄𐤋𐤌	H1988	7	0.00	H1987	0.5714285714285714
𐤁𐤋𐤀	H3808	75	0.84		
𐤅𐤏𐤃𐤓	H5740	3	0.33	H5738	0.0
𐤇𐤆𐤉𐤓𐤉𐤌	H2386	8	0.38		
𐤁𐤌𐤓𐤏𐤄	H7451	4	0.75	H4829	1.0
𐤄𐤓𐤇𐤒	H7368	22	0.77		
𐤅𐤉𐤕𐤇𐤍𐤍𐤅	H2603	39	0.51		
𐤄𐤔𐤃𐤉𐤌	H7708	32	0.00		
𐤔𐤋𐤇𐤍𐤅	H7971	20	0.65	H7979	0.15
𐤁𐤏𐤃𐤓	H5739	3	0.67		
𐤄𐤔𐤕𐤏𐤓	H8593	10	0.50		
𐤌𐤍𐤄𐤌𐤅𐤓𐤃	H4174	3	0.67	H4480	0.0
𐤏𐤋𐤄𐤉𐤌	H5921	12	0.42		
𐤅𐤉𐤌𐤅𐤕𐤅	H4191	44	0.61		
𐤅𐤉𐤍𐤅𐤎𐤅	H5127	79	0.39		
𐤄𐤏𐤉𐤓𐤄	H5892	89	0.73	H5782	0.10112359550561797
𐤅𐤉𐤂𐤉𐤃𐤅	H5046	84	0.52		
𐤀𐤕𐤄𐤊𐤋	H3605	31	0.19	H853	0.22580645161290322
𐤍𐤏𐤔𐤄	H6213	246	0.87		
𐤊𐤋𐤄𐤏𐤉𐤓	H5892	5	1.00	H3605	0.4
𐤉𐤑𐤀𐤄	H3318	61	0.89		
𐤋𐤒𐤓𐤀𐤕	H7125	214	0.57	H7122	0.4485981308411215
𐤅𐤊𐤓𐤀𐤅𐤕𐤌	H7200	3	1.00		
𐤅𐤉𐤁𐤒𐤔𐤅	H1245	103	0.48		
𐤅𐤉𐤏𐤁𐤓	H5674	65	0.95		
𐤌𐤁𐤉𐤀𐤉𐤌	H935	28	0.93		
𐤌𐤔𐤊𐤁	H4904	12	0.75	H7901	0.6666666666666666
𐤏𐤋𐤄𐤌𐤈𐤄	H4294	3	0.00	H5921	0.3333333333333333
𐤀𐤕𐤀𐤌𐤅𐤍𐤕𐤌	H530	3	1.00	H853	0.0
𐤀𐤋𐤍𐤊𐤄	H6549	6	0.00	H413	0.16666666666666666
𐤄𐤀𐤁𐤓𐤉𐤌	H83	14	0.07		
𐤇𐤈𐤀𐤕𐤉𐤊	H2403	7	0.00		
𐤌𐤍𐤄𐤎𐤅𐤐𐤓𐤉𐤌	H5608	7	0.29	H4480	0.2857142857142857
𐤀𐤌𐤓𐤅	H559	221	0.84	H561	0.6832579185520362
𐤁𐤋𐤁𐤁𐤌	H3824	27	0.41		
𐤌𐤂𐤃𐤐	H1442	6	0.67		
𐤕𐤇𐤔𐤁𐤅	H2803	21	0.95		
𐤌𐤄	H4100	640	0.44	H4101	0.4546875
𐤄𐤍𐤒𐤋	H7043	3	0.00		
𐤄𐤀𐤌𐤓	H559	17	0.82		
𐤀𐤌𐤀𐤌𐤓	H559	4	1.00	H518	0.75
𐤄𐤕𐤄𐤋𐤊	H1980	15	1.00		
𐤕𐤃𐤏𐤅𐤍	H3045	5	1.00		
𐤉𐤔𐤋𐤅	H3426	31	0.74	H7997	0.1935483870967742
𐤄𐤔𐤋𐤈𐤍	H7985	8	0.00		
𐤋𐤎𐤋𐤇	H5545	10	0.70		
𐤇𐤈𐤀𐤉𐤌	H2400	35	0.49	H2398	0.4
𐤔𐤀	H5375	16	0.69	H5376	0.125
𐤀𐤋𐤁𐤉𐤕𐤊	H1004	4	1.00	H413	0.0
𐤋𐤁𐤉𐤕𐤅	H1004	60	0.92		
𐤅𐤄𐤌𐤅𐤍	H1995	45	0.78		
𐤊𐤓𐤀𐤅𐤕𐤌	H7200	32	0.78		
𐤆𐤀𐤕	H2063	1078	0.75		
𐤄𐤔𐤕𐤅𐤌𐤌𐤅	H8380	13	0.31		
𐤅𐤉𐤔𐤁𐤇𐤅	H3431	11	0.18		
𐤍𐤕𐤍	H5414	623	0.83	H5416	0.8908507223113965
𐤔𐤋𐤈𐤍	H7985	13	0.15	H7990	0.23076923076923078
𐤊𐤆𐤄	H2088	300	0.91	H2090	0.5866666666666667
𐤁𐤏𐤁𐤓	H5676	37	0.76	H5674	0.8918918918918919
𐤉𐤔𐤁	H3427	161	0.75	H7725	0.8509316770186336
𐤅𐤔𐤌𐤅	H8034	247	0.64	H7760	0.8906882591093117
𐤌𐤕𐤉	H4970	64	0.55	H4191	0.515625
𐤋𐤊𐤄	H3212	9	0.44	H3922	0.2222222222222222
𐤁𐤄𐤎𐤁𐤅	H5437	3	0.33		
𐤁𐤁𐤉𐤕𐤅	H1004	55	0.69		
𐤌𐤅𐤊𐤎𐤉𐤌	H3676	3	0.00	H4519	0.0
𐤅𐤇𐤈𐤀𐤉𐤌	H2400	11	0.45		
𐤄𐤐𐤓𐤅𐤔𐤉𐤌	H6571	68	0.04		
𐤀𐤋𐤕𐤋𐤌𐤉𐤃𐤉𐤅	H8527	26	0.00		
𐤌𐤃𐤅𐤏	H4069	85	0.01		
𐤅𐤄𐤇𐤈𐤀𐤉𐤌	H2400	7	0.86		
𐤀𐤊𐤋	H398	52	0.54	H3615	0.7307692307692307
𐤓𐤁𐤊𐤌	H7227	4	0.75		
𐤄𐤇𐤆𐤒𐤉𐤌	H2389	17	0.35		
𐤋𐤓𐤐𐤀	H7495	16	0.81		
𐤑𐤀𐤅	H3318	15	0.87		
𐤅𐤋𐤌𐤃𐤅	H3925	6	0.67		
𐤇𐤎𐤃	H2617	168	0.58	H1136	0.25
𐤇𐤐𐤑𐤕𐤉	H2654	35	0.89		
𐤆𐤁𐤇	H2077	43	0.91	H2076	0.9302325581395349
𐤀𐤕𐤄𐤑𐤃𐤉𐤒𐤉𐤌	H6662	3	1.00	H853	0.3333333333333333
𐤕𐤋𐤌𐤉𐤃𐤉	H3925	11	0.18		
𐤀𐤍𐤇𐤍𐤅	H587	417	0.17		
𐤄𐤓𐤁𐤄	H7235	390	0.88		
𐤅𐤕𐤋𐤌𐤉𐤃𐤉𐤊	H8527	3	0.00		
𐤉𐤅𐤊𐤋𐤅	H3201	130	0.93	H398	0.33076923076923076
𐤄𐤇𐤐𐤄	H2645	4	0.00		
𐤋𐤄𐤕𐤀𐤁𐤋	H56	11	0.64		
𐤁𐤏𐤅𐤃	H5750	115	0.92		
𐤄𐤇𐤕𐤍	H2845	15	0.00		
𐤏𐤌𐤄𐤌	H5973	100	0.56		
𐤉𐤌𐤉𐤌	H3117	728	0.91	H3220	0.2925824175824176
𐤁𐤀𐤉𐤌	H935	65	0.78		
𐤅𐤋𐤒𐤇	H3947	44	0.61		
𐤅𐤀𐤆	H227	111	0.70		
𐤉𐤑𐤅𐤌𐤅	H6680	5	0.00	H6684	1.0
𐤔𐤌𐤉𐤌	H8064	73	0.49	H7760	0.6986301369863014
𐤈𐤋𐤀𐤉	H2921	3	0.00		
𐤇𐤃𐤔	H2320	79	0.48	H2318	0.3924050632911392
𐤄𐤈𐤋𐤀𐤉	H2921	3	0.00		
𐤅𐤕𐤓𐤏	H7489	3	1.00	H7490	0.0
𐤅𐤀𐤉𐤍	H369	359	0.57		
𐤍𐤅𐤕𐤍𐤉𐤌	H5414	29	0.90		
𐤉𐤉𐤍	H3196	55	0.51		
𐤁𐤍𐤀𐤃𐤅𐤕	H4997	6	1.00		
𐤁𐤋𐤉𐤌	H1087	3	1.00		
𐤅𐤄𐤉𐤉𐤍	H3196	4	1.00		
𐤉𐤔𐤐𐤊	H8210	14	0.50		
𐤅𐤄𐤍𐤀𐤃𐤅𐤕	H4997	3	1.00		
𐤉𐤀𐤁𐤃𐤅	H6	46	0.80	H7	0.6739130434782609
𐤀𐤕𐤄𐤉𐤉𐤍	H853	4	0.00		
𐤄𐤇𐤃𐤔	H2320	26	0.69	H2319	0.5
𐤇𐤃𐤔𐤉𐤌	H2320	155	0.81	H2319	0.13548387096774195
𐤅𐤔𐤍𐤉𐤄𐤌	H8147	18	0.78	H8141	0.5555555555555556
𐤉𐤇𐤃𐤅	H3162	171	0.68	H3163	0.06432748538011696
𐤉𐤔𐤌𐤓𐤅	H8104	57	0.70		
𐤌𐤃𐤁𐤓	H4057	148	0.22	H1697	0.8581081081081081
𐤀𐤕𐤀𐤋𐤄	H428	44	0.20	H853	0.25
𐤄𐤔𐤓𐤉𐤌	H8269	108	0.78	H7891	0.06481481481481481
𐤏𐤕𐤄	H6258	588	0.76	H6256	0.8469387755102041
𐤌𐤕𐤄	H4191	42	0.81		
𐤁𐤕𐤉	H1004	54	0.76	H1323	0.6111111111111112
𐤅𐤔𐤉𐤌	H7760	9	0.89		
𐤀𐤕𐤉𐤃𐤊	H3027	7	1.00	H853	0.42857142857142855
𐤏𐤋𐤉𐤄	H5921	366	0.92	H5922	0.7896174863387978
𐤅𐤕𐤋𐤌𐤉𐤃𐤉𐤅	H8527	10	0.00		
𐤀𐤔𐤄	H802	240	0.85	H801	0.19583333333333333
𐤆𐤁𐤕	H2100	9	0.67		
𐤃𐤌	H1818	147	0.67	H1826	0.43537414965986393
𐤔𐤕𐤉𐤌	H8147	92	0.76	H8354	0.13043478260869565
𐤏𐤔𐤓𐤄	H6240	283	0.83	H6236	0.45936395759717313
𐤔𐤍𐤄	H8141	831	0.83	H8138	0.5824308062575211
𐤍𐤂𐤔𐤄	H5065	3	0.00	H5066	0.3333333333333333
𐤌𐤀𐤇𐤓𐤉𐤅	H310	13	0.92		
𐤅𐤕𐤂𐤏	H5060	4	1.00		
𐤁𐤊𐤍𐤐	H3671	8	0.88		
𐤁𐤂𐤃𐤅	H899	22	0.59	H898	0.6818181818181818
𐤀𐤌𐤓𐤄	H559	41	0.88		
𐤁𐤋𐤁𐤄	H3820	22	0.77		
𐤁𐤁𐤂𐤃𐤅	H899	3	1.00	H898	0.6666666666666666
𐤀𐤅𐤔𐤏	H3467	3	0.33		
𐤅𐤉𐤐𐤍	H6437	76	0.68		
𐤀𐤌𐤅𐤍𐤕𐤊	H530	11	0.91		
𐤄𐤅𐤔𐤉𐤏𐤄	H3467	16	0.19		
𐤄𐤀𐤔𐤄	H802	180	0.91	H801	0.3111111111111111
𐤌𐤍𐤄𐤔𐤏𐤄	H8159	5	0.80	H4480	0.0
𐤄𐤔𐤓	H8269	18	0.78		
𐤁𐤇𐤋𐤉𐤋𐤉𐤌	H2485	7	0.57		
𐤅𐤀𐤕𐤄𐤏𐤌	H5971	5	0.80	H853	0.0
𐤌𐤐𐤄	H6311	18	0.67	H6310	0.7222222222222222
𐤄𐤉𐤋𐤃𐤄	H3205	9	0.89	H3207	0.5555555555555556
𐤉𐤔𐤍𐤄	H3463	15	0.27	H8138	0.6666666666666666
𐤅𐤉𐤔𐤇𐤒𐤅	H7832	4	0.25		
𐤂𐤓𐤔	H1644	38	0.74	H1645	0.07894736842105263
𐤅𐤉𐤀𐤇𐤆	H270	27	0.52		
𐤄𐤍𐤏𐤓𐤄	H5291	41	0.63		
𐤅𐤕𐤑𐤀	H3318	41	0.73		
𐤄𐤔𐤌𐤅𐤏𐤄	H8052	70	0.76		
𐤄𐤆𐤀𐤕	H2063	1006	0.69		
𐤁𐤊𐤋𐤄𐤀𐤓𐤑	H776	16	0.62	H3605	0.25
𐤏𐤅𐤓𐤉𐤌	H5787	13	0.92		
𐤅𐤀𐤌𐤓𐤉𐤌	H559	8	0.62		
𐤇𐤍𐤍𐤅	H2603	7	0.71		
𐤄𐤏𐤅𐤓𐤉𐤌	H5787	5	0.80		
𐤄𐤌𐤀𐤌𐤉𐤍𐤉𐤌	H539	29	1.00		
𐤋𐤏𐤔𐤅𐤕	H6213	853	0.89		
𐤁𐤏𐤉𐤍𐤉𐤄𐤌	H5869	153	0.76		
𐤅𐤕𐤐𐤒𐤇𐤍𐤄	H6491	7	0.71		
𐤏𐤉𐤍𐤉𐤄𐤌	H5869	80	0.70		
𐤁𐤑𐤀𐤕𐤌	H3318	20	0.85		
𐤄𐤔𐤌𐤉𐤏𐤅	H8085	5	0.60		
𐤀𐤕𐤔𐤌𐤏𐤅	H8085	4	0.25	H853	0.25
𐤉𐤑𐤀𐤅	H3318	290	0.93	H3381	0.46206896551724136
𐤄𐤁𐤉𐤀𐤅	H935	101	0.86		
𐤀𐤋𐤌	H197	4	0.00	H482	1.0
𐤀𐤇𐤅𐤆	H270	6	0.83		
𐤔𐤃	H7701	32	0.34	H7703	0.34375
𐤅𐤊𐤀𐤔𐤓	H834	626	0.76		
𐤄𐤔𐤃	H7701	32	0.38		
𐤅𐤉𐤃𐤁𐤓	H1696	160	0.71		
𐤄𐤀𐤋𐤌	H197	5	0.00		
𐤁𐤉𐤔𐤓𐤀𐤋	H3478	49	0.45		
𐤏𐤋𐤉𐤃𐤉	H3027	179	0.87	H5921	0.8659217877094972
𐤔𐤓	H8269	259	0.82	H5371	0.4517374517374517
𐤌𐤂𐤓𐤔	H4054	19	0.79		
𐤅𐤄𐤊𐤐𐤓𐤉𐤌	H3725	4	0.25		
𐤅𐤁𐤓𐤀𐤅𐤕𐤅	H7200	31	0.90		
𐤍𐤊𐤌𐤓𐤅	H3648	25	0.48		
𐤓𐤇𐤌𐤉𐤅	H7356	30	0.63		
𐤏𐤉𐤐𐤉𐤌	H5889	4	0.25		
𐤊𐤑𐤀𐤍	H6629	6	0.83		
𐤀𐤉𐤍𐤋𐤄𐤌	H369	9	0.78		
𐤉𐤃𐤁𐤓	H1696	54	0.83		
𐤄𐤒𐤑𐤉𐤓	H7105	21	0.81		
𐤌𐤏𐤈𐤉𐤌	H4592	84	0.89		
𐤄𐤕𐤇𐤍𐤍𐤅	H2603	11	0.82		
𐤋𐤔𐤋𐤇	H7971	109	0.85		
𐤐𐤏𐤋𐤉𐤌	H6467	6	0.17		
𐤀𐤕𐤔𐤍𐤉𐤌	H8147	10	0.90	H853	0.4
𐤅𐤉𐤕𐤍	H5414	424	0.75		
𐤄𐤈𐤌𐤀𐤄	H2931	14	0.93	H2932	0.9285714285714286
𐤋𐤂𐤓𐤔𐤌	H1647	3	0.33		
𐤅𐤀𐤋𐤄	H428	389	0.69	H424	0.5809768637532133
𐤔𐤌𐤅𐤕	H8034	87	0.57	H8074	0.3218390804597701
𐤄𐤔𐤋𐤉𐤇𐤉𐤌	H7972	35	0.34		
𐤄𐤓𐤀𐤔𐤅𐤍	H7223	299	0.90		
𐤔𐤌𐤏𐤅𐤍	H8095	383	0.21		
𐤉𐤏𐤒𐤁	H3290	1158	0.03	H6117	0.02849740932642487
𐤕𐤅𐤌𐤀	H8485	5	0.20		
𐤅𐤌𐤕𐤉	H4191	11	0.18	H4970	0.45454545454545453
𐤄𐤌𐤅𐤊𐤎	H4371	3	0.00		
𐤅𐤋𐤁𐤉	H3820	3	0.33		
𐤄𐤌𐤊𐤍𐤄	H4350	24	0.00		
𐤄𐤏𐤔𐤓	H6239	46	0.17	H6240	0.8260869565217391
𐤔𐤋𐤇	H7971	607	0.80	H7972	0.6672158154859967
𐤀𐤋𐤃𐤓𐤊	H1870	3	0.67	H413	0.6666666666666666
𐤀𐤋𐤕𐤋𐤊𐤅	H3212	3	0.67	H413	1.0
𐤄𐤔𐤌𐤓𐤅𐤍𐤉𐤌	H8111	39	1.00		
𐤒𐤓𐤀𐤅	H7121	96	0.79		
𐤒𐤓𐤁𐤄	H7126	23	0.74	H7138	0.9130434782608695
𐤋𐤁𐤅𐤀	H935	432	0.88		
𐤄𐤇𐤅𐤋𐤉𐤌	H2490	3	0.33		
𐤈𐤄𐤓𐤅	H2889	9	0.00	H2891	0.5555555555555556
𐤄𐤒𐤉𐤌𐤅	H6965	47	0.66	H6966	0.23404255319148937
𐤄𐤌𐤕𐤉𐤌	H4191	101	0.81		
𐤂𐤓𐤔𐤅	H1644	23	0.61		
𐤋𐤒𐤇𐤕𐤌	H3947	10	0.60		
𐤕𐤕𐤍𐤅	H5414	11	0.82		
𐤊𐤎𐤐	H3701	362	0.76	H3702	0.7265193370165746
𐤍𐤇𐤔𐤕	H5178	20	0.90		
𐤋𐤃𐤓𐤊	H1870	52	0.85		
𐤔𐤕𐤉	H8147	133	0.82	H7896	0.48120300751879697
𐤊𐤕𐤍𐤅𐤕	H3801	9	0.67		
𐤍𐤏𐤋𐤉𐤌	H5275	6	0.67		
𐤌𐤈𐤄	H4294	21	0.71	H5186	0.5238095238095238
𐤄𐤐𐤏𐤋	H6466	11	0.64		
𐤃𐤉	H1768	104	0.67	H1767	0.8557692307692307
𐤌𐤇𐤉𐤕𐤅	H2416	4	0.75		
𐤅𐤊𐤋𐤏𐤉𐤓	H5892	4	1.00		
𐤅𐤊𐤐𐤓	H3722	4	0.75	H3726	0.5
𐤁𐤕𐤅𐤊𐤄	H8432	51	0.37		
𐤔𐤁𐤅	H7725	155	0.89	H3427	0.832258064516129
𐤕𐤑𐤀𐤅	H3318	10	0.90		
𐤀𐤋𐤄𐤁𐤉𐤕	H1004	6	0.67	H413	0.3333333333333333
𐤔𐤋𐤅𐤌𐤊𐤌	H8002	8	0.38		
𐤉𐤔𐤅𐤁	H7725	93	0.96	H3437	0.20430107526881722
𐤅𐤊𐤋	H3605	1140	0.52	H3606	0.4745614035087719
𐤉𐤔𐤌𐤏	H8085	83	0.88	H8086	0.6385542168674698
𐤋𐤃𐤁𐤓𐤉𐤊𐤌	H1697	5	1.00		
𐤌𐤍𐤄𐤁𐤉𐤕	H1004	6	1.00	H4480	0.3333333333333333
𐤅𐤍𐤏𐤓𐤅	H5288	3	0.00		
𐤓𐤂𐤋𐤉𐤊𐤌	H7272	7	0.14		
𐤉𐤒𐤋	H7043	26	0.73		
𐤅𐤏𐤌𐤓𐤄	H6017	3	0.33		
𐤄𐤃𐤉𐤍	H1839	58	0.07		
𐤌𐤍𐤄𐤏𐤉𐤓	H5892	12	0.92	H4480	0.4166666666666667
𐤄𐤍𐤍𐤉	H2005	141	0.33	H2009	0.3262411347517731
𐤊𐤊𐤁𐤔𐤉𐤌	H3532	3	0.67		
𐤁𐤉𐤍	H996	461	0.80	H997	0.7765726681127982
𐤄𐤆𐤀𐤁𐤉𐤌	H2061	4	0.00		
𐤏𐤓𐤅𐤌𐤉𐤌	H6174	14	0.36	H6175	0.14285714285714285
𐤊𐤍𐤇𐤔𐤉𐤌	H2366	3	0.00	H3651	1.0
𐤅𐤕𐤌𐤉𐤌𐤉𐤌	H8549	7	0.71		
𐤅𐤄𐤔𐤌𐤓𐤅	H8104	3	0.67		
𐤌𐤁𐤍𐤉	H1121	227	0.87	H1142	0.17180616740088106
𐤅𐤉𐤊𐤅	H5221	65	0.40		
𐤁𐤔𐤅𐤈𐤉𐤌	H7752	24	0.33		
𐤅𐤋𐤐𐤍𐤉	H6440	72	0.86		
𐤌𐤔𐤋𐤉𐤌	H4910	7	0.57	H4912	0.14285714285714285
𐤅𐤌𐤋𐤊𐤉𐤌	H4428	12	0.83		
𐤋𐤌𐤏𐤍𐤉	H4616	10	0.90		
𐤅𐤌𐤄	H4100	149	0.37	H4101	0.42953020134228187
𐤕𐤃𐤁𐤓𐤅	H1696	14	0.79		
𐤉𐤍𐤕𐤍	H5414	33	0.91	H5415	0.15151515151515152
𐤄𐤌𐤃𐤁𐤓𐤉𐤌	H1696	13	0.85		
𐤄𐤌𐤃𐤁𐤓	H4057	73	0.55	H1696	0.7123287671232876
𐤁𐤐𐤉𐤊𐤌	H6310	5	1.00		
𐤀𐤇	H251	29	0.90	H259	0.6551724137931034
𐤉𐤌𐤎𐤓	H4560	11	0.64		
𐤀𐤕𐤀𐤇𐤉𐤅	H251	34	0.97	H853	0.29411764705882354
𐤋𐤌𐤅𐤕	H4191	229	0.88	H4194	0.8558951965065502
𐤅𐤀𐤁	H1	6	0.83		
𐤀𐤕𐤁𐤍𐤅	H1121	14	1.00	H853	0.42857142857142855
𐤅𐤒𐤌𐤅	H6965	8	0.75		
𐤁𐤀𐤁𐤅𐤕𐤌	H1	3	0.67		
𐤅𐤉𐤌𐤉𐤕𐤅	H4191	13	0.46		
𐤅𐤄𐤉𐤉𐤕𐤌	H1961	21	0.57		
𐤋𐤊𐤋𐤀𐤃𐤌	H120	16	0.12		
𐤔𐤌𐤉	H8034	30	0.63	H7760	0.9
𐤅𐤄𐤌𐤇𐤊𐤄	H2442	3	0.00		
𐤏𐤃𐤏𐤕	H6256	15	0.60	H5704	0.7333333333333333
𐤒𐤑	H7093	109	0.61	H7097	0.7247706422018348
𐤉𐤅𐤔𐤏	H3467	14	0.29		
𐤋𐤏𐤉𐤓	H5892	176	0.84		
𐤀𐤇𐤓𐤕	H312	142	0.74		
𐤏𐤓𐤉	H5892	110	0.41	H6179	0.09090909090909091
𐤊𐤉𐤉𐤁𐤅𐤀	H935	5	0.80	H3588	0.8
𐤕𐤋𐤌𐤉𐤃	H8527	10	0.10		
𐤏𐤋𐤄	H5927	315	0.86	H5930	0.3492063492063492
𐤅𐤏𐤁𐤃	H5665	15	0.27	H5647	0.6666666666666666
𐤋𐤄𐤉𐤅𐤕	H1961	399	0.78		
𐤅𐤋𐤏𐤁𐤃	H5647	6	1.00	H5654	0.5
𐤁𐤉𐤕𐤅	H1004	202	0.80		
𐤌𐤊𐤎𐤄	H4372	21	0.57	H3680	0.6190476190476191
𐤉𐤂𐤋𐤄	H1540	46	0.76		
𐤍𐤏𐤋𐤌	H5956	64	0.25		
𐤃𐤁𐤓𐤅	H1696	146	0.84	H1697	0.9383561643835616
𐤁𐤀𐤅𐤓	H216	29	0.72	H217	0.6206896551724138
𐤏𐤋	H5921	9148	0.92	H5922	0.8131832094446874
𐤄𐤂𐤂𐤅𐤕	H1406	12	0.33		
𐤋𐤀𐤉𐤅𐤊𐤋𐤅	H3201	5	1.00	H3808	0.6
𐤋𐤄𐤓𐤂	H2026	18	1.00	H2027	0.6666666666666666
𐤕𐤉𐤓𐤀𐤅	H3372	16	0.50		
𐤋𐤀𐤁𐤃	H6	32	0.88		
𐤑𐤐𐤓𐤉𐤌	H6833	6	0.83		
𐤅𐤀𐤇𐤕	H259	35	0.66		
𐤕𐤐𐤅𐤋	H5307	26	0.81		
𐤌𐤁𐤋𐤏𐤃𐤉	H1107	23	0.48		
𐤓𐤀𐤔𐤊𐤌	H7218	4	1.00		
𐤊𐤋𐤍	H3605	17	0.35		
𐤀𐤋𐤕𐤉𐤓𐤀𐤅	H3372	9	0.89	H413	0.3333333333333333
𐤄𐤍𐤊𐤌	H2005	22	0.18		
𐤉𐤒𐤓𐤉𐤌	H3368	22	0.41		
𐤉𐤅𐤃𐤄	H3034	12	0.92		
𐤉𐤊𐤇𐤔	H3584	7	1.00		
𐤋𐤄𐤈𐤉𐤋	H2904	8	0.62		
𐤋𐤄𐤐𐤓𐤉𐤃	H6504	6	0.67		
𐤌𐤀𐤁𐤉𐤅	H4124	18	0.50		
𐤅𐤁𐤕	H1323	16	0.81	H1324	0.1875
𐤅𐤊𐤋𐤄	H3615	10	0.60	H3617	0.3
𐤄𐤀𐤄𐤁	H157	8	0.88		
𐤀𐤕𐤀𐤁𐤉𐤅	H1	13	1.00	H853	0.3076923076923077
𐤉𐤅𐤕𐤓	H3498	623	0.66	H3148	0.7640449438202247
𐤊𐤃𐤀𐤉	H1668	8	0.12		
𐤅𐤁𐤕𐤅	H1323	5	0.80		
𐤋𐤀𐤉𐤒𐤇	H3947	5	0.20	H3808	0.0
𐤄𐤌𐤑𐤀	H4672	4	0.75		
𐤀𐤕𐤍𐤐𐤔𐤅	H5315	53	0.79	H853	0.16981132075471697
𐤄𐤌𐤒𐤁𐤋	H6903	8	0.75		
𐤀𐤅𐤕𐤉	H853	166	0.45	H854	0.5060240963855421
𐤌𐤒𐤁𐤋	H6903	27	0.81		
𐤅𐤄𐤌𐤒𐤁𐤋	H6903	3	0.33		
𐤔𐤋𐤇𐤍𐤉	H7971	39	0.36	H7979	0.02564102564102564
𐤍𐤁𐤉𐤀	H5030	55	0.87	H5029	0.8545454545454545
𐤋𐤔𐤌	H8034	66	0.48	H3959	0.18181818181818182
𐤉𐤒𐤇	H3947	83	0.61		
𐤅𐤄𐤌𐤔𐤒𐤄	H4945	3	1.00		
𐤀𐤕𐤀𐤇𐤃	H259	5	0.60	H853	0.4
𐤄𐤒𐤈𐤍𐤉𐤌	H6996	20	0.65		
𐤊𐤅𐤎	H3563	7	0.86		
𐤌𐤉𐤌	H4325	192	0.64	H3220	0.6822916666666666
𐤒𐤓𐤉𐤌	H7119	8	1.00		
𐤔𐤊𐤓𐤅	H7939	28	0.57	H7936	0.6785714285714286
𐤋𐤑𐤅𐤕	H6680	8	0.88		
𐤋𐤋𐤌𐤃	H3925	55	0.71		
𐤁𐤏𐤓𐤉𐤄𐤌	H5892	16	0.44		
𐤔𐤌𐤏	H8085	306	0.77	H8088	0.5686274509803921
𐤄𐤎𐤄𐤓	H5470	9	0.89	H5469	0.0
𐤀𐤕𐤌𐤏𐤔𐤉	H4639	6	1.00	H853	0.16666666666666666
𐤄𐤀𐤕𐤄	H859	23	0.00		
𐤋𐤀𐤇𐤓	H312	21	0.52		
𐤄𐤂𐤉𐤃𐤅	H5046	30	0.80		
𐤋𐤉𐤅𐤇𐤍𐤍	H3110	18	0.17		
𐤀𐤕𐤀𐤔𐤓	H834	127	0.43	H853	0.1968503937007874
𐤅𐤓𐤀𐤉𐤕𐤌	H7200	6	1.00		
𐤓𐤀𐤉𐤌	H7200	21	0.86	H7214	0.0
𐤅𐤐𐤎𐤇𐤉𐤌	H6452	6	1.00		
𐤌𐤕𐤄𐤋𐤊𐤉𐤌	H1980	10	1.00		
𐤌𐤈𐤄𐤓𐤉𐤌	H2891	6	1.00		
𐤅𐤇𐤓𐤔𐤉𐤌	H2796	3	0.00	H2795	0.6666666666666666
𐤔𐤌𐤏𐤉𐤌	H8085	11	1.00		
𐤅𐤌𐤕𐤉𐤌	H4191	3	1.00		
𐤉𐤔𐤅𐤏𐤄	H3444	37	0.43	H3467	0.5945945945945946
𐤅𐤀𐤔𐤓𐤉	H835	5	1.00		
𐤋𐤀𐤉𐤊𐤔𐤋	H3782	4	1.00	H3808	0.25
𐤅𐤉𐤔𐤅𐤏	H3442	42	0.24	H3443	0.23809523809523808
𐤀𐤋𐤄𐤌𐤅𐤍	H1995	9	1.00	H413	0.8888888888888888
𐤏𐤋𐤀𐤃𐤅𐤕	H182	12	0.50	H5921	1.0
𐤌𐤄𐤆𐤄	H2088	15	0.13	H4100	0.0
𐤉𐤑𐤀𐤕𐤌	H3318	16	0.88		
𐤋𐤓𐤀𐤅𐤕	H7200	220	0.82		
𐤄𐤒𐤍𐤄	H7070	3	0.67	H7069	0.0
𐤉𐤍𐤅𐤏	H5128	6	0.33		
𐤄𐤀𐤉𐤔	H376	539	0.71		
𐤁𐤂𐤃𐤉	H899	90	0.78	H898	0.6111111111111112
𐤏𐤃𐤍𐤉𐤌	H5730	3	1.00		
𐤄𐤌𐤋𐤊𐤉𐤌	H4428	283	0.70		
𐤌𐤍𐤁𐤉𐤀	H5030	3	1.00		
𐤌𐤋𐤀𐤊𐤉	H4397	49	0.61	H4401	0.14285714285714285
𐤒𐤌	H6965	116	0.70	H6966	0.2413793103448276
𐤌𐤉𐤅𐤇𐤍𐤍	H3110	5	0.00		
𐤄𐤒𐤈𐤍	H6996	38	0.61	H6997	0.02631578947368421
𐤅𐤌𐤉𐤌𐤉	H3117	8	0.88	H4325	0.125
𐤏𐤃𐤄𐤍𐤄	H2009	4	0.00	H5704	1.0
𐤍𐤕𐤐𐤔𐤄	H8610	6	0.17		
𐤁𐤇𐤆𐤒𐤄	H2394	74	0.38		
𐤉𐤇𐤆𐤉𐤒𐤅	H2388	10	1.00		
𐤊𐤋𐤄𐤍𐤁𐤉𐤀𐤉𐤌	H5030	4	1.00		
𐤅𐤄𐤕𐤅𐤓𐤄	H8451	16	0.88		
𐤏𐤃𐤉	H5704	42	0.86	H5703	0.5238095238095238
𐤍𐤁𐤀𐤅	H5012	9	1.00		
𐤋𐤒𐤁𐤋	H6903	106	0.91		
𐤄𐤏𐤕𐤉𐤃	H6264	36	0.42		
𐤀𐤆𐤍𐤉𐤌	H241	15	0.67		
𐤋𐤔𐤌𐤏	H8085	156	0.88	H8088	0.5961538461538461
𐤅𐤀𐤋𐤌𐤉	H197	3	0.00		
𐤀𐤃𐤌𐤄	H127	45	0.96	H128	0.7333333333333333
𐤄𐤆𐤄	H2088	2647	0.66	H5137	0.00831129580657348
𐤃𐤅𐤌𐤄	H1745	69	0.06	H1819	0.8115942028985508
𐤋𐤉𐤋𐤃𐤉𐤌	H3206	7	0.43		
𐤄𐤉𐤔𐤁𐤉𐤌	H3427	18	0.72		
𐤁𐤔𐤅𐤒𐤉𐤌	H7784	7	0.14		
𐤒𐤅𐤍𐤍𐤅	H7018	4	0.00	H6969	0.5
𐤒𐤉𐤍𐤄	H7015	6	0.83	H7016	0.16666666666666666
𐤔𐤕𐤄	H8354	27	0.78	H8355	0.5925925925925926
𐤅𐤔𐤕𐤄	H8354	12	0.58	H7896	0.08333333333333333
𐤆𐤅𐤋𐤋	H2151	3	0.67		
𐤅𐤀𐤄𐤁	H157	13	0.85		
𐤄𐤇𐤊𐤌𐤄	H2451	58	0.83		
𐤁𐤍𐤉𐤄	H1121	37	0.81	H1141	0.05405405405405406
𐤋𐤂𐤏𐤓	H1605	3	0.33		
𐤁𐤏𐤓𐤉𐤌	H5892	38	0.47	H1197	0.47368421052631576
𐤍𐤏𐤔𐤅	H6213	87	0.94		
𐤁𐤕𐤅𐤊𐤍	H8432	5	0.60		
𐤀𐤅𐤉	H188	64	0.75	H189	0.015625
𐤄𐤂𐤁𐤅𐤓𐤅𐤕	H1369	7	0.86		
𐤁𐤑𐤅𐤓	H6697	20	0.50	H1208	0.0
𐤅𐤁𐤑𐤉𐤃𐤅𐤍	H6721	4	0.25		
𐤁𐤔𐤒	H8242	6	0.17		
𐤅𐤀𐤐𐤓	H665	9	0.78		
𐤋𐤑𐤅𐤓	H6697	24	0.58	H6696	0.625
𐤅𐤑𐤉𐤃𐤅𐤍	H6721	18	0.44		
𐤏𐤃𐤔𐤀𐤅𐤋	H7586	3	0.00	H5704	0.3333333333333333
𐤁𐤎𐤃𐤅𐤌	H5467	11	0.09		
𐤏𐤌𐤃𐤄	H5975	31	0.77		
𐤏𐤃𐤄𐤉𐤅𐤌	H5707	18	0.00		
𐤎𐤃𐤅𐤌	H5467	62	0.10		
𐤁𐤏𐤕	H6256	627	0.78	H1204	0.17065390749601275
𐤏𐤍𐤄	H6032	110	0.56	H6030	0.8818181818181818
𐤅𐤀𐤌𐤓	H559	300	0.85	H560	0.63
𐤀𐤅𐤃𐤊	H3034	8	0.88		
𐤀𐤃𐤅𐤍	H113	65	0.55	H136	0.5538461538461539
𐤅𐤄𐤍𐤁𐤅𐤍𐤉𐤌	H995	6	1.00		
𐤌𐤊𐤉𐤓	H4353	13	0.00	H5234	1.0
𐤀𐤕𐤄𐤁𐤍	H1121	9	0.89	H853	0.0
𐤄𐤀𐤁	H1	76	0.93		
𐤀𐤕𐤄𐤀𐤁	H1	11	0.82	H853	0.36363636363636365
𐤄𐤁𐤍	H1121	52	0.96	H995	0.7692307692307693
𐤋𐤂𐤋𐤅𐤕𐤅	H1540	4	1.00		
𐤀𐤍𐤉𐤇	H584	4	0.00	H3240	0.25
𐤒𐤁𐤋𐤅	H6904	120	0.26	H6901	0.5916666666666667
𐤅𐤔𐤐𐤋	H8217	6	0.33	H8213	0.8333333333333334
𐤌𐤓𐤂𐤅𐤏	H4771	10	0.50		
𐤋𐤍𐤐𐤔𐤕𐤉𐤊𐤌	H5315	4	0.75		
𐤏𐤋𐤉	H5921	235	0.82	H5927	0.6893617021276596
𐤍𐤏𐤉𐤌	H5273	25	0.48		
𐤅𐤒𐤋	H6963	8	0.12	H7031	0.125
𐤄𐤒𐤌𐤄	H6965	3	0.00	H7054	1.0
𐤄𐤔𐤁𐤕	H7676	81	0.68	H7673	0.7530864197530864
𐤓𐤏𐤁𐤅	H7458	3	0.33	H7456	0.6666666666666666
𐤅𐤉𐤇𐤋𐤅	H2490	50	0.76	H3176	0.26
𐤌𐤋𐤉𐤋𐤕	H4425	3	1.00		
𐤅𐤉𐤀𐤊𐤋𐤅	H398	45	0.24		
𐤕𐤋𐤌𐤉𐤃𐤉𐤊	H8527	3	0.00		
𐤏𐤔𐤉𐤌	H6213	22	0.77		
𐤀𐤎𐤅𐤓	H631	82	0.57	H5493	0.7317073170731707
𐤁𐤔𐤁𐤕	H7676	42	0.71	H3427	0.38095238095238093
𐤒𐤓𐤀𐤕𐤌	H7121	11	1.00		
𐤃𐤅𐤃	H1732	350	0.89	H1730	0.7285714285714285
𐤁𐤄𐤉𐤕𐤅	H1961	4	0.25		
𐤓𐤏𐤁	H7458	54	0.50	H7457	0.3333333333333333
𐤅𐤄𐤀𐤍𐤔𐤉𐤌	H376	62	0.71		
𐤊𐤉𐤁𐤀	H935	10	0.90	H3588	0.7
𐤅𐤉𐤀𐤊𐤋	H398	35	0.43		
𐤄𐤐𐤍𐤉𐤌	H6440	26	0.77	H6434	0.0
𐤌𐤕𐤓	H8447	13	0.38		
𐤅𐤋𐤀𐤍𐤔𐤉𐤅	H376	8	0.50		
𐤋𐤀𐤊𐤋𐤄	H402	9	0.89		
𐤋𐤊𐤄𐤍𐤉𐤌	H3548	58	0.97		
𐤋𐤁𐤃𐤌	H905	68	0.82		
𐤁𐤕𐤅𐤓𐤄	H8451	29	0.69		
𐤁𐤔𐤁𐤕𐤅𐤕	H7676	8	1.00		
𐤉𐤇𐤋𐤋𐤅	H2490	6	0.17		
𐤀𐤕𐤄𐤔𐤁𐤕	H7676	3	1.00	H853	0.6666666666666666
𐤁𐤌𐤒𐤃𐤔	H4720	98	0.55		
𐤏𐤅𐤍	H5771	53	0.45	H6030	0.6792452830188679
𐤉𐤔𐤐𐤄	H3471	12	0.50	H3472	0.08333333333333333
𐤌𐤍𐤄𐤌𐤒𐤃𐤔	H4720	6	0.00	H4480	0.16666666666666666
𐤉𐤃𐤏𐤕𐤌	H3045	95	0.97		
𐤊𐤍𐤎𐤕𐤌	H5640	3	0.00	H3651	0.0
𐤉𐤃𐤅	H3027	280	0.87	H3034	0.5
𐤉𐤁𐤔𐤄	H3001	15	0.67	H3002	0.26666666666666666
𐤅𐤉𐤔𐤀𐤋𐤅𐤄𐤅	H7592	12	0.58		
𐤄𐤌𐤕𐤓	H8447	3	0.00		
𐤉𐤌𐤑𐤀𐤅	H4672	65	0.91		
𐤔𐤈𐤍𐤄	H7856	30	0.23	H7855	0.5666666666666667
𐤀𐤔𐤓𐤋𐤅	H834	34	0.44		
𐤊𐤁𐤔	H3532	54	0.30	H3533	0.6481481481481481
𐤅𐤍𐤐𐤋	H5307	27	0.93		
𐤁𐤁𐤅𐤓	H953	19	0.21	H3565	0.10526315789473684
𐤋𐤄𐤉𐤈𐤉𐤁	H3190	27	0.93		
𐤀𐤋𐤄𐤀𐤉𐤔	H376	8	0.50	H413	0.5
𐤐𐤔𐤈	H6584	37	0.27		
𐤅𐤉𐤐𐤔𐤈	H6584	7	0.29		
𐤅𐤕𐤓𐤐𐤀	H7495	4	0.50		
𐤅𐤕𐤔𐤁	H7725	48	0.77	H3427	0.7916666666666666
𐤄𐤀𐤇𐤓𐤕	H312	15	0.80		
𐤅𐤉𐤕𐤉𐤏𐤑𐤅	H3289	19	0.42		
𐤅𐤉𐤃𐤏	H3045	104	0.78	H3047	0.009615384615384616
𐤅𐤉𐤎𐤓	H5493	47	0.74		
𐤊𐤋𐤌	H3605	406	0.54	H3615	0.7044334975369458
𐤁𐤂𐤏𐤓𐤄	H1606	6	0.00		
𐤔𐤋𐤀	H3808	326	0.84		
𐤏𐤁𐤃𐤉	H5650	98	0.26	H5647	0.6224489795918368
𐤓𐤑𐤕𐤄	H7521	6	1.00	H7323	0.16666666666666666
𐤍𐤕𐤕𐤉	H5414	73	0.81		
𐤓𐤅𐤇𐤉	H7307	17	0.76	H7308	0.7647058823529411
𐤅𐤌𐤔𐤐𐤈	H4941	30	0.70		
𐤋𐤂𐤅𐤉𐤌	H1471	20	0.95		
𐤉𐤅𐤑𐤉𐤀	H3318	15	0.87		
𐤉𐤔𐤀	H5375	60	0.80	H5377	0.31666666666666665
𐤁𐤇𐤅𐤑	H2351	30	0.87		
𐤒𐤅𐤋𐤅	H6963	41	0.51		
𐤒𐤍𐤄	H7069	55	0.35	H7071	0.38181818181818183
𐤉𐤔𐤁𐤅𐤓	H7665	4	0.50		
𐤊𐤄𐤄	H3544	4	0.25	H3543	0.25
𐤋𐤍𐤑𐤇	H5331	63	0.68	H5329	0.20634920634920634
𐤌𐤔𐤐𐤈	H4941	240	0.72	H8199	0.6458333333333334
𐤂𐤅𐤉𐤌	H1471	38	0.79		
𐤄𐤅𐤁𐤀	H935	30	0.83		
𐤅𐤀𐤋𐤌	H197	3	0.00		
𐤀𐤇𐤆𐤅	H270	11	0.73		
𐤅𐤉𐤔𐤕𐤅𐤌𐤌𐤅	H8074	16	0.94		
𐤀𐤕𐤄𐤔𐤃𐤉𐤌	H7708	11	0.00	H853	0.09090909090909091
𐤀𐤕𐤌𐤇𐤔𐤁𐤅𐤕𐤌	H4284	4	1.00	H853	0.0
𐤏𐤋𐤏𐤑𐤌𐤄	H6109	3	0.00	H5921	1.0
𐤕𐤇𐤓𐤁	H2717	7	1.00		
𐤅𐤁𐤉𐤕	H1004	30	0.83	H1005	0.6
𐤉𐤊𐤅𐤍𐤅	H5221	5	0.60		
𐤅𐤄𐤔𐤈𐤍	H7854	12	0.58		
𐤀𐤕𐤄𐤔𐤈𐤍	H7854	3	1.00	H853	0.3333333333333333
𐤏𐤋𐤏𐤑𐤌𐤅	H6105	4	0.00	H5921	1.0
𐤕𐤊𐤅𐤍	H3559	12	0.67		
𐤌𐤌𐤋𐤊𐤕𐤅	H4467	44	0.98		
𐤁𐤍𐤉𐤊𐤌	H1121	21	0.86		
𐤁𐤌𐤉	H4325	14	0.36	H4310	0.35714285714285715
𐤌𐤂𐤓𐤔𐤉𐤌	H4054	7	0.71		
𐤉𐤄𐤉𐤅	H1961	238	0.77		
𐤄𐤂𐤁𐤅𐤓	H1368	9	0.67		
𐤅𐤋𐤂𐤆𐤋	H1497	4	0.50		
𐤀𐤌𐤋𐤀	H4390	63	0.52		
𐤉𐤀𐤎𐤓	H631	10	0.70		
𐤀𐤕𐤉	H853	118	0.29	H854	0.4745762711864407
𐤍𐤂𐤃𐤉	H5048	14	1.00		
𐤌𐤐𐤆𐤓	H6340	3	1.00		
𐤅𐤂𐤃𐤅𐤐	H1442	3	0.67		
𐤋𐤀𐤃𐤌	H120	51	0.37		
𐤇𐤓𐤐𐤄	H2781	53	0.45		
𐤁𐤏𐤅𐤋𐤌	H5867	65	0.18		
𐤍𐤊𐤓	H5236	35	0.51	H5234	0.7428571428571429
𐤄𐤏𐤑	H6086	41	0.51		
𐤓𐤏𐤉𐤌	H7451	77	0.75	H7462	0.6233766233766234
𐤄𐤋𐤁	H3820	31	0.68		
𐤄𐤐𐤄	H6311	7	0.29	H6310	0.8571428571428571
𐤄𐤈𐤅𐤁	H2896	187	0.84		
𐤌𐤀𐤅𐤑𐤓	H214	11	0.82		
𐤋𐤁𐤅	H3820	437	0.81		
𐤌𐤅𐤑𐤉𐤀	H3318	8	1.00		
𐤀𐤕𐤄𐤈𐤅𐤁	H2896	11	0.82	H853	0.09090909090909091
𐤅𐤄𐤀𐤉𐤔	H376	32	0.69		
𐤄𐤓𐤏	H7451	162	0.79	H7489	0.7962962962962963
𐤁𐤈𐤋𐤄	H2919	5	0.00		
𐤉𐤃𐤁𐤓𐤅	H1696	35	0.91		
𐤉𐤕𐤍𐤅	H5414	62	0.90	H8566	0.22580645161290322
𐤇𐤔𐤁𐤅𐤍	H2809	40	0.28	H2808	0.6
𐤕𐤑𐤃𐤒	H6663	3	0.33		
𐤅𐤉𐤏𐤍𐤅	H6030	80	0.71		
𐤇𐤐𐤑𐤍𐤅	H2654	11	0.64		
𐤀𐤅𐤕	H226	106	0.60	H854	0.7735849056603774
𐤌𐤉𐤃𐤊	H3027	11	0.73		
𐤃𐤅𐤓	H1755	43	0.70	H1754	0.3023255813953488
𐤅𐤀𐤅𐤕	H226	10	0.80		
𐤉𐤍𐤕𐤍𐤋𐤅	H5414	3	0.00		
𐤉𐤅𐤍𐤄	H3124	19	0.21	H3123	0.3684210526315789
𐤁𐤌𐤏𐤉	H4578	4	0.75		
𐤄𐤃𐤂	H1709	10	0.80		
𐤔𐤋𐤔𐤄	H7969	141	0.95	H7991	0.9361702127659575
𐤅𐤔𐤋𐤔𐤄	H7969	35	0.97	H8030	0.11428571428571428
𐤋𐤉𐤋𐤅𐤕	H3915	10	0.80		
𐤁𐤋𐤁	H3820	109	0.75		
𐤄𐤀𐤃𐤌𐤄	H127	209	0.86		
𐤍𐤉𐤍𐤅𐤄	H5210	19	0.47		
𐤉𐤒𐤅𐤌𐤅	H6965	40	0.70		
𐤌𐤋𐤊𐤕	H3212	20	0.85	H4427	0.75
𐤕𐤉𐤌𐤍	H8487	8	0.62	H8486	0.625
𐤕𐤒𐤅𐤌	H6965	17	0.65	H6966	0.29411764705882354
𐤁𐤀𐤄	H935	154	0.86	H872	0.05194805194805195
𐤌𐤒𐤑𐤅𐤕	H7098	4	0.00		
𐤀𐤕𐤇𐤊𐤌𐤕	H2451	3	1.00	H853	0.6666666666666666
𐤔𐤋𐤌𐤄	H8010	148	0.41	H8003	0.6554054054054054
𐤌𐤔𐤋𐤌𐤄	H8010	4	0.50		
𐤅𐤄𐤓𐤅𐤇	H7307	18	0.89		
𐤑𐤀𐤕𐤄	H3318	5	0.80		
𐤌𐤍𐤄𐤀𐤃𐤌	H120	6	0.00	H4480	0.6666666666666666
𐤁𐤌𐤒𐤌𐤅𐤕	H6965	6	0.67	H4519	0.0
𐤑𐤉𐤄	H6723	11	0.91		
𐤌𐤍𐤅𐤇𐤄	H4496	38	0.71		
𐤕𐤌𐤑𐤀𐤍𐤄	H4672	5	0.80		
𐤀𐤔𐤅𐤁𐤄	H7725	5	0.80		
𐤀𐤋𐤁𐤉𐤕𐤉	H1004	5	1.00	H413	0.6
𐤉𐤑𐤀𐤕𐤉	H3318	24	0.79		
𐤅𐤁𐤀𐤄	H935	8	1.00		
𐤅𐤌𐤄𐤃𐤓	H1926	3	0.33	H1922	0.3333333333333333
𐤅𐤋𐤒𐤇𐤄	H3947	6	0.67		
𐤔𐤁𐤏	H7651	248	0.55	H7620	0.5403225806451613
𐤓𐤅𐤇𐤅𐤕	H7307	44	0.86		
𐤀𐤇𐤓𐤅𐤕	H312	75	0.88		
𐤓𐤏𐤅𐤕	H7451	113	0.89	H7462	0.6194690265486725
𐤅𐤁𐤀𐤅	H935	53	0.85		
𐤅𐤔𐤊𐤍𐤅	H7931	3	1.00	H7934	0.0
𐤅𐤄𐤉𐤕𐤄	H1961	35	0.71		
𐤀𐤇𐤓𐤉𐤕	H319	30	0.83	H320	0.0
𐤌𐤓𐤀𐤔𐤉𐤕𐤅	H7225	4	0.75		
𐤏𐤅𐤃𐤍𐤅	H5750	85	0.69		
𐤅𐤀𐤇𐤉𐤅	H251	86	0.58	H283	0.3372093023255814
𐤏𐤌𐤃𐤅	H5975	148	0.74	H5977	0.5540540540540541
𐤅𐤉𐤂𐤃	H5046	98	0.72		
𐤀𐤌𐤊	H517	27	0.63		
𐤅𐤀𐤇𐤉𐤊	H251	7	0.86		
𐤏𐤌𐤃𐤉𐤌	H5975	20	0.80	H5982	0.65
𐤅𐤌𐤁𐤒𐤔𐤉𐤌	H1245	8	1.00		
𐤄𐤌𐤂𐤉𐤃	H5046	4	1.00		
𐤀𐤌𐤉	H517	38	0.71	H532	0.05263157894736842
𐤀𐤇𐤉	H251	345	0.80	H252	0.6753623188405797
𐤅𐤉𐤈	H5186	38	0.79		
𐤏𐤋𐤕𐤋𐤌𐤉𐤃𐤉𐤅	H8527	3	0.00		
𐤅𐤀𐤇𐤉	H251	13	1.00		
𐤅𐤀𐤌𐤉	H517	9	0.78		
𐤅𐤉𐤒𐤄𐤋𐤅	H6950	19	0.84		
𐤅𐤊𐤋𐤄𐤏𐤌	H5971	14	0.64	H3605	0.2857142857142857
𐤅𐤉𐤓𐤁	H7378	22	0.36	H7235	0.9090909090909091
𐤁𐤌𐤔𐤋𐤉𐤌	H4910	12	0.25		
𐤄𐤆𐤅𐤓𐤏	H2233	5	0.60		
𐤋𐤆𐤓𐤏	H2233	15	1.00	H2232	0.8
𐤌𐤍𐤄𐤆𐤓𐤏	H2233	3	1.00	H4480	1.0
𐤄𐤏𐤅𐤐	H5775	8	0.62		
𐤅𐤉𐤀𐤊𐤋𐤄𐤅	H398	3	0.67		
𐤅𐤉𐤔	H3426	104	0.84		
𐤎𐤋𐤏	H5553	17	0.76	H5554	0.8235294117647058
𐤀𐤉𐤍𐤋𐤅	H369	20	0.35		
𐤋𐤑𐤌𐤇	H6779	4	0.25		
𐤏𐤌𐤒	H6010	40	0.65	H6013	0.425
𐤄𐤔𐤌𐤔	H8121	168	0.70		
𐤅𐤉𐤉𐤁𐤔	H3001	6	0.83		
𐤄𐤉𐤄𐤋𐤅	H1961	6	0.67		
𐤔𐤓𐤔	H8328	32	0.50	H8327	0.5
𐤄𐤒𐤑𐤉𐤌	H7093	10	0.00		
𐤅𐤉𐤏𐤋𐤅	H5927	59	0.85		
𐤏𐤋𐤄𐤀𐤃𐤌𐤄	H127	13	0.85	H5921	0.5384615384615384
𐤄𐤈𐤅𐤁𐤄	H2896	95	0.85		
𐤌𐤀𐤄	H3967	242	0.80	H3969	0.7975206611570248
𐤔𐤏𐤓𐤉𐤌	H8184	32	0.16	H8179	0.65625
𐤅𐤆𐤄	H2088	205	0.75		
𐤔𐤔𐤉𐤌	H8346	73	0.77		
𐤔𐤋𐤔𐤉𐤌	H7970	138	0.87	H7992	0.8405797101449275
𐤄𐤕𐤋𐤌𐤉𐤃𐤉𐤌	H8527	39	0.00		
𐤕𐤃𐤁𐤓	H1696	22	0.86		
𐤔𐤉𐤔𐤋𐤅	H5394	4	0.25		
𐤔𐤀𐤉𐤍	H369	70	0.79		
𐤀𐤃𐤁𐤓	H1696	45	0.84		
𐤁𐤓𐤀𐤕𐤌	H7200	6	0.83	H1254	0.0
𐤅𐤁𐤔𐤌𐤏𐤌	H8085	4	1.00		
𐤀𐤐𐤋𐤀	H3808	7	0.71	H637	0.14285714285714285
𐤉𐤁𐤉𐤍𐤅	H995	24	0.83		
𐤍𐤁𐤅𐤀𐤕	H5016	15	0.87	H5017	0.8
𐤄𐤀𐤌𐤓𐤕	H559	3	1.00		
𐤔𐤌𐤅𐤏	H8085	15	0.80	H8051	0.13333333333333333
𐤄𐤔𐤌𐤍	H8081	23	0.91	H8080	0.13043478260869565
𐤅𐤀𐤆𐤍𐤉𐤅	H241	3	0.67		
𐤄𐤊𐤁𐤃	H3516	11	0.36	H3513	0.9090909090909091
𐤅𐤏𐤉𐤍𐤉𐤅	H5869	10	0.50		
𐤄𐤔𐤏	H8159	4	1.00	H3467	0.25
𐤐𐤍𐤉𐤓𐤀𐤄	H7200	3	1.00	H6435	0.6666666666666666
𐤁𐤏𐤉𐤍𐤉𐤅	H5869	182	0.70		
𐤉𐤁𐤉𐤍	H995	30	0.80	H2985	0.26666666666666666
𐤅𐤔𐤁	H7725	44	0.93	H3427	0.8863636363636364
𐤅𐤓𐤐𐤀	H7495	4	1.00	H7498	0.0
𐤏𐤉𐤍𐤉𐤊𐤌	H5869	18	0.61		
𐤕𐤓𐤀𐤉𐤍𐤄	H7200	8	1.00		
𐤕𐤔𐤌𐤏𐤍𐤄	H8085	8	1.00		
𐤍𐤁𐤉𐤀𐤉𐤌	H5030	21	0.95		
𐤅𐤑𐤃𐤉𐤒𐤉𐤌	H6662	3	1.00		
𐤍𐤊𐤎𐤐𐤅	H3700	3	0.67		
𐤓𐤀𐤅𐤄𐤅	H7200	7	0.86		
𐤅𐤋𐤔𐤌𐤏	H8085	15	0.93		
𐤔𐤌𐤏𐤅𐤍𐤀	H4994	4	0.50	H8085	0.75
𐤌𐤔𐤋	H4910	54	0.67	H4913	0.7037037037037037
𐤊𐤋𐤀𐤉𐤔	H376	33	0.82	H3605	0.3939393939393939
𐤄𐤔𐤌𐤏	H8085	9	0.89		
𐤀𐤕𐤃𐤁𐤓	H1697	33	0.97	H853	0.18181818181818182
𐤁𐤋𐤁𐤁𐤅	H3824	16	0.75		
𐤅𐤄𐤍𐤆𐤓𐤏	H2232	3	0.67		
𐤀𐤕𐤄𐤃𐤁𐤓	H1697	52	0.98	H853	0.2692307692307692
𐤁𐤔𐤌𐤇𐤄	H8057	123	0.51		
𐤕𐤇𐤕𐤉𐤅	H8478	163	0.71		
𐤅𐤓𐤒	H7535	149	0.72	H7386	0.06711409395973154
𐤋𐤔𐤏𐤄	H3444	11	0.09		
𐤉𐤏𐤌𐤃	H5975	41	0.85		
𐤅𐤁𐤄𐤉𐤅𐤕	H1961	44	0.91		
𐤑𐤓𐤄	H6869	82	0.35	H6862	0.573170731707317
𐤅𐤓𐤃𐤉𐤐𐤄	H7291	3	1.00		
𐤅𐤐𐤓𐤉	H6529	9	0.89		
𐤋𐤀𐤉𐤄𐤉𐤄	H1961	6	0.17	H3808	0.3333333333333333
𐤅𐤌𐤁𐤉𐤍	H996	8	0.50	H995	0.5
𐤅𐤉𐤔𐤌	H7760	186	0.76		
𐤆𐤓𐤏	H2233	121	0.71	H2232	0.4793388429752066
𐤁𐤔𐤃𐤄𐤅	H7704	3	1.00		
𐤁𐤍𐤐𐤋	H5307	4	1.00		
𐤕𐤓𐤃𐤌𐤄	H8639	11	0.45		
𐤏𐤋𐤄𐤀𐤍𐤔𐤉𐤌	H376	3	0.67	H5921	1.0
𐤁𐤕𐤅𐤊	H8432	322	0.57		
𐤄𐤇𐤈𐤉𐤌	H2406	4	1.00		
𐤐𐤓𐤇	H6524	9	0.44	H6525	0.3333333333333333
𐤆𐤓𐤏𐤕	H2220	3	0.00		
𐤅𐤌𐤀𐤉𐤍	H370	8	0.00	H369	0.75
𐤀𐤅𐤉𐤁	H341	39	0.49		
𐤄𐤏𐤁𐤃𐤉𐤌	H5650	44	0.77	H5647	0.8863636363636364
𐤄𐤉𐤔	H3426	19	0.84		
𐤀𐤕𐤍𐤐𐤔𐤊	H5315	9	0.44	H853	0.2222222222222222
𐤄𐤍𐤉𐤇𐤅	H3240	33	0.73	H5117	0.696969696969697
𐤅𐤉𐤂𐤃𐤋𐤅	H1431	12	0.25		
𐤔𐤍𐤉𐤄𐤌	H8147	96	0.69	H8127	0.0
𐤉𐤇𐤃	H3162	666	0.67	H3161	0.15465465465465467
𐤋𐤒𐤈𐤅	H3950	3	0.67		
𐤋𐤔𐤓𐤐𐤌	H8313	4	0.75		
𐤀𐤎𐤐𐤅	H622	30	0.90		
𐤒𐤈𐤍	H6996	75	0.63	H6995	0.2
𐤋𐤏𐤑	H6086	5	0.60		
𐤏𐤅𐤐	H5775	20	0.60	H5776	0.6
𐤅𐤉𐤔𐤀	H5375	109	0.70		
𐤌𐤔𐤋𐤅	H4912	43	0.56	H4910	0.7674418604651163
𐤋𐤔𐤀𐤓	H7605	9	0.78		
𐤋𐤒𐤇𐤕𐤅	H3947	7	0.57		
𐤅𐤕𐤈𐤌𐤍𐤄𐤅	H2934	3	0.00		
𐤁𐤔𐤋𐤔	H7969	20	0.95	H7991	0.9
𐤎𐤀𐤉𐤌	H5429	3	0.67		
𐤒𐤌𐤇	H7058	13	0.85		
𐤊𐤋𐤅	H3615	100	0.69	H3605	0.63
𐤅𐤁𐤁𐤋𐤉	H1097	5	1.00		
𐤁𐤌𐤔𐤋	H4910	3	0.00	H4912	0.6666666666666666
𐤐𐤉	H6310	193	0.81	H6367	0.38860103626943004
𐤇𐤉𐤃𐤅𐤕	H2420	8	0.38		
𐤀𐤕𐤌𐤔𐤋	H4910	3	0.00	H4911	0.3333333333333333
𐤅𐤄𐤔𐤃𐤄	H7704	3	1.00		
𐤅𐤄𐤆𐤓𐤏	H2233	6	0.67	H2220	0.3333333333333333
𐤆𐤓𐤏𐤌	H2233	20	0.65	H2220	0.25
𐤄𐤌𐤋𐤀𐤊𐤉𐤌	H4397	88	0.72	H4428	0.2840909090909091
𐤁𐤒𐤑	H7019	9	0.22		
𐤀𐤕𐤌𐤋𐤀𐤊𐤉𐤅	H4397	4	1.00	H853	0.0
𐤌𐤌𐤋𐤊𐤅𐤕𐤅	H4467	4	1.00		
𐤅𐤄𐤔𐤋𐤉𐤊𐤅	H7993	11	0.55		
𐤄𐤀𐤔	H784	138	0.70	H786	0.18115942028985507
𐤅𐤇𐤓𐤒	H2786	7	1.00		
𐤄𐤑𐤃𐤉𐤒𐤉𐤌	H6662	42	0.86		
𐤊𐤔𐤌𐤔	H8121	11	0.64		
𐤋𐤀𐤅𐤑𐤓	H214	6	1.00		
𐤈𐤌𐤅𐤍	H2934	5	0.20		
𐤁𐤔𐤃𐤄	H7704	74	0.45		
𐤌𐤑𐤀𐤅	H4672	183	0.78		
𐤉𐤋𐤊	H3212	65	0.68	H1980	0.7538461538461538
𐤅𐤌𐤊𐤓	H4376	5	0.80		
𐤅𐤒𐤍𐤄	H7070	6	0.33	H7071	0.0
𐤋𐤎𐤇𐤓	H5503	3	0.67		
𐤄𐤌𐤁𐤒𐤔	H1245	11	1.00		
𐤌𐤓𐤂𐤋𐤉𐤅𐤕	H4772	3	0.00		
𐤌𐤑𐤀	H4672	206	0.86	H4161	0.7815533980582524
𐤄𐤋𐤊	H1980	234	0.82	H1983	0.34615384615384615
𐤅𐤉𐤌𐤊𐤓	H4376	3	1.00		
𐤅𐤉𐤒𐤍	H7069	11	0.36		
𐤋𐤉𐤌	H3220	23	0.65		
𐤔𐤅𐤍𐤉𐤌	H8138	75	0.53		
𐤉𐤀𐤎𐤐𐤅	H622	13	0.92		
𐤋𐤕𐤅𐤊𐤄	H8432	16	0.62		
𐤍𐤌𐤋𐤀𐤄	H4390	4	1.00		
𐤄𐤏𐤋𐤅	H5927	25	0.88	H5954	0.12
𐤄𐤊𐤋𐤉𐤌	H3627	50	0.78	H3637	0.48
𐤄𐤔𐤋𐤉𐤊𐤅	H7993	38	0.66		
𐤀𐤕𐤄𐤓𐤔𐤏𐤉𐤌	H7563	4	0.50	H853	0.25
𐤌𐤕𐤅𐤊	H8432	364	0.49	H8496	0.046703296703296704
𐤅𐤄𐤔𐤋𐤉𐤊𐤅𐤌	H7993	3	0.33		
𐤄𐤌𐤋𐤌𐤃	H3925	6	0.67		
𐤋𐤌𐤋𐤊𐤅𐤕	H4438	66	0.86	H4437	0.9696969696969697
𐤄𐤌𐤅𐤑𐤉𐤀	H3318	6	0.83		
𐤇𐤃𐤔𐤅𐤕	H2319	25	0.52		
𐤋𐤀𐤓𐤑𐤅	H776	6	0.83		
𐤌𐤀𐤉𐤍	H369	77	0.48	H370	0.09090909090909091
𐤅𐤔𐤌𐤏𐤅𐤍	H8095	70	0.20		
𐤀𐤕𐤍𐤅	H853	142	0.32	H854	0.4788732394366197
𐤀𐤉𐤐𐤅𐤀	H645	15	0.87		
𐤋𐤌𐤊𐤔𐤅𐤋	H4383	22	0.36		
𐤍𐤒𐤋𐤄	H7043	45	0.73	H7034	0.5111111111111111
𐤌𐤐𐤍𐤉	H6440	598	0.90		
𐤇𐤎𐤓	H2638	44	0.82	H2639	0.4772727272727273
𐤀𐤌𐤅𐤍𐤕𐤌	H530	18	0.61		
𐤄𐤌𐤃𐤉𐤍𐤄	H4082	51	0.59		
𐤌𐤍𐤄𐤌𐤕𐤉𐤌	H4191	46	0.91	H4480	0.5
𐤐𐤏𐤋𐤅𐤕	H6466	4	1.00	H6468	1.0
𐤕𐤐𐤔	H8610	41	0.29		
𐤅𐤉𐤀𐤎𐤓𐤄𐤅	H631	11	0.64		
𐤅𐤉𐤔𐤉𐤌𐤄𐤅	H7760	29	0.69		
𐤁𐤂𐤋𐤋	H1558	320	0.82		
𐤄𐤅𐤓𐤅𐤃𐤉𐤄	H3381	5	0.20		
𐤀𐤔𐤕	H802	160	0.68	H7896	0.325
𐤍𐤊𐤅𐤍	H3559	164	0.83	H5225	0.042682926829268296
𐤄𐤉𐤅𐤕𐤄	H1961	9	0.78		
𐤅𐤉𐤁𐤒𐤔	H1245	135	0.59		
𐤄𐤌𐤉𐤕𐤅	H4191	68	0.75		
𐤋𐤍𐤁𐤉𐤀	H5030	15	0.93		
𐤇𐤔𐤁𐤅	H2803	152	0.76		
𐤄𐤋𐤃𐤕	H3205	4	0.75		
𐤁𐤕𐤅𐤊𐤌	H8432	83	0.61		
𐤅𐤕𐤉𐤈𐤁	H3190	8	0.62		
𐤁𐤏𐤉𐤍𐤉	H5869	394	0.75		
𐤅𐤉𐤔𐤁𐤏	H7650	54	0.48	H7646	0.5925925925925926
𐤍𐤐𐤔𐤊	H5315	82	0.71		
𐤅𐤀𐤕𐤍	H5414	23	0.61	H859	0.0
𐤅𐤀𐤌𐤄	H520	5	0.40	H517	0.6
𐤁𐤐𐤉𐤄	H6310	7	0.86		
𐤅𐤕𐤔𐤀𐤋	H7592	12	0.42		
𐤕𐤍𐤄𐤋𐤉	H5414	5	0.20		
𐤐𐤄	H6311	194	0.40	H6310	0.8092783505154639
𐤀𐤕𐤓𐤀𐤔	H7218	6	0.83	H853	0.16666666666666666
𐤅𐤉𐤏𐤑𐤁	H6087	10	0.30		
𐤁𐤏𐤁𐤅𐤓	H5668	301	0.72		
𐤄𐤔𐤁𐤅𐤏𐤄	H7621	34	0.79		
𐤌𐤏𐤋𐤉𐤅	H5921	115	0.85		
𐤅𐤉𐤕𐤍𐤅	H5414	93	0.73		
𐤋𐤍𐤏𐤓𐤄	H5288	5	0.80		
𐤅𐤕𐤁𐤉𐤀𐤄𐤅	H935	6	0.33		
𐤅𐤉𐤔𐤀𐤅	H5375	55	0.67		
𐤀𐤕𐤂𐤅𐤉𐤕𐤅	H1472	3	1.00	H853	0.0
𐤅𐤉𐤒𐤁𐤓𐤅𐤄	H6912	4	0.00		
𐤋𐤉𐤔𐤅𐤏	H3442	10	0.20		
𐤀𐤕𐤆𐤀𐤕	H2063	36	0.17	H853	0.1388888888888889
𐤇𐤓𐤁𐤄	H2723	19	0.79	H2724	0.47368421052631576
𐤋𐤁𐤃𐤃	H910	8	0.38		
𐤅𐤉𐤔𐤌𐤏𐤅	H8085	113	0.63		
𐤅𐤉𐤄𐤌𐤅	H1993	8	1.00		
𐤌𐤏𐤉𐤅	H4578	11	0.55		
𐤀𐤕𐤄𐤇𐤋𐤔𐤉𐤌	H2523	4	0.75	H853	0.25
𐤋𐤐𐤍𐤅𐤕	H6437	30	0.73		
𐤄𐤌𐤒𐤅𐤌	H4725	365	0.76		
𐤇𐤓𐤁	H2719	183	0.45	H2717	0.43169398907103823
𐤔𐤋𐤇𐤄	H7971	36	0.94		
𐤀𐤋𐤄𐤊𐤐𐤓𐤉𐤌	H3725	4	0.00	H413	0.25
𐤋𐤒𐤍𐤅𐤕	H7069	38	0.66		
𐤋𐤀𐤊𐤋	H398	50	0.78		
𐤀𐤉𐤍𐤋𐤍𐤅	H369	6	0.33		
𐤊𐤊𐤓𐤅𐤕𐤋𐤇𐤌	H3899	7	0.71	H3603	0.0
𐤅𐤔𐤍𐤉	H8147	92	0.72	H8141	0.5760869565217391
𐤃𐤂𐤉𐤌	H1709	11	0.91		
𐤄𐤁𐤉𐤀𐤅𐤌	H935	3	1.00		
𐤀𐤕𐤄𐤏𐤌	H5971	47	0.55	H853	0.0851063829787234
𐤋𐤔𐤁𐤕	H3427	133	0.79	H7676	0.21804511278195488
𐤀𐤕𐤇𐤌𐤔𐤕	H2568	6	1.00	H853	0.0
𐤅𐤀𐤕𐤔𐤍𐤉	H8147	8	1.00	H853	0.125
𐤄𐤃𐤂𐤉𐤌	H1709	10	0.90		
𐤏𐤉𐤍𐤉𐤅	H5869	131	0.73		
𐤄𐤔𐤌𐤉𐤌𐤄	H8064	59	0.68		
𐤅𐤉𐤁𐤓𐤊	H1288	83	0.41		
𐤅𐤉𐤐𐤓𐤎	H6536	5	0.80		
𐤀𐤕𐤄𐤋𐤇𐤌	H3899	16	0.81	H853	0.0
𐤋𐤕𐤋𐤌𐤉𐤃𐤉𐤌	H8527	5	0.00		
𐤅𐤄𐤕𐤋𐤌𐤉𐤃𐤉𐤌	H8527	7	0.00		
𐤍𐤕𐤍𐤅	H5414	172	0.84		
𐤋𐤏𐤌	H5971	122	0.82	H5972	0.7049180327868853
𐤅𐤉𐤔𐤁𐤏𐤅	H7650	25	0.44	H7646	0.44
𐤌𐤍𐤄𐤐𐤕𐤅𐤕𐤉𐤌	H6626	5	0.00	H4480	0.0
𐤄𐤍𐤅𐤕𐤓𐤉𐤌	H3498	24	0.75		
𐤎𐤋𐤉𐤌	H5551	6	0.00	H5536	1.0
𐤌𐤋𐤀𐤉𐤌	H4392	32	0.78	H4390	0.875
𐤅𐤄𐤀𐤊𐤋𐤉𐤌	H398	4	0.00		
𐤊𐤇𐤌𐤔𐤕	H2568	13	0.85		
𐤀𐤋𐤐𐤉	H505	26	0.65	H441	0.2692307692307692
𐤌𐤋𐤁𐤃	H905	125	0.84		
𐤄𐤍𐤔𐤉𐤌	H802	169	0.70		
𐤅𐤄𐤈𐤐	H2945	16	0.94	H5197	0.125
𐤋𐤓𐤃𐤕	H3381	75	0.39		
𐤋𐤐𐤍𐤉𐤅	H6440	373	0.91		
𐤔𐤋𐤇𐤅	H7971	176	0.81	H7972	0.6818181818181818
𐤁𐤃𐤃	H910	13	0.23	H909	0.07692307692307693
𐤅𐤄𐤀𐤍𐤉𐤄	H591	5	0.60		
𐤄𐤋𐤊𐤄	H1980	26	0.92		
𐤄𐤓𐤁𐤉𐤏𐤉𐤕	H7243	48	0.67		
𐤌𐤕𐤄𐤋𐤊	H1980	23	0.87		
𐤏𐤋𐤐𐤍𐤉	H6440	41	0.78	H5921	0.8780487804878049
𐤍𐤁𐤄𐤋𐤅	H926	46	0.48		
𐤅𐤉𐤑𐤏𐤒𐤅	H6817	54	0.24		
𐤌𐤐𐤇𐤃	H6343	50	0.80	H6342	0.62
𐤐𐤕𐤀𐤌	H6597	159	0.40		
𐤇𐤆𐤒𐤅	H2388	35	0.71		
𐤊𐤉𐤀𐤍𐤉	H589	11	0.36	H3588	0.7272727272727273
𐤀𐤌𐤀𐤕𐤄	H859	8	0.00	H518	0.625
𐤏𐤋𐤄𐤌𐤉𐤌	H4325	5	0.80	H5921	0.2
𐤌𐤍𐤄𐤀𐤍𐤉𐤄	H591	5	0.20	H4480	0.0
𐤅𐤉𐤕𐤄𐤋𐤊	H1980	13	0.69		
𐤀𐤋𐤉𐤔𐤅𐤏	H3442	32	0.06	H413	0.3125
𐤊𐤓𐤀𐤕𐤅	H7200	5	0.60		
𐤀𐤕𐤄𐤓𐤅𐤇	H7307	6	1.00	H853	0.16666666666666666
𐤇𐤆𐤒𐤄	H2389	102	0.47	H2388	0.7352941176470589
𐤅𐤉𐤉𐤓𐤀	H3372	50	0.58		
𐤅𐤉𐤇𐤋	H2490	83	0.84	H2342	0.6265060240963856
𐤅𐤉𐤑𐤏𐤒	H6817	51	0.39		
𐤅𐤉𐤇𐤆𐤒𐤁𐤅	H2388	3	0.33		
𐤇𐤋𐤒	H2506	300	0.69	H2505	0.8533333333333334
𐤋𐤁𐤊	H3820	49	0.73		
𐤏𐤋𐤅	H5927	117	0.85	H5921	0.9145299145299145
𐤔𐤊𐤊𐤄	H3602	8	0.50	H7918	0.25
𐤅𐤀𐤍𐤔𐤉	H376	142	0.90		
𐤁𐤀𐤌𐤕	H571	168	0.51	H520	0.26785714285714285
𐤅𐤉𐤏𐤁𐤓𐤅	H5674	44	0.80		
𐤀𐤕𐤄𐤉𐤌	H3220	6	0.83	H853	0.16666666666666666
𐤅𐤉𐤊𐤉𐤓𐤅	H5234	8	0.88		
𐤅𐤉𐤔𐤋𐤇𐤅	H7971	110	0.65		
𐤉𐤂𐤏𐤅	H5060	16	0.88	H3021	0.25
𐤌𐤉𐤓𐤅𐤔𐤋𐤉𐤌	H3389	71	0.41		
𐤏𐤁𐤓𐤉𐤌	H5674	25	0.88	H5680	0.2
𐤒𐤁𐤋𐤕	H6903	14	0.71		
𐤄𐤆𐤒𐤍𐤉𐤌	H2205	143	0.69		
𐤀𐤕𐤉𐤃𐤉𐤄𐤌	H3027	11	1.00	H853	0.2727272727272727
𐤁𐤀𐤊𐤋𐤌	H398	4	1.00		
𐤀𐤕𐤌𐤑𐤅𐤕	H4687	11	0.82	H853	0.2727272727272727
𐤊𐤁𐤃	H3515	164	0.69	H3513	0.8597560975609756
𐤀𐤕𐤀𐤁𐤉𐤊	H1	6	1.00	H853	0.0
𐤅𐤌𐤒𐤋𐤋	H7043	3	0.00		
𐤅𐤀𐤌𐤅	H517	35	0.83		
𐤉𐤅𐤌𐤕	H4191	40	0.57	H3118	0.325
𐤀𐤌𐤓𐤉𐤌	H559	29	0.90	H561	0.7241379310344828
𐤋𐤀𐤁𐤉𐤅	H1	62	0.77		
𐤅𐤋𐤀𐤌𐤅	H517	10	0.90		
𐤋𐤊𐤁𐤃	H3519	30	0.90		
𐤇𐤍𐤐𐤉𐤌	H2611	5	0.60		
𐤍𐤂𐤔	H5065	32	0.38	H5066	0.875
𐤁𐤐𐤉𐤅	H6310	29	0.90		
𐤅𐤋𐤁𐤅	H3820	16	0.69		
𐤓𐤇𐤒	H7368	9	0.33	H7350	0.5555555555555556
𐤅𐤕𐤄𐤅	H8414	3	1.00		
𐤌𐤑𐤅𐤕	H4687	69	0.59	H4682	0.4927536231884058
𐤌𐤋𐤌𐤃𐤉𐤌	H3925	9	0.78		
𐤀𐤋𐤄𐤏𐤌	H5971	19	0.74	H413	0.3684210526315789
𐤅𐤄𐤁𐤉𐤍𐤅	H995	8	1.00		
𐤉𐤈𐤌𐤀	H2930	3	0.67		
𐤀𐤕𐤄𐤀𐤃𐤌	H120	22	0.18	H853	0.09090909090909091
𐤌𐤈𐤌𐤀	H2931	4	0.50		
𐤄𐤉𐤃𐤏𐤕	H3045	3	0.67		
𐤁𐤔𐤌𐤏𐤌	H5973	34	0.65	H8085	0.7941176470588235
𐤍𐤈𐤏	H5193	13	0.77	H5194	0.6923076923076923
𐤌𐤍𐤄𐤋𐤉𐤌	H3220	3	0.33	H4480	0.0
𐤅𐤍𐤐𐤋𐤅	H5307	20	1.00	H5308	0.9
𐤄𐤁𐤅𐤓	H953	31	0.23		
𐤁𐤀𐤓	H884	58	0.26	H953	0.39655172413793105
𐤀𐤕𐤄𐤌𐤔𐤋	H4912	9	1.00	H853	0.1111111111111111
𐤄𐤏𐤅𐤃	H5750	10	1.00		
𐤁𐤀𐤉𐤍	H369	74	0.74		
𐤁𐤉𐤍𐤄	H998	36	0.58	H995	0.8333333333333334
𐤕𐤔𐤊𐤉𐤋𐤅	H7919	4	1.00		
𐤊𐤋𐤄𐤁𐤀	H935	8	0.88	H3605	0.25
𐤉𐤅𐤓𐤃	H3381	19	0.63		
𐤅𐤉𐤔𐤐𐤊	H8210	10	0.90		
𐤄𐤉𐤅𐤑𐤀	H3318	17	0.94		
𐤉𐤅𐤑𐤀	H3318	50	0.84		
𐤉𐤅𐤑𐤀𐤅𐤕	H3318	5	0.80		
𐤌𐤇𐤔𐤁𐤅𐤕	H4284	49	0.73		
𐤍𐤀𐤅𐤐𐤉𐤌	H5004	3	0.67		
𐤆𐤍𐤅𐤍𐤉𐤌	H2183	9	0.11		
𐤔𐤒𐤓	H8267	101	0.70		
𐤅𐤂𐤃𐤅𐤐𐤉𐤌	H1421	7	0.43		
𐤀𐤊𐤅𐤋	H398	9	0.56		
𐤁𐤋𐤉	H1097	384	0.84	H1099	0.25
𐤉𐤃𐤉𐤌	H3027	35	0.97		
𐤀𐤋𐤂𐤋𐤉𐤋𐤅𐤕	H1552	4	0.75	H413	0.5
𐤑𐤅𐤓	H6697	85	0.46	H6696	0.5529411764705883
𐤅𐤕𐤑𐤏𐤒	H6817	11	0.55		
𐤇𐤍𐤍𐤉	H2603	9	0.89	H2607	0.7777777777777778
𐤌𐤏𐤍𐤄	H4617	10	0.50	H6031	0.8
𐤀𐤇𐤓𐤉𐤍𐤅	H310	14	0.86		
𐤔𐤋𐤇𐤕𐤉	H7971	41	0.66		
𐤅𐤕𐤔𐤕𐤇𐤅	H7812	3	0.33		
𐤏𐤆𐤓𐤍𐤉	H5826	4	0.75		
𐤋𐤒𐤇𐤕	H3947	264	0.66		
𐤄𐤁𐤍𐤉𐤌	H1121	60	0.90	H1129	0.6333333333333333
𐤄𐤊𐤋𐤁𐤉𐤌	H3611	9	0.00		
𐤅𐤕𐤀𐤌𐤓	H559	220	0.68		
𐤀𐤐𐤎	H657	25	0.68	H656	0.16
𐤉𐤀𐤊𐤋𐤅	H398	24	0.54		
𐤄𐤍𐤐𐤋𐤉𐤌	H5307	5	1.00	H5303	0.0
𐤂𐤃𐤋𐤄	H1419	55	0.82	H1431	0.6909090909090909
𐤊𐤓𐤑𐤅𐤍𐤊	H7522	6	0.83		
𐤁𐤕𐤄	H1323	11	0.91	H1326	0.0
𐤀𐤋𐤉𐤌	H3220	11	0.36	H410	0.8181818181818182
𐤅𐤏𐤌𐤄𐤌	H5973	11	0.27		
𐤅𐤉𐤍𐤉𐤇𐤅𐤌	H3240	3	0.33		
𐤋𐤓𐤂𐤋𐤉	H7272	85	0.85		
𐤁𐤓𐤀𐤅𐤕𐤌	H7200	73	0.82		
𐤌𐤃𐤁𐤓𐤉𐤌	H1696	31	0.97		
𐤁𐤓𐤉𐤀𐤉𐤌	H1254	3	0.00		
𐤅𐤄𐤏𐤅𐤓𐤉𐤌	H5787	3	1.00		
𐤀𐤕𐤀𐤋𐤄𐤉	H430	4	0.75	H853	0.0
𐤓𐤇𐤌𐤉	H7358	22	0.00	H7356	0.8181818181818182
𐤏𐤋𐤄𐤏𐤌	H5971	7	0.86	H5921	1.0
𐤊𐤉𐤆𐤄	H2088	7	0.29	H3588	0.5714285714285714
𐤔𐤋𐤔𐤕	H7969	117	0.95	H7992	0.9829059829059829
𐤏𐤌𐤃𐤉	H5978	48	0.19	H5975	0.4791666666666667
𐤅𐤀𐤉𐤍𐤍𐤉	H369	13	0.77		
𐤋𐤔𐤋𐤇𐤌	H7971	18	0.67		
𐤓𐤏𐤁𐤉𐤌	H7457	8	0.62		
𐤋𐤄𐤔𐤁𐤉𐤏	H7650	12	0.83	H7646	0.8333333333333334
𐤄𐤂𐤃𐤅𐤋	H1419	624	0.88		
𐤊𐤌𐤄	H4100	94	0.53	H4101	0.5425531914893617
𐤊𐤊𐤓𐤅𐤕	H3603	15	0.13		
𐤅𐤌𐤏𐤈	H4592	18	0.67		
𐤒𐤈𐤍𐤉𐤌	H6996	34	0.56		
𐤋𐤀𐤓𐤑	H776	101	0.69		
𐤀𐤕𐤔𐤁𐤏	H7651	5	1.00	H853	0.2
𐤄𐤋𐤇𐤌	H3899	65	0.38	H3898	0.46153846153846156
𐤀𐤋𐤄𐤕𐤋𐤌𐤉𐤃𐤉𐤌	H8527	11	0.00	H413	0.45454545454545453
𐤔𐤁𐤏𐤄	H7651	117	0.78	H7655	0.7692307692307693
𐤃𐤅𐤃𐤉𐤌	H1730	6	0.33	H1731	0.6666666666666666
𐤀𐤓𐤁𐤏𐤕	H702	27	0.85		
𐤀𐤋𐤂𐤁𐤅𐤋	H1366	3	1.00	H413	0.0
𐤋𐤍𐤎𐤅𐤕𐤅	H5254	5	0.80		
𐤅𐤉𐤔𐤀𐤋𐤅	H7592	37	0.30		
𐤋𐤄𐤓𐤀𐤅𐤕𐤌	H7200	5	0.60		
𐤌𐤍	H4480	1512	0.76	H4481	0.8148148148148148
𐤁𐤏𐤓𐤁	H6153	38	0.29	H6154	0.2894736842105263
𐤕𐤀𐤌𐤓𐤅	H559	30	0.90		
𐤅𐤁𐤁𐤒𐤓	H1242	11	0.91	H1241	0.5454545454545454
𐤀𐤕𐤐𐤍𐤉	H6440	16	0.88	H853	0.125
𐤋𐤁𐤇𐤍	H2580	8	0.12		
𐤅𐤀𐤕𐤅𐤕	H226	5	1.00		
𐤄𐤏𐤕𐤉𐤌	H6256	30	0.83		
𐤅𐤉𐤏𐤆𐤁𐤌	H5800	4	0.00		
𐤅𐤊𐤁𐤅𐤀	H935	10	0.80		
𐤔𐤊𐤇𐤅	H7911	14	0.14		
𐤌𐤔𐤀𐤓	H7605	16	0.69	H7607	0.5
𐤅𐤉𐤇𐤔𐤁𐤅	H2803	45	0.69		
𐤌𐤄𐤕𐤇𐤔𐤁𐤅	H2803	4	0.50		
𐤕𐤆𐤊𐤓𐤅	H2142	9	0.89		
𐤋𐤇𐤌𐤔𐤕	H2568	4	0.75		
𐤀𐤋𐤐𐤉𐤀𐤉𐤔	H376	3	0.67	H505	1.0
𐤅𐤊𐤌𐤄	H4100	22	0.55		
𐤍𐤔𐤀𐤕𐤌	H5375	8	0.50		
𐤋𐤀𐤓𐤁𐤏𐤕	H702	5	0.80		
𐤕𐤁𐤉𐤍𐤅	H995	8	0.88		
𐤀𐤌𐤓𐤕𐤉	H559	123	0.79	H565	0.6178861788617886
𐤄𐤁𐤉𐤍𐤅	H995	41	0.85		
𐤋𐤄𐤔𐤌𐤓	H8104	15	0.80		
𐤊𐤁𐤅𐤀	H935	38	0.82		
𐤅𐤉𐤔𐤀𐤋	H7592	102	0.59		
𐤀𐤕𐤕𐤋𐤌𐤉𐤃𐤉𐤅	H8527	4	0.00		
𐤌𐤄𐤀𐤌𐤓𐤉𐤌	H559	3	1.00		
𐤉𐤔	H3426	296	0.89		
𐤅𐤀𐤇𐤓𐤉𐤌	H312	42	0.83		
𐤀𐤋𐤉𐤄𐤅	H452	60	0.80	H453	0.5333333333333333
𐤉𐤓𐤌𐤉𐤄𐤅	H3414	37	0.32		
𐤇𐤉𐤉𐤌	H2416	188	0.87		
𐤊𐤉𐤁𐤔𐤓	H1320	3	0.67	H3588	0.6666666666666666
𐤅𐤃𐤌	H1818	28	0.64		
𐤀𐤁𐤍𐤄	H1129	4	0.75	H71	0.0
𐤔𐤀𐤅𐤋	H7586	221	0.86	H7592	0.7149321266968326
𐤅𐤊𐤋𐤀𐤔𐤓	H834	29	0.48	H3605	0.3103448275862069
𐤏𐤋𐤄𐤀𐤓𐤑	H776	65	0.80	H5921	0.7538461538461538
𐤀𐤕𐤄𐤕𐤋𐤌𐤉𐤃𐤉𐤌	H8527	5	0.00	H853	0.0
𐤄𐤂𐤉𐤃	H5046	55	0.67		
𐤋𐤄𐤅𐤓𐤅𐤕	H3384	9	0.33		
𐤔𐤄𐤅𐤀	H1931	150	0.83		
𐤅𐤉𐤏𐤍𐤄	H6031	16	0.62	H6030	0.625
𐤁𐤉𐤃𐤉	H3027	527	0.93		
𐤅𐤄𐤊𐤄𐤍𐤉𐤌	H3548	47	0.94		
𐤄𐤂𐤃𐤅𐤋𐤉𐤌	H1419	178	0.83		
𐤅𐤄𐤎𐤅𐤐𐤓𐤉𐤌	H5608	22	0.36		
𐤅𐤉𐤄𐤓𐤂	H2026	62	0.74		
𐤅𐤁𐤉𐤅𐤌	H3117	115	0.88		
𐤄𐤔𐤋𐤉𐤔𐤉	H7992	146	0.91		
𐤉𐤒𐤅𐤌	H6965	58	0.67	H6966	0.4827586206896552
𐤅𐤉𐤒𐤇𐤄𐤅	H3947	13	0.46		
𐤇𐤋𐤉𐤋𐤄	H2486	31	0.16		
𐤌𐤏𐤋𐤉	H5921	9	0.44	H5927	0.4444444444444444
𐤋𐤃𐤁𐤓𐤉	H1697	96	0.99		
𐤁𐤍𐤉𐤀𐤃𐤌	H120	25	0.40	H1121	0.8
𐤊𐤉𐤉𐤇𐤐𐤑	H2654	3	0.67	H3588	0.0
𐤁𐤍𐤐𐤔𐤅	H5315	78	0.86		
𐤅𐤍𐤔𐤀	H5375	32	0.81	H5376	0.34375
𐤋𐤄𐤅𐤔𐤉𐤏	H3467	22	0.77		
𐤕𐤀𐤁𐤃	H6	22	0.82		
𐤍𐤐𐤔𐤅	H5315	348	0.84	H6335	0.1206896551724138
𐤌𐤄𐤉𐤅𐤏𐤉𐤋	H3276	6	0.83		
𐤊𐤉𐤉𐤒𐤍𐤄	H7069	3	0.00		
𐤅𐤍𐤐𐤔𐤅	H5315	15	0.80		
𐤕𐤔𐤇𐤕	H516	7	0.43	H7843	0.42857142857142855
𐤐𐤃𐤉𐤅𐤍	H6306	7	0.43		
𐤏𐤕𐤉𐤃	H6264	36	0.42		
𐤁𐤊𐤁𐤅𐤃	H3519	114	0.68		
𐤉𐤔𐤋𐤌	H7999	36	0.78		
𐤋𐤊𐤋𐤀𐤉𐤔	H376	13	0.77	H3605	0.15384615384615385
𐤊𐤌𐤏𐤔𐤄𐤅	H4639	18	0.72		
𐤌𐤍𐤄𐤏𐤌𐤃𐤉𐤌	H5975	6	0.67	H4480	0.3333333333333333
𐤊𐤉𐤉𐤓𐤀𐤅	H7200	5	0.80	H3588	1.0
𐤁𐤌𐤋𐤊𐤅𐤕𐤅	H4438	15	0.93		
𐤅𐤌𐤒𐤑	H7093	13	0.54		
𐤔𐤔𐤕	H8337	30	0.83		
𐤋𐤒𐤇	H3947	354	0.58	H3948	0.4689265536723164
𐤅𐤀𐤕𐤉𐤏𐤒𐤁	H3290	7	0.00	H853	0.2857142857142857
𐤅𐤉𐤏𐤋𐤌	H5927	9	1.00	H3281	0.0
𐤏𐤋𐤄𐤓	H2022	8	1.00	H5921	0.75
𐤂𐤁𐤅𐤄	H1364	35	0.74		
𐤋𐤏𐤉𐤍𐤉𐤄𐤌	H5869	19	0.79		
𐤅𐤁𐤂𐤃𐤉𐤅	H899	4	1.00		
𐤊𐤀𐤅𐤓	H216	11	0.91		
𐤄𐤋𐤁𐤉𐤍𐤅	H3835	3	0.67		
𐤍𐤓𐤀𐤅	H7200	39	0.87		
𐤅𐤀𐤋𐤉𐤄𐤅	H452	7	0.57	H453	0.2857142857142857
𐤄𐤉𐤅𐤕𐤍𐤅	H1961	8	0.50		
𐤍𐤏𐤔𐤄𐤍𐤀	H4994	4	0.25	H6213	0.25
𐤔𐤋𐤔	H7969	209	0.93	H7991	0.9282296650717703
𐤎𐤊𐤅𐤕	H5523	5	0.80	H5521	1.0
𐤅𐤋𐤌𐤔𐤄	H4872	3	0.00		
𐤅𐤋𐤀𐤋𐤉𐤄𐤅	H452	3	0.33		
𐤄𐤑𐤋	H5337	10	0.80	H6738	0.3
𐤄𐤏𐤍𐤍	H6051	12	0.67		
𐤆𐤄𐤁𐤍𐤉	H1121	3	1.00	H2088	0.3333333333333333
𐤓𐤑𐤉𐤕𐤉	H7533	9	0.33		
𐤕𐤔𐤌𐤏𐤅𐤍	H8085	6	0.83	H8086	0.3333333333333333
𐤅𐤉𐤉𐤓𐤀𐤅	H3372	78	0.63		
𐤒𐤅𐤌𐤅	H6965	19	0.37		
𐤕𐤂𐤉𐤃𐤅	H5046	4	0.50		
𐤄𐤌𐤓𐤀𐤄	H4758	50	0.74	H4759	0.44
𐤌𐤏𐤌	H5973	49	0.59	H5971	0.42857142857142855
𐤅𐤉𐤔𐤀𐤋𐤄𐤅	H7592	70	0.46		
𐤅𐤉𐤔𐤉𐤁	H7725	10	0.90		
𐤊𐤁𐤓	H3529	465	0.08	H3528	0.9741935483870968
𐤄𐤊𐤉𐤓𐤄𐤅	H5234	4	1.00		
𐤊𐤓𐤑𐤅𐤍𐤌	H7522	16	0.88		
𐤉𐤏𐤍𐤄	H6030	19	0.74	H6031	0.5263157894736842
𐤏𐤋𐤉𐤃𐤌	H3027	8	0.88	H5921	0.875
𐤊𐤁𐤅𐤀𐤌	H518	11	0.55	H935	0.7272727272727273
𐤅𐤉𐤊𐤓𐤏	H3766	11	0.36		
𐤏𐤋𐤁𐤓𐤊𐤉𐤅	H1290	9	0.11	H5921	0.5555555555555556
𐤋𐤍𐤂𐤃𐤅	H5048	14	0.57		
𐤏𐤋𐤁𐤍𐤉	H1121	11	0.82	H5921	0.5454545454545454
𐤊𐤉𐤐𐤏𐤌𐤉𐤌	H6471	5	1.00	H3588	1.0
𐤅𐤐𐤏𐤌𐤉𐤌	H6471	22	1.00		
𐤀𐤋𐤕𐤅𐤊	H8432	18	0.11	H413	0.4444444444444444
𐤄𐤌𐤉𐤌	H4325	191	0.72		
𐤅𐤀𐤁𐤉𐤀	H935	3	0.67		
𐤉𐤊𐤋𐤅	H3201	220	0.84	H3615	0.7454545454545455
𐤄𐤅𐤉	H1945	41	0.15	H1933	0.4878048780487805
𐤌𐤀𐤌𐤉𐤍	H521	32	0.06	H539	0.6875
𐤅𐤐𐤕𐤋𐤕𐤋	H6618	3	0.33		
𐤏𐤃𐤌𐤕𐤉	H4970	14	0.93	H5704	0.9285714285714286
𐤀𐤄𐤉𐤄	H1961	30	0.60		
𐤏𐤌𐤊𐤌	H5973	72	0.39		
𐤀𐤎𐤁𐤋	H5445	4	0.50		
𐤅𐤉𐤂𐤏𐤓𐤁𐤅	H1605	5	0.00		
𐤄𐤍𐤏𐤓	H5288	116	0.81	H5291	0.4482758620689655
𐤉𐤊𐤋𐤍𐤅	H3201	7	0.86		
𐤋𐤂𐤓𐤔𐤅	H1644	5	1.00		
𐤀𐤉𐤍𐤊𐤌	H369	19	0.68		
𐤌𐤀𐤌𐤉𐤍𐤉𐤌	H539	34	0.85		
𐤀𐤌𐤉𐤔	H4185	7	0.00		
𐤅𐤀𐤌𐤓𐤕𐤌	H559	19	0.89		
𐤀𐤋𐤄𐤄𐤓	H2022	7	1.00	H413	0.5714285714285714
𐤄𐤏𐤕𐤒	H6275	15	0.93		
𐤌𐤆𐤄	H2088	202	0.75	H5137	0.01485148514851485
𐤌𐤌𐤒𐤅𐤌𐤅	H4725	13	0.54		
𐤉𐤁𐤑𐤓	H1219	16	0.25		
𐤄𐤌𐤉𐤍	H2001	4	0.00	H3231	0.25
𐤅𐤁𐤑𐤅𐤌	H6685	5	0.80		
𐤅𐤉𐤄𐤓𐤂𐤄𐤅	H2026	17	0.88		
𐤅𐤉𐤕𐤏𐤑𐤁𐤅	H6087	5	0.80		
𐤌𐤇𐤑𐤉𐤕	H4276	16	1.00		
𐤄𐤔𐤒𐤋	H8255	8	0.75		
𐤅𐤁𐤁𐤅𐤀𐤅	H935	18	0.83		
𐤒𐤃𐤌	H6924	115	0.67	H6925	0.3565217391304348
𐤋𐤔𐤀𐤋	H7592	42	0.69		
𐤌𐤋𐤊𐤉	H4428	149	0.48	H4427	0.6040268456375839
𐤌𐤌𐤉	H4310	15	0.27	H4325	0.5333333333333333
𐤉𐤒𐤇𐤅	H3947	36	0.69		
𐤌𐤊𐤎	H4371	6	0.67	H4372	0.0
𐤁𐤍𐤉𐤄𐤌	H1121	52	0.85	H1323	0.5
𐤄𐤆𐤓𐤉𐤌	H2114	21	0.90		
𐤀𐤌𐤊𐤍	H517	13	0.31		
𐤇𐤐𐤔𐤉𐤌	H2670	20	0.70		
𐤇𐤊𐤄	H2442	22	0.50	H2441	0.22727272727272727
𐤉𐤏𐤋𐤄	H5927	84	0.80	H3279	0.0
𐤕𐤐𐤕𐤇	H6605	7	0.57		
𐤀𐤕𐤐𐤉𐤅	H6310	6	0.67	H853	0.16666666666666666
𐤕𐤌𐤑𐤀	H4672	58	0.72		
𐤅𐤍𐤕𐤕	H5414	17	0.76		
𐤁𐤏𐤃𐤉	H1157	16	0.62	H5704	0.625
𐤌𐤇𐤁𐤓𐤉𐤅	H2270	12	0.58		
𐤉𐤋𐤃	H3205	49	0.88	H3206	0.7142857142857143
𐤕𐤔𐤅𐤁𐤅	H7725	10	1.00		
𐤀𐤕𐤏𐤑𐤌𐤅	H6105	20	0.20	H853	0.3
𐤊𐤉𐤋𐤃	H3850	3	0.00	H3588	1.0
𐤁𐤔𐤌𐤉	H8034	21	1.00	H8064	0.09523809523809523
𐤔𐤉𐤕𐤋𐤄	H8362	3	0.00		
𐤐𐤋𐤇𐤓𐤊𐤁	H7393	3	1.00	H6400	0.0
𐤏𐤋𐤑𐤅𐤀𐤓𐤅	H6677	3	1.00	H5921	1.0
𐤁𐤌𐤑𐤅𐤋𐤅𐤕	H4688	3	0.67		
𐤉𐤌	H3220	72	0.58	H3117	0.8055555555555556
𐤋𐤏𐤅𐤋𐤌	H5769	267	0.75		
𐤄𐤌𐤊𐤔𐤋𐤉𐤌	H4383	3	1.00		
𐤉𐤃𐤊	H3027	39	0.77	H3028	0.5384615384615384
𐤐𐤎𐤇	H6453	21	0.71	H6454	0.47619047619047616
𐤌𐤄𐤉𐤅𐤕	H1961	23	0.78		
𐤓𐤂𐤋𐤉𐤌	H7272	58	0.86	H7273	0.29310344827586204
𐤅𐤕𐤔𐤋𐤊	H7993	7	0.86		
𐤀𐤋𐤀𐤔	H784	3	1.00	H413	0.6666666666666666
𐤏𐤅𐤋𐤌	H5769	292	0.65	H5867	0.24315068493150685
𐤏𐤉𐤍𐤉𐤌	H5869	29	0.83	H5879	0.2413793103448276
𐤕𐤌𐤉𐤃	H8548	243	0.75		
𐤌𐤄𐤃𐤏𐤕𐤊𐤌	H1847	5	0.20	H4519	0.0
𐤉𐤏𐤆𐤁	H5800	13	0.38		
𐤅𐤕𐤔𐤏𐤄	H8672	22	0.64		
𐤋𐤁𐤒𐤔	H1245	150	0.51		
𐤉𐤌𐤑𐤀𐤄𐤅	H4672	6	1.00		
𐤌𐤏𐤋	H5921	363	0.90	H5927	0.8236914600550964
𐤄𐤕𐤔𐤏𐤉𐤌	H8673	3	1.00		
𐤕𐤏𐤅	H8582	16	0.44	H8583	0.25
𐤌𐤋𐤐𐤍𐤉	H6440	35	0.83		
𐤅𐤄𐤅𐤊𐤇𐤕	H3198	3	0.33		
𐤁𐤉𐤍𐤊	H996	3	0.67		
𐤒𐤍𐤉𐤕	H7069	3	0.33		
𐤏𐤃𐤉𐤌	H5707	39	0.77	H5716	0.1282051282051282
𐤊𐤋𐤃𐤁𐤓	H1697	18	0.72	H3605	0.2777777777777778
𐤄𐤂𐤃	H5046	37	0.57	H1410	0.2702702702702703
𐤉𐤅𐤏𐤑𐤅	H3289	4	0.75		
𐤉𐤔𐤀𐤋𐤅	H7592	9	0.44		
𐤁𐤊𐤋𐤌𐤒𐤅𐤌	H4725	11	0.73	H3605	0.8181818181818182
𐤍𐤀𐤎𐤐𐤅	H622	67	0.82		
𐤐𐤏𐤌𐤉𐤌	H6471	173	0.94		
𐤄𐤏𐤃	H5749	13	0.62	H5707	0.5384615384615384
𐤊𐤉𐤀𐤌	H518	144	0.92	H3588	0.9305555555555556
𐤅𐤔𐤁𐤏	H7651	65	0.58	H7652	0.5846153846153846
𐤋𐤌𐤋𐤊	H4428	374	0.85	H4427	0.9064171122994652
𐤁𐤔𐤓	H1320	162	0.45	H1321	0.3950617283950617
𐤋𐤇𐤔𐤁	H2805	28	0.54	H2803	0.8214285714285714
𐤏𐤔𐤓𐤕	H6235	69	0.75		
𐤀𐤋𐤐𐤉𐤌	H505	337	0.95	H506	0.9465875370919882
𐤊𐤊𐤓𐤉	H3603	15	0.53		
𐤋𐤔𐤋𐤌	H7965	67	0.78	H7999	0.8208955223880597
𐤀𐤃𐤍𐤉𐤅	H113	14	1.00	H136	1.0
𐤋𐤌𐤊𐤓	H4353	7	0.00		
𐤅𐤀𐤕𐤀𐤔𐤕𐤅	H802	3	1.00	H853	0.3333333333333333
𐤅𐤀𐤕𐤁𐤍𐤉𐤅	H1121	4	1.00	H853	0.5
𐤄𐤏𐤁𐤃	H5650	55	0.75	H5647	0.8727272727272727
𐤅𐤉𐤔𐤕𐤇𐤅	H7812	31	0.32		
𐤀𐤐𐤊	H639	13	0.62		
𐤅𐤀𐤕𐤊𐤋	H3605	5	0.00	H853	0.0
𐤌𐤋𐤐𐤍𐤉𐤅	H6440	17	0.76		
𐤅𐤉𐤌𐤑𐤀	H4672	107	0.72		
𐤇𐤁𐤓𐤅	H2270	43	0.37	H2266	0.5813953488372093
𐤌𐤀𐤍	H3985	34	0.09	H575	0.6176470588235294
𐤅𐤉𐤔𐤋𐤉𐤊𐤄𐤅	H7993	9	0.56		
𐤁𐤌𐤔𐤌𐤓	H4929	45	0.56		
𐤅𐤇𐤁𐤓𐤉𐤅	H2270	50	0.36		
𐤀𐤕𐤄𐤍𐤏𐤔𐤄	H6213	4	0.75	H853	0.5
𐤋𐤀𐤃𐤍𐤉𐤄𐤌	H113	3	1.00		
𐤀𐤕𐤊𐤋𐤀𐤔𐤓	H834	21	0.57	H3605	0.23809523809523808
𐤉𐤏𐤍	H3282	637	0.81	H6030	0.7959183673469388
𐤂𐤌𐤀𐤕𐤄	H859	16	0.00	H1571	0.375
𐤋𐤓𐤇𐤌	H7358	15	0.07		
𐤅𐤉𐤎𐤂𐤓	H5462	14	0.71		
𐤊𐤊𐤄	H3602	312	0.71		
𐤋𐤀𐤇𐤉𐤅	H251	74	0.92		
𐤄𐤃𐤁𐤓𐤉𐤌	H1697	967	0.94	H1682	0.004136504653567736
𐤅𐤉𐤎𐤏	H5265	57	0.68		
𐤏𐤌𐤓𐤁	H7227	16	0.88	H5973	0.1875
𐤄𐤉𐤅𐤊𐤋	H3201	9	0.78		
𐤁𐤓𐤀𐤔𐤉𐤕	H7225	23	0.96		
𐤆𐤊𐤓	H2145	146	0.53	H2142	0.7328767123287672
𐤅𐤍𐤒𐤁𐤄	H5347	10	0.50	H5344	0.4
𐤉𐤏𐤆𐤁𐤀𐤉𐤔	H376	3	1.00	H5800	1.0
𐤅𐤃𐤁𐤒	H1692	5	0.80		
𐤁𐤀𐤔𐤕𐤅	H802	8	0.88		
𐤅𐤄𐤉𐤅	H1961	88	0.72		
𐤋𐤁𐤔𐤓	H1319	22	0.55	H1320	0.4090909090909091
𐤇𐤁𐤓	H2268	32	0.38	H2266	0.65625
𐤋𐤕𐤕𐤋𐤄	H5414	3	0.00		
𐤊𐤓𐤉𐤕𐤕	H3748	3	0.67		
𐤒𐤔𐤉	H7190	13	0.00	H7186	0.6923076923076923
𐤋𐤁𐤁𐤊𐤌	H3824	41	0.73		
𐤄𐤍𐤉𐤇	H5117	68	0.88	H3240	0.8823529411764706
𐤀𐤕𐤍𐤔𐤉𐤊𐤌	H802	3	0.33	H853	0.0
𐤌𐤓𐤀𐤔	H7218	253	0.87		
𐤏𐤍𐤉𐤍	H6045	22	0.05	H6032	0.2727272727272727
𐤅𐤀𐤔𐤕𐤅	H802	29	0.86		
𐤊𐤋𐤀𐤃𐤌	H120	11	0.36	H3605	0.36363636363636365
𐤒𐤁𐤋	H6903	210	0.93	H6901	0.7428571428571429
𐤀𐤔𐤓𐤍𐤕𐤍	H5414	8	0.50	H834	0.25
𐤋𐤄𐤁𐤉𐤍	H995	36	1.00		
𐤎𐤓𐤉𐤎𐤉𐤌	H5631	5	1.00		
𐤍𐤅𐤋𐤃𐤅	H3205	56	0.93		
𐤌𐤁𐤈𐤍	H990	10	0.50		
𐤀𐤌𐤌	H538	23	0.04	H517	0.9565217391304348
𐤔𐤉𐤅𐤊𐤋	H7922	6	0.33		
𐤉𐤁𐤉𐤀𐤅	H935	27	0.81		
𐤉𐤋𐤃𐤉𐤌	H3206	28	0.61	H3209	0.25
𐤉𐤔𐤉𐤌	H7760	45	0.98	H8074	0.7555555555555555
𐤀𐤕𐤉𐤃𐤉𐤅	H3027	15	1.00	H853	0.13333333333333333
𐤅𐤉𐤕𐤐𐤋𐤋	H6419	69	0.57		
𐤌𐤁𐤅𐤀	H3996	38	0.74	H935	0.868421052631579
𐤋𐤀𐤋𐤄	H428	103	0.81	H423	0.038834951456310676
𐤅𐤄𐤍𐤄𐤀𐤉𐤔	H376	10	0.60	H2009	0.6
𐤀𐤉𐤆𐤄	H228	63	0.02		
𐤇𐤉𐤉	H2416	131	0.85	H2421	0.8396946564885496
𐤇𐤐𐤑𐤊	H2656	5	0.60		
𐤔𐤌𐤓	H8104	77	0.75	H7763	0.4025974025974026
𐤀𐤕𐤄𐤌𐤑𐤅𐤕	H4682	6	0.00	H853	0.16666666666666666
𐤕𐤂𐤍𐤁	H1589	5	1.00		
𐤕𐤏𐤍𐤄	H6030	6	0.50	H6031	0.5
𐤅𐤀𐤕𐤀𐤌𐤊	H517	5	1.00	H853	0.0
𐤊𐤌𐤅𐤊	H3644	31	0.42		
𐤄𐤁𐤇𐤅𐤓	H977	11	0.27		
𐤔𐤌𐤓𐤕𐤉	H8104	12	0.83		
𐤌𐤍𐤏𐤅𐤓𐤉	H5782	6	0.00	H5271	1.0
𐤇𐤎𐤓𐤕𐤉	H2637	8	0.62		
𐤌𐤊𐤓	H4376	16	0.50	H4377	0.125
𐤅𐤕𐤍	H5414	17	0.82		
𐤋𐤏𐤍𐤉𐤉𐤌	H5869	20	0.20		
𐤀𐤅𐤑𐤓	H214	34	0.62		
𐤅𐤔𐤅𐤁	H7725	16	0.69		
𐤍𐤏𐤑𐤁	H6087	12	0.33		
𐤊𐤉𐤄𐤉𐤅	H1961	6	0.67	H3588	0.8333333333333334
𐤍𐤊𐤎𐤉𐤌	H5233	7	0.71		
𐤒𐤔𐤄	H7186	211	0.55		
𐤍𐤒𐤋	H7043	50	0.62		
𐤋𐤂𐤌𐤋	H1577	20	0.05		
𐤏𐤔𐤉𐤓	H6223	33	0.85		
𐤋𐤄𐤅𐤔𐤏	H1954	11	0.09		
𐤉𐤐𐤋𐤀	H6381	19	0.58		
𐤏𐤆𐤁𐤍𐤅	H5800	4	0.00		
𐤅𐤍𐤋𐤊	H3212	13	0.46		
𐤌𐤄𐤉𐤄𐤉𐤄	H1961	8	0.62	H4100	0.25
𐤄𐤁𐤓𐤉𐤀𐤄	H1277	21	0.10		
𐤏𐤋𐤊𐤎𐤀	H3678	11	1.00	H5921	0.8181818181818182
𐤊𐤁𐤅𐤃𐤅	H3519	56	0.79		
𐤕𐤔𐤁𐤅	H3427	6	0.67	H7725	0.8333333333333334
𐤊𐤎𐤀𐤅𐤕	H3678	8	0.38		
𐤋𐤔𐤐𐤈	H8199	18	0.94		
𐤔𐤁𐤈𐤉	H7626	25	0.40	H7625	0.24
𐤅𐤊𐤋𐤀𐤉𐤔	H376	8	0.62	H3605	0.125
𐤏𐤆𐤁	H5800	47	0.28		
𐤅𐤇𐤉𐤉	H2416	4	0.75		
𐤉𐤉𐤓𐤔	H3423	9	0.78		
𐤅𐤀𐤅𐤋𐤌	H199	202	0.46	H197	0.1188118811881188
𐤌𐤍𐤄𐤓𐤀𐤔𐤅𐤍𐤉𐤌	H7223	4	1.00	H4480	0.0
𐤀𐤇𐤓𐤅𐤍𐤉𐤌	H314	8	0.62		
𐤓𐤀𐤔𐤅𐤍𐤉𐤌	H7223	16	0.94		
𐤄𐤔𐤊𐤉𐤌	H7925	4	0.75		
𐤋𐤑𐤀𐤕	H3318	281	0.94		
𐤁𐤁𐤒𐤓	H1242	28	0.82	H1241	0.32142857142857145
𐤋𐤔𐤊𐤓	H7941	10	0.00	H7936	0.8
𐤄𐤔𐤋𐤉𐤔𐤉𐤕	H7992	58	0.88		
𐤁𐤈𐤋𐤉𐤌	H2919	4	0.00		
𐤁𐤔𐤅𐤒	H7784	8	0.00		
𐤅𐤊𐤉𐤔𐤓	H3477	3	1.00		
𐤀𐤕𐤍	H5414	91	0.79	H853	0.5054945054945055
𐤄𐤔𐤔𐤉𐤕	H8345	12	0.75		
𐤊𐤃𐤁𐤓	H1697	154	0.84	H1696	0.7142857142857143
𐤁𐤔𐤏𐤕	H6256	39	0.92		
𐤊𐤋𐤄𐤉𐤅𐤌	H3627	5	0.00		
𐤀𐤅𐤕𐤍𐤅	H853	134	0.54	H854	0.6492537313432836
𐤄𐤊𐤓𐤌	H3754	12	0.75	H1021	0.08333333333333333
𐤅𐤉𐤒𐤇𐤅	H3947	110	0.48		
𐤄𐤓𐤀𐤔𐤅𐤍𐤉𐤌	H7223	103	0.90		
𐤃𐤌𐤅	H1818	40	0.38	H1826	0.45
𐤁𐤍𐤐𐤔𐤌	H5315	23	0.87		
𐤂𐤌𐤄𐤌	H1992	17	0.24	H1571	0.29411764705882354
𐤁𐤒𐤇𐤕𐤌	H3947	6	0.83		
𐤅𐤉𐤋𐤅𐤍𐤅	H3885	6	0.83		
𐤄𐤀𐤇𐤓𐤅𐤍𐤉𐤌	H314	19	1.00		
𐤀𐤋𐤉𐤍𐤅	H413	125	0.82		
𐤎𐤁𐤋𐤍𐤅	H5445	4	0.50		
𐤀𐤋𐤀𐤇𐤃	H259	7	0.29	H413	0.7142857142857143
𐤓𐤏𐤉	H7473	19	0.00	H7453	0.8947368421052632
𐤏𐤌𐤉	H5971	123	0.47	H5973	0.4959349593495935
𐤓𐤑𐤅𐤍𐤉	H7522	14	0.86		
𐤄𐤀𐤇𐤓𐤅𐤍	H314	36	0.83		
𐤀𐤅𐤊𐤋	H3201	127	0.75	H398	0.3700787401574803
𐤊𐤓𐤑𐤅𐤍𐤉	H7522	5	1.00		
𐤏𐤉𐤍𐤊	H5869	7	0.71		
𐤏𐤋𐤀𐤔𐤓	H834	52	0.63	H5921	0.8269230769230769
𐤊𐤉𐤓𐤁𐤉𐤌	H7227	4	0.25	H3588	0.75
𐤄𐤒𐤓𐤅𐤀𐤉𐤌	H7121	12	0.83		
𐤄𐤍𐤁𐤇𐤓𐤉𐤌	H977	5	0.20		
𐤊𐤏𐤋𐤅𐤕	H5927	5	0.80		
𐤄𐤍𐤍𐤅	H2005	21	0.29	H2009	0.19047619047619047
𐤏𐤋𐤉𐤌	H3220	8	0.25	H5921	0.625
𐤋𐤓𐤀𐤔𐤉	H7218	12	1.00		
𐤅𐤌𐤎𐤓𐤅	H5493	15	0.60	H4519	0.06666666666666667
𐤋𐤄𐤕𐤋	H2048	5	0.40		
𐤅𐤋𐤄𐤊𐤅𐤕	H5221	4	0.75		
𐤆𐤁𐤃𐤉	H2067	9	0.00		
𐤀𐤌𐤓𐤍𐤀	H560	7	0.71		
𐤉𐤔𐤁𐤅	H3427	105	0.78	H7725	0.8380952380952381
𐤋𐤉𐤌𐤉𐤍𐤊	H3225	4	0.75		
𐤅𐤀𐤇𐤃	H259	102	0.77		
𐤁𐤌𐤋𐤊𐤅𐤕𐤊	H4437	3	0.67		
𐤔𐤀𐤋𐤕𐤌	H7592	7	0.71	H7596	0.14285714285714285
𐤄𐤉𐤊𐤋	H1964	59	0.73	H1965	0.7288135593220338
𐤔𐤕𐤅𐤕	H8354	5	0.20	H8356	0.8
𐤀𐤕𐤄𐤊𐤅𐤎	H3563	11	1.00	H853	0.09090909090909091
𐤍𐤅𐤊𐤋	H3201	55	0.78	H5230	0.10909090909090909
𐤕𐤔𐤕𐤅	H8354	4	0.75		
𐤔𐤁𐤕	H7676	40	0.75	H7673	0.85
𐤋𐤉𐤌𐤉𐤍𐤉	H1145	7	0.00	H3225	0.8571428571428571
𐤋𐤀𐤔𐤓	H834	102	0.60	H836	0.23529411764705882
𐤄𐤅𐤊𐤍	H3651	19	0.84	H3559	0.8947368421052632
𐤄𐤏𐤔𐤓𐤄	H6235	5	0.80		
𐤄𐤀𐤇𐤉𐤌	H251	75	0.92		
𐤅𐤄𐤂𐤃𐤅𐤋𐤉𐤌	H1419	5	0.80		
𐤀𐤋𐤉𐤄𐤉	H428	6	0.00		
𐤁𐤉𐤍𐤉𐤊𐤌	H996	24	0.79		
𐤉𐤄𐤉	H1961	57	0.53		
𐤋𐤌𐤔𐤓𐤕	H8334	13	0.77		
𐤅𐤄𐤇𐤐𐤑	H2656	5	0.60		
𐤋𐤓𐤀𐤔	H7218	43	0.88	H7219	0.3488372093023256
𐤏𐤁𐤃	H5650	116	0.46	H5647	0.6120689655172413
𐤉𐤔𐤓𐤕𐤅𐤄𐤅	H8334	3	0.67		
𐤅𐤋𐤕𐤕	H5414	73	0.88		
𐤊𐤐𐤓	H3724	64	0.86	H3722	0.34375
𐤊𐤑𐤀𐤕𐤌	H3318	3	1.00		
𐤌𐤉𐤓𐤉𐤇𐤅	H3405	8	0.50		
𐤉𐤔𐤁𐤉𐤌	H3427	8	0.50		
𐤅𐤄𐤌	H1992	398	0.56		
𐤄𐤓𐤁𐤅	H7235	64	0.94		
𐤋𐤑𐤏𐤒	H6817	10	0.60		
𐤅𐤀𐤏𐤔𐤄	H6213	7	0.71		
𐤏𐤉𐤍𐤉𐤍𐤅	H5869	11	0.82		
𐤅𐤐𐤕𐤀𐤌	H6597	21	0.38		
𐤄𐤇𐤋𐤅	H2490	59	0.71	H2470	0.3050847457627119
𐤒𐤓𐤁𐤅	H7126	38	0.66	H7138	0.6052631578947368
𐤋𐤉𐤓𐤅𐤔𐤋𐤉𐤌	H3389	15	0.07		
𐤁𐤄𐤓	H2022	68	0.66	H2023	0.08823529411764706
𐤄𐤆𐤉𐤕𐤉𐤌	H2132	17	0.29		
𐤀𐤋𐤄𐤊𐤐𐤓	H3724	5	1.00	H413	0.8
𐤕𐤌𐤑𐤀𐤅	H4672	14	0.57		
𐤀𐤕𐤅𐤍	H861	6	0.50	H860	0.16666666666666666
𐤀𐤎𐤅𐤓𐤄	H631	4	0.50		
𐤅𐤏𐤉𐤓	H5892	48	0.73	H5898	0.7708333333333334
𐤏𐤌𐤄	H5973	73	0.62	H5971	0.3972602739726027
𐤄𐤕𐤉𐤓𐤅	H3498	6	0.17		
𐤅𐤄𐤁𐤉𐤀𐤅	H935	31	0.84		
𐤄𐤀𐤃𐤅𐤍	H113	129	0.20		
𐤅𐤁𐤓𐤂𐤏	H7281	8	0.12		
𐤉𐤔𐤋𐤇𐤌	H7971	3	1.00		
𐤅𐤊𐤋𐤆𐤀𐤕	H2063	7	0.29		
𐤏𐤍𐤉	H6041	24	0.42	H5869	0.5416666666666666
𐤅𐤓𐤊𐤁	H7393	14	0.64	H7392	0.6428571428571429
𐤅𐤉𐤏𐤔𐤅	H6213	186	0.70	H3299	0.0967741935483871
𐤅𐤉𐤔𐤉𐤌𐤅	H7760	63	0.67		
𐤀𐤕𐤁𐤂𐤃𐤉𐤄𐤌	H899	10	0.70	H853	0.2
𐤅𐤓𐤁	H7227	45	0.89	H7230	0.8222222222222222
𐤄𐤄𐤌𐤅𐤍	H1995	318	0.91		
𐤐𐤓𐤔𐤅	H6569	9	0.00	H6566	0.3333333333333333
𐤏𐤋𐤄𐤃𐤓𐤊	H1870	11	0.91	H5921	0.6363636363636364
𐤊𐤓𐤕𐤅	H3772	25	0.60		
𐤏𐤑𐤉𐤌	H6086	45	0.76		
𐤅𐤀𐤇𐤓𐤉𐤅	H310	84	0.86		
𐤁𐤓𐤅𐤊	H1288	87	0.33	H1263	0.2988505747126437
𐤁𐤔𐤌	H8034	355	0.62	H8036	0.5605633802816902
𐤁𐤌𐤓𐤅𐤌𐤉𐤌	H4791	12	0.17		
𐤁𐤁𐤀𐤅	H935	22	0.95		
𐤌𐤍𐤑𐤓𐤕	H6869	3	0.00	H4480	0.3333333333333333
𐤁𐤂𐤋𐤉𐤋	H1551	57	0.18		
𐤅𐤉𐤄𐤐𐤊	H2015	13	0.62		
𐤄𐤔𐤋𐤇𐤍𐤉𐤌	H7979	3	0.00		
𐤌𐤊𐤓𐤉	H4376	3	0.00	H4378	0.0
𐤄𐤉𐤅𐤍𐤉𐤌	H3125	143	0.42		
𐤁𐤉𐤕𐤉	H1004	27	0.70		
𐤁𐤉𐤕𐤕𐤐𐤋𐤄	H8605	3	0.67	H1004	1.0
𐤔𐤌𐤕𐤌	H8034	13	0.23	H7760	0.7692307692307693
𐤐𐤓𐤉𐤑𐤉𐤌	H6530	7	1.00		
𐤄𐤍𐤐𐤋𐤀𐤅𐤕	H6381	4	0.50		
𐤄𐤉𐤋𐤃𐤉𐤌	H3206	50	0.58	H3209	0.12
𐤅𐤉𐤇𐤓	H2734	121	0.46	H2787	0.36363636363636365
𐤏𐤅𐤋𐤋𐤉𐤌	H5768	9	0.78		
𐤅𐤉𐤅𐤍𐤒𐤉𐤌	H3243	3	0.00		
𐤉𐤎𐤃𐤕	H3245	3	0.00		
𐤏𐤆	H5797	76	0.64	H5794	0.3684210526315789
𐤌𐤇𐤅𐤑	H2351	132	0.60		
𐤅𐤉𐤋𐤍	H3885	11	0.64		
𐤔𐤁	H7725	198	0.88	H3427	0.8282828282828283
𐤀𐤋𐤄𐤏𐤉𐤓	H5892	6	1.00	H413	0.8333333333333334
𐤕𐤀𐤍𐤄	H8384	19	0.26	H579	0.47368421052631576
𐤅𐤉𐤒𐤓𐤁	H7126	40	0.60		
𐤌𐤀𐤅𐤌𐤄	H3972	176	0.56		
𐤄𐤏𐤋𐤉𐤌	H5927	16	0.81	H5956	0.1875
𐤌𐤏𐤕𐤄	H6258	96	0.77		
𐤏𐤃𐤏𐤅𐤋𐤌	H5769	13	0.54	H5704	0.3076923076923077
𐤄𐤕𐤀𐤍𐤄	H8384	13	0.92		
𐤎𐤐𐤒	H5606	23	0.48	H5607	0.08695652173913043
𐤋𐤁𐤃	H905	248	0.89		
𐤕𐤏𐤔𐤅	H6213	57	0.68		
𐤊𐤉𐤂𐤌	H1571	13	0.92	H3588	0.7692307692307693
𐤁𐤀𐤌𐤓𐤊𐤌	H559	3	1.00		
𐤄𐤍𐤔𐤀	H5375	3	1.00		
𐤁𐤕𐤐𐤋𐤄	H8605	27	0.70		
𐤀𐤋𐤄𐤌𐤒𐤃𐤔	H4720	17	0.29	H413	0.5294117647058824
𐤁𐤋𐤌𐤃𐤅	H3925	8	0.62		
𐤓𐤀𐤔𐤉	H7218	169	0.92	H7217	0.3727810650887574
𐤅𐤆𐤒𐤍𐤉	H2205	21	0.71	H2206	0.0
𐤓𐤔𐤅𐤕	H7568	114	0.13		
𐤄𐤓𐤔𐤅𐤕	H7568	48	0.08		
𐤀𐤔𐤀𐤋𐤄	H7592	8	0.75		
𐤀𐤂𐤉𐤃	H5046	9	0.89		
𐤈𐤁𐤉𐤋𐤕	H2881	7	0.00		
𐤄𐤀𐤌𐤍𐤕𐤌	H539	11	1.00		
𐤉𐤓𐤀𐤉𐤌	H3372	15	0.80	H3373	0.6
𐤊𐤉𐤊𐤋𐤌	H3605	7	0.14	H3588	0.2857142857142857
𐤇𐤔𐤁𐤉𐤌	H2803	6	0.50		
𐤉𐤃𐤏𐤍𐤅	H3045	70	0.91		
𐤅𐤀𐤇𐤓𐤉𐤊𐤍	H3651	239	0.90	H310	0.8117154811715481
𐤍𐤇𐤌	H5162	17	0.82	H5163	0.7647058823529411
𐤌𐤔𐤍𐤉𐤄𐤌	H8147	8	0.88		
𐤅𐤄𐤆𐤅𐤍𐤅𐤕	H2185	3	0.33		
𐤄𐤀𐤌𐤉𐤍𐤅	H539	85	0.76		
𐤓𐤀𐤉𐤕𐤌	H7200	30	0.70		
𐤔𐤁𐤕𐤌	H7725	10	0.70	H3427	0.6
𐤀𐤇𐤓𐤉𐤊𐤍	H3651	91	0.87	H310	0.8351648351648352
𐤋𐤄𐤀𐤌𐤉𐤍	H539	62	0.85		
𐤅𐤉𐤈𐤏	H5193	6	0.50		
𐤊𐤓𐤌	H3754	13	0.62	H7311	0.23076923076923078
𐤂𐤃𐤓	H1447	18	0.28	H1448	0.2777777777777778
𐤎𐤁𐤉𐤁	H5439	153	0.98	H5437	0.9411764705882353
𐤅𐤉𐤇𐤑𐤁	H2672	3	0.00		
𐤉𐤒𐤁	H3342	3	1.00	H5344	0.3333333333333333
𐤅𐤉𐤁𐤍	H1129	90	0.49	H995	0.6444444444444445
𐤌𐤂𐤃𐤋	H4026	76	0.79	H1431	0.9473684210526315
𐤁𐤕𐤅𐤊𐤅	H8432	26	0.50		
𐤅𐤉𐤕𐤍𐤄𐤅	H5414	24	0.62		
𐤀𐤋𐤊𐤓𐤌𐤉𐤌	H3754	3	1.00	H413	0.3333333333333333
𐤌𐤓𐤇𐤅𐤒	H7350	88	0.67		
𐤁𐤄𐤂𐤉𐤏	H5060	17	0.71		
𐤄𐤁𐤑𐤉𐤓	H1208	5	0.40		
𐤏𐤁𐤃𐤉𐤅	H5650	121	0.31	H5647	0.47107438016528924
𐤀𐤋𐤄𐤊𐤓𐤌𐤉𐤌	H3754	3	1.00	H413	0.3333333333333333
𐤀𐤕𐤐𐤓𐤉𐤅	H6529	5	1.00	H853	0.4
𐤅𐤉𐤇𐤆𐤉𐤒𐤅	H2388	16	0.31		
𐤄𐤊𐤓𐤌𐤉𐤌	H3754	6	0.50		
𐤁𐤏𐤁𐤃𐤉𐤅	H5650	3	1.00		
𐤀𐤕𐤆𐤄	H2088	13	0.54	H853	0.15384615384615385
𐤄𐤊𐤅	H5221	53	0.60		
𐤄𐤓𐤂𐤅	H2026	54	0.67		
𐤏𐤁𐤃𐤉𐤌	H5650	73	0.49	H5647	0.6027397260273972
𐤂𐤌𐤋𐤄𐤌	H1571	6	0.50		
𐤅𐤁𐤀𐤇𐤓𐤅𐤍𐤄	H314	24	0.88		
𐤁𐤀𐤌𐤓𐤅	H559	85	0.89		
𐤉𐤂𐤅𐤓𐤅	H1481	5	0.40		
𐤄𐤉𐤅𐤓𐤔	H3423	4	0.75		
𐤅𐤍𐤄𐤓𐤂𐤄𐤅	H2026	9	0.44		
𐤀𐤋𐤌𐤇𐤅𐤑	H2351	10	0.20	H413	0.6
𐤋𐤊𐤓𐤌	H3754	3	1.00		
𐤅𐤉𐤄𐤓𐤂𐤅	H2026	81	0.56		
𐤌𐤄𐤉𐤏𐤔𐤄	H6213	5	0.20	H4100	0.2
𐤋𐤊𐤓𐤌𐤉𐤌	H3755	3	0.00	H3754	1.0
𐤉𐤓𐤏	H7489	12	0.58	H3415	0.5
𐤉𐤔𐤉𐤁𐤅	H7725	16	0.94		
𐤁𐤏𐤕𐤅	H6256	32	0.88		
𐤁𐤊𐤕𐤅𐤁𐤉𐤌	H3789	5	0.00		
𐤌𐤀𐤎𐤅	H3988	13	0.85		
𐤄𐤁𐤅𐤍𐤉𐤌	H1129	17	0.59		
𐤐𐤍𐤄	H6437	78	0.77	H6438	0.14102564102564102
𐤍𐤐𐤋𐤀𐤕	H6381	3	0.67		
𐤁𐤏𐤉𐤍𐤉𐤍𐤅	H5869	24	0.67		
𐤅𐤕𐤍𐤕𐤍	H5414	9	0.67		
𐤋𐤂𐤅𐤉	H1471	12	0.58		
𐤀𐤕𐤐𐤓𐤉𐤄	H6529	4	0.75	H853	0.25
𐤏𐤋𐤄𐤀𐤁𐤍	H68	3	0.67	H5921	0.3333333333333333
𐤉𐤔𐤁𐤓	H7665	10	0.90	H7666	0.0
𐤅𐤉𐤁𐤉𐤍𐤅	H995	5	0.60		
𐤋𐤕𐤐𐤔𐤅	H8610	28	0.54		
𐤇𐤔𐤁𐤄𐤅	H2803	3	1.00		
𐤅𐤉𐤎𐤐	H3254	21	0.90	H622	0.9523809523809523
𐤀𐤔𐤓𐤏𐤔𐤄	H6213	8	0.88	H834	0.25
𐤇𐤕𐤍𐤄	H2861	4	1.00		
𐤋𐤁𐤍𐤅	H3820	68	0.69	H1121	0.8823529411764706
𐤀𐤕𐤏𐤁𐤃𐤉𐤅	H5650	6	0.67	H853	0.0
𐤀𐤋𐤄𐤇𐤕𐤍𐤄	H2860	6	0.33	H413	0.3333333333333333
𐤀𐤁𐤅	H14	45	0.67		
𐤀𐤋𐤄𐤒𐤓𐤅𐤀𐤉𐤌	H7121	3	0.33	H413	0.0
𐤏𐤓𐤊𐤕𐤉	H6186	3	0.67		
𐤅𐤄𐤊𐤋	H3605	24	0.46		
𐤌𐤅𐤊𐤍	H3651	34	0.94	H3559	1.0
𐤋𐤀𐤔𐤕𐤅	H802	23	0.83		
𐤋𐤁𐤌	H3820	269	0.74		
𐤋𐤆𐤀𐤕	H2063	52	0.77		
𐤅𐤄𐤍𐤔𐤀𐤓𐤉𐤌	H7604	36	0.78		
𐤕𐤐𐤔𐤅	H8610	58	0.19		
𐤅𐤉𐤕𐤏𐤋𐤋𐤅	H5953	3	0.33		
𐤅𐤉𐤄𐤓𐤂𐤅𐤌	H2026	13	0.85		
𐤑𐤁𐤀𐤅𐤕𐤉𐤅	H6635	20	0.85		
𐤅𐤉𐤀𐤁𐤃	H6	24	0.83		
𐤔𐤓𐤐	H8313	21	0.71	H8314	0.42857142857142855
𐤀𐤋𐤏𐤁𐤃𐤉𐤅	H5650	4	0.75	H413	0.5
𐤄𐤇𐤕𐤍𐤄	H2860	5	0.80		
𐤌𐤅𐤊𐤍𐤄	H3651	7	0.71	H4519	0.0
𐤓𐤀𐤅𐤉𐤌	H7214	22	0.14		
𐤀𐤋𐤓𐤀𐤔𐤉	H7218	5	0.80	H413	0.8
𐤄𐤃𐤓𐤊𐤉𐤌	H1870	45	0.78		
𐤅𐤉𐤀𐤎𐤐𐤅	H622	50	0.76		
𐤌𐤎𐤁𐤉𐤌	H4524	3	0.33		
𐤁𐤀𐤕	H935	24	0.79		
𐤀𐤎𐤓𐤅	H631	12	0.67		
𐤉𐤃𐤉𐤅	H3027	68	0.84		
𐤅𐤓𐤂𐤋𐤉𐤅	H7272	6	0.83		
𐤅𐤍𐤔𐤀𐤕𐤌	H5375	3	1.00		
𐤊𐤉𐤀𐤉𐤔	H784	7	0.00		
𐤀𐤌𐤕	H571	142	0.75	H517	0.5422535211267606
𐤅𐤕𐤅𐤓𐤄	H8451	7	0.57		
𐤀𐤕𐤃𐤓𐤊	H1870	7	0.57	H853	0.14285714285714285
𐤕𐤂𐤅𐤓	H1481	5	0.60		
𐤄𐤍𐤊𐤅𐤍	H3559	20	0.75		
𐤌𐤄𐤕𐤍𐤎𐤅𐤍𐤉	H5254	3	1.00	H4519	0.0
𐤄𐤓𐤀𐤅𐤍𐤉	H7200	7	0.71		
𐤄𐤌𐤎	H4522	39	0.79	H4549	0.3076923076923077
𐤔𐤋𐤌𐤉	H7999	4	0.25	H7965	0.25
𐤅𐤄𐤊𐤕𐤅𐤁	H3789	6	0.83		
𐤕𐤍𐤅	H5414	22	0.55	H3238	0.045454545454545456
𐤅𐤋𐤀𐤋𐤄𐤉𐤌	H430	8	0.38		
𐤋𐤀𐤋𐤄𐤉𐤌	H430	486	0.63		
𐤅𐤊𐤔𐤌𐤏𐤌	H8085	6	0.50		
𐤕𐤌𐤄𐤅	H8539	6	0.83	H8540	0.16666666666666666
𐤅𐤉𐤏𐤆𐤁𐤄𐤅	H5800	3	0.00		
𐤄𐤀𐤌𐤓𐤉𐤌	H559	13	0.92		
𐤕𐤇𐤉𐤕	H8478	8	0.38		
𐤅𐤁𐤍𐤉𐤌	H1121	16	0.94		
𐤅𐤄𐤒𐤉𐤌	H6965	20	0.60	H6966	0.2
𐤅𐤀𐤕𐤍𐤅	H854	3	0.33	H853	0.3333333333333333
𐤅𐤄𐤓𐤀𐤔𐤅𐤍	H7223	8	1.00		
𐤅𐤆𐤓𐤏	H2233	14	0.79	H2232	0.5
𐤅𐤊𐤌𐤅𐤊𐤍	H3644	3	0.00		
𐤄𐤔𐤍𐤉	H8145	217	0.74	H8144	0.06451612903225806
𐤄𐤔𐤁𐤏𐤄	H7650	9	0.33	H7651	0.5555555555555556
𐤅𐤏𐤕𐤄	H6258	653	0.61		
𐤁𐤕𐤇𐤉𐤕	H8480	6	0.00		
𐤋𐤌𐤉	H4310	42	0.40	H4325	0.16666666666666666
𐤌𐤍𐤄𐤔𐤁𐤏𐤄	H7650	3	1.00	H4480	0.3333333333333333
𐤋𐤊𐤋𐤌	H3605	30	0.40		
𐤁𐤀𐤔𐤓	H834	194	0.76	H836	0.3711340206185567
𐤉𐤅𐤃𐤏𐤉𐤌	H3045	40	0.97		
𐤀𐤕𐤄𐤊𐤕𐤅𐤁𐤉𐤌	H3789	3	0.00	H853	0.0
𐤀𐤕𐤂𐤁𐤅𐤓𐤕	H1368	3	0.00	H853	0.3333333333333333
𐤋𐤀𐤉𐤔𐤀𐤅	H5375	4	1.00	H3808	1.0
𐤍𐤔𐤉𐤌	H802	125	0.56	H7760	0.768
𐤕𐤍𐤔𐤀𐤍𐤄	H5375	4	1.00		
𐤅𐤏𐤋𐤃𐤁𐤓	H1697	18	0.94	H5921	0.8333333333333334
𐤀𐤋𐤄𐤉	H430	177	0.42	H426	0.0903954802259887
𐤅𐤀𐤋𐤄𐤉	H430	27	0.37		
𐤉𐤑𐤇𐤒	H3327	341	0.35	H6711	0.005865102639296188
𐤄𐤇𐤉𐤉𐤌	H2416	142	0.93		
𐤄𐤑𐤃𐤅𐤒𐤉𐤌	H6662	14	0.14		
𐤅𐤉𐤅𐤏𐤃𐤅	H3259	6	0.33		
𐤌𐤁𐤉𐤍	H995	65	0.80	H996	0.7230769230769231
𐤔𐤀𐤋	H7592	80	0.78	H410	0.7625
𐤌𐤑𐤅𐤄	H6680	72	0.89	H4687	0.8055555555555556
𐤁𐤊𐤋𐤋𐤁𐤁𐤊	H3824	4	0.75	H3605	0.0
𐤅𐤁𐤊𐤋𐤍𐤐𐤔𐤊	H5315	3	1.00	H3605	0.0
𐤄𐤌𐤑𐤅𐤄	H4687	30	0.83		
𐤄𐤂𐤃𐤅𐤋𐤄	H1419	217	0.89	H1420	0.728110599078341
𐤅𐤄𐤔𐤍𐤉𐤕	H8145	13	0.77		
𐤁𐤔𐤕𐤉	H8147	17	0.65	H954	0.47058823529411764
𐤄𐤌𐤑𐤅𐤕	H4682	32	0.88	H4687	0.53125
𐤕𐤋𐤅𐤉𐤄	H8518	13	0.15		
𐤅𐤉𐤔𐤀𐤋𐤌	H7592	14	0.64		
𐤏𐤋𐤄𐤌𐤔𐤉𐤇	H4899	4	0.00	H5921	0.5
𐤒𐤓𐤀𐤋𐤅	H7121	4	1.00		
𐤍𐤀𐤌	H5002	6	0.50		
𐤋𐤀𐤃𐤍𐤉	H113	8	0.25	H136	0.25
𐤏𐤃𐤀𐤔𐤉𐤕	H7896	5	0.00	H5704	1.0
𐤀𐤉𐤁𐤉𐤊	H341	5	0.00		
𐤄𐤃𐤌	H1818	49	0.57	H1826	0.32653061224489793
𐤋𐤓𐤂𐤋𐤉𐤊	H7272	5	0.20		
𐤅𐤋𐤀𐤉𐤊𐤋	H3201	3	1.00	H3808	0.3333333333333333
𐤋𐤏𐤍𐤅𐤕	H6030	36	0.75	H6031	0.5555555555555556
𐤀𐤕𐤋𐤁𐤅	H3820	5	0.60	H853	0.4
𐤌𐤍𐤄𐤉𐤅𐤌	H1961	3	0.67	H4480	0.3333333333333333
𐤕𐤔𐤌𐤓𐤅	H8104	12	0.92		
𐤊𐤌𐤏𐤔𐤉𐤄𐤌	H4639	14	0.71		
𐤀𐤎𐤓𐤉𐤌	H631	3	0.33		
𐤌𐤔𐤀𐤕	H4864	6	0.50	H4859	0.0
𐤊𐤁𐤃𐤉𐤌	H3515	7	1.00		
𐤉𐤀𐤁𐤅	H14	11	0.82		
𐤅𐤏𐤔𐤉𐤌	H6213	4	0.75		
𐤄𐤓𐤀𐤔	H7218	62	0.84	H7326	0.016129032258064516
𐤔𐤋𐤅𐤌𐤌	H8002	11	0.27		
𐤅𐤀𐤕𐤀𐤔𐤓	H834	18	0.28	H853	0.2777777777777778
𐤀𐤅𐤋𐤌	H197	801	0.07	H193	0.4756554307116105
𐤊𐤋𐤊𐤌	H3605	41	0.39		
𐤀𐤁	H1	44	0.82	H2	0.7272727272727273
𐤅𐤄𐤂𐤃𐤅𐤋	H1419	7	0.86		
𐤉𐤔𐤐𐤋	H8217	3	0.00	H8213	0.3333333333333333
𐤉𐤓𐤅𐤌𐤌	H7311	4	1.00		
𐤀𐤕𐤁𐤕𐤉	H1004	4	1.00	H853	0.0
𐤄𐤀𐤋𐤌𐤍𐤅𐤕	H490	7	0.71		
𐤅𐤌𐤀𐤓𐤉𐤊𐤉𐤌	H748	3	1.00		
𐤋𐤌𐤓𐤀𐤄	H4758	95	0.77		
𐤏𐤋𐤉𐤕𐤓	H3499	4	0.25	H5921	0.5
𐤕𐤒𐤇𐤅	H3947	10	0.60		
𐤅𐤁𐤉𐤁𐤔𐤄	H3004	4	0.75		
𐤂𐤓	H1616	21	0.48	H1481	0.7619047619047619
𐤊𐤐𐤋𐤉𐤌	H3718	7	0.57		
𐤄𐤍𐤔𐤁𐤏	H7650	3	1.00		
𐤁𐤄𐤉𐤊𐤋	H1964	33	0.94		
𐤅𐤄𐤍𐤔𐤁𐤏	H7650	4	1.00		
𐤁𐤆𐤄𐤁	H2091	18	0.83		
𐤄𐤄𐤉𐤊𐤋	H1964	145	0.84		
𐤉𐤀𐤔𐤌	H816	13	0.69		
𐤄𐤊𐤎𐤉𐤋𐤉𐤌	H3684	5	0.40		
𐤁𐤌𐤆𐤁𐤇	H4196	5	0.60		
𐤁𐤒𐤓𐤁𐤍	H7130	4	0.25		
𐤍𐤔𐤁𐤏	H7650	59	0.69	H7646	0.3728813559322034
𐤅𐤁𐤊𐤋	H3605	213	0.59	H3606	0.5633802816901409
𐤁𐤊𐤎𐤀	H3678	3	0.67		
𐤌𐤏𐤔𐤓𐤉𐤌	H6242	3	0.33	H6237	0.6666666666666666
𐤀𐤕𐤄𐤌𐤔𐤐𐤈	H4941	3	1.00	H853	0.0
𐤄𐤂𐤌𐤋	H1581	13	0.15	H1580	0.15384615384615385
𐤌𐤋𐤀	H4390	182	0.76	H4393	0.5769230769230769
𐤂𐤆𐤋	H1497	22	0.64	H1498	0.6363636363636364
𐤐𐤓𐤅𐤔	H6566	5	0.00		
𐤄𐤊𐤅𐤎	H3563	6	0.83		
𐤕𐤈𐤄𐤓	H2891	5	0.20		
𐤍𐤀𐤉𐤌	H5002	5	0.80		
𐤏𐤑𐤌𐤅𐤕	H6106	21	0.76		
𐤌𐤕𐤉𐤌	H4191	25	0.84	H4962	0.24
𐤊𐤑𐤃𐤉𐤒𐤉𐤌	H6662	6	1.00		
𐤀𐤋𐤁𐤍𐤉	H1121	7	0.71	H413	0.2857142857142857
𐤇𐤍𐤐𐤄	H2610	6	0.50	H2613	0.0
𐤅𐤀𐤅𐤍	H205	4	1.00	H203	0.0
𐤁𐤅𐤍𐤉𐤌	H1129	13	0.69		
𐤒𐤁𐤓𐤅𐤕	H6913	6	0.67	H6914	0.3333333333333333
𐤀𐤁𐤅𐤕𐤉𐤍𐤅	H1	155	0.65		
𐤋𐤀𐤄𐤉𐤕𐤄	H1961	6	0.67	H3808	0.5
𐤉𐤃𐤍𐤅	H3027	10	0.90		
𐤋𐤔𐤐𐤊	H8210	3	0.67		
𐤌𐤋𐤀𐤅	H4390	94	0.74		
𐤀𐤁𐤅𐤕𐤉𐤊𐤌	H1	39	0.62		
𐤍𐤇𐤔𐤉𐤌	H5173	6	0.00	H5175	0.6666666666666666
𐤌𐤃𐤉𐤍	H4080	66	0.24	H4055	0.3333333333333333
𐤅𐤇𐤊𐤌𐤉𐤌	H2450	3	0.33		
𐤅𐤎𐤅𐤐𐤓𐤉𐤌	H5608	5	0.80		
𐤌𐤏𐤉𐤓	H5892	50	0.64	H5782	0.02
𐤍𐤒𐤉	H5355	30	0.47		
𐤄𐤍𐤔𐤐𐤊	H8210	7	0.86		
𐤄𐤑𐤃𐤉𐤒	H6662	25	0.84	H6663	0.84
𐤆𐤊𐤓𐤉𐤄	H2148	25	0.84		
𐤄𐤔𐤋𐤅𐤇𐤉𐤌	H7964	43	0.95		
𐤋𐤒𐤁𐤑	H6908	7	0.71		
𐤀𐤕𐤁𐤍𐤉𐤊	H1121	4	0.50	H853	0.5
𐤁𐤉𐤕𐤊𐤌	H1004	5	0.60		
𐤔𐤌𐤌	H8034	32	0.53	H8074	0.5625
𐤕𐤓𐤀𐤅𐤍𐤉	H7200	6	1.00		
𐤋𐤃𐤓𐤊𐤅	H1870	48	0.71		
𐤋𐤄𐤓𐤀𐤅𐤕𐤅	H7200	3	1.00		
𐤄𐤓𐤀𐤉𐤕𐤌	H7200	6	0.50		
𐤏𐤋𐤀𐤁𐤍	H68	5	0.80	H5921	0.6
𐤁𐤅𐤀𐤊	H935	6	1.00		
𐤏𐤕𐤉𐤃𐤉𐤌	H6260	24	0.33	H6264	0.2916666666666667
𐤌𐤋𐤇𐤌𐤅𐤕	H4421	48	0.44		
𐤌𐤋𐤇𐤌𐤄	H4421	390	0.72		
𐤄𐤒𐤑	H7093	32	0.66		
𐤂𐤅𐤉	H1471	23	0.96	H1460	0.30434782608695654
𐤏𐤋𐤂𐤅𐤉	H1471	3	1.00	H5921	1.0
𐤅𐤌𐤌𐤋𐤊𐤄	H4467	6	1.00		
𐤏𐤋𐤌𐤌𐤋𐤊𐤄	H4467	3	1.00	H5921	1.0
𐤅𐤃𐤁𐤓	H1696	61	0.85	H1697	0.9180327868852459
𐤅𐤓𐤏𐤔	H7494	5	1.00		
𐤅𐤊𐤋𐤀𐤋𐤄	H410	3	0.33		
𐤓𐤀𐤔𐤉𐤕	H7225	87	0.89		
𐤄𐤇𐤁𐤋𐤉𐤌	H2256	5	0.80		
𐤉𐤏𐤍𐤅	H6030	8	0.62	H6031	0.375
𐤅𐤉𐤌𐤎𐤓𐤅	H4560	12	0.92		
𐤋𐤊𐤋𐤄𐤂𐤅𐤉𐤌	H1471	5	0.80	H3605	0.2
𐤉𐤊𐤔𐤋𐤅	H3782	12	0.58		
𐤀𐤕𐤓𐤏𐤄𐤅	H7453	44	0.59	H853	0.2727272727272727
𐤅𐤔𐤍𐤀𐤅	H8130	3	0.67		
𐤅𐤍𐤁𐤉𐤀𐤉	H5030	4	1.00		
𐤅𐤌𐤐𐤍𐤉	H6440	37	0.95		
𐤉𐤓𐤁𐤄	H7235	21	0.95		
𐤄𐤓𐤔𐤏	H7563	37	0.46	H7562	0.2702702702702703
𐤀𐤄𐤁𐤕	H157	85	0.87	H160	0.7176470588235294
𐤅𐤕𐤒𐤓𐤀	H7121	52	0.52	H7122	0.19230769230769232
𐤁𐤕𐤁𐤋	H8398	8	1.00		
𐤊𐤋𐤄	H3605	121	0.65	H3615	0.859504132231405
𐤕𐤓𐤀𐤅	H7200	25	0.84		
𐤔𐤒𐤅𐤑	H8251	4	0.25		
𐤌𐤔𐤌𐤌	H8034	3	0.67	H8074	1.0
𐤄𐤀𐤌𐤅𐤓	H559	11	0.91		
𐤃𐤍𐤉𐤀𐤋	H1841	53	0.79	H1840	0.8867924528301887
𐤏𐤅𐤌𐤃	H5975	70	0.74		
𐤒𐤃𐤔	H6944	53	0.85	H6942	0.7358490566037735
𐤄𐤒𐤓𐤀	H7124	11	0.09	H7121	0.7272727272727273
𐤉𐤍𐤅𐤎𐤅	H5127	7	0.57		
𐤀𐤋𐤄𐤄𐤓𐤉𐤌	H2022	5	1.00	H413	0.2
𐤏𐤋𐤄𐤂𐤂	H1406	4	0.75	H5921	0.0
𐤀𐤋𐤉𐤓𐤃	H3381	3	0.00	H413	0.0
𐤌𐤁𐤉𐤕𐤅	H1004	19	0.89		
𐤀𐤋𐤉𐤔𐤁	H3427	3	1.00	H413	0.0
𐤅𐤀𐤅𐤉	H188	6	0.67		
𐤋𐤄𐤓𐤅𐤕	H3384	3	0.00		
𐤅𐤋𐤌𐤉𐤍𐤉𐤒𐤅𐤕	H3243	3	1.00		
𐤄𐤕𐤐𐤋𐤋𐤅	H6419	16	0.69		
𐤁𐤇𐤓𐤐	H2778	3	1.00		
𐤊𐤌𐤅𐤄	H3644	18	0.83		
𐤌𐤓𐤀𐤔𐤉𐤕	H7225	26	0.77		
𐤏𐤃𐤏𐤕𐤄	H6258	15	0.67	H5704	0.8666666666666667
𐤅𐤊𐤌𐤅𐤄	H3644	3	1.00		
𐤅𐤋𐤅𐤋𐤀	H3884	16	0.75		
𐤄𐤉𐤌𐤉𐤌	H3117	436	0.91	H3220	0.268348623853211
𐤊𐤋𐤁𐤔𐤓	H1320	8	0.88	H3605	0.375
𐤄𐤁𐤇𐤉𐤓𐤉𐤌	H970	7	0.57		
𐤉𐤒𐤑𐤓𐤅	H7114	4	0.25		
𐤀𐤋𐤕𐤀𐤌𐤉𐤍𐤅	H539	5	1.00	H413	0.4
𐤌𐤔𐤉𐤇𐤉	H2421	4	0.25	H4899	0.25
𐤀𐤕𐤅𐤕	H226	19	0.95		
𐤂𐤃𐤅𐤋𐤅𐤕	H1419	111	0.81		
𐤅𐤌𐤅𐤐𐤕𐤉𐤌	H4159	16	0.75		
𐤄𐤕𐤏𐤅𐤕	H8582	4	1.00		
𐤄𐤂𐤃𐤕𐤉	H5046	14	0.64		
𐤄𐤍𐤅	H2005	3	1.00		
𐤊𐤁𐤓𐤒	H7535	5	0.40	H1300	1.0
𐤄𐤐𐤂𐤓	H6297	4	1.00		
𐤉𐤒𐤁𐤑𐤅	H6908	5	0.80		
𐤄𐤍𐤔𐤓𐤉𐤌	H5404	4	0.00		
𐤑𐤓𐤕	H6869	23	0.39	H6887	0.4782608695652174
𐤕𐤇𐤔𐤊	H2821	3	1.00	H2820	1.0
𐤅𐤄𐤉𐤓𐤇	H3394	16	0.81		
𐤀𐤅𐤓𐤅	H216	4	0.75	H779	0.0
𐤅𐤄𐤊𐤅𐤊𐤁𐤉𐤌	H3556	9	0.89		
𐤉𐤐𐤋𐤅	H5307	38	0.89		
𐤅𐤊𐤇𐤅𐤕	H2334	5	0.00		
𐤉𐤓𐤀𐤄	H7200	155	0.79	H3372	0.7032258064516129
𐤅𐤎𐤐𐤃𐤅	H5594	3	1.00		
𐤏𐤌𐤏𐤍𐤍𐤉	H6030	5	0.60	H5973	0.4
𐤁𐤂𐤁𐤅𐤓𐤄	H1369	62	0.55		
𐤅𐤊𐤁𐤅𐤃	H3519	33	0.76		
𐤁𐤒𐤅𐤋	H6963	227	0.46		
𐤔𐤅𐤐𐤓	H7782	8	1.00		
𐤅𐤉𐤒𐤁𐤑𐤅	H6908	28	0.64		
𐤌𐤀𐤓𐤁𐤏	H702	16	0.88		
𐤅𐤏𐤃	H5704	187	0.59	H5705	0.42245989304812837
𐤒𐤑𐤄	H7097	46	0.70	H7093	0.5
𐤏𐤍𐤐𐤄	H6057	3	0.67	H6058	0.6666666666666666
𐤒𐤓𐤅𐤁	H7138	138	0.88		
𐤄𐤒𐤉𐤑	H6974	20	0.15	H7019	0.9
𐤁𐤓𐤀𐤅𐤕𐤊𐤌	H7200	4	1.00		
𐤃𐤏𐤅	H3045	21	0.95		
𐤊𐤉𐤒𐤓𐤅𐤁	H7138	6	1.00	H3588	0.8333333333333334
𐤋𐤐𐤕𐤇	H6607	20	0.95	H6605	0.7
𐤉𐤏𐤁𐤓	H5674	30	0.97		
𐤄𐤃𐤅𐤓	H1755	29	0.69	H1921	0.1724137931034483
𐤉𐤏𐤁𐤓𐤅	H5674	35	0.74		
𐤅𐤃𐤁𐤓𐤉	H1697	26	0.96		
𐤉𐤏𐤁𐤓𐤅𐤍	H5674	3	1.00		
𐤅𐤄𐤔𐤏𐤄	H3467	7	0.29		
𐤂𐤌𐤋𐤀	H3808	43	0.63	H1571	0.5348837209302325
𐤍𐤇	H5146	121	0.25	H5117	0.5950413223140496
𐤄𐤌𐤁𐤅𐤋	H3999	42	0.62		
𐤀𐤊𐤋𐤉𐤌	H398	7	0.86		
𐤅𐤔𐤕𐤉𐤌	H8147	48	0.69	H8354	0.3125
𐤍𐤔𐤀𐤉𐤌	H5375	6	0.83	H5387	0.16666666666666666
𐤋𐤀𐤍𐤔𐤉𐤌	H376	86	0.86		
𐤀𐤔𐤓𐤁𐤀	H935	8	0.62	H834	0.75
𐤀𐤋𐤄𐤕𐤁𐤄	H8392	4	0.00	H413	0.0
𐤉𐤃𐤏𐤅	H3045	211	0.90		
𐤏𐤃𐤁𐤅𐤀	H935	8	0.75	H5704	1.0
𐤅𐤉𐤔𐤇𐤕	H7843	11	0.82		
𐤀𐤕𐤊𐤋𐤌	H3605	16	0.19	H853	0.1875
𐤔𐤋	H5394	702	0.15	H7997	0.254985754985755
𐤉𐤀𐤎𐤐	H622	10	0.90	H3254	0.8
𐤕𐤀𐤎𐤐	H622	3	0.67		
𐤔𐤒𐤃𐤅	H8245	28	0.43		
𐤔𐤏𐤄	H8159	48	0.79	H8160	0.4791666666666667
𐤄𐤂𐤍𐤁	H1590	7	0.71	H1589	0.5714285714285714
𐤊𐤉𐤏𐤕𐤄	H6258	9	0.44	H3588	0.7777777777777778
𐤔𐤒𐤃	H8245	20	0.30	H8247	0.35
𐤋𐤇𐤕𐤓	H2864	3	0.00		
𐤍𐤊𐤅𐤍𐤉𐤌	H3559	50	0.90		
𐤄𐤍𐤀𐤌𐤍	H539	34	0.85		
𐤅𐤄𐤍𐤁𐤅𐤍	H995	3	1.00		
𐤄𐤐𐤒𐤉𐤃𐤅	H6485	13	0.92		
𐤁𐤁𐤅𐤀𐤅	H935	73	0.81		
𐤉𐤐𐤒𐤉𐤃𐤄𐤅	H6485	3	0.00		
𐤁𐤔𐤔	H8337	7	0.43	H954	0.5714285714285714
𐤋𐤄𐤊𐤅𐤕	H5221	35	0.57		
𐤅𐤀𐤊𐤋	H398	19	0.63	H401	0.10526315789473684
𐤅𐤁𐤔𐤏𐤄	H8159	15	0.67		
𐤅𐤉𐤔𐤉𐤌	H7760	6	0.67		
𐤀𐤕𐤇𐤋𐤒𐤅	H2506	3	1.00	H853	0.0
𐤕𐤃𐤌𐤄	H1820	5	0.40		
𐤋𐤏𐤔𐤓	H6239	4	0.75	H6235	0.5
𐤏𐤋𐤌𐤅𐤕	H4194	5	0.20	H5959	0.4
𐤅𐤕𐤑𐤀𐤍𐤄	H3318	3	0.33		
𐤇𐤌𐤔	H2568	147	0.71	H2567	0.14965986394557823
𐤅𐤇𐤌𐤔	H2568	118	0.61	H2567	0.19491525423728814
𐤏𐤌𐤄𐤍	H5973	10	0.70		
𐤔𐤌𐤍	H8081	34	0.76	H8082	0.029411764705882353
𐤁𐤇𐤑𐤅𐤕	H2351	5	0.00		
𐤄𐤋𐤉𐤋𐤄	H3915	125	0.67		
𐤑𐤏𐤒𐤄	H6818	40	0.20	H6817	0.475
𐤋𐤒𐤓𐤀𐤕𐤅	H7125	149	0.57	H7122	0.42953020134228187
𐤄𐤕𐤏𐤅𐤓𐤓𐤅	H5782	10	0.00		
𐤄𐤄𐤍	H1969	24	0.00		
𐤅𐤕𐤀𐤌𐤓𐤍𐤄	H559	9	0.33		
𐤕𐤍𐤄	H5414	29	0.41		
𐤅𐤉𐤁𐤅𐤀	H935	228	0.73		
𐤄𐤃𐤋𐤕	H1817	16	0.50		
𐤀𐤕𐤊𐤍	H3651	3	1.00	H853	0.0
𐤀𐤕𐤄𐤉𐤅𐤌	H3117	6	1.00	H853	0.5
𐤍𐤎𐤏	H5265	65	0.72		
𐤋𐤌𐤓𐤇𐤅𐤒	H7350	31	0.71		
𐤅𐤉𐤌𐤎𐤓	H4560	12	0.67		
𐤊𐤊𐤓𐤉𐤌	H3603	22	0.86	H3733	0.2727272727272727
𐤅𐤀𐤉𐤔	H376	242	0.76		
𐤏𐤓𐤊𐤅	H6187	18	0.61	H6186	0.8888888888888888
𐤄𐤋𐤒𐤇	H3947	10	0.80		
𐤂𐤌𐤄𐤅𐤀	H1931	31	0.19	H1571	0.2903225806451613
𐤄𐤀𐤇𐤕	H259	59	0.78		
𐤅𐤉𐤇𐤐𐤓	H2658	3	0.00		
𐤁𐤀𐤃𐤌𐤄	H127	20	0.90		
𐤄𐤊𐤊𐤓𐤉𐤌	H3603	3	1.00		
𐤌𐤎𐤓𐤕	H5493	6	0.33	H4562	0.0
𐤅𐤄𐤍𐤀𐤌𐤍	H5002	4	0.75		
𐤁𐤌𐤏𐤈	H4592	20	0.75		
𐤍𐤀𐤌𐤍	H539	105	0.80		
𐤄𐤉𐤉𐤕	H1961	35	0.83		
𐤄𐤉𐤈𐤁𐤕	H3190	5	1.00		
𐤉𐤃𐤏𐤕𐤉𐤊	H3045	3	1.00		
𐤒𐤑𐤓	H7116	55	0.55	H7114	0.23636363636363636
𐤌𐤀𐤔𐤓	H834	161	0.75	H833	0.4161490683229814
𐤅𐤀𐤉𐤓𐤀	H3372	4	1.00		
𐤅𐤀𐤋𐤊	H3212	22	0.50		
𐤄𐤀𐤋𐤊	H3212	4	0.50		
𐤀𐤔𐤓𐤋𐤊	H834	3	0.00		
𐤉𐤃𐤏𐤕	H3045	66	0.91	H3046	0.7121212121212122
𐤁𐤁𐤅𐤀𐤉	H935	9	1.00		
𐤄𐤉𐤉𐤕𐤉	H1961	112	0.65		
𐤀𐤔𐤓𐤋𐤉	H834	3	0.33		
𐤁𐤓𐤁𐤉𐤕	H7237	3	0.33		
𐤔𐤀𐤅	H5375	8	0.75	H7582	0.25
𐤄𐤊𐤊𐤓	H3603	25	0.56		
𐤅𐤕𐤍𐤅	H5414	7	1.00		
𐤄𐤁𐤋𐤉𐤏𐤋	H1100	12	0.58		
𐤁𐤊𐤁𐤅𐤃𐤅	H3519	13	0.85		
𐤄𐤒𐤃𐤅𐤔𐤉𐤌	H6918	48	0.83		
𐤅𐤍𐤀𐤎𐤐𐤅	H622	6	1.00		
𐤊𐤋𐤄𐤂𐤅𐤉𐤌	H1471	10	0.90	H3605	0.4
𐤁𐤉𐤍𐤅𐤕𐤌	H1323	5	0.00		
𐤉𐤐𐤓𐤉𐤃	H6504	3	0.67		
𐤄𐤓𐤏𐤄	H7451	229	0.80	H7462	0.5545851528384279
𐤄𐤊𐤁𐤔𐤉𐤌	H3532	3	0.33		
𐤋𐤉𐤌𐤉𐤍𐤅	H3225	14	0.79		
𐤋𐤔𐤌𐤀𐤋𐤅	H8040	8	0.88		
𐤀𐤕𐤄𐤌𐤋𐤊𐤅𐤕	H4438	3	1.00	H853	0.3333333333333333
𐤑𐤌𐤀	H6771	10	0.80	H6772	0.8
𐤏𐤓𐤅𐤌	H6174	21	0.19	H6191	0.38095238095238093
𐤇𐤅𐤋𐤄	H2470	22	0.68		
𐤅𐤏𐤍𐤅	H6031	13	0.46	H6030	0.6153846153846154
𐤅𐤀𐤌𐤓𐤅	H559	66	0.83		
𐤓𐤀𐤉𐤍𐤅𐤊	H7200	4	1.00		
𐤏𐤓𐤌	H6174	7	0.86	H5903	0.8571428571428571
𐤅𐤄𐤌𐤋𐤊	H4428	118	0.87		
𐤋𐤀𐤇𐤃	H259	61	0.84		
𐤌𐤀𐤇𐤉	H251	3	0.67		
𐤄𐤑𐤏𐤉𐤓𐤉𐤌	H6819	48	0.29		
𐤏𐤔𐤉𐤕𐤌	H6213	47	0.85		
𐤋𐤔𐤈𐤍	H7854	59	0.25		
𐤀𐤎𐤐𐤕𐤌	H622	3	0.33		
𐤅𐤁𐤌𐤔𐤌𐤓	H4929	3	1.00		
𐤂𐤌𐤋𐤉	H1582	4	0.00	H1581	0.0
𐤅𐤄𐤑𐤃𐤉𐤒𐤉𐤌	H6662	5	1.00		
𐤋𐤇𐤉𐤉	H2416	62	0.82	H2417	0.45161290322580644
𐤊𐤋𐤄𐤃𐤁𐤓𐤉𐤌	H1697	10	0.70	H3605	0.0
𐤉𐤅𐤌𐤉𐤌	H3117	16	1.00		
𐤄𐤐𐤎𐤇	H6453	40	0.75	H6455	0.025
𐤀𐤋𐤇𐤑𐤓	H2691	3	0.33	H413	0.3333333333333333
𐤄𐤊𐤄𐤍	H3548	308	0.95		
𐤒𐤉𐤐𐤀	H7087	7	0.00		
𐤅𐤉𐤅𐤏𐤑𐤅	H3289	19	0.47		
𐤋𐤕𐤐𐤔	H8610	21	0.81		
𐤁𐤏𐤓𐤌𐤄	H6195	44	0.23		
𐤅𐤋𐤄𐤌𐤉𐤕𐤅	H4191	5	1.00		
𐤀𐤊𐤋𐤀	H3607	9	0.00		
𐤁𐤇𐤂	H2282	21	0.90		
𐤐𐤍𐤕𐤄𐤉𐤄	H1961	5	0.40	H6435	0.4
𐤌𐤄𐤅𐤌𐤄	H4103	53	0.45		
𐤁𐤄𐤉𐤅𐤕	H1961	97	0.71		
𐤅𐤁𐤉𐤃𐤄	H3027	3	0.67		
𐤏𐤋𐤓𐤀𐤔𐤅	H7218	10	0.90	H5921	0.4
𐤏𐤋𐤌𐤄	H4100	14	0.00	H5921	0.6428571428571429
𐤁𐤌𐤇𐤉𐤓	H4242	29	0.34		
𐤅𐤋𐤕𐤕𐤅	H5414	4	1.00		
𐤀𐤕𐤄𐤀𐤔𐤄	H802	7	1.00	H853	0.42857142857142855
𐤌𐤏𐤔𐤄	H4639	216	0.69		
𐤏𐤔𐤕𐤄	H6213	55	0.87		
𐤏𐤍𐤉𐤉𐤌	H6041	7	0.86		
𐤕𐤒𐤓𐤀	H7121	16	0.69	H7122	0.0625
𐤄𐤁𐤔𐤅𐤓𐤄	H1309	50	0.70		
𐤉𐤎𐤐𐤓	H5608	22	0.55		
𐤋𐤆𐤊𐤓𐤅𐤍	H2146	33	0.64		
𐤌𐤔𐤍𐤉𐤌	H8147	14	0.86	H4932	0.0
𐤁𐤉𐤃𐤊𐤌	H3027	23	0.83		
𐤁𐤒𐤔	H1245	104	0.68		
𐤋𐤌𐤎𐤓	H5493	13	0.77	H4560	0.9230769230769231
𐤁𐤓𐤀𐤔𐤅𐤍	H7223	7	1.00		
𐤋𐤇𐤂	H2287	29	0.83		
𐤀𐤕𐤄𐤐𐤎𐤇	H6453	14	1.00	H853	0.0
𐤄𐤓𐤁	H7227	66	0.94	H7235	0.9393939393939394
𐤏𐤕𐤉	H6262	4	0.00	H6256	0.75
𐤒𐤓𐤅𐤁𐤄	H7138	31	0.90		
𐤀𐤏𐤔𐤄	H6213	54	0.61		
𐤑𐤅𐤌	H6685	22	0.32	H6680	0.6818181818181818
𐤅𐤉𐤊𐤉𐤍𐤅	H3559	10	0.70		
𐤅𐤁𐤀𐤊𐤋𐤌	H398	4	0.50		
𐤈𐤁𐤋	H2881	3	0.00		
𐤄𐤋𐤅𐤊	H1980	94	0.79		
𐤊𐤊𐤕𐤅𐤁	H3789	37	0.03		
𐤄𐤌𐤎𐤓	H5493	5	0.60		
𐤀𐤌𐤓𐤕	H559	51	0.84	H560	0.6078431372549019
𐤅𐤉𐤁𐤑𐤏	H1214	7	0.43		
𐤒𐤇𐤅	H3947	14	0.50		
𐤅𐤀𐤊𐤋𐤅	H398	9	0.56	H399	0.5555555555555556
𐤔𐤕𐤅	H8354	22	0.32	H7896	0.3181818181818182
𐤃𐤌𐤉	H1818	22	0.45	H1826	0.3181818181818182
𐤃𐤌𐤄𐤁𐤓𐤉𐤕	H1285	3	1.00	H1818	1.0
𐤄𐤇𐤃𐤔𐤄	H2319	24	0.71		
𐤀𐤔𐤕𐤄	H8354	8	0.75		
𐤌𐤕𐤍𐤅𐤁𐤕	H8570	3	1.00		
𐤄𐤂𐤐𐤍	H1612	12	0.92		
𐤇𐤃𐤔𐤄	H2319	42	0.52	H2322	0.6428571428571429
𐤕𐤊𐤔𐤋𐤅	H3782	5	0.80		
𐤀𐤊𐤄	H5221	3	1.00		
𐤀𐤕𐤄𐤓𐤏𐤄	H7451	5	0.40	H853	0.4
𐤄𐤑𐤀𐤍	H6629	40	0.55		
𐤒𐤅𐤌𐤉	H6965	13	0.08	H6966	0.07692307692307693
𐤀𐤋𐤊	H3212	29	0.45		
𐤄𐤂𐤋𐤉𐤋𐤄	H1551	12	0.00	H1552	0.08333333333333333
𐤕𐤊𐤇𐤔	H3584	4	0.75		
𐤊𐤉𐤉𐤄𐤉𐤄	H1961	5	0.40	H3588	1.0
𐤊𐤇𐤔	H3584	15	0.73	H3585	0.06666666666666667
𐤅𐤄𐤕𐤐𐤋𐤋𐤕𐤉	H6419	3	1.00		
𐤅𐤔𐤒𐤃𐤅	H8245	6	0.67		
𐤌𐤏𐤈	H4592	358	0.80	H4591	0.8156424581005587
𐤄𐤋𐤀𐤄	H1973	36	0.81		
𐤏𐤋𐤐𐤍𐤉𐤅	H6440	8	1.00	H5921	0.625
𐤀𐤌𐤉𐤅𐤊𐤋	H3201	6	0.83	H518	0.5
𐤅𐤉𐤌𐤑𐤀𐤌	H4672	10	0.50		
𐤉𐤔𐤍𐤉𐤌	H3462	16	0.75	H3465	0.0625
𐤁𐤉𐤊𐤋𐤕𐤊𐤌	H3201	3	1.00		
𐤋𐤔𐤒𐤃	H8245	7	0.57		
𐤇𐤐𐤑𐤄	H2656	30	0.57	H2655	0.8333333333333334
𐤅𐤄𐤁𐤔𐤓	H1320	4	1.00		
𐤓𐤐𐤄	H7503	15	0.60	H7504	0.3333333333333333
𐤔𐤍𐤉𐤕	H8145	113	0.88		
𐤌𐤁𐤋𐤉	H1097	250	0.83		
𐤁𐤐𐤏𐤌	H6471	124	0.82		
𐤊𐤁𐤃𐤅𐤕	H3515	5	1.00		
𐤅𐤉𐤍𐤉𐤇𐤌	H3240	5	0.80		
𐤔𐤋𐤉𐤔𐤉𐤕	H7992	28	1.00		
𐤅𐤍𐤅𐤇𐤅	H5117	3	1.00		
𐤄𐤔𐤏𐤄	H8159	58	0.83		
𐤅𐤍𐤋𐤊𐤄	H3212	18	0.39		
𐤄𐤅𐤋𐤊	H1980	141	0.73	H3212	0.6028368794326241
𐤅𐤒𐤓𐤁	H7131	26	0.31	H7126	0.6923076923076923
𐤅𐤏𐤌𐤅	H5973	61	0.62	H5971	0.45901639344262296
𐤁𐤇𐤓𐤁𐤅𐤕	H2723	21	0.24	H2719	0.8571428571428571
𐤅𐤁𐤌𐤒𐤋𐤅𐤕	H4731	6	0.50		
𐤁𐤉𐤔𐤅𐤏	H3442	23	0.17		
𐤅𐤉𐤕𐤐𐤔𐤅	H8610	18	0.17		
𐤌𐤍𐤄𐤀𐤍𐤔𐤉𐤌	H376	5	0.80	H4480	0.4
𐤅𐤉𐤔𐤋𐤐	H8025	3	0.00		
𐤇𐤓𐤁𐤅	H2719	48	0.60	H2717	0.4791666666666667
𐤅𐤉𐤊	H5221	80	0.44		
𐤀𐤕𐤏𐤁𐤃	H5650	5	1.00	H853	0.4
𐤅𐤉𐤒𐤑𐤑	H7112	6	0.50		
𐤀𐤕𐤀𐤆𐤍𐤅	H241	5	1.00	H853	0.2
𐤄𐤔𐤁	H7725	15	0.93		
𐤁𐤇𐤓𐤁	H2719	127	0.48	H2722	0.15748031496062992
𐤉𐤊𐤋𐤕𐤉	H3201	12	0.67		
𐤉𐤌𐤋𐤀𐤅	H4390	11	0.82		
𐤄𐤊𐤕𐤅𐤁𐤉𐤌	H3789	35	0.17		
𐤅𐤉𐤅𐤌	H3117	39	0.90		
𐤅𐤌𐤋𐤌𐤃	H3925	4	0.75		
𐤀𐤑𐤋𐤊𐤌	H681	15	0.20		
𐤊𐤕𐤁𐤉	H3789	16	0.50		
𐤏𐤆𐤁𐤅𐤄𐤅	H5800	5	0.40		
𐤄𐤅𐤋𐤉𐤊𐤄𐤅	H1980	3	1.00		
𐤅𐤄𐤆𐤒𐤍𐤉𐤌	H2205	30	0.63		
𐤋𐤇𐤑𐤓	H2691	6	1.00		
𐤐𐤍𐤉𐤌𐤄	H6441	34	0.18		
𐤀𐤑𐤋	H681	175	0.37	H5337	0.76
𐤄𐤌𐤔𐤓𐤕𐤉𐤌	H8334	32	0.62		
𐤏𐤃𐤅𐤕	H5715	46	0.70	H7802	0.0
𐤋𐤄𐤌𐤉𐤕𐤅	H4191	65	0.91		
𐤅𐤀𐤐	H637	276	0.77	H639	0.6231884057971014
𐤁𐤉𐤊𐤋𐤕𐤉	H3615	4	1.00		
𐤋𐤄𐤓𐤎	H2040	6	1.00		
𐤀𐤕𐤄𐤉𐤊𐤋	H1964	5	1.00	H853	0.0
𐤅𐤋𐤔𐤅𐤁	H7725	17	0.94		
𐤋𐤁𐤍𐤅𐤕𐤅	H1129	7	0.86		
𐤁𐤔𐤋𐤔𐤕	H7969	7	1.00		
𐤄𐤀𐤉𐤍𐤊	H369	13	0.77		
𐤌𐤔𐤉𐤁	H7725	8	1.00		
𐤄𐤇𐤓𐤉𐤔	H2758	7	0.57	H2790	0.8571428571428571
𐤁𐤀𐤋𐤄𐤉𐤌	H430	79	0.62		
𐤋𐤉𐤌𐤉𐤍	H3225	26	0.85	H3226	0.34615384615384615
𐤄𐤂𐤁𐤅𐤓𐤄	H1377	24	0.00		
𐤅𐤉𐤒𐤓𐤏	H7167	17	0.18		
𐤀𐤕𐤁𐤂𐤃𐤉𐤅	H899	12	1.00	H853	0.16666666666666666
𐤂𐤃𐤐	H1442	5	0.80		
𐤅𐤉𐤓𐤒𐤅	H3419	5	0.00		
𐤁𐤐𐤍𐤉𐤅	H6440	23	0.96		
𐤅𐤉𐤊𐤄𐤅	H5221	31	0.71		
𐤁𐤀𐤂𐤓𐤅𐤐	H106	3	0.33		
𐤄𐤊𐤄𐤅	H5221	4	0.75		
𐤄𐤍𐤁𐤀	H5012	3	1.00		
𐤁𐤇𐤑𐤓	H2691	37	0.46		
𐤅𐤕𐤂𐤔	H5066	6	0.67		
𐤔𐤐𐤇𐤄	H8198	7	0.71		
𐤄𐤂𐤋𐤉𐤋𐤉	H1551	5	0.60		
𐤅𐤉𐤊𐤇𐤔	H3584	7	0.14		
𐤁𐤐𐤍𐤉	H6440	114	0.96		
𐤄𐤔𐤏𐤓	H8179	64	0.78	H7778	0.015625
𐤅𐤕𐤓𐤀	H7200	40	0.78		
𐤂𐤌𐤆𐤄	H2088	3	0.00	H1571	0.3333333333333333
𐤄𐤍𐤑𐤓𐤉	H5341	17	0.12		
𐤋𐤊𐤇𐤔	H3584	14	0.57		
𐤀𐤕𐤄𐤀𐤉𐤔	H376	19	0.47	H853	0.2631578947368421
𐤅𐤊𐤌𐤏𐤈	H4592	67	0.70		
𐤄𐤏𐤌𐤃𐤉𐤌	H5975	19	0.68	H5982	0.2631578947368421
𐤌𐤂𐤋𐤄	H4039	9	0.00	H1540	0.7777777777777778
𐤋𐤄𐤇𐤓𐤉𐤌	H2763	4	0.50		
𐤅𐤋𐤄𐤔𐤁𐤏	H7650	4	1.00		
𐤅𐤉𐤆𐤊𐤓	H2142	16	0.88		
𐤄𐤇𐤅𐤑𐤄	H2351	44	0.34		
𐤅𐤉𐤌𐤓𐤓	H4847	3	0.00		
𐤁𐤁𐤊𐤉	H1065	23	0.35		
𐤄𐤁𐤒𐤓	H1241	60	0.52	H1242	0.65
𐤏𐤋𐤉𐤔𐤅𐤏	H3442	3	0.33	H5921	1.0
𐤅𐤉𐤀𐤎𐤓𐤅	H631	10	0.10		
𐤅𐤉𐤅𐤋𐤉𐤊𐤄𐤅	H3212	18	0.78		
𐤅𐤉𐤌𐤎𐤓𐤄𐤅	H4149	4	0.00		
𐤄𐤍𐤑𐤉𐤁	H5324	41	0.46		
𐤅𐤉𐤍𐤇𐤌	H5162	14	0.43	H5148	0.21428571428571427
𐤄𐤊𐤎𐤐	H3701	164	0.78		
𐤀𐤋𐤄𐤊𐤄𐤍𐤉𐤌	H3548	3	1.00	H413	0.0
𐤇𐤈𐤀𐤕𐤉	H2398	15	0.60	H2403	0.3333333333333333
𐤅𐤋𐤆𐤀𐤕	H2063	5	0.60		
𐤀𐤕𐤄𐤊𐤎𐤐	H3701	7	0.86	H853	0.14285714285714285
𐤀𐤋𐤄𐤄𐤉𐤊𐤋	H1964	3	0.67	H413	0.3333333333333333
𐤋𐤀𐤍𐤊𐤅𐤍	H3559	3	0.00	H3808	0.0
𐤋𐤕𐤕𐤅	H5414	11	0.64		
𐤄𐤒𐤓𐤁𐤍	H7133	29	0.97		
𐤃𐤌𐤉𐤌	H1818	11	0.09	H6450	0.18181818181818182
𐤄𐤉𐤅𐤑𐤓	H3335	6	0.50		
𐤋𐤒𐤁𐤅𐤓𐤕	H6913	3	0.67		
𐤄𐤂𐤓𐤉𐤌	H1481	13	0.85	H1616	0.7692307692307693
𐤔𐤃𐤄	H7704	35	0.51	H7705	0.2571428571428571
𐤀𐤃𐤓	H143	15	0.53	H5853	0.6
𐤄𐤉𐤒𐤓	H3368	16	0.62	H3366	0.5625
𐤑𐤅𐤍𐤉	H6680	17	0.82		
𐤄𐤏𐤌𐤃	H5975	31	0.65	H5982	0.12903225806451613
𐤌𐤏𐤉𐤃𐤉𐤌	H3259	12	0.58		
𐤏𐤍𐤄𐤅	H6030	8	1.00		
𐤋𐤐𐤈𐤓	H6363	6	0.00		
𐤀𐤎𐤉𐤓	H5493	15	0.53	H615	0.7333333333333333
𐤉𐤇𐤐𐤑𐤅	H2654	35	0.94		
𐤅𐤁𐤏𐤕	H6256	154	0.97		
𐤉𐤃𐤅𐤏	H3037	46	0.28	H3045	0.8913043478260869
𐤍𐤒𐤄𐤋𐤅	H6950	11	0.64		
𐤀𐤕𐤌𐤉	H853	6	0.00		
𐤌𐤎𐤓𐤅	H5493	24	0.75		
𐤅𐤕𐤔𐤋𐤇	H7971	34	0.59		
𐤀𐤔𐤕𐤅	H802	179	0.86		
𐤁𐤏𐤁𐤅𐤓𐤅	H5668	21	0.67		
𐤏𐤍𐤉𐤕𐤉	H6031	7	0.29	H6030	0.8571428571428571
𐤐𐤕𐤅	H6595	3	0.00		
𐤅𐤋𐤀𐤁𐤃	H6	9	0.78		
𐤌𐤄𐤀𐤐𐤅𐤀	H645	7	0.14		
𐤅𐤉𐤅𐤎𐤉𐤐𐤅	H3254	36	0.53		
𐤑𐤏𐤒	H6817	17	0.65		
𐤅𐤓𐤁𐤕𐤄	H7235	4	0.75		
𐤄𐤌𐤄𐤅𐤌𐤄	H4103	23	0.43		
𐤅𐤉𐤓𐤇𐤑	H7364	6	0.83		
𐤋𐤏𐤉𐤍𐤉	H5869	144	0.81		
𐤌𐤃𐤌	H1818	13	0.38		
𐤊𐤋𐤄𐤏𐤌	H5971	37	0.65	H3605	0.2702702702702703
𐤏𐤋𐤉𐤍𐤅	H5921	335	0.85	H5927	0.7283582089552239
𐤐𐤈𐤓	H6363	8	0.25	H6362	0.375
𐤄𐤊𐤄	H5221	62	0.58		
𐤄𐤑𐤁𐤀	H6635	453	0.94		
𐤋𐤍𐤑𐤉𐤁	H5333	14	0.29		
𐤅𐤉𐤁𐤉𐤀𐤄𐤅	H935	42	0.83		
𐤌𐤏𐤉𐤋	H4598	10	0.80		
𐤅𐤉𐤔𐤓𐤂𐤅	H8276	3	0.33		
𐤒𐤑𐤉𐤌	H6975	4	0.75		
𐤏𐤈𐤓𐤕	H5850	28	0.57	H5849	0.6071428571428571
𐤁𐤉𐤌𐤉𐤍𐤅	H3225	19	0.84		
𐤄𐤐𐤔𐤉𐤈𐤅	H6584	5	0.00		
𐤀𐤋𐤄𐤌𐤒𐤅𐤌	H4725	17	0.88	H413	0.4117647058823529
𐤅𐤉𐤕𐤍𐤅𐤋𐤅	H5414	3	0.67		
𐤋𐤔𐤕𐤅𐤕	H8354	47	0.72		
𐤇𐤌𐤑	H2557	6	0.17	H2558	0.6666666666666666
𐤅𐤉𐤈𐤏𐤌	H2940	6	0.33		
𐤅𐤉𐤇𐤋𐤒𐤅	H2505	14	0.64		
𐤅𐤂𐤅𐤓𐤋	H1486	4	0.75		
𐤄𐤐𐤉𐤋𐤅	H5307	12	1.00		
𐤉𐤇𐤋𐤒𐤅	H2505	9	1.00		
𐤂𐤅𐤓𐤋	H1486	31	0.45		
𐤅𐤉𐤔𐤌𐤓𐤅	H8104	9	0.89		
𐤀𐤔𐤌𐤕𐤅	H819	7	0.43		
𐤋𐤓𐤀𐤔𐤅	H7218	10	0.90		
𐤅𐤄𐤏𐤁𐤓𐤉𐤌	H5674	22	0.95	H5680	0.7272727272727273
𐤂𐤃𐤐𐤅	H1442	5	0.60		
𐤅𐤉𐤍𐤉𐤏𐤅	H5128	3	0.33		
𐤄𐤄𐤓𐤎	H2041	3	0.00		
𐤀𐤕𐤄𐤄𐤉𐤊𐤋	H1964	5	0.80	H853	0.0
𐤄𐤅𐤔𐤏	H1954	15	0.47	H3467	0.8666666666666667
𐤋𐤍𐤐𐤔𐤊	H5315	13	0.77		
𐤓𐤃𐤄	H3381	6	0.67	H7287	0.3333333333333333
𐤄𐤋𐤏𐤉𐤂𐤅	H3933	3	0.00		
𐤀𐤕𐤀𐤇𐤓𐤉𐤌	H312	3	1.00	H853	0.0
𐤄𐤅𐤔𐤉𐤏	H3467	9	0.56		
𐤅𐤍𐤀𐤌𐤉𐤍	H539	3	1.00		
𐤁𐤈𐤇	H982	52	0.48	H983	0.7115384615384616
𐤄𐤐𐤓𐤉𐤑𐤉𐤌	H6555	5	0.40		
𐤊𐤃𐤁𐤓𐤉𐤌	H1697	103	0.91		
𐤅𐤌𐤍	H4480	126	0.80	H4481	0.8571428571428571
𐤏𐤋𐤊𐤋𐤄𐤀𐤓𐤑	H776	7	0.86	H5921	0.5714285714285714
𐤄𐤕𐤔𐤉𐤏𐤉𐤕	H8671	18	0.94		
𐤏𐤆𐤁𐤕𐤍𐤉	H5800	6	0.67		
𐤌𐤒𐤑𐤕	H7098	50	0.04		
𐤅𐤉𐤓𐤑	H7323	54	0.15		
𐤅𐤉𐤔𐤒𐤄𐤅	H5401	15	0.27	H8248	0.3333333333333333
𐤅𐤔𐤀𐤓	H7605	36	0.81	H7606	0.6388888888888888
𐤅𐤍𐤓𐤀𐤄	H7200	27	0.74		
𐤀𐤌𐤉𐤁𐤅𐤀	H935	4	0.75	H518	0.75
𐤋𐤄𐤅𐤔𐤉𐤏𐤅	H1954	4	0.25		
𐤇𐤍𐤉𐤕	H2595	13	0.77		
𐤄𐤅𐤎𐤉𐤐	H5488	115	0.03	H3254	0.808695652173913
𐤓𐤅𐤇𐤅	H7307	104	0.65		
𐤍𐤒𐤓𐤏𐤄	H7167	4	0.25		
𐤐𐤓𐤊𐤕	H6532	3	1.00		
𐤌𐤋𐤌𐤏𐤋𐤄	H4605	30	0.67	H4608	0.3333333333333333
𐤋𐤔𐤍𐤉𐤌	H8147	31	0.87	H8141	0.6774193548387096
𐤒𐤓𐤏𐤉𐤌	H7168	5	0.00	H7167	0.0
𐤍𐤁𐤒𐤏𐤅	H1234	9	0.67		
𐤍𐤐𐤕𐤇𐤅	H6605	8	1.00		
𐤀𐤃𐤌𐤕	H127	9	0.56		
𐤍𐤏𐤅𐤓𐤅	H5288	4	0.00		
𐤄𐤒𐤉𐤑𐤅	H6974	4	0.75		
𐤄𐤒𐤃𐤅𐤔𐤄	H6918	37	0.68		
𐤋𐤓𐤁𐤉𐤌	H7227	27	0.81		
𐤄𐤔𐤌𐤓𐤉𐤌	H8104	11	1.00		
𐤍𐤄𐤉𐤕𐤄	H1961	11	0.73		
𐤀𐤊𐤍	H403	69	0.26	H3655	0.2318840579710145
𐤋𐤔𐤓𐤕𐤅	H8334	6	0.50		
𐤅𐤁𐤕𐤅𐤊𐤍	H8432	6	1.00		
𐤄𐤌𐤂𐤃𐤋𐤉𐤕	H4026	11	0.18		
𐤅𐤌𐤓𐤉𐤌	H4813	27	0.07	H7311	0.2962962962962963
𐤅𐤂𐤌𐤄𐤅𐤀	H1931	4	0.00	H1571	0.0
𐤌𐤕𐤋𐤌𐤉𐤃𐤉	H8527	3	0.00	H4519	0.0
𐤀𐤕𐤂𐤅𐤉𐤕	H1471	4	0.00	H853	0.0
𐤁𐤎𐤃𐤉𐤍	H5466	4	0.75		
𐤈𐤄𐤅𐤓	H2889	41	0.51	H2890	0.0
𐤅𐤉𐤔𐤉𐤌𐤄	H7760	7	0.71		
𐤁𐤒𐤁𐤓	H6913	19	0.26		
𐤁𐤎𐤋𐤏	H5553	5	0.80		
𐤅𐤉𐤂𐤋	H1540	18	0.67	H1556	0.5
𐤏𐤋𐤐𐤕𐤇	H6607	3	1.00	H5921	1.0
𐤄𐤒𐤁𐤓	H6913	17	0.35		
𐤉𐤔𐤁𐤅𐤕	H3427	3	0.00	H7673	0.3333333333333333
𐤌𐤌𐤅𐤋	H4136	20	0.65		
𐤌𐤌𐤇𐤓𐤕	H4283	39	0.64		
𐤆𐤊𐤓𐤍𐤅	H2142	5	1.00		
𐤄𐤌𐤕𐤏𐤄	H8582	3	1.00		
𐤁𐤏𐤅𐤃𐤍𐤅	H5750	22	0.86		
𐤇𐤉	H2416	257	0.81	H2421	0.6809338521400778
𐤌𐤒𐤑𐤄	H7097	17	0.53	H7096	0.0
𐤀𐤒𐤅𐤌	H6965	3	0.67		
𐤐𐤍𐤉𐤁𐤀𐤅	H935	3	0.67	H6435	0.3333333333333333
𐤌𐤔𐤌𐤓	H4929	86	0.53		
𐤀𐤕𐤄𐤀𐤁𐤍	H68	7	1.00	H853	0.0
𐤅𐤉𐤏𐤌𐤉𐤃𐤅	H5975	12	0.67		
𐤌𐤅𐤑𐤀𐤉	H4161	25	0.76	H3318	0.92
𐤓𐤏𐤔	H7494	24	0.79		
𐤉𐤓𐤃	H3381	97	0.45	H7287	0.4020618556701031
𐤌𐤓𐤀𐤄𐤅	H4758	14	0.71		
𐤋𐤁𐤍	H3837	187	0.30	H1121	0.9090909090909091
𐤊𐤔𐤋𐤂	H7950	5	0.80		
𐤅𐤉𐤄𐤉𐤅	H1961	194	0.62		
𐤊𐤌𐤕𐤉𐤌	H4191	3	0.67		
𐤄𐤌𐤋𐤀𐤊	H4397	80	0.69		
𐤀𐤕𐤄𐤌𐤒𐤅𐤌	H4725	15	0.80	H853	0.2
𐤕𐤓𐤀𐤄𐤅	H7200	4	1.00		
𐤌𐤍𐤄𐤒𐤁𐤓	H6913	5	0.00	H4480	0.2
𐤁𐤉𐤓𐤀𐤄	H7200	13	0.77	H3374	0.6153846153846154
𐤅𐤁𐤔𐤌𐤇𐤄	H8057	8	0.12		
𐤋𐤄𐤂𐤉𐤃	H5046	87	0.85		
𐤄𐤋𐤊𐤅𐤕	H1980	5	0.80	H1979	0.0
𐤍𐤒𐤓𐤄	H7136	5	0.60		
𐤀𐤋𐤉𐤄𐤍	H413	42	0.71		
𐤁𐤓𐤂𐤋𐤉𐤅	H7272	17	0.65		
𐤋𐤀𐤇𐤉	H251	8	1.00		
𐤌𐤍𐤄𐤌𐤔𐤌𐤓	H4929	3	1.00	H4480	0.3333333333333333
𐤋𐤓𐤁	H7230	69	0.78	H7227	0.8840579710144928
𐤁𐤄𐤉𐤅𐤕𐤍𐤅	H1961	16	0.50		
𐤁𐤋𐤉𐤐𐤇𐤃	H6343	3	0.67	H1097	0.6666666666666666
𐤅𐤌𐤒𐤑𐤕𐤌	H7117	37	0.65		
𐤁𐤋𐤁𐤌	H3820	84	0.76		
𐤍𐤕𐤍𐤋𐤉	H5414	8	0.88		
𐤅𐤁𐤀𐤓𐤑	H776	39	0.64		
𐤅𐤏𐤔𐤅	H6213	63	0.68	H6215	0.31746031746031744
𐤅𐤄𐤁𐤍	H1121	4	1.00	H995	0.5
𐤅𐤓𐤅𐤇	H7307	49	0.78	H7304	0.3877551020408163
𐤅𐤋𐤌𐤃𐤕𐤌	H3925	3	0.67		
𐤋𐤔𐤌𐤓	H8104	65	0.82		
𐤑𐤅𐤉𐤕𐤉	H6680	46	0.76		
𐤊𐤋𐤄𐤉𐤌𐤉𐤌	H3117	14	0.71	H3605	0.2857142857142857
𐤁𐤍𐤁𐤉𐤀𐤉𐤌	H5030	6	0.83		
𐤅𐤐𐤍𐤄	H6437	20	0.90		
𐤃𐤓𐤊𐤊	H1870	11	0.18		
𐤅𐤒𐤅𐤓𐤀	H6981	8	0.62		
𐤄𐤕𐤔𐤅𐤁𐤄	H7725	16	0.56		
𐤄𐤇𐤈𐤀𐤉𐤌	H2400	32	0.41		
𐤅𐤁𐤍𐤉	H1121	264	0.88	H1129	0.4696969696969697
𐤁𐤍𐤄𐤓	H5104	5	0.80		
𐤄𐤇𐤆𐤒	H2388	17	0.82	H2389	0.5294117647058824
𐤅𐤋𐤄𐤕𐤉𐤓	H1956	4	0.00		
𐤈𐤁𐤋𐤕𐤉	H2881	4	0.00		
𐤅𐤉𐤈𐤁𐤋	H2881	7	0.14		
𐤀𐤕𐤄𐤔𐤌𐤉𐤌	H8064	16	0.88	H853	0.3125
𐤉𐤓𐤃𐤕	H3381	5	0.80		
𐤄𐤅𐤑𐤉𐤀𐤅	H3318	38	0.92		
𐤅𐤄𐤌𐤋𐤀𐤊𐤉𐤌	H4397	13	0.69		
𐤀𐤕𐤁𐤔𐤅𐤓𐤕	H7794	12	0.00	H853	0.08333333333333333
𐤌𐤋𐤀𐤄	H4390	77	0.83	H4392	0.5974025974025974
𐤅𐤄𐤂𐤉𐤏𐤄	H5060	5	0.80		
𐤅𐤄𐤀𐤌𐤉𐤍𐤅	H539	5	0.60		
𐤁𐤁𐤔𐤅𐤓𐤄	H1320	3	0.00		
𐤁𐤄𐤕𐤄𐤋𐤊𐤅	H1980	3	1.00		
𐤐𐤓𐤔𐤉𐤌	H6571	69	0.86	H6566	0.2753623188405797
𐤀𐤋𐤊𐤐𐤓	H3724	10	0.50	H413	0.7
𐤍𐤇𐤅𐤌	H5149	9	0.00	H5151	0.2222222222222222
𐤄𐤊𐤍𐤎𐤕	H5127	43	0.19		
𐤊𐤉𐤄𐤉𐤄	H1961	7	0.57	H3588	0.5714285714285714
𐤀𐤔𐤓𐤓𐤅𐤇	H7307	3	1.00	H834	0.0
𐤈𐤌𐤀𐤄	H2931	13	0.69	H2930	0.6153846153846154
𐤀𐤄𐤄	H162	10	0.00		
𐤋𐤄𐤀𐤁𐤉𐤃𐤍𐤅	H6	3	1.00		
𐤒𐤃𐤅𐤔	H6918	50	0.52		
𐤅𐤑𐤀	H3318	5	0.80		
𐤅𐤉𐤁𐤄𐤋𐤅	H926	19	0.37		
𐤌𐤄𐤆𐤀𐤕	H2063	9	0.22	H4100	0.0
𐤌𐤄𐤄𐤉𐤀	H1931	8	0.00	H4100	0.0
𐤑𐤀𐤕𐤌	H3318	17	0.94		
𐤌𐤁𐤉𐤕	H1004	153	0.86	H1035	0.1830065359477124
𐤏𐤌𐤌	H5973	142	0.81	H5971	0.5845070422535211
𐤅𐤇𐤌𐤅𐤕	H2573	3	0.00		
𐤔𐤊𐤁𐤄	H7901	7	1.00		
𐤀𐤇𐤅𐤆𐤕	H272	5	0.20		
𐤅𐤉𐤌𐤄𐤓𐤅	H4116	46	0.50		
𐤅𐤕𐤔𐤓𐤕	H7891	4	0.00		
𐤐𐤕𐤇	H6607	63	0.52	H6605	0.5714285714285714
𐤇𐤅𐤋𐤉𐤌	H2344	6	0.17		
𐤇𐤋𐤉𐤉𐤌	H2483	4	0.75		
𐤉𐤃𐤏𐤄𐤅	H3045	4	0.75		
𐤅𐤉𐤔𐤊𐤌	H7925	16	0.44		
𐤅𐤉𐤌𐤑𐤀𐤄𐤅	H4672	17	0.82		
𐤍𐤏𐤁𐤓𐤄	H5674	7	0.57		
𐤄𐤐𐤓𐤆𐤅𐤕	H6519	3	1.00		
𐤄𐤒𐤓𐤁𐤅𐤕	H7138	14	0.79		
𐤅𐤀𐤒𐤓𐤀	H7121	14	0.50		
𐤂𐤌𐤔𐤌	H8033	3	0.00	H1571	0.0
𐤅𐤉𐤕𐤇𐤍𐤍	H2603	31	0.61		
𐤅𐤉𐤓𐤇𐤌	H3395	8	0.25		
𐤓𐤑𐤄	H7521	122	0.73		
𐤎𐤓𐤄	H5627	26	0.35	H5493	0.5384615384615384
𐤅𐤉𐤈𐤄𐤓	H2891	8	0.50		
𐤋𐤄𐤅𐤑𐤉𐤀𐤅	H3318	7	1.00		
𐤀𐤊𐤄𐤅𐤀	H1931	3	0.00	H389	0.0
𐤁𐤑𐤀𐤕𐤅	H3318	34	0.79	H1207	0.08823529411764706
𐤌𐤒𐤑	H7093	98	0.50	H4739	0.08163265306122448
𐤁𐤔𐤅𐤁𐤅	H7725	26	0.92		
𐤊𐤉𐤄𐤅𐤀	H1931	19	0.11	H3588	0.42105263157894735
𐤋𐤏𐤌𐤃	H5975	56	0.80		
𐤁𐤀𐤓𐤁𐤏𐤄	H702	17	0.82		
𐤋𐤂𐤔𐤕	H5066	47	0.77		
𐤅𐤉𐤎𐤉𐤓𐤅	H5493	6	0.33		
𐤅𐤉𐤅𐤓𐤉𐤃𐤅	H3381	11	0.55		
𐤔𐤊𐤁	H7901	31	0.52		
𐤉𐤅𐤔𐤁𐤉𐤌	H3427	36	0.81		
𐤅𐤇𐤅𐤔𐤁𐤉𐤌	H2803	4	1.00		
𐤊𐤀𐤋𐤄	H428	267	0.88	H424	0.5692883895131086
𐤁𐤓𐤅𐤇𐤅	H7307	27	0.85		
𐤀𐤕𐤌𐤔𐤊𐤁𐤊	H4904	6	0.17	H853	0.0
𐤅𐤄𐤕𐤄𐤋𐤊	H1980	6	1.00		
𐤀𐤋𐤉𐤃	H3027	3	0.33	H413	0.3333333333333333
𐤅𐤉𐤋𐤌𐤃𐤌	H3925	12	0.33		
𐤁𐤏𐤁𐤓𐤅	H5674	15	0.73		
𐤄𐤌𐤊𐤎	H4371	7	0.00		
𐤄𐤎𐤁	H5437	16	0.81		
𐤋𐤌𐤄𐤆𐤄	H2088	10	0.40	H4100	0.2
𐤅𐤕𐤋𐤌𐤉𐤃𐤉	H8527	3	0.00		
𐤋𐤑𐤅𐤌	H6680	3	0.00		
𐤊𐤋𐤉𐤌𐤉	H3605	13	0.31		
𐤄𐤉𐤅𐤕	H1961	37	0.81		
𐤉𐤁𐤒𐤏	H1234	5	0.60		
𐤄𐤉𐤉𐤍	H3196	44	0.70		
𐤁𐤋𐤊𐤕𐤌	H3212	23	0.61		
𐤅𐤓𐤏𐤁	H7458	8	0.75	H7456	0.375
𐤀𐤁𐤉𐤕𐤓	H54	16	0.12		
𐤅𐤉𐤕𐤁𐤅𐤍𐤍𐤅	H995	3	0.67		
𐤏𐤌𐤃	H5975	197	0.73	H5973	0.6751269035532995
𐤋𐤄𐤓𐤏	H7489	39	0.87		
𐤋𐤄𐤑𐤉𐤋	H5337	100	0.91		
𐤍𐤐𐤔	H5315	224	0.75		
𐤅𐤉𐤇𐤓𐤉𐤔𐤅	H2790	7	0.86		
𐤅𐤉𐤁𐤈	H5027	29	0.86		
𐤁𐤇𐤌𐤄	H2534	11	0.91	H2529	0.0
𐤅𐤉𐤕𐤏𐤑𐤁	H6087	20	0.30		
𐤋𐤁𐤁𐤌	H3824	56	0.52		
𐤎𐤓	H5493	59	0.83	H5620	0.03389830508474576
𐤅𐤌𐤉𐤄𐤅𐤃𐤄	H3063	4	0.50		
𐤅𐤌𐤀𐤃𐤅𐤌	H123	3	1.00		
𐤉𐤊𐤉𐤍𐤅	H3559	5	1.00		
𐤀𐤍𐤉𐤄	H591	15	0.67	H592	0.0
𐤒𐤈𐤍𐤄	H6996	27	0.78		
𐤓𐤐𐤀	H7495	9	0.67	H7498	0.2222222222222222
𐤋𐤍𐤂𐤏	H5060	4	1.00	H5061	0.25
𐤅𐤄𐤓𐤅𐤇𐤅𐤕	H7307	3	0.67		
𐤄𐤈𐤌𐤀𐤅𐤕	H2931	3	0.33		
𐤍𐤐𐤋𐤅	H5307	213	0.87	H5308	0.7183098591549296
𐤀𐤋𐤀𐤔𐤓	H834	28	0.32	H413	0.42857142857142855
𐤅𐤋𐤌𐤏𐤍	H4616	101	0.78		
𐤅𐤋𐤂𐤓𐤔	H1644	6	0.50		
𐤅𐤉𐤐𐤒𐤃	H6485	38	0.76		
𐤒𐤓𐤉𐤅𐤕	H7152	6	0.00		
𐤋𐤄𐤕𐤀𐤎𐤐	H622	8	1.00		
𐤊𐤉𐤋𐤀	H3808	22	0.41	H3588	0.5909090909090909
𐤒𐤓𐤅𐤁𐤉𐤅	H7138	42	0.95		
𐤋𐤄𐤇𐤆𐤉𐤒	H2388	49	0.82		
𐤌𐤃𐤏𐤕𐤅	H1847	18	0.33	H4519	0.16666666666666666
𐤉𐤓𐤃𐤅	H3381	58	0.57	H7287	0.5689655172413793
𐤅𐤏𐤋𐤉𐤃𐤉	H3027	4	0.75	H5921	0.5
𐤋𐤂𐤓𐤔	H1644	33	0.64		
𐤌𐤌𐤋𐤊𐤄	H4467	13	0.85		
𐤋𐤀𐤕𐤅𐤊𐤋	H3201	4	1.00	H3808	1.0
𐤒𐤑𐤅	H7093	22	0.73		
𐤉𐤊𐤋	H3201	98	0.95	H3202	0.8775510204081632
𐤊𐤋𐤄𐤇𐤈𐤀𐤉𐤌	H2400	3	0.00		
𐤉𐤎𐤋𐤇𐤅	H5545	4	1.00		
𐤎𐤋𐤉𐤇𐤄	H5545	23	0.52	H5547	0.4782608695652174
𐤁𐤏𐤅𐤍𐤅	H5771	4	0.00		
𐤅𐤉𐤏𐤌𐤃𐤅	H5975	40	0.55		
𐤎𐤁𐤉𐤁𐤉𐤅	H5439	12	0.83		
𐤁𐤉𐤁𐤔𐤄	H3004	13	0.69	H3003	0.38461538461538464
𐤄𐤆𐤓𐤏	H2233	36	0.64	H2220	0.3055555555555556
𐤁𐤆𐤓𐤏𐤅	H2233	4	0.75	H2220	0.25
𐤄𐤎𐤋𐤏	H5553	23	0.70	H5554	0.782608695652174
𐤏𐤅𐤋𐤄	H5766	99	0.19	H5927	0.8585858585858586
𐤅𐤂𐤃𐤋	H1432	44	0.61	H1419	0.6363636363636364
𐤁𐤄𐤉𐤅𐤕𐤅	H1961	97	0.85		
𐤎𐤅𐤃	H5475	25	0.40		
𐤅𐤔𐤌𐤏𐤅	H8085	12	0.75	H8089	0.08333333333333333
𐤅𐤍𐤎𐤋𐤇	H5545	5	1.00		
𐤄𐤍𐤆𐤓𐤏𐤉𐤌	H2232	4	0.25		
𐤄𐤆𐤓𐤅𐤏	H2220	3	0.67		
𐤄𐤔𐤌𐤏𐤉𐤌	H8085	17	0.82		
𐤅𐤌𐤄𐤓	H4106	39	0.18	H4118	0.41025641025641024
𐤁𐤒𐤓𐤁𐤌	H7130	76	0.86		
𐤉𐤏𐤌𐤃𐤅	H5975	31	0.81		
𐤅𐤄𐤀𐤇𐤓𐤉𐤌	H312	8	0.88		
𐤅𐤕𐤀𐤅𐤕	H8378	5	1.00		
𐤔𐤀𐤓	H7605	140	0.93	H7604	0.7642857142857142
𐤁𐤀𐤅𐤕	H935	9	0.67	H185	0.5555555555555556
𐤉𐤄𐤉𐤄𐤋𐤅	H1961	5	1.00		
𐤅𐤌𐤒𐤁𐤋𐤉𐤌	H6903	5	1.00	H4519	0.0
𐤄𐤍𐤓	H5369	3	0.00		
𐤅𐤕𐤇𐤕	H8478	42	0.57	H5182	0.47619047619047616
𐤄𐤌𐤈𐤄	H4294	32	0.41	H4296	0.375
𐤀𐤉𐤍𐤃𐤁𐤓	H1697	3	0.67	H369	1.0
𐤎𐤕𐤅𐤌	H5640	4	0.75		
𐤁𐤌𐤃𐤄	H4060	55	0.85		
𐤌𐤅𐤃𐤃𐤉𐤌	H1730	6	0.17		
𐤉𐤔𐤋𐤉𐤊	H7993	3	1.00		
𐤅𐤉𐤔𐤍	H3465	8	0.00		
𐤅𐤒𐤌	H6965	10	0.60	H6966	0.1
𐤉𐤑𐤌𐤇	H6779	7	0.57		
𐤌𐤀𐤋𐤉𐤄	H413	4	1.00		
𐤐𐤓𐤉𐤄	H6529	11	0.73	H6509	0.7272727272727273
𐤓𐤀𐤔𐤅𐤍𐤄	H7223	79	0.91		
𐤄𐤌𐤋𐤀𐤄	H4395	6	0.67	H4392	0.6666666666666666
𐤂𐤌𐤋	H1580	17	0.82	H1576	0.8823529411764706
𐤄𐤐𐤓𐤉	H6499	20	0.25		
𐤉𐤌𐤄𐤓	H4116	18	0.61	H4117	0.05555555555555555
𐤁𐤔𐤋	H7945	23	0.61	H1310	0.5217391304347826
𐤍𐤃𐤌𐤄	H1820	35	0.40	H1819	0.6
𐤉𐤆𐤓𐤏	H2232	8	0.38		
𐤅𐤉𐤂𐤃𐤋	H1431	46	0.63		
𐤏𐤍𐤐𐤉𐤌	H6057	6	0.83		
𐤂𐤃𐤅𐤋𐤉𐤌	H1419	120	0.83		
𐤁𐤑𐤋𐤅	H6738	3	0.00		
𐤄𐤂𐤋𐤉𐤌	H1530	13	0.54		
𐤃𐤀𐤂	H1673	22	0.00	H1672	0.22727272727272727
𐤄𐤎	H2013	3	1.00		
𐤇𐤓𐤃𐤉𐤌	H2730	6	0.33		
𐤀𐤋𐤓𐤏𐤄𐤅	H7453	24	0.29	H413	0.625
𐤋𐤀𐤎𐤓𐤅	H631	8	0.62		
𐤀𐤎𐤓𐤅𐤄𐤅	H631	4	0.75		
𐤁𐤊𐤁𐤋𐤉𐤌	H1087	7	0.14		
𐤅𐤉𐤔𐤁𐤓	H7665	14	0.14	H7666	0.0
𐤋𐤊𐤁𐤔𐤅	H3532	6	0.00		
𐤅𐤕𐤌𐤉𐤃	H8548	18	0.94		
𐤅𐤉𐤅𐤌𐤌	H3119	7	1.00		
𐤁𐤄𐤓𐤉𐤌	H2022	16	0.81		
𐤅𐤐𐤑𐤏	H6481	4	0.75		
𐤁𐤀𐤁𐤍𐤉𐤌	H68	37	0.27		
𐤁𐤍𐤀𐤋	H2995	3	0.00		
𐤏𐤋𐤉𐤅𐤍	H5945	126	0.35		
𐤕𐤏𐤍𐤍𐤉	H6030	3	0.33	H6031	0.0
𐤑𐤀	H3318	18	0.78		
𐤈𐤌𐤀	H2931	30	0.53	H2930	0.5333333333333333
𐤋𐤂𐤉𐤅𐤍	H1588	12	0.00		
𐤔𐤋𐤇𐤌	H7971	11	0.82		
𐤄𐤄𐤓𐤉𐤌	H2022	87	0.89		
𐤀𐤋𐤕𐤅𐤊𐤌	H8432	4	0.25	H413	0.75
𐤅𐤉𐤔𐤕𐤏𐤓	H8175	5	0.40		
𐤄𐤏𐤃𐤓	H5739	8	0.62		
𐤊𐤀𐤋𐤐𐤉𐤌	H505	17	0.94		
𐤁𐤌𐤎𐤐𐤓	H4557	67	0.88		
𐤅𐤉𐤈𐤁𐤏𐤅	H2883	6	0.17		
𐤓𐤅𐤏𐤉	H7462	15	0.67		
𐤉𐤅𐤔𐤁	H3427	73	0.68	H7725	0.821917808219178
𐤌𐤋𐤁𐤔	H4403	3	0.67	H3847	0.0
𐤅𐤉𐤎𐤐𐤓𐤅	H5608	22	0.41		
𐤄𐤓𐤀𐤉𐤌	H7200	10	0.90		
𐤋𐤀𐤇𐤅𐤆	H270	6	1.00		
𐤋𐤄𐤕𐤇𐤍𐤍	H2603	26	0.77		
𐤋𐤎𐤅𐤓	H5493	39	0.72		
𐤁𐤓𐤃𐤕𐤅	H3381	4	0.50		
𐤄𐤕𐤇𐤍𐤍	H2603	18	0.72		
𐤋𐤁𐤉𐤕𐤊	H1004	6	0.67		
𐤌𐤔𐤐𐤇𐤕𐤊	H8198	3	0.33		
𐤅𐤄𐤂𐤃	H5046	3	1.00		
𐤀𐤕𐤄𐤂𐤃𐤋𐤅𐤕	H1419	4	1.00	H853	0.0
𐤁𐤏𐤔𐤓	H6218	16	0.56	H6237	0.4375
𐤌𐤓𐤀𐤔𐤉	H7218	29	0.93		
𐤉𐤀𐤉𐤓	H2971	6	0.83	H215	0.3333333333333333
𐤋𐤓𐤂𐤋𐤉𐤅	H7272	20	0.75		
𐤄𐤒𐤈𐤍𐤄	H6996	20	0.75		
𐤇𐤋𐤕𐤄	H2471	12	0.00		
𐤀𐤍𐤀	H577	25	0.28		
𐤉𐤃𐤉𐤊	H3027	21	0.90		
𐤕𐤓𐤐𐤀	H7495	3	0.67		
𐤅𐤀𐤔𐤄	H802	16	0.88	H801	0.125
𐤎𐤁𐤋𐤄	H5450	6	0.17		
𐤓𐤐𐤀𐤉𐤌	H7497	5	0.20	H7495	0.8
𐤅𐤄𐤅𐤑𐤉𐤀𐤄	H3318	3	0.33		
𐤀𐤔𐤓𐤋𐤄	H834	5	0.20		
𐤋𐤄𐤅𐤏𐤉𐤋	H3276	27	0.78		
𐤊𐤔𐤌𐤏𐤄	H8085	8	0.75		
𐤅𐤕𐤁𐤅𐤀	H935	39	0.69		
𐤁𐤄𐤌𐤅𐤍	H1995	56	0.64		
𐤌𐤒𐤅𐤓	H4726	13	0.69		
𐤍𐤓𐤐𐤀	H7495	10	0.80		
𐤍𐤂𐤏𐤄	H5060	26	0.73		
𐤍𐤂𐤏	H5061	41	0.05	H5060	0.9024390243902439
𐤁𐤁𐤂𐤃𐤉	H899	20	0.70		
𐤅𐤀𐤌𐤓𐤕	H559	19	0.58	H560	0.5789473684210527
𐤅𐤕𐤉𐤓𐤀	H3372	7	0.71		
𐤅𐤕𐤁𐤀	H935	55	0.80		
𐤅𐤕𐤐𐤋	H5307	23	0.78	H8602	0.0
𐤄𐤀𐤌𐤕	H571	171	0.91		
𐤋𐤊𐤉	H3212	15	0.33		
𐤁𐤕𐤊	H1323	7	0.71		
𐤅𐤊𐤔𐤌𐤏	H8085	24	0.92		
𐤅𐤋𐤉𐤏𐤒𐤁	H3290	6	0.17		
𐤅𐤋𐤉𐤅𐤇𐤍𐤍	H3110	5	0.20		
𐤄𐤁𐤅𐤊𐤉𐤌	H3588	3	1.00		
𐤅𐤁𐤁𐤀𐤅	H935	5	0.80		
𐤄𐤇𐤃𐤓𐤄	H2315	17	0.35		
𐤔𐤊𐤁𐤕	H7902	4	0.75	H7901	0.75
𐤍𐤀	H4994	319	0.39	H3212	0.47335423197492166
𐤒𐤌𐤄	H6965	77	0.68	H6967	0.18181818181818182
𐤅𐤉𐤔𐤌𐤅	H7760	3	0.67		
𐤅𐤉𐤆𐤄𐤓	H2096	8	0.00		
𐤋𐤀𐤊𐤅𐤋	H398	97	0.33		
𐤄𐤍𐤕𐤅𐤍𐤄	H5414	19	0.79		
𐤏𐤋𐤉𐤃𐤉𐤅	H3027	3	0.67	H5921	0.6666666666666666
𐤄𐤇𐤓𐤔	H2790	8	0.25	H2796	0.5
𐤅𐤄𐤋𐤀	H3808	26	0.62		
𐤅𐤁𐤉𐤍	H996	162	0.75	H995	0.7037037037037037
𐤐𐤋𐤀	H6382	13	0.38	H6381	0.9230769230769231
𐤁𐤊𐤐𐤓𐤉𐤌	H6499	15	0.33	H3723	0.9333333333333333
𐤅𐤋𐤌𐤃	H3925	8	0.88		
𐤀𐤋𐤔𐤍𐤉𐤌	H8147	6	1.00	H413	0.5
𐤆𐤅𐤋𐤕𐤉	H2108	58	0.60		
𐤅𐤔𐤕𐤉	H8147	19	0.84	H7896	0.5263157894736842
𐤉𐤋𐤁𐤔𐤅	H3847	3	0.67		
𐤊𐤐𐤅𐤕	H3709	6	0.33		
𐤅𐤉𐤒𐤓𐤀𐤅	H7121	113	0.55		
𐤋𐤔𐤅𐤁	H7725	143	0.91		
𐤁𐤕𐤔𐤅𐤁𐤄	H7725	6	1.00		
𐤅𐤉𐤂𐤓𐤔𐤅	H1644	4	0.75		
𐤁𐤔𐤌𐤍	H8081	37	0.81		
𐤇𐤋𐤔𐤉𐤌	H2523	3	0.67		
𐤍𐤅𐤃𐤏	H3045	103	0.94		
𐤅𐤏𐤋𐤊𐤍	H5923	221	0.01		
𐤊𐤀𐤇𐤃	H259	55	0.85		
𐤍𐤔𐤀𐤕𐤉	H5375	9	0.78	H5385	0.1111111111111111
𐤀𐤉𐤍𐤍𐤄	H369	33	0.33		
𐤅𐤕𐤁𐤒𐤔	H1245	15	0.87		
𐤉𐤊𐤋𐤄	H3201	52	0.85	H3615	0.8269230769230769
𐤁𐤃𐤏𐤕𐤅	H1847	61	0.30		
𐤅𐤒𐤃𐤅𐤔	H6918	9	0.89		
𐤁𐤏𐤃𐤅	H1157	39	0.72		
𐤅𐤄𐤓𐤁𐤄	H7235	49	0.84	H7237	0.30612244897959184
𐤁𐤔𐤌𐤏𐤅	H8085	35	0.83		
𐤌𐤔𐤕𐤄	H4960	83	0.69		
𐤅𐤋𐤔𐤓𐤉	H8269	10	1.00		
𐤄𐤀𐤋𐤐𐤉𐤌	H505	28	0.82		
𐤅𐤋𐤓𐤀𐤔𐤉	H7218	4	0.75		
𐤅𐤁𐤏𐤉𐤍𐤉	H5869	32	0.69		
𐤄𐤌𐤎𐤁𐤉𐤌	H4524	11	0.73		
𐤌𐤋𐤊𐤅𐤕𐤉	H4437	17	1.00		
𐤋𐤀𐤌𐤄	H519	7	0.43	H517	0.42857142857142855
𐤀𐤔𐤀𐤋	H7592	5	0.60		
𐤅𐤕𐤌𐤄𐤓	H4116	18	0.39		
𐤀𐤋𐤄𐤌𐤋𐤊	H4428	3	1.00	H413	0.6666666666666666
𐤋𐤄𐤔𐤉𐤁	H7725	97	0.96	H3427	0.7319587628865979
𐤐𐤍𐤉𐤄	H6440	23	0.87		
𐤄𐤔𐤅𐤌𐤓𐤉𐤌	H8104	60	0.92		
𐤅𐤉𐤑𐤅𐤄𐤅	H6680	79	0.84		
𐤋𐤄𐤁𐤉𐤀	H935	215	0.89		
𐤅𐤉𐤊𐤓𐤕	H3772	21	0.90		
𐤅𐤄𐤍𐤏𐤓𐤄	H5291	7	0.14		
𐤍𐤕𐤍𐤄	H5414	90	0.86		
𐤋𐤌𐤃𐤅	H3925	34	0.71		
𐤅𐤄𐤄𐤌𐤅𐤍	H1995	18	0.94		
𐤅𐤉𐤓𐤅𐤑𐤅	H7323	35	0.34		
𐤌𐤊𐤋	H3605	738	0.67		
𐤃𐤁𐤓𐤉𐤌	H1697	218	0.95	H1696	0.7981651376146789
𐤋𐤏𐤓𐤅𐤁	H6153	4	0.50		
𐤅𐤄𐤉𐤅𐤌	H3117	21	0.90		
𐤓𐤃	H3381	7	0.29	H7287	0.42857142857142855
𐤌𐤎𐤁𐤉𐤁	H5439	241	0.84	H4036	0.11203319502074689
𐤅𐤉𐤃𐤏𐤅	H3045	30	0.77		
𐤇𐤁𐤓𐤄	H2250	8	0.00	H2266	0.875
𐤋𐤁𐤃𐤄	H905	46	0.83		
𐤔𐤅𐤓𐤅𐤕	H8280	29	0.21		
𐤋𐤌𐤀𐤅𐤕	H3967	4	0.25		
𐤋𐤔𐤅𐤌	H7760	52	0.85		
𐤌𐤋𐤅𐤀	H4407	6	0.50	H4393	0.8333333333333334
𐤌𐤍𐤄𐤃𐤂𐤉𐤌	H1709	3	1.00	H4480	0.0
𐤌𐤍𐤄𐤋𐤇𐤌	H3899	5	0.80	H4480	0.2
𐤅𐤋𐤏𐤁𐤅𐤓	H5677	9	0.56		
𐤑𐤉𐤃𐤄	H6720	18	0.72	H6718	0.7777777777777778
𐤋𐤍𐤂𐤃𐤌	H5048	7	0.71		
𐤊𐤏𐤕	H6256	44	0.77	H3706	0.38636363636363635
𐤅𐤉𐤅𐤀𐤋	H3100	14	0.29	H2974	0.2857142857142857
𐤋𐤏𐤁𐤅𐤓	H5674	102	0.87		
𐤄𐤔𐤊𐤉𐤋𐤅	H7919	12	0.58		
𐤅𐤉𐤒𐤓𐤁𐤅	H7126	19	0.63		
𐤀𐤋𐤄𐤉𐤁𐤔𐤄	H3004	7	0.71	H413	0.42857142857142855
𐤀𐤕𐤄𐤇𐤅𐤋𐤉𐤌	H2344	5	0.00	H853	0.2
𐤊𐤉𐤔𐤌	H8033	5	0.00	H3588	0.8
𐤅𐤁𐤊𐤋𐤌𐤒𐤅𐤌	H4725	6	0.50	H3605	0.5
𐤁𐤇𐤅𐤑𐤅𐤕	H2351	11	0.55		
𐤌𐤕𐤋𐤌𐤉𐤃𐤉𐤅	H8527	10	0.00		
𐤉𐤃𐤉𐤄𐤌	H3027	85	0.95		
𐤅𐤉𐤅𐤊𐤉𐤇𐤅	H3198	3	1.00		
𐤁𐤒𐤁𐤋𐤕	H6903	5	1.00		
𐤈𐤁𐤉𐤋𐤄	H2882	4	0.00		
𐤊𐤎𐤅𐤕	H3682	3	0.33	H3680	0.3333333333333333
𐤍𐤄𐤂𐤉𐤌	H5090	3	0.33		
𐤁𐤔𐤐𐤕𐤉𐤅	H8193	8	0.62		
𐤏𐤆𐤁𐤕𐤌	H5800	5	0.60		
𐤋𐤀𐤇𐤆	H270	9	0.89	H271	0.8888888888888888
𐤊𐤃𐤉𐤌	H3537	3	1.00		
𐤅𐤊𐤀𐤋𐤄	H428	9	0.67		
𐤊𐤉𐤉𐤀𐤌𐤓	H559	3	1.00	H3588	0.6666666666666666
𐤒𐤓𐤁𐤍	H7133	56	0.80		
𐤌𐤕𐤍𐤄	H4979	21	0.76	H4980	0.47619047619047616
𐤋𐤈𐤌𐤀	H2930	9	0.67	H2931	0.5555555555555556
𐤄𐤉𐤅𐤑𐤀𐤉𐤌	H3318	30	0.87		
𐤉𐤈𐤌𐤀𐤅	H2930	3	0.67		
𐤌𐤍𐤄𐤄𐤌𐤅𐤍	H1995	3	0.67	H4480	0.0
𐤄𐤌𐤔𐤋	H4912	14	0.57	H4910	0.5714285714285714
𐤄𐤀𐤐	H637	11	0.36	H639	0.2727272727272727
𐤇𐤎𐤓𐤉	H2638	11	0.64		
𐤌𐤇𐤅𐤑𐤄	H2351	4	1.00		
𐤋𐤀𐤉𐤁𐤅𐤀	H935	5	0.40	H3808	0.8
𐤀𐤋𐤋𐤁𐤅	H3820	3	1.00	H413	1.0
𐤋𐤁	H3820	555	0.80	H3821	0.44504504504504505
𐤄𐤌𐤇𐤔𐤁𐤅𐤕	H2803	4	0.75	H4519	0.25
𐤄𐤓𐤏𐤅𐤕	H7451	107	0.84	H7489	0.8785046728971962
𐤁𐤑𐤏	H1215	60	0.68	H1214	0.7333333333333333
𐤅𐤑𐤓𐤅𐤕	H6869	7	0.43		
𐤊𐤋𐤄𐤓𐤏𐤅𐤕	H7451	4	0.75		
𐤌𐤒𐤓𐤁	H7130	50	0.72	H7138	0.62
𐤔𐤌𐤏𐤄	H8085	36	0.75	H8088	0.5277777777777778
𐤅𐤄𐤀𐤔𐤄	H802	20	1.00		
𐤅𐤀𐤓𐤑	H776	46	0.59		
𐤌𐤅𐤋𐤃𐤕𐤄	H4138	4	0.75		
𐤊𐤍𐤏𐤍	H3667	261	0.59		
𐤋𐤔𐤁𐤏	H7648	20	0.30	H7646	0.65
𐤅𐤕𐤏𐤍	H6030	18	0.50		
𐤄𐤔𐤋𐤇𐤍	H7979	42	0.86		
𐤃𐤁𐤓𐤊	H1697	10	1.00	H1696	0.9
𐤀𐤋𐤁𐤉𐤕𐤄	H1004	5	0.80	H413	0.4
𐤅𐤕𐤌𐤑𐤀	H4672	11	0.64		
𐤌𐤂𐤁𐤅𐤋	H1366	7	0.86		
𐤂𐤁𐤅𐤋	H1366	72	0.74		
𐤇𐤓𐤔	H2789	32	0.25	H2790	0.5
𐤁𐤀𐤆𐤍𐤉𐤅	H241	6	0.33		
𐤅𐤉𐤓𐤒	H3419	6	0.00	H7324	0.0
𐤁𐤋𐤔𐤅𐤍𐤅	H3956	8	0.75		
𐤅𐤉𐤀𐤍𐤇	H584	4	0.75		
𐤀𐤐𐤕𐤇	H6605	3	1.00		
𐤀𐤆𐤍𐤉𐤅	H241	18	0.17		
𐤅𐤉𐤕𐤓	H3499	81	0.60	H3148	0.3333333333333333
𐤒𐤔𐤓	H7195	45	0.24	H7194	0.5555555555555556
𐤋𐤔𐤅𐤍𐤅	H3956	12	0.67		
𐤁𐤔𐤐𐤄	H6311	6	0.67	H8193	0.3333333333333333
𐤁𐤓𐤅𐤓𐤄	H1305	13	0.23		
𐤉𐤓𐤁𐤅	H7235	17	0.82		
𐤉𐤐𐤄	H3303	101	0.60	H3304	0.16831683168316833
𐤋𐤔𐤌𐤏𐤉𐤌	H8085	3	1.00		
𐤋𐤁𐤕𐤉𐤄𐤌	H1004	11	0.91		
𐤌𐤌𐤓𐤇𐤒	H4801	14	0.86		
𐤔𐤁𐤏𐤕	H7651	100	0.73	H7620	0.75
𐤊𐤀𐤓𐤁𐤏𐤕	H702	7	0.57		
𐤌𐤏𐤌𐤅	H5973	7	0.29		
𐤌𐤍𐤎𐤉𐤌	H5127	5	0.00		
𐤋𐤃𐤅𐤓	H1755	25	0.72		
𐤅𐤉𐤔𐤊𐤇𐤅	H7911	6	0.17		
𐤅𐤋𐤀𐤄𐤉𐤄	H1961	4	0.75	H3808	0.75
𐤅𐤌𐤔𐤀𐤓	H7605	3	0.33		
𐤊𐤉𐤋𐤇𐤌	H3899	4	1.00	H3588	1.0
𐤅𐤀𐤆𐤍𐤉𐤌	H241	5	0.80		
𐤕𐤔𐤌𐤏𐤅	H8085	17	0.88		
𐤌𐤋𐤀𐤉	H335	14	0.07	H4394	0.2857142857142857
𐤋𐤂𐤏𐤕	H5060	5	1.00		
𐤄𐤏𐤅𐤓	H5785	7	0.00	H5787	0.5714285714285714
𐤀𐤓𐤀𐤄	H7200	40	0.85		
𐤏𐤃𐤋𐤌𐤓𐤇𐤅𐤒	H7350	3	0.67	H5704	0.3333333333333333
𐤅𐤉𐤔𐤋𐤇𐤄𐤅	H7971	38	0.82		
𐤀𐤋𐤁𐤉𐤕𐤅	H1004	10	0.90	H413	0.3
𐤄𐤊𐤐𐤓	H6499	44	0.18	H3724	0.9545454545454546
𐤁𐤊𐤐𐤓	H6499	20	0.10	H3724	0.95
𐤌𐤉𐤀𐤍𐤉	H369	5	0.00		
𐤋𐤋𐤌𐤃𐤌	H1818	3	0.33	H3925	0.6666666666666666
𐤅𐤉𐤌𐤀𐤎	H3988	8	0.75		
𐤅𐤉𐤅𐤌𐤕	H4191	4	0.75		
𐤄𐤇𐤐𐤑	H2656	24	0.75	H2655	0.9583333333333334
𐤋𐤇𐤓𐤐𐤄	H2781	41	0.61		
𐤁𐤃𐤅𐤓	H1755	9	0.56		
𐤀𐤐𐤄𐤅𐤀	H1931	6	0.17	H637	0.0
𐤍𐤄𐤉𐤅	H5092	7	0.14		
𐤋𐤁𐤍𐤉𐤌	H3843	25	0.20	H1121	0.8
𐤊𐤌𐤅𐤄𐤌	H3644	36	0.64	H3643	0.05555555555555555
𐤅𐤌𐤔𐤄	H4872	45	0.09		
𐤋𐤀𐤉𐤃𐤏	H3045	10	0.80	H3808	0.6
𐤍𐤁𐤄𐤋𐤉𐤌	H926	7	0.71		
𐤏𐤍𐤍	H6051	18	0.72	H6049	0.2777777777777778
𐤅𐤊𐤄	H3541	100	0.84		
𐤊𐤉𐤉𐤒𐤅𐤌	H6965	3	1.00	H3588	0.6666666666666666
𐤅𐤉𐤃𐤓𐤔𐤅	H1875	8	0.62		
𐤄𐤕𐤒𐤅𐤌𐤄	H6965	3	0.67		
𐤊𐤁𐤅𐤀𐤅	H935	6	1.00		
𐤎𐤁𐤉𐤁𐤅𐤕𐤌	H5439	4	0.75		
𐤌𐤕𐤅𐤊𐤇𐤉𐤌	H3198	4	0.50	H4519	0.25
𐤌𐤍𐤄𐤏𐤌	H5971	9	0.33	H4480	0.3333333333333333
𐤄𐤁𐤀𐤕𐤉	H935	12	0.83		
𐤁𐤒𐤓𐤁𐤅	H7130	46	0.80		
𐤓𐤉𐤓𐤅	H7388	4	0.25		
𐤅𐤉𐤁𐤔	H3001	4	0.75	H5405	0.0
𐤓𐤀𐤄𐤅	H7200	13	0.85		
𐤅𐤉𐤅𐤓𐤃	H3381	15	0.60		
𐤄𐤉𐤕𐤄𐤋𐤅	H1961	5	0.60		
𐤌𐤉𐤌𐤉	H3117	64	0.88	H4325	0.0625
𐤍𐤏𐤅𐤓𐤉𐤅	H5288	9	0.56		
𐤄𐤐𐤉𐤋	H5307	27	0.89		
𐤓𐤇𐤌	H7358	22	0.23	H7356	0.8636363636363636
𐤅𐤏𐤆𐤓𐤍𐤅	H5826	4	0.50		
𐤄𐤌𐤀𐤌𐤉𐤍	H539	16	1.00		
𐤄𐤈𐤌𐤀	H2931	4	0.75		
𐤅𐤇𐤓𐤔	H2796	3	0.33	H2795	0.3333333333333333
𐤌𐤑𐤅𐤊	H6680	4	0.75		
𐤊𐤌𐤕	H4191	6	1.00		
𐤂𐤅𐤏	H1478	15	0.80		
𐤅𐤉𐤇𐤆𐤒	H2388	68	0.68		
𐤁𐤄𐤉𐤅𐤕𐤌	H1961	50	0.90		
𐤋𐤄𐤅𐤃𐤏	H3045	10	1.00		
𐤍𐤄𐤓𐤂	H2026	32	0.75		
𐤅𐤁𐤄𐤉𐤅𐤕𐤅	H1961	26	0.81		
𐤅𐤌𐤔𐤓𐤕	H8334	5	0.60		
𐤅𐤉𐤇𐤁𐤒𐤄𐤅	H2263	11	0.55		
𐤅𐤀𐤉𐤍𐤍𐤅	H369	17	0.53		
𐤅𐤉𐤅𐤊𐤋	H3201	10	1.00	H3116	0.0
𐤁𐤌𐤄𐤓𐤄	H4120	74	0.64		
𐤍𐤂𐤃𐤍𐤅	H5048	9	0.78		
𐤁𐤏𐤃𐤍𐤅	H1157	25	0.60	H5704	0.56
𐤋𐤌𐤔𐤉𐤇	H4899	19	0.00		
𐤅𐤕𐤋𐤊	H3212	71	0.52		
𐤕𐤅𐤋𐤏𐤕𐤌	H8438	3	1.00		
𐤕𐤌𐤅𐤕	H4191	29	0.76		
𐤅𐤀𐤔𐤌	H816	7	0.29	H7760	1.0
𐤏𐤒𐤓	H6136	6	0.00	H6133	0.0
𐤁𐤌𐤋𐤇	H4417	3	1.00		
𐤄𐤌𐤋𐤇	H4417	23	0.57	H4414	0.6521739130434783
𐤁𐤒𐤓𐤁𐤊𐤌	H7130	26	0.65		
𐤌𐤏𐤁𐤓	H5676	79	0.82	H5674	0.8227848101265823
𐤊𐤐𐤏𐤌	H6471	52	0.69		
𐤄𐤕𐤉𐤓	H3498	14	0.50		
𐤋𐤊𐤕𐤁	H3789	54	0.81		
𐤅𐤋𐤔𐤋𐤇	H7971	11	0.82		
𐤊𐤕𐤁	H3789	209	0.43	H3792	0.5406698564593302
𐤀𐤕𐤄𐤌𐤑𐤅𐤄	H4687	6	0.83	H853	0.3333333333333333
𐤅𐤉𐤔𐤅𐤁𐤅	H7725	125	0.82		
𐤏𐤋𐤆𐤀𐤕	H2063	26	0.50	H5921	0.7692307692307693
𐤀𐤉𐤔𐤄	H376	102	0.69		
𐤉𐤂𐤏	H5060	20	0.90	H3023	0.2
𐤅𐤉𐤂𐤏𐤓𐤅	H1605	3	0.00		
𐤅𐤉𐤊𐤏𐤎	H3707	4	1.00		
𐤋𐤀𐤉𐤁𐤀	H935	5	1.00	H3808	0.4
𐤅𐤉𐤇𐤁𐤒𐤌	H2263	3	0.33		
𐤅𐤉𐤁𐤓𐤊𐤌	H1288	10	0.00		
𐤁𐤔𐤅𐤌𐤅	H7760	10	0.90		
𐤓𐤑	H7323	24	0.50	H7521	0.7083333333333334
𐤅𐤀𐤉𐤓𐤔	H3423	3	1.00		
𐤒𐤓𐤀𐤕	H7121	10	0.90	H7125	0.2
𐤅𐤉𐤀𐤄𐤁𐤄𐤅	H157	4	0.75		
𐤇𐤎𐤓𐤕	H2637	7	0.71		
𐤅𐤁𐤅𐤀	H935	9	0.89		
𐤏𐤋𐤄𐤃𐤁𐤓	H1697	14	0.86	H5921	0.5714285714285714
𐤉𐤒𐤔𐤄	H7185	17	0.82		
𐤋𐤁𐤏𐤋𐤉	H1167	9	0.89		
𐤌𐤀𐤋𐤄𐤉𐤌	H430	34	0.29		
𐤀𐤕𐤀𐤌𐤅	H517	4	1.00	H853	0.75
𐤀𐤕𐤁𐤍𐤉𐤅	H1121	4	1.00	H853	0.5
𐤁𐤆𐤌𐤍	H2165	43	0.65		
𐤁𐤕𐤉𐤌	H1004	22	0.68	H1324	0.3181818181818182
𐤅𐤀𐤌𐤅𐤕	H520	4	0.50		
𐤅𐤁𐤏𐤅𐤋𐤌	H5769	3	0.67		
𐤅𐤄𐤀𐤇𐤓𐤅𐤍𐤉𐤌	H314	6	0.83		
𐤁𐤏𐤋𐤅𐤕𐤌	H5927	14	0.79		
𐤅𐤉𐤓𐤀𐤉𐤌	H3372	4	1.00		
𐤉𐤒𐤓𐤄𐤅	H3368	24	0.29		
𐤅𐤉𐤄𐤕𐤋𐤅	H2048	3	1.00		
𐤅𐤉𐤌𐤉𐤕𐤄𐤅	H4191	28	0.71		
𐤍𐤐𐤔𐤍𐤅	H5315	35	0.80		
𐤍𐤔𐤀𐤋	H7592	4	1.00		
𐤁𐤊𐤁𐤅𐤃𐤊	H3519	3	1.00		
𐤀𐤔𐤓𐤀𐤍𐤉	H589	10	0.20	H834	0.4
𐤋𐤊𐤏𐤅𐤎	H3707	7	0.86		
𐤄𐤍𐤇𐤔𐤁𐤉𐤌	H2803	7	0.57		
𐤋𐤔𐤓𐤉	H8269	20	0.90		
𐤔𐤅𐤋𐤈𐤉𐤌	H7989	6	0.50		
𐤋𐤀𐤊𐤍	H3651	5	0.20	H3808	0.4
𐤓𐤀𐤔𐤅𐤍	H7223	29	0.83		
𐤉𐤓𐤉𐤇𐤅	H3405	63	0.30		
𐤊𐤑𐤀𐤕𐤅	H3318	5	1.00		
𐤍𐤃𐤁𐤅𐤕	H5071	6	0.67		
𐤋𐤊𐤋𐤊	H3605	4	0.25		
𐤄𐤏𐤉𐤓	H5892	1727	0.82	H5782	0.049797336421540245
𐤅𐤀𐤍𐤔𐤉𐤌	H376	40	0.75		
𐤋𐤄𐤕𐤉𐤓	H1956	12	0.00		
𐤀𐤕𐤄𐤏𐤉𐤓	H5892	18	0.78	H853	0.16666666666666666
𐤅𐤉𐤍𐤉𐤇𐤅	H3240	8	0.62		
𐤅𐤉𐤔𐤋𐤉𐤊𐤅	H7993	37	0.49		
𐤁𐤓𐤅𐤊𐤄	H1288	8	0.25		
𐤄𐤁𐤀𐤄	H935	39	0.79		
𐤏𐤋𐤄𐤊𐤋	H3605	6	0.17	H5921	0.6666666666666666
𐤊𐤋𐤉	H3627	196	0.54	H3596	0.0
𐤕𐤐𐤋𐤄	H8605	15	0.60	H8604	0.0
𐤌𐤏𐤓𐤕	H4631	8	0.25	H4638	0.25
𐤅𐤓𐤀𐤔𐤉	H7218	44	0.86		
𐤅𐤉𐤕𐤍𐤊𐤋𐤅	H5230	4	0.75		
𐤋𐤄𐤔𐤌𐤉𐤃𐤅	H8045	5	0.40		
𐤌𐤐𐤍𐤉𐤅	H6440	66	0.86		
𐤀𐤌𐤅𐤍𐤕	H530	12	0.67		
𐤕𐤏𐤌𐤃𐤅	H5975	10	0.80		
𐤎𐤁𐤉𐤁𐤅𐤕𐤉𐤅	H5439	15	0.73		
𐤋𐤌𐤓𐤇𐤒𐤉𐤌	H4801	7	0.71		
𐤅𐤋𐤌𐤅𐤏𐤃	H4150	5	0.80		
𐤌𐤐𐤓𐤉	H6529	14	0.71		
𐤓𐤉𐤒𐤌	H7387	24	0.58		
𐤅𐤀𐤕𐤅	H853	15	0.60	H854	0.8
𐤓𐤀𐤔𐤅	H7218	146	0.78		
𐤍𐤊𐤋𐤌	H3637	8	0.62		
𐤁𐤓𐤁𐤉𐤌	H7227	14	0.79		
𐤅𐤉𐤄𐤉𐤋𐤅	H1961	4	1.00		
𐤉𐤇𐤉𐤃	H3173	22	0.68		
𐤂𐤌𐤀𐤕𐤅	H853	4	0.25	H1571	0.5
𐤄𐤍𐤄𐤆𐤄	H2088	6	0.33	H2009	0.5
𐤄𐤉𐤓𐤔𐤄	H3425	8	0.38		
𐤋𐤀𐤇𐤓𐤉𐤌	H312	31	0.94		
𐤀𐤕𐤄𐤊𐤕𐤅𐤁	H3789	4	0.25	H853	0.0
𐤋𐤋𐤊𐤃	H3920	8	0.25		
𐤁𐤃𐤁𐤓𐤅	H1696	48	0.81	H1697	1.0
𐤕𐤊𐤉𐤓	H5234	4	1.00		
𐤐𐤍𐤉𐤌	H6440	186	0.94	H6437	0.7580645161290323
𐤌𐤅𐤓𐤄	H3384	30	0.43	H4175	0.43333333333333335
𐤌𐤎	H4522	62	0.84	H4523	0.03225806451612903
𐤅𐤀𐤓𐤀𐤄	H7200	21	0.57		
𐤄𐤃𐤌𐤅𐤕	H1823	7	0.29		
𐤕𐤇𐤉𐤄	H2421	14	0.64		
𐤉𐤌𐤅𐤕	H4191	86	0.73	H3117	0.9069767441860465
𐤅𐤏𐤆𐤁	H5800	8	0.38		
𐤅𐤁𐤌𐤅𐤕𐤅	H4194	13	0.62		
𐤋𐤀𐤄𐤔𐤀𐤉𐤓	H7604	3	1.00	H3808	0.0
𐤅𐤉𐤒𐤇𐤅𐤄	H3947	4	0.50		
𐤀𐤇𐤓𐤉𐤄𐤌	H310	209	0.82	H268	0.7416267942583732
𐤋𐤔𐤁𐤏𐤄	H7651	13	0.38	H7654	0.5384615384615384
𐤁𐤆𐤀𐤕	H2063	94	0.70		
𐤉𐤔𐤀𐤅	H5375	33	0.85		
𐤁𐤎𐤐𐤓	H5612	117	0.55	H5609	0.48717948717948717
𐤁𐤎𐤍𐤄	H5572	5	0.60		
𐤄𐤔𐤉𐤁𐤌	H3427	8	0.75		
𐤄𐤓𐤀𐤔𐤍𐤄	H7223	3	0.67		
𐤀𐤋𐤄𐤉𐤍𐤅	H430	72	0.43		
𐤄𐤎𐤅𐤐𐤓	H5608	24	0.88		
𐤀𐤌𐤍𐤌	H551	195	0.28	H552	0.010256410256410256
𐤃𐤁𐤓𐤕	H1696	33	0.88	H1700	0.21212121212121213
𐤌𐤋𐤁𐤃𐤅	H905	4	0.50		
𐤅𐤋𐤀𐤄𐤁𐤄	H157	4	1.00		
𐤀𐤕𐤄𐤓𐤏	H7451	6	0.83	H853	0.16666666666666666
𐤅𐤆𐤁𐤇𐤉𐤌	H2077	7	0.86		
𐤁𐤃𐤏𐤕	H1847	33	0.45		
𐤔𐤀𐤋𐤄	H7585	20	0.30	H7592	0.7
𐤁𐤏𐤑𐤌𐤅	H6106	151	0.61		
𐤋𐤄𐤕𐤄𐤋𐤊	H1980	21	0.95		
𐤏𐤈𐤅𐤐𐤉	H5848	3	0.00		
𐤊𐤍𐤎𐤉𐤅𐤕	H3664	3	0.00		
𐤀𐤓𐤅𐤍	H727	14	0.50		
𐤄𐤀𐤅𐤑𐤓	H214	22	0.82		
𐤌𐤏𐤅𐤕	H5791	3	0.00		
𐤋𐤀𐤓𐤅𐤍	H727	6	0.50		
𐤅𐤏𐤔𐤉𐤓𐤉𐤌	H6223	3	1.00		
𐤀𐤋𐤌𐤍𐤄	H490	15	0.80		
𐤓𐤁𐤏	H7253	5	0.60	H7255	0.4
𐤀𐤎𐤓	H632	52	0.23	H631	0.6923076923076923
𐤄𐤀𐤋𐤌𐤍𐤄	H490	9	1.00		
𐤄𐤀𐤁𐤍𐤉𐤌	H68	39	0.44	H70	0.7692307692307693
𐤄𐤓𐤀𐤉𐤕	H7200	25	0.80		
𐤄𐤀𐤅𐤕	H226	34	0.65		
𐤁𐤁𐤀	H935	7	0.71		
𐤕𐤏𐤔𐤄	H6213	83	0.76		
𐤅𐤉𐤕𐤏𐤅	H8582	6	0.83		
𐤅𐤌𐤄𐤅𐤌𐤄	H4103	17	0.59		
𐤑𐤓𐤉𐤊𐤄	H6862	6	0.33		
𐤋𐤄𐤒𐤓𐤀	H7124	16	0.00		
𐤀𐤌𐤓𐤅𐤇	H7307	4	1.00	H518	0.5
𐤅𐤀𐤇	H251	3	1.00		
𐤅𐤄𐤌𐤉𐤕𐤅	H4191	34	0.65		
𐤋𐤀𐤋𐤅	H410	4	0.75		
𐤄𐤒𐤅𐤓𐤀	H7121	17	0.71	H5875	0.0
𐤄𐤄𐤌𐤄	H1992	7	0.14		
𐤋𐤀𐤕𐤄𐤉𐤄	H1961	5	0.80	H3808	0.6
𐤁𐤓𐤀	H1254	51	0.12	H1262	0.09803921568627451
𐤅𐤋𐤅𐤋𐤉	H3884	4	0.25		
𐤀𐤕𐤄𐤉𐤌𐤉𐤌	H3117	8	0.88	H853	0.375
𐤁𐤇𐤓	H977	94	0.45	H2735	0.14893617021276595
𐤀𐤌𐤉𐤀𐤌𐤓	H559	3	0.67	H518	0.6666666666666666
𐤄𐤍𐤄𐤅	H2009	6	0.00		
𐤅𐤍𐤕𐤍𐤅	H5414	26	0.85		
𐤋𐤄𐤕𐤏𐤅𐤕	H8582	7	0.71		
𐤄𐤑𐤓𐤄	H6869	62	0.37		
𐤓𐤁𐤄	H7227	191	0.83	H7235	0.8324607329842932
𐤅𐤁𐤊𐤁𐤅𐤃	H3519	13	0.85		
𐤅𐤉𐤒𐤁𐤑	H6908	13	0.77		
𐤏𐤃𐤒𐤑𐤄	H7097	4	0.75	H5704	0.0
𐤊𐤀𐤉𐤔	H376	64	0.91		
𐤋𐤏𐤁𐤃𐤉𐤅	H5650	7	0.57		
𐤅𐤋𐤀𐤉𐤔	H376	4	1.00	H378	0.0
𐤒𐤓𐤉𐤀𐤕	H7149	4	0.00		
𐤄𐤂𐤁𐤓	H1397	5	0.00	H1368	0.0
𐤅𐤌𐤑𐤀	H4672	19	0.84		
𐤇𐤂	H2282	105	0.89	H2287	0.8571428571428571
𐤍𐤓𐤃	H3381	4	0.25	H5373	0.5
𐤆𐤊	H2134	5	0.60		
𐤅𐤉𐤒𐤓	H7136	32	0.53	H3366	0.25
𐤅𐤕𐤔𐤁𐤓	H7665	4	0.50		
𐤀𐤁𐤅𐤃	H6	4	0.75		
𐤁𐤉𐤅𐤕𐤓	H3498	163	0.67		
𐤌𐤔𐤋𐤔	H7969	10	0.90	H8027	0.9
𐤌𐤀𐤅𐤕	H3967	543	0.75		
𐤍𐤐𐤔𐤄	H5315	32	0.84		
𐤄𐤏𐤍𐤉𐤉𐤌	H6041	20	0.70		
𐤋𐤀𐤀𐤄𐤉𐤄	H1961	3	0.67	H3808	1.0
𐤋𐤀𐤋	H410	37	0.84	H408	0.2972972972972973
𐤉𐤃𐤄	H3027	23	0.83	H3028	0.5652173913043478
𐤒𐤃𐤌𐤄	H6924	25	0.84	H6921	0.52
𐤋𐤕𐤕𐤋𐤅	H5414	8	0.62		
𐤋𐤌𐤎𐤓𐤅	H5493	8	0.62	H4519	0.125
𐤕𐤇𐤐𐤑	H2654	5	1.00		
𐤅𐤉𐤐𐤂𐤏	H6293	11	0.64		
𐤑𐤐𐤇𐤕	H6835	5	0.60		
𐤅𐤁𐤀𐤔𐤓	H834	31	0.77	H836	0.6129032258064516
𐤋𐤁𐤏𐤋	H1168	10	0.00	H1167	0.8
𐤄𐤌𐤋𐤅𐤍	H4411	7	0.57		
𐤀𐤊𐤋𐤄	H398	16	0.56	H3615	0.9375
𐤄𐤊𐤉𐤍𐤅	H3559	33	0.85		
𐤄𐤀𐤊𐤋	H400	15	0.40	H398	0.6666666666666666
𐤀𐤊𐤋𐤅	H398	33	0.52	H400	0.45454545454545453
𐤅𐤉𐤔𐤕𐤅	H8354	24	0.21		
𐤅𐤄𐤋𐤀𐤄	H1973	67	0.57		
𐤓𐤅𐤑𐤄	H7521	54	0.87		
𐤀𐤌𐤀𐤕	H853	3	0.33	H518	0.3333333333333333
𐤀𐤔𐤓𐤀𐤕𐤄	H859	3	0.00	H834	0.0
𐤉𐤊𐤋𐤕	H3201	12	0.83	H3202	0.75
𐤐𐤏𐤌	H6471	158	0.89	H6470	0.189873417721519
𐤄𐤌𐤅𐤎𐤓	H4148	7	0.14		
𐤒𐤓𐤁	H7126	86	0.69	H7138	0.6511627906976745
𐤅𐤉𐤕𐤐𐤔𐤄𐤅	H8610	6	0.00		
𐤀𐤑𐤋𐤅	H681	58	0.50		
𐤔𐤋𐤐	H8025	8	0.12	H8026	0.125
𐤀𐤕𐤇𐤓𐤁𐤅	H2719	3	1.00	H853	0.3333333333333333
𐤅𐤍𐤏𐤓	H5288	13	0.62	H5287	0.3076923076923077
𐤋𐤊𐤎𐤅𐤕	H3680	20	0.65		
𐤄𐤍𐤏𐤓𐤉𐤌	H5288	71	0.68		
𐤁𐤉𐤃𐤌	H3027	196	0.90		
𐤅𐤉𐤍𐤎	H5127	40	0.57		
𐤌𐤐𐤍𐤉𐤄𐤌	H6440	55	0.80		
𐤅𐤉𐤅𐤋𐤉𐤊𐤅	H3212	8	0.88		
𐤍𐤂𐤃	H5048	303	0.89	H5057	0.8613861386138614
𐤏𐤍𐤅	H6030	41	0.76	H6031	0.5365853658536586
𐤅𐤉𐤒𐤅𐤌𐤅	H6965	77	0.55		
𐤔𐤌𐤏𐤍𐤅	H8085	39	0.56		
𐤏𐤃𐤅𐤕𐤌	H5715	5	1.00		
𐤔𐤅𐤕𐤄	H8354	5	0.60		
𐤏𐤍𐤉𐤌	H6040	5	0.20	H3283	0.8
𐤄𐤔𐤉𐤁	H7725	84	0.96	H3427	0.7857142857142857
𐤌𐤉𐤕𐤄	H4191	15	0.93		
𐤀𐤕𐤐𐤍𐤉𐤅	H6440	9	1.00	H853	0.1111111111111111
𐤅𐤄𐤌𐤔𐤓𐤕𐤉𐤌	H8334	4	0.25		
𐤁𐤄𐤊𐤅𐤕𐤌	H5221	5	0.60		
𐤌𐤔𐤐𐤇𐤅𐤕	H4940	40	0.25		
𐤀𐤃𐤏	H3045	22	0.77		
𐤅𐤕𐤓𐤀𐤄𐤅	H7200	8	0.50		
𐤄𐤔𐤐𐤇𐤄	H8198	10	0.60		
𐤅𐤕𐤅𐤎𐤐	H3254	20	0.75		
𐤀𐤌𐤓𐤕𐤌	H559	20	0.65		
𐤀𐤌𐤓𐤋𐤅	H559	3	1.00		
𐤅𐤉𐤁𐤊	H1058	45	0.22		
𐤅𐤉𐤔𐤊𐤉𐤌𐤅	H7925	11	0.18		
𐤋𐤔𐤈𐤍𐤅	H7853	3	0.33		
𐤃𐤓𐤊𐤅	H1870	61	0.70	H1869	0.19672131147540983
𐤉𐤁𐤒𐤔𐤅	H1245	21	0.76		
𐤓𐤑𐤇𐤅	H7523	6	1.00		
𐤓𐤑𐤇	H7523	44	0.91	H7524	0.6590909090909091
𐤄𐤌𐤓𐤃	H4778	77	0.00		
𐤀𐤕𐤒𐤅𐤋𐤅	H6963	9	0.89	H853	0.1111111111111111
𐤔𐤉𐤏𐤔𐤄	H6213	5	0.80		
𐤀𐤕𐤌𐤋𐤊	H4428	4	1.00	H853	0.0
𐤄𐤎𐤉𐤕𐤅	H5638	14	0.14	H5496	0.7857142857142857
𐤇𐤐𐤑𐤕𐤌	H2654	7	0.43		
𐤒𐤓𐤀𐤉𐤌	H7121	7	0.86		
𐤊𐤓𐤑𐤅𐤍	H7522	26	0.58		
𐤅𐤉𐤐𐤈𐤓	H6362	12	0.67		
𐤄𐤐𐤍𐤉𐤌𐤉𐤕	H6442	19	0.00		
𐤄𐤌𐤔𐤐𐤈	H4941	113	0.70		
𐤅𐤉𐤆𐤏𐤉𐤒𐤅	H2199	4	0.75		
𐤀𐤓𐤂𐤌𐤍	H713	34	0.68		
𐤋𐤁𐤓𐤊𐤅	H1288	5	1.00		
𐤁𐤒𐤍𐤄	H7070	7	0.29		
𐤅𐤉𐤔𐤕𐤇𐤅𐤅	H7812	47	0.36		
𐤅𐤉𐤅𐤑𐤉𐤀𐤄𐤅	H3318	4	0.75		
𐤌𐤍𐤄𐤔𐤃𐤄	H7704	3	1.00	H4480	0.6666666666666666
𐤄𐤂𐤋𐤂𐤋𐤕	H1538	6	1.00		
𐤁𐤌𐤓	H4751	13	0.38		
𐤁𐤂𐤃𐤉𐤅	H899	23	0.70		
𐤋𐤌𐤏𐤋𐤄	H4605	227	0.74	H4608	0.6299559471365639
𐤄𐤊𐤕𐤅𐤁	H3789	58	0.19		
𐤍𐤌𐤍𐤄	H4487	8	0.62		
𐤓𐤀𐤔𐤌	H7218	27	0.78		
𐤄𐤀𐤇	H1889	13	0.00	H254	0.0
𐤀𐤕𐤏𐤑𐤌𐤊	H6106	7	0.14	H853	0.0
𐤅𐤓𐤃𐤄	H3381	3	0.67		
𐤋𐤏𐤂𐤅	H3933	7	0.14		
𐤁𐤀𐤌𐤓𐤌	H559	52	0.88		
𐤇𐤓𐤐𐤅𐤄𐤅	H2781	3	0.00		
𐤅𐤌𐤒𐤑𐤕	H7117	16	0.38		
𐤅𐤉𐤐𐤇	H6315	5	0.40	H5301	0.6
𐤄𐤌𐤀𐤄	H3968	28	0.11	H3967	0.42857142857142855
𐤍𐤐𐤇	H5301	3	1.00	H5302	0.0
𐤓𐤀𐤅𐤕	H7200	15	0.67		
𐤄𐤑𐤏𐤉𐤓	H6810	54	0.63		
𐤅𐤔𐤋𐤌𐤉𐤕	H8019	9	0.11		
𐤅𐤀𐤇𐤓𐤅𐤕	H312	3	1.00		
𐤅𐤏𐤕	H6256	8	0.88	H6258	0.75
𐤄𐤏𐤓𐤁	H6153	38	0.53	H6150	0.5789473684210527
𐤄𐤂𐤉𐤏	H5060	119	0.74		
𐤔𐤋𐤐𐤍𐤉	H6440	3	1.00		
𐤉𐤅𐤏𐤑	H3289	14	0.64		
𐤍𐤊𐤁𐤃	H3513	67	0.91		
𐤌𐤇𐤊𐤄	H2442	10	0.70		
𐤀𐤌𐤑	H533	37	0.57	H553	0.7027027027027027
𐤀𐤕𐤂𐤅𐤐𐤕	H1480	5	1.00	H853	0.0
𐤌𐤕	H4191	308	0.70	H4194	0.6558441558441559
𐤀𐤋𐤔𐤓	H8269	9	0.56	H413	0.5555555555555556
𐤄𐤔𐤊𐤌	H7925	11	0.73		
𐤀𐤋𐤄𐤒𐤁𐤓	H6913	12	0.25	H413	0.4166666666666667
𐤄𐤀𐤁𐤍	H68	26	0.38	H72	0.11538461538461539
𐤅𐤕𐤁𐤀𐤍𐤄	H935	8	0.88		
𐤅𐤕𐤓𐤀𐤉𐤍𐤄	H7200	4	0.75		
𐤁𐤇𐤅𐤓	H977	30	0.30	H970	0.6333333333333333
𐤌𐤉𐤌𐤉𐤍	H3225	13	0.85	H4326	0.07692307692307693
𐤏𐤅𐤈𐤄	H5844	3	0.67		
𐤔𐤌𐤋𐤄	H8072	6	0.00	H8071	0.16666666666666666
𐤋𐤁𐤍𐤄	H3841	27	0.30	H3842	0.5555555555555556
𐤓𐤏𐤃𐤄	H7461	6	0.33		
𐤅𐤕𐤌𐤄𐤅𐤍	H8540	4	0.25		
𐤁𐤓𐤀𐤔𐤍𐤄	H7223	4	0.75		
𐤀𐤋𐤌𐤓𐤉𐤌	H4751	3	0.00	H413	0.3333333333333333
𐤅𐤕𐤂𐤃	H5046	15	0.47		
𐤁𐤃𐤌𐤅𐤕	H1823	15	0.60		
𐤅𐤉𐤇𐤓𐤐	H2778	6	0.67		
𐤇𐤎𐤓𐤅𐤍	H2637	11	0.64	H2642	0.18181818181818182
𐤋𐤀𐤄𐤀𐤌𐤉𐤍𐤅	H539	4	1.00	H3808	0.5
𐤍𐤏𐤅𐤓	H5287	8	0.12	H5271	0.0
𐤀𐤕𐤄𐤁𐤔𐤅𐤓𐤄	H1309	15	0.93	H853	0.0
𐤄𐤀𐤕𐤅𐤕	H226	11	1.00		
𐤁𐤉𐤃𐤉𐤄𐤌	H3027	68	0.97		
𐤉𐤔𐤉𐤌𐤅	H7760	27	0.93		
𐤅𐤉𐤉𐤈𐤁	H3190	45	0.71		
𐤅𐤉𐤍𐤔𐤀	H5375	3	1.00		
𐤅𐤄𐤀𐤃𐤅𐤍	H113	9	0.22		
𐤏𐤆𐤓𐤌	H5828	4	0.25	H5826	0.25
𐤁𐤀𐤕𐤅𐤕	H226	4	0.75		
𐤄𐤁𐤀𐤅𐤕	H226	17	0.18	H935	0.8823529411764706
𐤃𐤁𐤓𐤌	H1697	15	0.87		
𐤄𐤅𐤀𐤉𐤋𐤅	H2974	10	0.20		
𐤋𐤇𐤁𐤓	H2266	10	0.90	H2268	0.3
𐤎𐤐𐤅𐤓	H5612	11	0.36		
𐤄𐤌𐤏𐤔𐤉𐤌	H4639	151	0.80		
𐤍𐤀𐤌𐤍𐤅	H539	9	0.67		
𐤁𐤕𐤅𐤊𐤍𐤅	H8432	13	0.54		
𐤌𐤕𐤇𐤋𐤄	H2490	8	0.62	H4519	0.125
𐤌𐤔𐤓𐤕𐤉	H8334	16	0.81		
𐤇𐤔𐤁𐤕𐤉	H2803	41	0.76		
𐤋𐤈𐤅𐤁	H2896	47	0.87		
𐤄𐤀𐤃𐤉𐤓	H117	10	0.90		
𐤕𐤃𐤏	H3045	42	0.88		
𐤊𐤄𐤍	H3548	93	0.83	H3547	0.8279569892473119
𐤌𐤌𐤔𐤌𐤓𐤕	H4931	3	0.67		
𐤀𐤁𐤉𐤄	H1	61	0.72	H29	0.47540983606557374
𐤌𐤁𐤍𐤅𐤕	H1323	48	0.60	H1129	0.375
𐤀𐤄𐤓𐤍	H175	40	0.42		
𐤅𐤔𐤌𐤄	H8034	92	0.60	H7760	0.8260869565217391
𐤀𐤋𐤉𐤔𐤁𐤏	H7646	7	0.29	H413	0.8571428571428571
𐤑𐤃𐤉𐤒𐤉𐤌	H6662	28	0.64		
𐤕𐤌	H8552	27	0.74	H8535	0.25925925925925924
𐤏𐤒𐤓𐤄	H6135	19	0.37		
𐤅𐤉𐤊𐤄𐤍	H3547	3	0.33		
𐤌𐤔𐤌𐤓𐤕𐤅	H4931	9	0.44		
𐤅𐤊𐤌𐤔𐤐𐤈	H4941	3	1.00		
𐤏𐤁𐤅𐤃𐤕	H5656	110	0.38		
𐤂𐤅𐤓𐤋𐤅	H1486	12	0.58		
𐤋𐤄𐤒𐤈𐤉𐤓	H6999	4	0.75		
𐤒𐤈𐤓𐤕	H7004	12	1.00		
𐤌𐤕𐤐𐤋𐤋𐤉𐤌	H6419	5	0.80		
𐤄𐤒𐤈𐤓𐤕	H7004	9	0.78	H6999	1.0
𐤌𐤆𐤁𐤇	H4196	85	0.69	H2076	0.6470588235294118
𐤁𐤓𐤀𐤅𐤕𐤅	H1254	111	0.12		
𐤅𐤀𐤉𐤌𐤄	H367	6	0.83		
𐤍𐤐𐤋𐤄	H5307	82	0.83		
𐤆𐤊𐤓𐤉𐤄𐤅	H2148	5	0.20		
𐤍𐤔𐤌𐤏𐤄	H8085	11	0.64		
𐤕𐤐𐤋𐤕𐤊	H8605	5	0.80		
𐤕𐤋𐤃	H3205	14	0.93		
𐤅𐤄𐤉𐤄𐤋𐤊	H1961	3	0.67		
𐤋𐤔𐤌𐤇𐤄	H8057	6	0.67		
𐤅𐤂𐤉𐤋	H1524	3	0.67		
𐤉𐤔𐤌𐤇𐤅	H8055	12	0.75	H8056	0.5833333333333334
𐤊𐤉𐤂𐤃𐤅𐤋	H1419	4	0.75	H3588	0.5
𐤅𐤉𐤉𐤍	H3196	21	0.76		
𐤅𐤔𐤊𐤓	H7941	8	0.25	H7940	0.625
𐤉𐤔𐤕𐤄	H8354	8	0.75		
𐤉𐤌𐤋𐤀	H4390	29	0.79	H3229	0.06896551724137931
𐤁𐤁𐤈𐤍	H990	6	0.67		
𐤉𐤔𐤉𐤁	H7725	27	0.89	H3427	0.6296296296296297
𐤀𐤋𐤉𐤄𐤅𐤄	H3068	3	0.33	H413	0.3333333333333333
𐤀𐤋𐤄𐤉𐤄𐤌	H430	45	0.62		
𐤀𐤕𐤋𐤁	H3820	6	0.83	H853	0.3333333333333333
𐤀𐤁𐤅𐤕	H1	31	0.61	H178	0.16129032258064516
𐤄𐤎𐤅𐤓𐤓𐤉𐤌	H5637	7	0.43		
𐤋𐤄𐤏𐤌𐤉𐤃	H5975	20	0.75		
𐤀𐤋𐤄𐤌𐤋𐤀𐤊	H4397	3	1.00	H413	0.0
𐤆𐤒𐤍𐤕𐤉	H2204	13	0.62		
𐤅𐤀𐤔𐤕𐤉	H802	3	1.00		
𐤂𐤁𐤓𐤉𐤀𐤋	H1403	3	0.00		
𐤄𐤏𐤅𐤌𐤃	H5975	22	0.77		
𐤄𐤀𐤌𐤍𐤕	H539	3	1.00		
𐤁𐤃𐤁𐤓𐤉	H1697	99	0.96	H1696	0.8080808080808081
𐤅𐤄𐤏𐤌	H5971	50	0.84		
𐤅𐤏𐤅𐤃𐤍𐤅	H5750	11	0.91		
𐤉𐤌𐤉	H3117	299	0.88		
𐤅𐤕𐤄𐤓	H2029	58	0.29		
𐤇𐤌𐤔𐤄	H2568	78	0.83		
𐤐𐤒𐤃𐤅	H6485	5	1.00		
𐤋𐤀𐤎𐤐	H623	17	0.65	H622	0.8823529411764706
𐤁𐤇𐤃𐤔	H2320	29	1.00		
𐤄𐤔𐤔𐤉	H8345	33	0.67		
𐤂𐤋𐤉𐤋𐤄	H1544	3	0.67	H1552	0.6666666666666666
𐤀𐤔𐤓𐤔𐤌𐤅	H8034	5	0.40	H834	0.6
𐤄𐤁𐤕𐤅𐤋𐤄	H1330	6	0.67		
𐤁𐤍𐤔𐤉𐤌	H802	8	0.50		
𐤁𐤓𐤀𐤅𐤕𐤄	H7200	10	0.90		
𐤍𐤁𐤄𐤋𐤄	H926	3	0.67		
𐤋𐤃𐤁𐤓𐤅	H1696	3	0.67	H1697	1.0
𐤄𐤁𐤓𐤊𐤄	H1293	26	0.35	H1295	0.2692307692307692
𐤇𐤍	H2580	130	0.55	H2603	0.6384615384615384
𐤅𐤄𐤍𐤊	H2005	5	0.20		
𐤅𐤉𐤄𐤅𐤄	H3068	5	0.40		
𐤉𐤕𐤍𐤋𐤅	H5414	6	0.50		
𐤉𐤌𐤋𐤊	H4427	18	1.00	H3230	0.1111111111111111
𐤕𐤁𐤅𐤀	H935	85	0.85		
𐤅𐤂𐤁𐤅𐤓𐤕	H1368	6	0.00		
𐤄𐤉𐤋𐤅𐤃	H3209	5	0.40	H3205	0.6
𐤂𐤌𐤄𐤉𐤀	H1931	8	0.00	H1571	0.5
𐤄𐤓𐤕𐤄	H2029	10	0.50		
𐤔𐤐𐤇𐤕	H8198	13	0.46		
𐤊𐤃𐤁𐤓𐤊	H1697	7	0.86		
𐤅𐤕𐤁𐤓𐤊	H1288	4	0.50		
𐤅𐤕𐤌𐤋𐤀	H4390	22	0.73		
𐤅𐤁𐤓𐤅𐤊	H1288	13	0.15		
𐤁𐤈𐤍𐤊	H990	4	0.25		
𐤁𐤓𐤊𐤕𐤊	H1293	4	0.50		
𐤁𐤀𐤆𐤍𐤉	H241	50	0.36		
𐤄𐤌𐤋𐤀	H4407	7	0.29		
𐤕𐤌𐤋𐤀	H4390	14	0.86		
𐤓𐤅𐤌𐤌𐤄	H7426	3	0.00		
𐤀𐤕𐤉𐤄𐤅𐤄	H3068	9	0.22	H853	0.3333333333333333
𐤁𐤀𐤋𐤄𐤉	H430	6	0.83		
𐤁𐤏𐤍𐤉	H6041	5	0.80	H6040	0.6
𐤀𐤌𐤕𐤅	H519	5	0.40	H571	0.2
𐤂𐤃𐤋𐤅𐤕	H1419	22	0.82	H1420	0.7727272727272727
𐤔𐤃𐤉	H7706	63	0.00	H7704	0.12698412698412698
𐤅𐤇𐤎𐤃𐤅	H2617	5	0.80		
𐤐𐤆𐤓	H6340	17	0.24		
𐤂𐤀𐤉𐤌	H1343	3	0.67		
𐤁𐤌𐤆𐤌𐤅𐤕	H4209	3	0.33		
𐤄𐤓𐤎	H2040	19	0.58	H2041	0.3684210526315789
𐤍𐤃𐤉𐤁𐤉𐤌	H5081	6	0.50		
𐤅𐤉𐤓𐤌	H7311	18	0.78	H3141	0.4444444444444444
𐤔𐤐𐤋𐤉𐤌	H8217	4	0.25		
𐤕𐤌𐤊	H8551	3	1.00		
𐤏𐤁𐤃𐤅	H5650	63	0.25	H5647	0.5238095238095238
𐤋𐤆𐤊𐤓	H2143	26	0.54	H2142	0.7307692307692307
𐤅𐤋𐤆𐤓𐤏𐤅	H2233	23	0.78		
𐤊𐤔𐤋𐤔𐤄	H7969	3	1.00		
𐤅𐤉𐤌𐤋𐤀𐤅	H4390	25	0.72		
𐤋𐤋𐤃𐤕	H3205	10	1.00		
𐤅𐤕𐤋𐤃	H3205	101	0.79		
𐤔𐤊𐤍𐤉𐤄	H7935	3	0.33	H7934	0.3333333333333333
𐤄𐤔𐤌𐤉𐤍𐤉	H8066	29	0.03		
𐤋𐤌𐤅𐤋	H4136	26	0.81		
𐤏𐤋𐤔𐤌	H8033	8	0.25	H5921	1.0
𐤀𐤉𐤍𐤀𐤉𐤔	H376	6	0.83	H369	0.5
𐤍𐤒𐤓𐤀	H7121	107	0.89	H7122	0.37383177570093457
𐤀𐤋𐤀𐤁𐤉𐤅	H446	5	0.20		
𐤄𐤔𐤌	H8034	78	0.67	H7760	0.9358974358974359
𐤋𐤅𐤇	H3871	12	0.50		
𐤅𐤉𐤊𐤕𐤁	H3789	54	0.30		
𐤀𐤉𐤌𐤄	H367	28	0.46	H366	0.2857142857142857
𐤅𐤉𐤎𐤐𐤓	H5608	73	0.45		
𐤊𐤋𐤄𐤔𐤌𐤏𐤉𐤌	H8085	6	0.50	H3605	0.3333333333333333
𐤀𐤋𐤋𐤁𐤌	H3820	3	1.00	H413	1.0
𐤅𐤉𐤍𐤁𐤀	H5012	6	0.83		
𐤐𐤒𐤃	H6485	63	0.87		
𐤐𐤃𐤅𐤕	H6304	14	0.43	H6299	0.5
𐤒𐤓𐤍	H7161	24	0.46	H7160	0.4583333333333333
𐤅𐤋𐤆𐤊𐤓	H2143	4	0.75		
𐤒𐤃𐤔𐤅	H6944	14	0.79	H6942	0.7142857142857143
𐤀𐤕𐤄𐤔𐤁𐤅𐤏𐤄	H7621	4	0.50	H853	0.0
𐤋𐤄𐤑𐤉𐤋𐤍𐤅	H5337	8	0.75		
𐤋𐤏𐤁𐤃𐤅	H5647	10	0.60		
𐤁𐤕𐤌𐤉𐤌	H8549	3	0.67		
𐤅𐤁𐤑𐤃𐤒𐤄	H6666	11	0.55		
𐤇𐤉𐤉𐤍𐤅	H2416	21	1.00		
𐤃𐤏𐤕	H1847	153	0.36	H3045	0.9607843137254902
𐤄𐤉𐤔𐤅𐤏𐤄	H3444	16	0.88		
𐤋𐤏𐤌𐤅	H5971	15	0.67		
𐤇𐤈𐤀𐤕𐤉𐤄𐤌	H2403	6	0.00		
𐤁𐤓𐤇𐤌𐤉	H1280	3	0.00	H1273	0.0
𐤄𐤍𐤂𐤄	H5051	4	0.25		
𐤌𐤌𐤓𐤅𐤌	H4791	13	0.69		
𐤋𐤄𐤀𐤉𐤓	H215	11	0.73		
𐤋𐤉𐤔𐤁𐤉	H3427	4	0.75		
𐤅𐤋𐤄𐤊𐤉𐤍	H3559	9	0.89		
𐤄𐤔𐤋𐤅𐤌	H7965	70	0.90		
𐤁𐤌𐤃𐤁𐤓𐤅𐤕	H1697	4	0.75	H4519	0.0
𐤏𐤃𐤉𐤅𐤌	H5707	8	0.12		
𐤐𐤒𐤃𐤄	H6486	28	0.71		
𐤋𐤎𐤐𐤓	H5608	83	0.72		
𐤄𐤌𐤐𐤒𐤃	H6485	13	0.85	H4663	0.07692307692307693
𐤔𐤋𐤉𐤈	H7990	13	0.00	H7989	0.8461538461538461
𐤋𐤏𐤉𐤓𐤅	H5892	9	0.67		
𐤀𐤋𐤉𐤄𐤅𐤃𐤄	H3063	4	0.25	H413	1.0
𐤄𐤍𐤒𐤓𐤀𐤄	H7121	42	0.95		
𐤉𐤌𐤉𐤄	H3117	5	0.60		
𐤄𐤁𐤊𐤅𐤓	H1060	35	0.49		
𐤁𐤀𐤁𐤅𐤎	H18	3	0.00		
𐤁𐤌𐤋𐤅𐤍	H4411	4	0.75		
𐤅𐤓𐤏𐤉𐤌	H7451	8	0.50	H7462	0.625
𐤅𐤔𐤌𐤓𐤉𐤌	H8104	4	1.00		
𐤍𐤑𐤁	H5324	25	0.72	H5325	0.0
𐤄𐤅𐤐𐤉𐤏	H3313	17	0.24		
𐤌𐤁𐤔𐤓	H1320	29	0.28	H1319	0.6206896551724138
𐤋𐤊𐤋𐤄𐤏𐤌	H5971	6	0.67	H3605	0.3333333333333333
𐤌𐤅𐤔𐤉𐤏	H3467	13	0.77		
𐤌𐤔𐤁𐤇𐤉𐤌	H7624	3	0.00		
𐤊𐤁𐤅𐤃	H3519	283	0.69	H350	0.1978798586572438
𐤁𐤁𐤍𐤉	H1121	55	0.85	H1142	0.2
𐤓𐤑𐤅𐤍𐤅	H7522	58	0.90		
𐤌𐤏𐤋𐤉𐤄𐤌	H5921	60	0.95		
𐤄𐤌𐤏𐤔𐤄	H4639	184	0.80		
𐤅𐤉𐤔𐤌𐤉𐤏𐤅	H8085	3	0.33		
𐤀𐤔𐤓𐤃𐤁𐤓𐤅	H1696	3	0.33	H834	0.0
𐤔𐤌𐤓𐤄	H8104	13	0.77	H8108	0.0
𐤌𐤄𐤋𐤋𐤉𐤌	H1984	5	0.20		
𐤏𐤋𐤊𐤋	H3605	20	0.10	H5921	0.7
𐤁𐤌𐤋𐤀𐤕	H4390	6	0.50		
𐤋𐤉𐤋𐤃	H3205	9	0.89	H3206	0.8888888888888888
𐤔𐤌𐤍𐤄	H8083	29	0.79	H8081	0.10344827586206896
𐤊𐤔𐤌	H8034	31	0.42	H8036	0.41935483870967744
𐤈𐤄𐤓𐤄	H2893	6	0.50	H2891	0.16666666666666666
𐤋𐤐𐤉	H6310	294	0.87		
𐤕𐤅𐤓𐤕	H8451	76	0.59	H8452	0.15789473684210525
𐤅𐤉𐤏𐤋𐤄𐤅	H5927	11	0.91		
𐤋𐤄𐤏𐤌𐤉𐤃𐤅	H5975	5	1.00		
𐤁𐤕𐤅𐤓𐤕	H8451	39	0.51		
𐤊𐤀𐤌𐤅𐤓	H559	9	0.89		
𐤕𐤓𐤉𐤌	H8449	3	0.33	H7311	0.6666666666666666
𐤍𐤂𐤋𐤄	H1540	52	0.88		
𐤄𐤅𐤓𐤉𐤅	H2029	10	0.70		
𐤊𐤌𐤔𐤐𐤈	H4941	125	0.84		
𐤀𐤕𐤏𐤁𐤃𐤊	H5650	4	1.00	H853	0.0
𐤁𐤔𐤋𐤅𐤌	H7965	143	0.78	H7966	0.07692307692307693
𐤏𐤉𐤍𐤉	H5869	77	0.71	H5870	0.05194805194805195
𐤄𐤊𐤉𐤍𐤅𐤕	H3559	5	1.00		
𐤊𐤋𐤄𐤏𐤌𐤉𐤌	H5971	4	1.00	H3605	0.75
𐤋𐤂𐤋𐤅𐤕	H1540	37	0.76	H1546	0.2972972972972973
𐤅𐤕𐤐𐤀𐤓𐤕	H8597	8	0.75		
𐤕𐤌𐤄𐤉𐤌	H8536	3	0.00		
𐤏𐤋𐤄𐤃𐤁𐤓𐤉𐤌	H1697	5	0.80	H5921	0.8
𐤄𐤍𐤀𐤌𐤓𐤉𐤌	H559	10	0.80		
𐤅𐤋𐤀𐤅𐤕	H226	8	0.62		
𐤌𐤓𐤉𐤁𐤄	H4809	43	0.23	H4808	0.32558139534883723
𐤇𐤍𐤄	H2584	42	0.02	H2583	0.6428571428571429
𐤍𐤁𐤉𐤀𐤄	H5029	3	1.00	H5031	1.0
𐤌𐤔𐤁𐤈	H7626	86	0.99		
𐤊𐤀𐤓𐤁𐤏	H702	22	0.64		
𐤅𐤔𐤌𐤅𐤍𐤉𐤌	H8084	34	0.50		
𐤅𐤁𐤕𐤇𐤍𐤅𐤍𐤉𐤌	H8469	7	0.43		
𐤏𐤁𐤃𐤄	H5656	6	0.33	H5648	0.3333333333333333
𐤅𐤕𐤃𐤁𐤓	H1696	21	0.71		
𐤅𐤉𐤊𐤋𐤅	H3615	12	0.75	H3201	0.4166666666666667
𐤀𐤋𐤍𐤑𐤓𐤕	H5341	3	0.00	H413	0.3333333333333333
𐤏𐤉𐤓𐤌	H5903	65	0.02	H5892	0.7846153846153846
𐤇𐤊𐤌𐤄	H2451	87	0.71	H2449	0.6551724137931034
𐤅𐤇𐤎𐤃	H2617	18	0.61		
𐤅𐤏𐤋𐤅	H5927	18	0.89	H5921	0.9444444444444444
𐤁𐤔𐤍𐤄	H8141	238	0.76	H1317	0.0
𐤄𐤇𐤂	H2282	77	0.83		
𐤅𐤉𐤅𐤕𐤓	H3498	97	0.65		
𐤊𐤃𐤓𐤊	H1870	64	0.81	H1869	0.0625
𐤅𐤉𐤁𐤒𐤔𐤄𐤅	H1245	13	0.85		
𐤄𐤒𐤓𐤅𐤁𐤉𐤌	H7138	73	0.86		
𐤌𐤑𐤀𐤄𐤅	H4672	5	1.00		
𐤋𐤁𐤒𐤔𐤅	H1245	6	0.83		
𐤄𐤌𐤅𐤓𐤉𐤌	H3384	9	0.56		
𐤅𐤔𐤀𐤋	H7592	16	0.81	H7594	0.125
𐤅𐤉𐤇𐤓𐤃𐤅	H2729	11	0.55		
𐤏𐤔𐤉𐤕	H6213	64	0.84	H6246	0.125
𐤀𐤁𐤉𐤊	H1	80	0.71		
𐤁𐤒𐤔𐤕𐤌	H1245	7	0.71		
𐤋𐤀𐤁𐤉	H1	18	0.78		
𐤅𐤉𐤊𐤍𐤏	H3665	12	0.50		
𐤁𐤇𐤊𐤌𐤄	H2451	46	0.65	H2452	0.43478260869565216
𐤅𐤁𐤇𐤍	H974	5	0.40	H975	0.0
𐤁𐤔𐤍𐤕	H8141	134	0.80	H8140	0.7910447761194029
𐤍𐤑𐤉𐤁	H5333	56	0.16	H5334	0.19642857142857142
𐤉𐤈𐤅𐤓	H3195	5	0.60	H5201	0.0
𐤇𐤍𐤍	H2605	80	0.29	H2603	0.5
𐤃𐤁𐤓𐤉	H1697	536	0.92	H1696	0.7817164179104478
𐤉𐤔𐤐𐤋𐤅	H8213	3	0.67		
𐤄𐤏𐤒𐤁	H6118	3	0.33	H6121	0.3333333333333333
𐤋𐤌𐤉𐤔𐤅𐤓	H4334	8	0.88		
𐤉𐤔𐤅𐤏𐤕	H3444	11	0.82		
𐤄𐤉𐤑𐤀𐤉𐤌	H3318	3	1.00		
𐤄𐤅𐤓𐤄	H2030	8	0.38		
𐤄𐤒𐤑𐤐	H7110	8	0.88		
𐤁𐤍𐤐𐤔𐤊𐤌	H5315	5	0.40		
𐤉𐤇𐤋𐤒	H2505	11	0.64		
𐤌𐤆𐤅𐤍	H2098	28	0.00	H4202	0.75
𐤌𐤄𐤍𐤏𐤔𐤄	H6213	9	1.00	H4100	0.3333333333333333
𐤅𐤀𐤍𐤇𐤍𐤅	H587	123	0.22		
𐤅𐤊𐤋𐤌	H3605	52	0.46		
𐤀𐤅𐤋𐤉	H194	114	0.43	H193	0.37719298245614036
𐤅𐤉𐤀𐤎𐤐	H622	44	0.95	H3254	0.9318181818181818
𐤄𐤅𐤊𐤇	H3198	7	1.00		
𐤏𐤋𐤊𐤋𐤀𐤋𐤄	H428	3	0.00	H5921	0.6666666666666666
𐤅𐤌𐤕𐤐𐤋𐤋	H6419	4	0.75		
𐤅𐤉𐤄𐤉𐤒𐤅𐤋	H6963	3	1.00	H1961	0.6666666666666666
𐤅𐤉𐤇𐤔𐤁𐤄𐤅	H2803	6	0.83		
𐤁𐤍𐤋𐤅𐤉	H3878	3	0.67	H1121	0.6666666666666666
𐤁𐤍𐤉𐤍𐤉	H996	9	0.78		
𐤁𐤍𐤉𐤅𐤎𐤐	H3130	6	0.00	H1121	1.0
𐤁𐤍𐤔𐤀𐤋𐤕𐤉𐤀𐤋	H7597	4	0.50	H1121	1.0
𐤁𐤍𐤏𐤓	H5288	5	0.40	H5290	0.6
𐤁𐤍𐤔𐤌𐤏𐤅𐤍	H8085	5	0.00		
𐤁𐤍𐤀𐤃𐤌	H120	17	0.35	H1121	0.7647058823529411
𐤁𐤓𐤂𐤏	H7281	14	0.36		
𐤅𐤍𐤕𐤕𐤉𐤄	H5414	3	1.00		
𐤀𐤇𐤐𐤑	H2654	6	0.83		
𐤅𐤊𐤊𐤋𐤅𐤕	H3615	13	0.69		
𐤁𐤂𐤁𐤅𐤓𐤕	H1369	15	0.80		
𐤊𐤌𐤔𐤐𐤈𐤅	H4941	10	1.00		
𐤅𐤉𐤕𐤍𐤋𐤅	H5414	11	0.73		
𐤉𐤔𐤏𐤉𐤄	H3470	6	0.00		
𐤀𐤕𐤄𐤎𐤐𐤓	H5612	13	0.92	H853	0.0
𐤏𐤍𐤅𐤉𐤌	H6035	6	0.83		
𐤃𐤓𐤅𐤓	H1865	13	0.38	H1866	0.07692307692307693
𐤅𐤋𐤏𐤅𐤓𐤉𐤌	H5787	3	1.00		
𐤅𐤉𐤔𐤉𐤁𐤄𐤅	H7725	7	0.86		
𐤅𐤏𐤉𐤍𐤉	H5869	15	0.53		
𐤁𐤀𐤆𐤍𐤉𐤊𐤌	H241	5	0.60		
𐤅𐤕𐤌𐤄𐤅	H8539	3	0.67		
𐤏𐤋𐤃𐤁𐤓𐤉	H1697	4	1.00	H5921	0.5
𐤌𐤐𐤉𐤄𐤅	H6310	5	0.80		
𐤅𐤊𐤊𐤋	H3605	4	0.75		
𐤔𐤍𐤏𐤔𐤄	H6213	15	1.00		
𐤌𐤅𐤋𐤃𐤕𐤊	H4138	9	0.89		
𐤓𐤑𐤅𐤉	H7521	18	1.00		
𐤌𐤅𐤋𐤃𐤕𐤅	H4138	47	0.85		
𐤅𐤀𐤌𐤕	H571	13	0.77	H4191	0.23076923076923078
𐤀𐤋𐤌𐤍𐤅𐤕	H490	8	0.75	H491	0.75
𐤅𐤔𐤔𐤄	H8337	34	0.85		
𐤀𐤋𐤉𐤔𐤏	H477	38	0.97		
𐤍𐤏𐤌𐤍	H5283	3	1.00		
𐤄𐤀𐤓𐤌𐤉	H761	6	0.17		
𐤇𐤌𐤄	H2534	33	0.70	H2528	0.30303030303030304
𐤅𐤉𐤃𐤉𐤇𐤅	H5080	3	0.00		
𐤄𐤄𐤓	H2022	141	0.74		
𐤍𐤁𐤍𐤕𐤄	H1129	22	0.45		
𐤏𐤑𐤌𐤄	H6109	53	0.21		
𐤏𐤋𐤊𐤋𐤌	H3605	4	0.75	H5921	0.75
𐤅𐤁𐤂𐤁𐤅𐤓𐤄	H1369	7	0.57		
𐤋𐤓𐤅𐤇𐤅𐤕	H7307	4	0.75		
𐤁𐤏𐤃𐤄	H1157	12	0.50	H5712	0.6666666666666666
𐤅𐤉𐤕𐤉𐤑𐤁	H3320	9	0.67		
𐤌𐤓𐤁𐤉𐤌	H7235	19	0.74	H7227	0.6842105263157895
𐤍𐤕𐤍𐤌	H5414	8	1.00		
𐤁𐤒𐤔𐤄𐤅	H1245	5	0.40		
𐤏𐤃𐤉𐤅	H5716	10	0.00	H5704	0.4
𐤅𐤉𐤐𐤑𐤓𐤅𐤁𐤅	H6484	4	0.00		
𐤄𐤀𐤇𐤓𐤅𐤕	H312	17	0.88		
𐤀𐤍𐤉𐤅𐤕	H591	23	0.65		
𐤅𐤉𐤓𐤇𐤑𐤅	H7364	5	0.60		
𐤋𐤔𐤌𐤏𐤅𐤍	H8095	29	0.24		
𐤋𐤄𐤅𐤋𐤉𐤊𐤅	H3212	6	0.50		
𐤅𐤉𐤊𐤋	H3615	38	0.68	H3201	0.5526315789473685
𐤀𐤋𐤔𐤌𐤏𐤅𐤍	H8085	7	0.29	H413	0.14285714285714285
𐤄𐤅𐤋𐤉𐤊𐤄	H3212	3	0.33		
𐤋𐤑𐤅𐤃	H6679	23	0.26		
𐤉𐤂𐤏𐤍𐤅	H3021	3	0.33		
𐤀𐤕𐤄𐤌𐤊𐤌𐤓𐤕	H4365	3	1.00	H853	0.0
𐤅𐤉𐤏𐤔𐤅𐤊𐤍	H3651	3	0.33	H6213	1.0
𐤅𐤉𐤋𐤊𐤃𐤅	H3920	14	0.43		
𐤅𐤕𐤒𐤓𐤏	H7167	5	0.00		
𐤉𐤃	H3027	326	0.90	H3028	0.44785276073619634
𐤄𐤔𐤍𐤉𐤕	H8145	86	0.79		
𐤀𐤕𐤔𐤕𐤉	H8147	5	1.00	H853	0.6
𐤄𐤀𐤍𐤉𐤅𐤕	H591	19	0.53		
𐤏𐤃𐤊𐤉	H5750	7	0.86		
𐤌𐤏𐤌𐤉	H5971	10	0.70	H5973	0.5
𐤇𐤅𐤈𐤀	H2398	13	0.77		
𐤄𐤇𐤆𐤉𐤒𐤄	H2388	6	0.67		
𐤑𐤅𐤃	H6679	3	0.67		
𐤁𐤀𐤇𐤕	H259	26	0.69		
𐤑𐤓𐤏𐤕	H6883	3	0.67		
𐤄𐤑𐤓𐤏𐤕	H6883	5	0.80		
𐤅𐤉𐤏𐤃	H5749	16	0.69		
𐤋𐤔𐤌𐤅𐤏	H8085	80	0.84		
𐤐𐤓𐤅𐤔𐤉𐤌	H6571	5	0.00		
𐤅𐤉𐤓𐤅𐤔𐤋𐤉𐤌	H3389	15	0.27		
𐤍𐤅𐤔𐤀𐤉𐤌	H5387	38	0.32		
𐤁𐤌𐤈𐤄	H4294	13	0.38	H4296	0.38461538461538464
𐤋𐤄𐤁𐤉𐤀𐤅	H935	18	0.89		
𐤅𐤋𐤔𐤅𐤌	H7760	7	0.86		
𐤌𐤓𐤁	H7230	95	0.88	H4764	0.05263157894736842
𐤂𐤃𐤅𐤐𐤉𐤌	H1421	3	0.00		
𐤌𐤔𐤊𐤁𐤅	H4904	12	0.75		
𐤌𐤄𐤋𐤋	H1984	14	0.71	H4110	0.14285714285714285
𐤅𐤉𐤁𐤓𐤊𐤅	H1288	17	0.47		
𐤍𐤐𐤋𐤀𐤅𐤕	H6381	30	0.70		
𐤋𐤅𐤉	H3878	96	0.31	H3881	0.08333333333333333
𐤄𐤁𐤓𐤉𐤀𐤉𐤌	H1254	6	0.00		
𐤋𐤒𐤓𐤅𐤀	H7121	46	0.80		
𐤕𐤇𐤍𐤅𐤕	H8467	6	0.17		
𐤀𐤍𐤎	H597	4	0.75	H5254	0.25
𐤌𐤏𐤋𐤄	H5927	28	0.96	H4608	0.7142857142857143
𐤁𐤉𐤉𐤍	H3196	5	0.40		
𐤄𐤉𐤔𐤍	H8145	12	0.50		
𐤋𐤀𐤊𐤋𐤅	H400	5	0.60	H398	0.6
𐤅𐤉𐤀𐤓𐤁𐤅𐤋𐤅	H693	3	0.33		
𐤅𐤏𐤌𐤅𐤃	H5982	4	0.50		
𐤍𐤌𐤋𐤀𐤅	H4390	7	1.00		
𐤌𐤄𐤋𐤏𐤔𐤅𐤕	H6213	6	0.67	H4100	0.16666666666666666
𐤀𐤎𐤐	H623	116	0.55	H622	0.9310344827586207
𐤅𐤉𐤁𐤇𐤓	H977	31	0.39	H2984	0.12903225806451613
𐤔𐤋𐤉𐤇𐤉𐤌	H7972	9	0.56		
𐤄𐤒𐤍𐤀	H7067	3	0.00		
𐤋𐤌𐤅𐤎𐤓	H4148	13	0.62		
𐤌𐤉𐤔𐤅𐤓	H4334	7	0.86		
𐤅𐤒𐤄𐤋	H6951	3	0.33		
𐤈𐤌𐤀𐤅𐤕	H2932	4	0.75		
𐤅𐤉𐤓𐤐𐤀𐤅	H7495	4	1.00		
𐤀𐤕𐤏𐤉𐤍𐤉𐤅	H5869	11	0.36	H853	0.18181818181818182
𐤅𐤇𐤓𐤐𐤅	H2779	5	0.00		
𐤅𐤓𐤒𐤃𐤅	H7540	3	0.67		
𐤀𐤁𐤅𐤕𐤉𐤄𐤌	H1	109	0.58		
𐤋𐤍𐤁𐤉𐤀𐤉𐤌	H5030	6	1.00		
𐤄𐤏𐤔𐤉𐤓𐤉𐤌	H6242	17	0.06		
𐤊𐤉𐤊𐤁𐤓	H3529	7	0.00	H3588	1.0
𐤄𐤔𐤁𐤏𐤉𐤌	H7657	6	0.33	H7620	0.16666666666666666
𐤊𐤋𐤄𐤀𐤍𐤔𐤉𐤌	H376	7	0.29	H3605	0.14285714285714285
𐤕𐤀𐤄𐤁𐤅	H157	6	0.83		
𐤇𐤎𐤃𐤊𐤌	H2617	6	0.83		
𐤀𐤄𐤁𐤉𐤌	H158	15	0.67	H157	0.9333333333333333
𐤀𐤕𐤄𐤀𐤍𐤔𐤉𐤌	H376	11	0.64	H853	0.18181818181818182
𐤌𐤋𐤅𐤉𐤌	H4405	3	0.33		
𐤀𐤕𐤄𐤇𐤈𐤀𐤉𐤌	H2398	6	0.33	H853	0.0
𐤁𐤔𐤅𐤄	H7740	8	0.12		
𐤕𐤅𐤇𐤋𐤕	H8431	6	0.83		
𐤈𐤅𐤁𐤄	H2896	237	0.82	H2898	0.5611814345991561
𐤓𐤇𐤅𐤌	H7348	18	0.39	H7349	0.3333333333333333
𐤌𐤃𐤄	H4060	37	0.81	H4055	0.3783783783783784
𐤍𐤏𐤋𐤄	H5927	41	0.76		
𐤅𐤃𐤉	H1768	15	0.60	H1767	0.9333333333333333
𐤋𐤁𐤁𐤅	H3824	76	0.46		
𐤐𐤉𐤄𐤅	H6310	6	0.83		
𐤅𐤀𐤉𐤍𐤊𐤌	H369	7	0.14		
𐤅𐤔𐤅𐤌𐤏	H8085	5	1.00		
𐤀𐤅𐤓𐤄	H3384	9	0.11	H219	0.6666666666666666
𐤋𐤇𐤐𐤓	H2658	4	0.25	H2661	0.0
𐤐𐤓𐤑	H6557	41	0.27	H6555	0.4146341463414634
𐤄𐤍𐤄𐤓	H5104	86	0.78		
𐤉𐤎𐤅𐤃𐤅	H3247	3	0.33		
𐤅𐤈𐤅𐤁	H2896	51	0.67	H2895	0.47058823529411764
𐤁𐤍𐤄	H1129	251	0.55	H1121	0.9163346613545816
𐤏𐤋𐤄𐤒𐤓𐤒𐤏	H7172	3	0.00	H5921	1.0
𐤉𐤎𐤅𐤃	H3247	33	0.61	H3245	0.6060606060606061
𐤔𐤁𐤓	H7667	26	0.42	H7665	0.38461538461538464
𐤊𐤋𐤅𐤕𐤅	H3618	11	0.45		
𐤌𐤔𐤓𐤉	H8269	20	0.80		
𐤄𐤌𐤀𐤅𐤕	H3967	13	0.31		
𐤇𐤋𐤄	H2470	40	0.75	H2342	0.8
𐤌𐤆𐤒𐤍𐤉	H2205	9	0.56		
𐤅𐤋𐤄𐤅𐤔𐤉𐤏	H3467	5	1.00		
𐤀𐤕𐤏𐤁𐤃𐤅	H5650	4	1.00	H853	0.25
𐤁𐤒𐤔𐤕𐤅	H1246	8	0.12		
𐤀𐤄𐤁	H157	108	0.75		
𐤀𐤕𐤁𐤉𐤕	H1004	13	0.85	H853	0.07692307692307693
𐤓𐤏𐤉𐤅	H7453	47	0.96		
𐤀𐤋𐤍𐤀	H4994	21	0.33	H413	0.6190476190476191
𐤔𐤕𐤁𐤅𐤀	H935	6	0.67		
𐤅𐤁𐤏𐤁𐤅𐤓	H5668	93	0.81		
𐤏𐤑𐤌𐤉	H6106	12	0.33	H6108	0.4166666666666667
𐤀𐤕𐤃𐤁𐤓𐤉𐤅	H1697	5	1.00	H853	0.2
𐤄𐤄𐤅𐤋𐤊	H1980	13	0.69		
𐤄𐤇𐤋𐤄	H2471	17	0.00	H2490	0.7647058823529411
𐤄𐤋𐤊𐤉𐤌	H1980	13	0.85		
𐤌𐤅𐤑𐤉𐤀𐤉𐤌	H3318	10	0.90		
𐤋𐤀𐤌𐤅	H517	21	0.90		
𐤅𐤏𐤌𐤄	H5981	6	0.17	H5971	0.6666666666666666
𐤅𐤊𐤓𐤀𐤅𐤕	H7200	38	0.76		
𐤁𐤀𐤓𐤅𐤍	H727	16	0.31		
𐤏𐤋𐤌	H5957	9	0.56	H5958	1.0
𐤒𐤅𐤌𐤄	H6965	18	0.61	H6967	0.3888888888888889
𐤄𐤌𐤕	H4191	48	0.90		
𐤅𐤕𐤀𐤇𐤆	H270	4	0.75		
𐤁𐤒𐤓𐤁𐤍𐤅	H7130	28	0.61		
𐤁𐤊𐤋𐤉𐤄𐤅𐤃𐤄	H3063	4	0.25	H3605	0.5
𐤅𐤄𐤂𐤉𐤃𐤅	H5046	6	0.67		
𐤔𐤅𐤌𐤏𐤉𐤌	H8085	6	1.00		
𐤔𐤋𐤅𐤇𐤉	H2425	22	0.23	H7964	0.6818181818181818
𐤕𐤐𐤀𐤓𐤕	H8597	49	0.61		
𐤁𐤇𐤑𐤓𐤅𐤕	H2691	3	0.33	H2698	0.0
𐤄𐤑𐤃𐤉𐤒𐤅	H6663	4	0.75		
𐤅𐤁𐤏𐤋𐤉	H5921	13	0.77	H1167	0.6923076923076923
𐤀𐤕𐤏𐤑𐤕	H6098	3	1.00	H853	0.3333333333333333
𐤏𐤋𐤍𐤐𐤔𐤌	H5315	8	0.75	H5921	0.875
𐤀𐤋𐤌𐤉	H4310	3	0.33	H413	0.3333333333333333
𐤋𐤀𐤀𐤊𐤋	H398	3	0.67	H3808	0.3333333333333333
𐤅𐤓𐤏	H7451	37	0.73	H7489	0.7837837837837838
𐤇𐤈𐤀𐤕	H2403	35	0.51	H2398	0.4857142857142857
𐤌𐤎𐤁	H4524	4	0.75	H5437	0.75
𐤄𐤌𐤅𐤓	H4753	3	0.00		
𐤅𐤕𐤏𐤌𐤃	H5975	7	1.00		
𐤅𐤕𐤁𐤊	H1058	14	0.29		
𐤅𐤕𐤇𐤋	H2490	7	0.57	H2342	0.5714285714285714
𐤀𐤕𐤓𐤂𐤋𐤉𐤅	H7272	4	0.25	H853	0.0
𐤁𐤃𐤌𐤏𐤅𐤕	H1832	22	0.86		
𐤁𐤔𐤏𐤓𐤅𐤕	H6172	3	0.00		
𐤓𐤀𐤔𐤄	H7218	23	0.83	H7222	0.5652173913043478
𐤅𐤕𐤔𐤒	H5401	3	0.33	H8248	0.6666666666666666
𐤀𐤋𐤅	H413	51	0.78	H352	0.4117647058823529
𐤇𐤈𐤀𐤄	H2401	14	0.29	H2398	0.7857142857142857
𐤄𐤀𐤇𐤃	H259	127	0.76		
𐤅𐤄𐤔𐤍𐤉	H8145	33	0.79		
𐤇𐤌𐤔𐤉𐤌	H2572	94	0.95	H2571	0.23404255319148937
𐤄𐤔𐤉𐤂𐤄	H5381	16	0.19		
𐤉𐤃𐤌	H3027	132	0.88	H1826	0.4621212121212121
𐤀𐤕𐤔𐤍𐤉𐤄𐤌	H8147	3	1.00	H853	0.3333333333333333
𐤋𐤀𐤄𐤁𐤄	H157	17	0.82	H160	0.8823529411764706
𐤀𐤇𐤔𐤁	H2803	6	0.83		
𐤔𐤐𐤈𐤕	H8199	10	0.90		
𐤀𐤋𐤄𐤀𐤔𐤄	H802	3	1.00	H413	0.3333333333333333
𐤅𐤌𐤉𐤌	H4325	22	0.59	H3220	0.6818181818181818
𐤏𐤋𐤓𐤂𐤋𐤉	H7272	5	0.20	H5921	0.8
𐤍𐤕𐤕	H5414	43	0.77		
𐤀𐤕𐤓𐤂𐤋𐤉	H7272	10	0.40	H853	0.0
𐤌𐤀𐤆	H227	77	0.84		
𐤇𐤃𐤋𐤄	H2308	14	0.57		
𐤌𐤍𐤔𐤒	H8242	5	0.20	H4480	1.0
𐤀𐤕𐤓𐤀𐤔𐤉	H7218	6	1.00	H853	0.16666666666666666
𐤌𐤔𐤇𐤄	H4886	3	1.00	H4888	1.0
𐤄𐤓𐤁𐤅𐤕	H7235	27	0.78		
𐤀𐤄𐤁𐤄	H160	81	0.68	H157	0.8765432098765432
𐤅𐤌𐤊𐤐𐤓	H3724	3	0.67		
𐤅𐤌𐤁𐤔𐤓	H1320	5	0.20		
𐤅𐤔𐤍𐤉𐤌	H8147	89	0.76	H8141	0.5280898876404494
𐤅𐤍𐤔𐤉𐤌	H802	28	0.32	H7760	0.75
𐤍𐤓𐤐𐤀𐤅	H7495	5	0.60		
𐤁𐤄𐤕𐤀𐤎𐤐	H622	6	0.83		
𐤀𐤕𐤆𐤓𐤏𐤅	H2233	4	0.75	H853	0.25
𐤅𐤏𐤅𐤐	H5775	16	0.50	H5776	0.5
𐤅𐤉𐤑𐤌𐤇	H6779	3	0.33		
𐤋𐤇𐤅𐤕	H3871	4	0.25	H3872	0.0
𐤅𐤋𐤀𐤇𐤓𐤉𐤌	H312	4	0.75		
𐤃𐤁𐤓𐤀𐤋𐤄𐤉𐤌	H430	3	0.00	H1697	1.0
𐤄𐤌𐤒𐤁𐤋𐤉𐤌	H6903	6	0.83	H4519	0.16666666666666666
𐤅𐤔𐤓𐤔	H8328	4	1.00		
𐤀𐤇𐤅𐤓	H268	98	0.88		
𐤅𐤄𐤅𐤋𐤊𐤉𐤌	H1980	4	0.75		
𐤅𐤁𐤏𐤔𐤓	H6218	3	0.00		
𐤅𐤁𐤕𐤀𐤅𐤕	H8378	5	0.60		
𐤅𐤈𐤄𐤅𐤓	H2889	7	0.43		
𐤁𐤕𐤅𐤇𐤋𐤕	H8462	3	0.00		
𐤉𐤊𐤎𐤄	H3680	9	0.22		
𐤁𐤊𐤋𐤉	H3627	25	0.44		
𐤀𐤕𐤄𐤀𐤅𐤓	H216	3	1.00	H853	0.0
𐤋𐤀𐤅𐤓	H216	28	0.68	H215	0.6785714285714286
𐤇𐤐𐤑𐤉𐤌	H2656	22	0.73	H2655	0.8181818181818182
𐤋𐤓𐤀𐤅𐤕𐤊	H7200	6	1.00		
𐤄𐤉𐤌𐤄	H3220	5	0.60		
𐤅𐤉𐤔𐤊𐤁	H7901	22	0.77		
𐤅𐤉𐤉𐤔𐤍	H3462	17	0.35		
𐤎𐤏𐤓𐤄	H5591	7	0.43	H5590	0.14285714285714285
𐤉𐤓𐤃𐤄	H3381	12	0.25		
𐤀𐤌𐤅𐤍𐤕𐤊𐤌	H530	26	0.96		
𐤅𐤉𐤐𐤂𐤔𐤄𐤅	H6298	13	0.31		
𐤌𐤉𐤌𐤉𐤌	H3117	45	0.93	H3220	0.26666666666666666
𐤅𐤁𐤂𐤃	H899	3	1.00		
𐤋𐤁𐤔	H3847	21	0.38	H3830	0.5714285714285714
𐤅𐤁𐤁𐤉𐤕	H1004	9	0.89	H1024	0.1111111111111111
𐤌𐤁𐤒𐤔	H1245	50	0.44		
𐤌𐤍𐤄𐤀𐤉𐤔	H376	3	0.33	H4480	0.6666666666666666
𐤁𐤀𐤆𐤒𐤉𐤌	H246	4	0.25		
𐤅𐤍𐤔𐤌𐤓	H8104	3	1.00		
𐤅𐤍𐤃𐤇𐤐	H1765	3	0.33		
𐤏𐤃𐤓	H5739	10	0.40	H5740	0.5
𐤇𐤁𐤋	H2256	51	0.63	H2254	0.45098039215686275
𐤅𐤎𐤐𐤓	H5608	21	0.67	H5612	0.2857142857142857
𐤄𐤂𐤃𐤋𐤅𐤕	H1419	4	1.00	H1420	1.0
𐤁𐤔𐤅𐤁	H7725	11	0.91		
𐤅𐤉𐤒𐤁𐤋	H6903	3	0.33		
𐤌𐤇𐤊𐤉𐤌	H2449	8	0.12	H2442	0.625
𐤓𐤀𐤔	H7218	239	0.82	H7219	0.3472803347280335
𐤁𐤕	H1323	285	0.69	H1337	0.5894736842105263
𐤉𐤇𐤉𐤃𐤄	H3173	7	0.57		
𐤍𐤅𐤈𐤄	H5186	12	0.83		
𐤁𐤋𐤊𐤕𐤅	H3212	20	0.80		
𐤄𐤅𐤑𐤉𐤀𐤄	H3318	10	0.90		
𐤃𐤌𐤄	H1818	18	0.50	H1819	0.7222222222222222
𐤌𐤉𐤆𐤄	H2088	3	0.00		
𐤊𐤇𐤔𐤅	H3584	10	0.60		
𐤕𐤅𐤔𐤏	H3467	5	0.40		
𐤁𐤊𐤉𐤌	H1058	6	0.83	H1066	0.0
𐤀𐤇𐤆	H271	22	0.68	H270	0.5454545454545454
𐤓𐤅𐤇𐤄	H7307	23	0.57	H7309	0.13043478260869565
𐤅𐤔𐤋𐤈𐤍	H7985	5	0.20		
𐤅𐤋𐤓𐤐𐤀	H7495	3	1.00		
𐤌𐤈𐤅𐤕	H4294	7	0.57	H4296	0.14285714285714285
𐤅𐤄𐤁𐤉𐤕	H1004	9	0.89		
𐤅𐤌𐤔𐤌	H8033	97	0.54		
𐤌𐤁𐤔𐤓𐤉𐤌	H1320	6	0.50		
𐤅𐤕𐤐𐤏𐤌	H6470	9	0.22		
𐤋𐤓𐤀𐤅𐤕𐤅	H7200	22	0.86		
𐤅𐤉𐤒𐤇𐤌	H3947	13	0.38		
𐤅𐤉𐤒𐤁𐤋𐤌	H6901	8	0.75		
𐤏𐤋𐤌𐤋𐤊𐤅𐤕	H4438	3	1.00	H5921	1.0
𐤋𐤏𐤓𐤁	H6153	5	0.40	H6148	0.0
𐤎𐤁𐤉𐤁𐤅𐤕𐤉𐤍𐤅	H5439	8	0.88		
𐤋𐤋𐤅𐤍	H3885	11	0.73		
𐤅𐤋𐤌𐤑𐤀	H4672	6	0.67		
𐤊𐤉𐤐𐤄	H6311	3	0.33	H3588	0.6666666666666666
𐤅𐤃𐤂𐤉𐤌	H1709	5	0.60		
𐤄𐤅𐤔𐤉𐤁𐤅	H3427	6	0.83		
𐤁𐤔𐤅𐤓𐤄	H1309	13	0.23		
𐤅𐤉𐤅𐤔𐤉𐤁𐤅	H3427	7	1.00		
𐤌𐤕𐤐𐤋𐤋	H6419	16	0.62		
𐤌𐤍𐤄𐤑𐤓𐤊	H6862	7	0.29	H4480	0.7142857142857143
𐤌𐤍𐤄𐤆𐤒𐤍𐤉𐤌	H2205	4	0.75	H4480	0.5
𐤊𐤋𐤄𐤏𐤅𐤋𐤌	H5769	5	0.80		
𐤅𐤀𐤁𐤃	H6	23	0.48		
𐤅𐤄𐤔𐤇𐤉𐤕	H7843	5	0.80		
𐤅𐤁𐤀𐤌𐤕	H571	40	0.50		
𐤊𐤔𐤌𐤍𐤄	H8083	5	0.80		
𐤌𐤓𐤀𐤄	H4758	91	0.69	H7200	0.7472527472527473
𐤍𐤓𐤃𐤌𐤉𐤌	H7290	3	0.67		
𐤁𐤄𐤐𐤓𐤃𐤌	H6505	3	0.00		
𐤌𐤄𐤃𐤁𐤓	H1697	7	0.86	H4100	0.42857142857142855
𐤅𐤊𐤁𐤅𐤀𐤌	H935	3	1.00		
𐤁𐤏𐤍𐤍	H6051	11	0.64		
𐤄𐤒𐤅𐤋	H6963	19	0.74		
𐤍𐤔𐤀𐤓	H7604	146	0.62		
𐤄𐤇𐤔𐤅	H2814	5	0.80		
𐤅𐤀𐤁𐤒𐤔	H1245	10	0.60		
𐤄𐤒𐤓𐤉𐤁	H7126	47	0.72		
𐤂𐤏𐤓	H1605	8	0.25		
𐤀𐤕𐤄𐤍𐤏𐤓	H5288	10	0.20	H853	0.1
𐤔𐤉𐤌𐤅	H7760	13	0.92	H7761	0.6923076923076923
𐤁𐤍𐤉𐤄𐤀𐤃𐤌	H120	19	0.42	H1121	0.8421052631578947
𐤅𐤍𐤏𐤋𐤌	H5956	6	0.50		
𐤌𐤃𐤏𐤕𐤌	H1847	6	0.33		
𐤋𐤇𐤔𐤅𐤁	H2805	32	0.59		
𐤊𐤌𐤋𐤀𐤕	H4390	4	0.25		
𐤋𐤄𐤊𐤉𐤍	H3559	44	0.91		
𐤀𐤔	H784	176	0.70	H801	0.7045454545454546
𐤍𐤐𐤔𐤅𐤕	H5315	32	0.84		
𐤀𐤋𐤊𐤋𐤀𐤔𐤓	H834	3	0.00	H413	0.3333333333333333
𐤇𐤅𐤓𐤉	H2753	4	0.50	H2359	0.0
𐤅𐤀𐤋𐤊𐤄	H3212	14	0.50		
𐤄𐤍𐤇	H3240	8	0.75	H5148	0.375
𐤄𐤅𐤃𐤏	H3045	6	0.67	H3046	0.5
𐤋𐤄𐤐𐤓𐤃	H6505	6	0.00		
𐤉𐤊𐤔𐤓	H3787	6	0.00		
𐤄𐤁𐤃𐤉𐤋	H914	16	0.31	H913	0.25
𐤔𐤁𐤏𐤉𐤌	H7657	94	0.61	H7620	0.5106382978723404
𐤅𐤌𐤒𐤅𐤌	H4725	16	0.88		
𐤊𐤉𐤎	H3599	4	0.50		
𐤁𐤍𐤔𐤋𐤅𐤌	H7965	4	0.25	H1121	1.0
𐤅𐤍𐤇	H5146	14	0.00		
𐤅𐤕𐤀𐤊𐤋𐤅	H398	3	0.67		
𐤅𐤕𐤔𐤕𐤅	H8354	3	1.00		
𐤔𐤅𐤄	H7737	45	0.71	H7740	0.17777777777777778
𐤁𐤔𐤊𐤓𐤅	H7939	3	0.67		
𐤅𐤒𐤁𐤋𐤅	H6901	19	0.84		
𐤁𐤒𐤓𐤁𐤄	H7130	37	0.51		
𐤉𐤒𐤁𐤋𐤅	H6903	4	0.25	H6901	1.0
𐤏𐤉𐤓𐤊𐤌	H5892	4	0.75		
𐤕𐤃𐤏𐤅	H3045	36	0.97		
𐤅𐤔𐤁𐤅	H7725	34	0.88	H3427	0.6176470588235294
𐤁𐤃𐤉𐤍	H3027	11	0.73		
𐤄𐤔𐤅𐤌𐤏	H8085	4	1.00		
𐤔𐤅𐤌𐤏	H8085	26	0.81		
𐤁𐤅𐤆𐤄	H959	5	0.20	H939	0.2
𐤍𐤊𐤍𐤏𐤉𐤌	H3665	13	0.85		
𐤓𐤀𐤉𐤕𐤉	H7200	90	0.69		
𐤅𐤏𐤒𐤓𐤁𐤉𐤌	H4610	4	0.25		
𐤅𐤏𐤋	H5921	829	0.91	H5922	0.7961399276236429
𐤅𐤊𐤋𐤃𐤁𐤓	H1697	6	1.00	H3605	0.5
𐤌𐤋𐤐𐤍𐤉𐤊	H6440	7	1.00		
𐤄𐤏𐤉𐤍𐤉𐤌	H5869	5	0.60		
𐤇𐤐𐤑𐤅	H2656	65	0.60		
𐤌𐤁𐤏𐤋𐤉	H1167	6	0.50	H1184	0.3333333333333333
𐤌𐤄𐤀𐤏𐤔𐤄	H6213	4	0.75	H4100	0.25
𐤅𐤇𐤉𐤄	H2421	7	0.71	H2416	1.0
𐤋𐤉𐤓𐤉𐤇𐤅	H3405	13	0.23		
𐤔𐤃𐤃𐤉𐤌	H7703	12	1.00		
𐤄𐤌𐤒𐤓𐤄	H4747	28	0.04	H7136	0.75
𐤊𐤉𐤉𐤓𐤃	H3381	5	0.20	H3588	1.0
𐤐𐤂𐤏	H6293	42	0.67	H6294	0.07142857142857142
𐤔𐤌𐤓𐤅𐤍𐤉	H8111	4	1.00		
𐤅𐤋𐤌𐤇𐤓𐤕	H4283	12	0.75		
𐤁𐤍𐤎𐤏𐤅	H5265	7	0.57		
𐤄𐤅𐤑𐤉𐤀	H3318	89	0.93		
𐤅𐤉𐤕𐤍𐤌	H5414	30	0.53		
𐤊𐤋𐤊𐤋	H3557	6	0.83	H3633	0.0
𐤕𐤅𐤎𐤉𐤐	H3254	11	0.73		
𐤋𐤄𐤅𐤑𐤉𐤀	H3318	89	0.93		
𐤁𐤔𐤅𐤁𐤉	H7725	8	1.00		
𐤄𐤔𐤋𐤔𐤄	H7969	9	0.67		
𐤁𐤏𐤉𐤍𐤉𐤊	H5869	60	0.62		
𐤋𐤍𐤐𐤋	H5307	15	0.87		
𐤄𐤔𐤃𐤃𐤉𐤌	H7703	24	1.00		
𐤄𐤏𐤔𐤄	H6213	8	0.75		
𐤀𐤎𐤐𐤄	H622	9	0.89	H3254	0.7777777777777778
𐤀𐤇𐤅𐤕	H269	44	0.82	H262	0.045454545454545456
𐤉𐤔𐤁𐤄	H3427	17	0.88		
𐤁𐤓𐤁	H7230	57	0.91	H7227	0.9122807017543859
𐤕𐤔𐤉𐤌	H7760	17	0.82		
𐤀𐤇𐤅𐤕𐤉	H269	21	0.33		
𐤋𐤔𐤓𐤕	H8334	36	0.36		
𐤋𐤁𐤃𐤉	H905	24	0.83		
𐤃𐤀𐤂𐤕	H1672	9	0.44		
𐤁𐤇𐤓𐤄	H970	4	0.75		
𐤄𐤇𐤋𐤒	H2510	50	0.18	H2506	0.84
𐤋𐤌𐤃𐤍𐤅	H1835	6	0.67	H4519	0.0
𐤋𐤌𐤃	H3925	36	0.72	H3928	0.6111111111111112
𐤅𐤎𐤋𐤇	H5546	4	0.50		
𐤌𐤍𐤄𐤃𐤓𐤊	H1870	3	1.00	H4480	0.3333333333333333
𐤌𐤋𐤐𐤍𐤉𐤌	H6440	44	0.93		
𐤍𐤎𐤂𐤓𐤄	H5462	3	1.00		
𐤔𐤅𐤊𐤁𐤉𐤌	H7901	4	0.25		
𐤋𐤀𐤀𐤅𐤊𐤋	H3201	4	1.00	H3808	1.0
𐤋𐤒𐤅𐤌	H6965	31	0.74	H3946	0.0967741935483871
𐤏𐤋𐤄𐤉𐤅𐤕𐤅	H1961	3	0.33	H5921	1.0
𐤏𐤆𐤅𐤕	H5794	23	0.35		
𐤀𐤐𐤊𐤉	H639	7	0.00		
𐤑𐤀𐤕	H3318	23	0.87	H6675	0.21739130434782608
𐤆𐤁𐤅𐤁	H1176	5	0.00	H2070	0.2
𐤍𐤎𐤅𐤄𐤅	H5254	3	1.00		
𐤉𐤐𐤋	H5307	25	0.84	H5308	0.84
𐤏𐤋𐤁𐤉𐤕	H1004	5	1.00	H5921	0.8
𐤌𐤆𐤉𐤍	H238	3	0.33		
𐤓𐤊𐤅𐤔𐤅	H7399	24	0.54		
𐤌𐤀𐤎𐤐	H622	9	0.56		
𐤅𐤁𐤁𐤅𐤀𐤄	H935	5	1.00		
𐤊𐤃𐤁𐤓𐤅	H1697	12	1.00		
𐤍𐤔𐤀𐤄	H5375	17	0.94		
𐤄𐤁𐤈𐤍	H990	4	0.75		
𐤅𐤄𐤔𐤃𐤉𐤌	H7708	3	0.00		
𐤋𐤀𐤍𐤔𐤉	H376	70	0.90		
𐤋𐤀𐤅𐤕	H226	45	0.40		
𐤄𐤌𐤍𐤅𐤓𐤄	H4501	18	0.94		
𐤁𐤀𐤉	H935	15	0.67		
𐤅𐤁𐤄𐤉𐤅𐤕𐤄	H1961	3	0.67		
𐤅𐤇𐤔𐤊	H2822	9	0.44	H2820	0.1111111111111111
𐤁𐤁𐤓𐤒	H1301	3	0.33		
𐤁𐤓𐤀𐤕𐤅	H7200	7	0.57		
𐤅𐤓𐤔𐤏	H7563	8	0.50		
𐤅𐤕𐤏𐤁𐤓𐤅	H5674	3	1.00		
𐤄𐤍𐤎𐤕𐤓𐤉𐤌	H5641	4	0.75		
𐤁𐤃𐤁𐤓𐤉𐤊	H1697	4	1.00		
𐤁𐤏𐤋𐤉	H1167	74	0.80	H1166	0.5675675675675675
𐤌𐤔𐤀𐤅𐤕	H4859	4	0.00	H5375	1.0
𐤌𐤎𐤁𐤋	H5447	4	0.50		
𐤁𐤏𐤑𐤌𐤊𐤌	H6106	6	0.17		
𐤍𐤂𐤏𐤉𐤌	H5061	9	0.11	H5060	0.4444444444444444
𐤁𐤌𐤏𐤔𐤉	H4639	31	0.65		
𐤇𐤊𐤌𐤕	H2451	39	0.69	H2449	0.7435897435897436
𐤀𐤔𐤋𐤇	H7971	16	0.88		
𐤉𐤄𐤓𐤂𐤅	H2026	6	1.00		
𐤉𐤃𐤓𐤔	H1875	10	0.70		
𐤌𐤍𐤄𐤃𐤅𐤓	H1755	3	1.00	H4480	0.3333333333333333
𐤍𐤔𐤐𐤊	H8210	8	0.62		
𐤅𐤋𐤁𐤉𐤕	H1004	6	0.67		
𐤃𐤓𐤅𐤔	H1875	11	0.64		
𐤄𐤃𐤏𐤕	H1847	39	0.46		
𐤁𐤃𐤁𐤓𐤉𐤌	H1697	187	0.97		
𐤅𐤉𐤀𐤓𐤁𐤅	H693	6	0.50		
𐤋𐤑𐤅𐤃𐤃	H6679	4	0.25		
𐤏𐤃𐤊𐤄	H3541	9	0.89	H5704	0.7777777777777778
𐤓𐤁𐤁𐤅𐤕	H7233	64	0.98		
𐤃𐤁𐤓𐤕𐤌	H1696	6	0.83		
𐤋𐤄𐤔𐤋𐤉𐤊	H7993	32	0.66		
𐤁𐤔𐤍𐤉	H8147	28	0.93	H8145	0.7857142857142857
𐤀𐤋𐤁𐤕𐤉	H1004	3	0.33	H413	0.6666666666666666
𐤊𐤉𐤓𐤅𐤇	H7307	5	1.00	H3588	0.4
𐤉𐤅𐤓𐤄	H3384	16	0.75	H3138	0.625
𐤅𐤉𐤇𐤋𐤒	H2505	39	0.79		
𐤔𐤌𐤍𐤉	H7760	3	0.67	H8081	0.0
𐤕𐤋𐤅𐤉𐤌	H8518	4	0.25		
𐤕𐤁𐤅𐤀𐤄	H8393	4	0.75	H935	1.0
𐤅𐤉𐤇𐤔𐤁	H2803	69	0.88		
𐤀𐤉𐤍𐤋𐤉	H369	6	0.33		
𐤅𐤁𐤍𐤄	H1129	28	0.39		
𐤅𐤈𐤅𐤁𐤉	H2896	7	0.29		
𐤋𐤍𐤐𐤔𐤉	H5315	13	0.85		
𐤀𐤊𐤋𐤉	H398	4	1.00	H399	1.0
𐤅𐤄𐤀𐤋𐤄𐤉𐤌	H430	32	0.41		
𐤄𐤊𐤎𐤉𐤋	H3684	4	0.00		
𐤁𐤏𐤑𐤌	H6106	60	0.38	H6108	0.4166666666666667
𐤉𐤃𐤓𐤔𐤅	H1875	8	1.00		
𐤀𐤑𐤓𐤅𐤕	H214	3	0.67		
𐤉𐤏𐤔𐤉𐤓	H6238	3	0.67		
𐤄𐤕𐤁𐤅𐤍𐤍𐤅	H995	8	1.00		
𐤅𐤀𐤅𐤑𐤓	H687	5	0.00		
𐤌𐤆𐤏𐤓	H4213	15	0.07		
𐤉𐤔𐤍𐤅	H3426	15	0.80	H8138	0.5333333333333333
𐤁𐤂𐤃𐤋𐤅𐤕	H1419	6	0.83		
𐤂𐤅𐤉𐤉	H1471	14	0.64		
𐤌𐤊𐤓𐤅	H4376	18	0.33	H4378	0.0
𐤉𐤁𐤋𐤅	H1086	5	0.60	H5034	0.8
𐤉𐤂𐤓𐤏	H1639	11	0.55		
𐤂𐤍𐤁	H1589	10	0.60	H1590	0.4
𐤇𐤂𐤅𐤓𐤉𐤌	H2296	4	0.25		
𐤊𐤓𐤂𐤏	H7281	17	0.35		
𐤁𐤁𐤅𐤀	H935	68	0.78		
𐤔𐤒𐤃𐤉𐤌	H6921	5	0.00	H8247	0.4
𐤌𐤕𐤍𐤉𐤅	H4975	3	0.33		
𐤅𐤆𐤀𐤕	H2063	88	0.61		
𐤔𐤒𐤅𐤃	H8245	5	0.20		
𐤐𐤋𐤋𐤕𐤌	H6419	3	0.00		
𐤀𐤌𐤂𐤌	H1571	12	0.58	H518	0.5833333333333334
𐤌𐤉𐤄𐤅𐤀	H1931	6	0.00	H4310	0.16666666666666666
𐤅𐤄𐤏𐤁𐤃	H5650	4	0.50	H5647	0.5
𐤅𐤄𐤇𐤋	H2490	9	0.89		
𐤅𐤋𐤀𐤊𐤋	H398	4	1.00		
𐤅𐤋𐤔𐤕𐤅𐤕	H8354	25	0.56		
𐤄𐤊𐤉𐤍	H3559	58	0.90		
𐤊𐤓𐤑𐤅𐤍𐤅	H7522	32	0.75		
𐤉𐤊𐤄	H5221	6	0.50		
𐤌𐤊𐤅𐤕	H4347	20	0.60	H4348	0.0
𐤍𐤕𐤍𐤋𐤅	H5414	5	0.60		
𐤋𐤄𐤐𐤉𐤋	H5307	19	0.84		
𐤁𐤏𐤓𐤄	H1197	25	0.64	H1200	0.2
𐤅𐤏𐤋𐤉	H5921	18	0.89	H5941	0.2222222222222222
𐤄𐤀𐤌	H518	60	0.83	H517	0.75
𐤁𐤌𐤏𐤓𐤁	H6153	8	0.12		
𐤂𐤔𐤌	H1653	15	1.00	H1656	1.0
𐤄𐤍𐤂𐤁	H5045	4	0.50		
𐤇𐤌	H2526	47	0.62	H2552	0.3404255319148936
𐤅𐤄𐤔𐤌𐤉𐤌	H8064	8	0.75		
𐤕𐤁𐤇𐤍𐤅	H974	3	0.33		
𐤏𐤌𐤀𐤉𐤔	H376	5	0.80	H5973	0.8
𐤋𐤄𐤍𐤑𐤋	H5337	19	0.84		
𐤄𐤂𐤋𐤉𐤋𐤉𐤌	H1544	17	0.29		
𐤃𐤌𐤌	H1818	6	0.50		
𐤊𐤉𐤀𐤌𐤓	H559	11	0.91	H3588	0.9090909090909091
𐤕𐤀𐤁𐤃𐤅	H6	4	1.00		
𐤄𐤌𐤂𐤃𐤋	H4026	87	0.72		
𐤁𐤔𐤋𐤇	H7971	5	0.40	H7973	0.2
𐤅𐤉𐤌𐤉𐤕𐤌	H4191	11	0.73		
𐤀𐤔𐤌𐤉𐤌	H818	10	0.70		
𐤍𐤈𐤅𐤏𐤄	H5193	4	0.50		
𐤌𐤅𐤑𐤀	H4161	35	0.71	H4672	0.9428571428571428
𐤕𐤔𐤇𐤉𐤕	H7843	3	0.67		
𐤄𐤔𐤍𐤄	H8141	89	0.67		
𐤅𐤔𐤌𐤕𐤉	H7760	10	0.80		
𐤃𐤌𐤍	H1828	3	0.00		
𐤎𐤁𐤉𐤁𐤅𐤕𐤉𐤄	H5439	9	1.00		
𐤁𐤓𐤀𐤅𐤕	H7200	20	0.70		
𐤅𐤊𐤓𐤂𐤏	H7281	11	0.45		
𐤌𐤋𐤀𐤊𐤄	H4399	38	0.76	H4398	0.0
𐤁𐤀𐤋𐤄	H428	49	0.65	H424	0.46938775510204084
𐤀𐤎𐤓𐤄	H631	4	0.00	H5493	0.75
𐤅𐤉𐤔𐤌𐤇	H8055	73	0.68		
𐤏𐤁𐤅𐤓	H5674	31	0.74	H5669	0.5161290322580645
𐤄𐤌𐤏𐤈	H4592	8	0.50		
𐤄𐤍𐤅𐤔𐤏𐤉𐤌	H3467	5	0.60		
𐤄𐤕𐤀𐤌𐤑𐤅	H553	11	0.73		
𐤌𐤉𐤅𐤌	H3117	63	0.86		
𐤅𐤏𐤍𐤄	H6034	11	0.18	H6030	0.7272727272727273
𐤀𐤊𐤋𐤍𐤅	H398	5	0.20		
𐤋𐤌𐤃𐤕	H4060	7	0.57	H3925	0.42857142857142855
𐤀𐤕𐤀𐤁𐤓𐤄𐤌	H85	7	0.00	H853	0.14285714285714285
𐤅𐤌𐤃𐤓𐤅𐤌	H1864	3	0.67		
𐤋𐤄𐤓𐤂𐤊	H2026	6	1.00		
𐤅𐤐𐤏𐤋	H6467	4	0.50	H6466	0.5
𐤀𐤓𐤁𐤉𐤌	H693	4	0.75		
𐤉𐤐𐤅𐤋	H5307	34	0.85		
𐤋𐤄𐤏𐤋𐤅𐤕𐤅	H5930	10	0.40		
𐤁𐤇𐤓𐤅	H977	32	0.34		
𐤋𐤄𐤎𐤁	H5437	15	0.93		
𐤁𐤓𐤀𐤔	H7218	150	0.82		
𐤁𐤊𐤋𐤌𐤄	H4100	5	0.00	H3639	0.6
𐤀𐤄𐤅𐤁𐤉	H157	13	0.77		
𐤑𐤄𐤓𐤉𐤌	H6672	3	0.67		
𐤅𐤋𐤀𐤇𐤉𐤊	H251	4	1.00		
𐤂𐤌𐤄𐤌𐤄	H1992	13	0.46	H1571	0.3076923076923077
𐤎𐤏𐤅𐤃𐤄	H5582	4	0.00		
𐤋𐤄𐤕𐤍𐤑𐤋	H5337	9	0.78		
𐤒𐤍𐤉𐤕𐤉	H7069	9	0.33		
𐤀𐤁𐤒𐤔	H1245	22	0.73		
𐤍𐤒𐤍𐤉	H5352	3	0.00		
𐤇𐤌𐤔𐤕	H2568	46	0.67	H2549	0.13043478260869565
𐤋𐤒𐤇𐤕𐤉	H3947	25	0.48		
𐤀𐤕𐤄𐤏𐤍𐤉𐤉𐤌	H6041	4	1.00	H853	0.0
𐤑𐤅𐤉𐤕	H6680	16	0.94		
𐤉𐤈𐤏𐤌	H2938	5	0.60		
𐤉𐤔𐤍𐤀	H8130	12	0.67	H8133	0.0
𐤋𐤁𐤍𐤅𐤕	H1129	129	0.66	H1323	0.6976744186046512
𐤕𐤔𐤉𐤂	H5381	21	0.62		
𐤋𐤄𐤔𐤋𐤉𐤌𐤅	H7999	4	1.00		
𐤋𐤊𐤋𐤅𐤕	H3615	23	0.87		
𐤁𐤌𐤋𐤊	H4428	24	0.96	H4427	0.9583333333333334
𐤋𐤏𐤓𐤊	H6186	9	0.67		
𐤁𐤏𐤔𐤓𐤉𐤌	H6242	27	0.74		
𐤀𐤋𐤐	H505	380	0.82	H506	0.8157894736842105
𐤅𐤔𐤋𐤇	H7971	103	0.83	H7974	0.009708737864077669
𐤓𐤇𐤅𐤒	H7350	76	0.93		
𐤉𐤑𐤋𐤇	H6743	17	0.59		
𐤋𐤀𐤃𐤌𐤄	H127	14	0.71		
𐤁𐤒𐤓𐤁	H7130	236	0.75	H7126	0.559322033898305
𐤄𐤀𐤁𐤃	H6	3	0.67		
𐤅𐤒𐤓𐤀	H7121	92	0.74		
𐤋𐤀𐤄𐤁𐤉𐤅	H157	10	0.70		
𐤌𐤑𐤀𐤕𐤉	H4672	47	0.72		
𐤃𐤓𐤊𐤌𐤅𐤍𐤉𐤌	H1871	27	0.81		
𐤀𐤕𐤄𐤁𐤉𐤕	H1004	11	0.91	H853	0.18181818181818182
𐤀𐤁𐤃	H6	65	0.82	H8	0.4461538461538462
𐤄𐤓𐤊𐤅𐤔	H7399	16	0.25		
𐤓𐤇𐤅𐤒𐤄	H7350	28	0.86		
𐤎𐤅𐤁𐤀𐤉𐤌	H5433	4	0.50		
𐤅𐤆𐤅𐤋𐤋𐤉𐤌	H2151	3	0.33		
𐤅𐤉𐤃𐤁𐤒	H1692	6	0.33		
𐤋𐤓𐤏𐤅𐤕	H7462	26	0.73		
𐤅𐤉𐤕𐤀𐤅	H183	6	0.33		
𐤍𐤅𐤕𐤍	H5414	65	0.86		
𐤔𐤊𐤉𐤓𐤉	H7916	9	0.22		
𐤁𐤓𐤏𐤁	H7458	53	0.60		
𐤀𐤋𐤀𐤁𐤉	H446	8	0.12		
𐤋𐤔𐤌𐤉𐤌	H8064	11	0.82		
𐤁𐤍𐤊	H1121	53	0.85		
𐤅𐤀𐤁𐤉𐤅	H1	16	0.62		
𐤌𐤊𐤋𐤍	H3605	7	0.57	H4519	0.14285714285714285
𐤈𐤁𐤏𐤕	H2885	8	0.75		
𐤀𐤕𐤏𐤂𐤋	H5695	3	1.00	H853	0.0
𐤄𐤌𐤓𐤁𐤒	H4770	3	0.00		
𐤅𐤉𐤇𐤉	H2421	32	0.69		
𐤋𐤔𐤌𐤇	H8056	12	0.33	H8055	0.5833333333333334
𐤅𐤁𐤍𐤅	H1129	25	0.48	H1121	0.88
𐤏𐤋𐤋𐤁𐤅	H3820	8	0.75	H5921	0.5
𐤏𐤁𐤓𐤕𐤉	H5678	4	0.00	H5674	1.0
𐤂𐤃𐤉	H1423	17	0.53	H5872	0.47058823529411764
𐤁𐤋𐤏	H1106	25	0.36	H1104	0.52
𐤅𐤋𐤔𐤌𐤇	H8056	4	0.50	H8055	1.0
𐤐𐤒𐤉𐤃	H6496	23	1.00		
𐤔𐤌𐤏𐤕𐤉	H8085	51	0.55		
𐤕𐤍	H5414	26	0.69		
𐤄𐤐𐤒𐤉𐤃	H6485	44	0.86	H6496	0.7272727272727273
𐤅𐤋𐤔𐤀𐤋	H7592	6	1.00		
𐤁𐤅𐤔	H954	15	0.80		
𐤀𐤅𐤎𐤓	H631	3	0.67	H3256	0.0
𐤅𐤊𐤕𐤁𐤕	H3789	5	0.60	H3793	0.2
𐤊𐤓	H3734	3	0.33	H1033	0.3333333333333333
𐤇𐤈𐤉𐤌	H2406	15	0.80		
𐤅𐤊𐤕𐤁	H3789	15	0.47	H3791	0.26666666666666666
𐤔𐤌𐤍𐤉𐤌	H8084	5	0.60	H8081	0.6
𐤅𐤉𐤔𐤁𐤇	H3431	10	0.00		
𐤄𐤏𐤅𐤋𐤄	H5930	43	0.42	H5927	0.813953488372093
𐤊𐤋𐤕𐤅	H3618	6	0.50	H3615	0.3333333333333333
𐤌𐤏𐤅𐤋	H5766	7	0.71	H5765	0.7142857142857143
𐤄𐤉𐤉𐤕𐤌	H1961	30	0.70		
𐤍𐤀𐤌𐤍𐤉𐤌	H539	56	0.82		
𐤄𐤀𐤌𐤕𐤉	H571	16	0.88		
𐤉𐤐𐤒𐤉𐤃	H6485	4	1.00		
𐤄𐤌𐤌𐤅𐤍	H4480	3	0.67		
𐤀𐤄𐤁𐤉	H157	9	0.89		
𐤅𐤉𐤋𐤏𐤂𐤅	H3932	4	0.25		
𐤅𐤀𐤋𐤄𐤉𐤌	H430	51	0.73		
𐤀𐤕𐤋𐤁𐤁𐤊𐤌	H3824	9	1.00	H853	0.1111111111111111
𐤄𐤂𐤁𐤄	H1361	4	1.00		
𐤁𐤀𐤃𐤌	H120	16	0.31	H121	0.8125
𐤕𐤅𐤏𐤁𐤄	H8441	29	0.21		
𐤒𐤅𐤑	H6975	4	0.50	H6976	0.0
𐤅𐤔𐤔	H8337	60	0.70	H7797	0.3333333333333333
𐤀𐤁𐤉𐤅𐤍	H34	5	0.60		
𐤋𐤏𐤆𐤓	H5826	53	0.19	H5828	0.16981132075471697
𐤔𐤋𐤇𐤍	H7979	15	0.73		
𐤄𐤏𐤔𐤉𐤓	H6223	11	0.55	H6238	0.7272727272727273
𐤄𐤀𐤁𐤉𐤅𐤍	H34	3	0.33		
𐤅𐤉𐤅𐤁𐤋	H2986	3	0.33		
𐤅𐤉𐤒𐤁𐤓	H6912	31	0.10		
𐤁𐤔𐤀𐤅𐤋	H7585	14	0.57		
𐤁𐤇𐤉𐤒𐤅	H2436	5	0.60		
𐤀𐤕𐤋𐤏𐤆𐤓	H5826	3	0.00	H853	0.0
𐤈𐤅𐤁𐤊	H2898	5	0.60		
𐤀𐤕𐤄𐤓𐤏𐤅𐤕	H7451	5	0.40	H853	0.2
𐤉𐤍𐤇𐤌	H5162	6	0.83	H5148	0.16666666666666666
𐤅𐤌𐤋𐤁𐤃	H905	48	0.85		
𐤔𐤅𐤇𐤄	H7745	4	0.00	H7746	0.0
𐤁𐤉𐤍𐤉𐤍𐤅	H996	19	0.74		
𐤅𐤁𐤉𐤍𐤉𐤊𐤌	H996	4	1.00		
𐤄𐤇𐤐𐤑𐤉𐤌	H2655	21	0.86		
𐤅𐤋𐤁𐤋𐤕𐤉	H1115	53	0.89		
𐤉𐤔𐤋𐤉	H3426	12	1.00		
𐤉𐤔𐤅𐤁𐤅	H7725	45	0.82		
𐤀𐤋𐤌𐤔𐤄	H4872	6	0.17	H413	0.3333333333333333
𐤉𐤀𐤌𐤉𐤍𐤅	H539	27	0.89		
𐤀𐤉	H335	37	0.03	H339	0.5675675675675675
𐤍𐤅𐤇	H5117	31	0.42	H5118	0.06451612903225806
𐤋𐤍𐤐𐤔𐤅𐤕𐤉𐤊𐤌	H5315	5	0.80		
𐤍𐤇𐤌𐤕𐤉	H5162	3	0.67	H5165	0.3333333333333333
𐤀𐤋𐤄𐤀𐤃𐤅𐤍	H113	8	0.00	H413	0.75
𐤄𐤏𐤒𐤓	H6136	3	0.00		
𐤄𐤅𐤀𐤆𐤄	H2088	4	0.25	H1931	0.0
𐤄𐤊𐤍	H3559	17	0.82		
𐤀𐤓𐤅𐤇𐤕	H737	6	0.83		
𐤅𐤇𐤂𐤓	H2296	3	0.33		
𐤕𐤀𐤊𐤋	H398	23	0.70	H399	0.34782608695652173
𐤄𐤂𐤌	H1571	4	0.25		
𐤕𐤅𐤃𐤄	H8426	57	0.88		
𐤔𐤌𐤓𐤅𐤍	H8111	55	0.76	H8110	0.38181818181818183
𐤅𐤄𐤂𐤋𐤉𐤋	H1551	11	0.00		
𐤀𐤕𐤒𐤅𐤋𐤌	H6963	6	0.83	H853	0.0
𐤅𐤄𐤓𐤀𐤅	H7200	9	1.00		
𐤅𐤉𐤈𐤄𐤓𐤅	H2891	3	0.67		
𐤅𐤉𐤅𐤃𐤄	H3034	22	0.86		
𐤋𐤀𐤍𐤌𐤑𐤀	H4672	6	0.50	H3808	0.5
𐤄𐤍𐤊𐤓𐤉	H5237	6	1.00		
𐤁𐤌𐤓𐤀𐤄	H4758	20	0.75	H4759	0.4
𐤁𐤉𐤅𐤌𐤅	H3117	41	0.88		
𐤋𐤎𐤁𐤋	H5445	21	0.19		
𐤅𐤔𐤕𐤅	H8354	9	0.44		
𐤍𐤔𐤀𐤅	H5375	69	0.83	H5377	0.391304347826087
𐤋𐤅𐤈	H3876	69	0.04	H3874	0.08695652173913043
𐤅𐤉𐤌𐤈𐤓	H4305	4	0.25		
𐤅𐤂𐤐𐤓𐤉𐤕	H1614	6	0.00		
𐤅𐤊𐤋𐤉𐤅	H3627	4	0.50		
𐤆𐤊𐤓𐤅	H2142	62	0.77	H2143	0.5
𐤀𐤕𐤀𐤔𐤕	H802	3	0.67	H853	0.3333333333333333
𐤋𐤌𐤋𐤈	H4422	8	0.38		
𐤅𐤄𐤀𐤇𐤓	H312	3	1.00		
𐤕𐤄𐤉𐤉𐤍𐤄	H1961	49	0.67		
𐤅𐤍𐤀𐤎𐤐	H622	4	1.00		
𐤔𐤅𐤐𐤈	H8199	23	0.78		
𐤅𐤀𐤋𐤌𐤍𐤄	H490	4	0.50		
𐤃𐤉𐤍𐤄	H1783	32	0.28	H1780	0.03125
𐤀𐤕𐤃𐤉𐤍𐤉	H1779	3	0.33	H853	0.0
𐤅𐤉𐤌𐤀𐤍	H3985	12	0.00		
𐤀𐤋𐤉𐤅𐤌	H3117	3	1.00	H413	0.6666666666666666
𐤂𐤌𐤊𐤉	H3588	3	1.00	H1571	0.6666666666666666
𐤅𐤋𐤀𐤃𐤌	H120	4	0.25	H121	1.0
𐤁𐤌𐤋𐤉𐤌	H4405	13	0.85		
𐤁𐤇𐤉𐤓𐤉𐤅	H972	4	0.75		
𐤄𐤒𐤓𐤀𐤉𐤌	H7121	4	0.50		
𐤉𐤅𐤌𐤌	H3119	34	0.76	H3117	0.9411764705882353
𐤅𐤋𐤉𐤋𐤄	H3915	30	0.80		
𐤋𐤄𐤅𐤔𐤉𐤏𐤌	H3467	5	0.60		
𐤃𐤉𐤍𐤌	H1779	4	0.00		
𐤁𐤈𐤇𐤉𐤌	H982	4	0.50		
𐤍𐤁𐤆𐤉𐤌	H959	11	0.45		
𐤅𐤄𐤀𐤇𐤃	H259	8	0.88		
𐤊𐤔𐤀𐤓	H7605	7	1.00		
𐤁𐤔𐤁𐤅𐤏	H7651	37	0.73		
𐤌𐤏𐤔𐤓	H4643	19	0.26	H6239	0.15789473684210525
𐤄𐤇𐤅𐤈𐤀	H2398	9	0.56		
𐤍𐤑𐤃𐤒	H6663	6	0.00		
𐤅𐤇𐤋𐤒	H2506	42	0.64	H2505	0.9047619047619048
𐤕𐤇𐤕𐤉𐤄𐤌	H8478	21	0.71		
𐤊𐤋𐤄𐤊𐤕𐤅𐤁	H3789	5	0.00	H3605	0.4
𐤄𐤊𐤅𐤕𐤌	H8552	5	0.80		
𐤀𐤕𐤒𐤅𐤋	H6963	5	0.60	H853	0.0
𐤄𐤏𐤁𐤓	H5674	16	0.81	H5676	0.625
𐤊𐤉𐤉𐤔𐤅𐤏	H3442	3	0.00	H3588	0.6666666666666666
𐤏𐤅𐤁𐤓	H5674	24	0.83		
𐤅𐤔𐤁𐤇	H7623	3	0.67		
𐤁𐤉𐤓𐤉𐤇𐤅	H3405	17	0.24		
𐤆𐤊𐤉	H2140	5	0.00		
𐤅𐤉𐤒𐤃𐤌	H6915	3	0.67		
𐤁𐤁𐤉𐤕𐤊	H1004	11	0.45		
𐤅𐤉𐤀𐤎𐤐𐤄𐤅	H622	4	1.00		
𐤀𐤔𐤉𐤁	H7725	8	0.88		
𐤀𐤓𐤁𐤏𐤕𐤉𐤌	H706	4	0.75		
𐤕𐤔𐤅𐤏𐤄	H8668	23	0.70		
𐤔𐤀𐤕	H7613	68	0.37	H5375	0.9558823529411765
𐤕𐤂𐤋𐤄	H1540	15	0.60		
𐤌𐤏𐤁𐤃𐤉𐤅	H5650	19	0.32		
𐤌𐤍𐤉𐤌	H3220	7	0.14	H4488	0.7142857142857143
𐤏𐤉𐤓𐤅	H5892	29	0.72	H5900	0.06896551724137931
𐤔𐤍𐤀𐤉𐤌	H8130	4	0.25		
𐤁𐤆𐤄	H2088	219	0.84	H959	0.2831050228310502
𐤒𐤇𐤕𐤅	H3947	14	0.86		
𐤊𐤋𐤀𐤇𐤃	H259	14	0.86		
𐤌𐤍𐤄	H4487	24	0.62	H4481	0.75
𐤄𐤁𐤉𐤀	H935	146	0.88		
𐤏𐤓𐤉𐤌	H5892	98	0.59	H7157	0.3877551020408163
𐤄𐤀𐤇𐤓	H312	26	0.69		
𐤀𐤔𐤓𐤄𐤉𐤄	H1961	7	0.71	H834	0.7142857142857143
𐤀𐤑𐤋𐤉	H681	12	0.17		
𐤑𐤓𐤅𐤓	H6872	4	0.25	H6887	0.0
𐤁𐤌𐤈𐤐𐤇𐤕	H2948	3	0.33	H4519	0.0
𐤉𐤓𐤀𐤕𐤉	H3372	9	0.44	H3374	0.3333333333333333
𐤅𐤒𐤑𐤓	H7116	7	0.43		
𐤌𐤐𐤉𐤊	H6310	5	0.80		
𐤄𐤍𐤇𐤕𐤉	H5183	3	0.00	H5117	1.0
𐤋𐤔𐤋𐤇𐤍𐤉	H7971	3	0.33		
𐤅𐤄𐤓𐤂𐤅	H2026	7	1.00		
𐤄𐤉𐤍𐤉	H5106	3	0.00		
𐤄𐤓	H2022	127	0.69	H3384	0.3700787401574803
𐤁𐤁𐤅𐤀𐤊𐤌	H935	5	0.80		
𐤅𐤉𐤕𐤉𐤓𐤅	H8446	3	0.33		
𐤁𐤏𐤋𐤉𐤅	H1167	5	0.60		
𐤏𐤋𐤄𐤏𐤉𐤓	H5892	6	0.83	H5921	0.8333333333333334
𐤅𐤉𐤓𐤊𐤉𐤁𐤅	H7392	3	0.00		
𐤅𐤁𐤍𐤎𐤏𐤅	H5265	4	0.50		
𐤅𐤁𐤒𐤅𐤋	H6963	8	0.50		
𐤉𐤅𐤌𐤊	H3117	3	1.00		
𐤍𐤏𐤋	H5275	4	0.25	H5274	0.25
𐤅𐤔𐤐𐤊𐤅	H8210	6	0.50		
𐤀𐤅𐤉𐤁𐤉𐤊	H341	16	0.06		
𐤎𐤅𐤋𐤋𐤄	H5550	15	0.93		
𐤅𐤀𐤕𐤁𐤍𐤉𐤊	H1121	3	0.67	H853	0.3333333333333333
𐤏𐤒𐤁	H6118	39	0.49	H6119	0.1794871794871795
𐤄𐤒𐤅𐤍𐤉𐤌	H7070	4	0.00		
𐤃𐤁𐤒𐤅	H1692	12	0.50		
𐤄𐤍𐤕𐤍	H5414	21	0.57		
𐤀𐤐𐤀𐤍𐤉	H589	7	0.00	H637	0.2857142857142857
𐤀𐤔𐤀𐤋𐤊𐤌	H7592	3	0.67		
𐤋𐤉𐤌𐤉𐤌	H3117	50	0.96		
𐤔𐤋𐤉𐤔𐤉	H7992	14	1.00	H7991	0.8571428571428571
𐤐𐤑𐤏𐤅	H6482	4	1.00	H6481	1.0
𐤅𐤉𐤂𐤓𐤔𐤄𐤅	H1644	7	0.43		
𐤍𐤅𐤏𐤑𐤅	H3289	13	0.46		
𐤄𐤍𐤐𐤋	H5307	4	0.75	H5309	0.5
𐤌𐤀𐤓𐤁𐤉𐤌	H693	3	1.00		
𐤍𐤃𐤌𐤅	H1820	6	0.33	H1826	0.5
𐤉𐤋𐤊𐤃𐤅	H3920	9	0.56		
𐤋𐤄𐤎𐤂𐤉𐤓𐤅	H5462	5	0.80		
𐤍𐤊𐤅𐤍𐤄	H3559	93	0.77		
𐤅𐤕𐤋𐤌𐤃	H3925	3	1.00		
𐤅𐤉𐤊𐤓	H5234	8	0.50		
𐤋𐤋𐤊𐤃𐤅	H3920	6	0.50		
𐤄𐤊𐤐𐤓𐤉𐤌	H3725	37	0.11	H3722	0.24324324324324326
𐤅𐤊𐤊𐤄	H3602	82	0.66		
𐤊𐤉𐤄𐤉𐤕𐤄	H1961	4	0.00	H3588	0.25
𐤋𐤍𐤇𐤋	H5158	13	0.46	H5157	0.3076923076923077
𐤀𐤕𐤄𐤏𐤅𐤋𐤌	H5769	33	0.97	H853	0.18181818181818182
𐤔𐤅𐤉𐤌	H3220	16	0.56		
𐤋𐤌𐤋𐤀𐤊𐤉𐤌	H4397	11	0.91		
𐤁𐤒𐤓𐤀𐤅	H7121	13	0.77		
𐤕𐤄𐤋𐤉𐤌	H1984	4	0.00		
𐤍𐤀𐤌𐤉𐤄𐤅𐤄	H3068	8	0.12	H5002	0.75
𐤄𐤆𐤄𐤓𐤅	H2094	8	0.00		
𐤕𐤐𐤋𐤕𐤌	H8605	3	1.00		
𐤍𐤕𐤍𐤕	H5414	4	1.00		
𐤌𐤊𐤋𐤌	H3637	36	0.44	H3605	0.6666666666666666
𐤄𐤕𐤍𐤃𐤁𐤅	H5068	10	0.40	H5069	0.2
𐤉𐤐𐤅𐤕	H3303	22	0.73		
𐤅𐤁𐤌𐤕𐤍𐤅𐤕	H4979	6	0.67		
𐤕𐤔𐤀𐤓	H7604	25	0.72		
𐤅𐤄𐤏𐤕	H6256	7	0.57		
𐤋𐤓𐤀𐤔𐤅𐤍𐤄	H7223	83	0.95		
𐤋𐤌𐤅𐤏𐤃	H4150	20	0.80		
𐤉𐤔𐤋𐤇𐤅	H7971	20	0.90		
𐤋𐤁𐤕𐤉	H1004	4	0.75		
𐤌𐤋𐤊𐤉𐤌	H4428	91	0.77	H4430	0.7692307692307693
𐤅𐤇𐤊𐤌𐤄	H2451	10	0.70	H2452	0.7
𐤋𐤐𐤍𐤉𐤄	H6440	19	0.95		
𐤅𐤋𐤃𐤁𐤓	H1696	26	0.81	H1698	0.0
𐤍𐤂𐤃𐤄	H5048	5	1.00		
𐤋𐤀𐤉𐤐𐤋	H5307	3	1.00	H3808	0.0
𐤌𐤔𐤏𐤓𐤕	H8185	3	0.67		
𐤒𐤍𐤅	H7064	19	0.16	H7069	0.631578947368421
𐤍𐤐𐤔𐤕𐤉𐤊𐤌	H5315	4	1.00		
𐤌𐤇𐤍𐤅𐤕	H4264	15	0.47		
𐤎𐤅𐤁𐤁𐤉𐤌	H5437	4	0.75		
𐤇𐤓𐤁𐤍𐤄	H2726	3	0.00		
𐤍𐤒𐤌	H5359	49	0.49	H5358	0.7959183673469388
𐤅𐤒𐤑𐤐	H7110	7	0.14	H7108	0.14285714285714285
𐤋𐤐𐤉𐤇𐤓𐤁	H2719	4	1.00	H6310	1.0
𐤁𐤓𐤂𐤋𐤉	H7272	6	1.00		
𐤏𐤕𐤅𐤕	H6256	3	1.00		
𐤁𐤔𐤌𐤔	H8121	4	0.75		
𐤅𐤏𐤋𐤄𐤀𐤓𐤑	H776	4	1.00	H5921	0.25
𐤌𐤑𐤅𐤒𐤄	H6695	4	0.50	H4691	0.5
𐤅𐤌𐤁𐤅𐤊𐤄	H3998	10	0.10		
𐤕𐤇𐤋	H2490	4	0.75	H2342	0.75
𐤓𐤀𐤔𐤉𐤊𐤌	H7218	3	0.67		
𐤋𐤏𐤉𐤍𐤉𐤊𐤌	H5869	3	0.67		
𐤄𐤌𐤇𐤉𐤄	H4241	8	0.75		
𐤊𐤋𐤄𐤀𐤓𐤑	H776	18	0.67	H3605	0.3333333333333333
𐤁𐤊𐤋𐤏𐤕	H6256	37	0.62	H3605	0.2972972972972973
𐤅𐤋𐤄𐤕𐤉𐤑𐤁	H3320	3	0.67		
𐤅𐤁𐤋𐤉𐤋𐤄	H3915	35	0.91		
𐤅𐤔𐤓𐤉	H8269	39	0.85	H8297	0.02564102564102564
𐤄𐤇𐤉𐤋	H2428	108	0.94		
𐤅𐤉𐤁𐤈𐤇	H982	45	0.33		
𐤕𐤅𐤀𐤍𐤄	H8384	9	0.00		
𐤅𐤄𐤊𐤉𐤍𐤅	H3559	8	1.00		
𐤅𐤐𐤂𐤏	H6293	5	0.60	H6294	0.0
𐤕𐤊𐤉𐤍𐤅	H3559	3	0.67		
𐤅𐤔𐤍𐤉𐤌𐤏𐤔𐤓	H6240	3	1.00	H8147	1.0
𐤍𐤊𐤎𐤐	H3700	6	0.83		
𐤅𐤇𐤋𐤒𐤅	H2505	5	0.80		
𐤁𐤏𐤃𐤊𐤌	H1157	22	0.55		
𐤋𐤆𐤊𐤓𐤅𐤍𐤉	H2146	3	0.00		
𐤆𐤅	H2098	133	0.07	H2090	0.5714285714285714
𐤄𐤁𐤓𐤉𐤕	H1285	103	0.61		
𐤁𐤃𐤌𐤉	H1818	4	0.50	H1824	0.0
𐤋𐤇𐤒𐤓	H2713	16	0.62	H2714	0.5625
𐤁𐤉𐤍𐤉𐤄𐤌	H996	181	0.82		
𐤉𐤇𐤔𐤁	H2803	64	0.84		
𐤏𐤔𐤉	H6213	12	0.75		
𐤄𐤌𐤔𐤓𐤕	H4958	7	0.00		
𐤁𐤕𐤅𐤊𐤊𐤌	H8432	19	0.68		
𐤕𐤀𐤊𐤋𐤅	H398	14	0.64		
𐤅𐤉𐤔𐤁𐤕𐤌	H3427	3	0.67		
𐤄𐤕𐤐𐤋𐤋𐤕𐤉	H6419	5	0.60		
𐤕𐤔𐤅𐤁	H7725	25	0.80		
𐤄𐤀𐤎𐤅𐤓𐤉𐤌	H615	34	0.68		
𐤉𐤃𐤏𐤕𐤉𐤅	H3045	8	1.00		
𐤇𐤎𐤓𐤍𐤅	H2637	3	0.67		
𐤉𐤌𐤊𐤓	H4376	3	1.00		
𐤅𐤉𐤒𐤍𐤄	H7069	8	0.62		
𐤇𐤓𐤁𐤅𐤕	H2723	17	0.18	H2719	0.7058823529411765
𐤊𐤉𐤅𐤌	H3117	36	0.92		
𐤋𐤁𐤋𐤕𐤉𐤁𐤅𐤀	H935	3	1.00	H1115	0.6666666666666666
𐤍𐤐𐤓𐤃	H6504	9	0.44		
𐤋𐤄𐤏𐤁𐤉𐤓	H5674	29	0.83		
𐤅𐤉𐤇𐤆𐤒𐤄𐤅	H2388	3	0.67		
𐤌𐤉𐤂𐤅𐤍	H3015	3	1.00		
𐤌𐤅𐤎𐤓	H4148	71	0.32	H5493	0.5352112676056338
𐤄𐤓𐤐𐤅	H7503	17	0.47		
𐤅𐤀𐤄𐤉	H1961	17	0.53		
𐤄𐤇𐤑𐤓	H2691	40	0.75		
𐤊𐤔𐤏𐤄	H8160	9	0.78		
𐤈𐤏𐤍	H2943	4	0.00		
𐤂𐤋𐤉𐤋𐤉	H1550	3	0.00		
𐤆𐤒𐤍𐤉	H2205	46	0.26	H2208	0.0
𐤕𐤀𐤌𐤉𐤍𐤅	H539	20	1.00	H541	0.1
𐤕𐤔𐤋𐤇𐤅𐤍𐤉	H7971	3	0.33		
𐤂𐤁𐤅𐤓𐤕	H1404	65	0.00	H1369	0.7230769230769231
𐤁𐤀𐤆𐤍𐤉𐤍𐤅	H241	5	0.40		
𐤌𐤐𐤉𐤅	H6310	24	1.00		
𐤌𐤑𐤀𐤍𐤅	H4672	22	0.73	H6629	0.22727272727272727
𐤌𐤎𐤉𐤕	H5496	3	0.00		
𐤅𐤌𐤍𐤏	H4513	5	0.40		
𐤌𐤕𐤕	H4991	14	0.36	H5414	0.7857142857142857
𐤁𐤀𐤉𐤔	H376	40	0.88		
𐤀𐤕𐤔𐤌	H8033	9	0.00	H853	0.6666666666666666
𐤀𐤅𐤄	H183	3	0.67		
𐤅𐤉𐤒𐤅	H6960	9	0.89		
𐤅𐤉𐤕𐤇𐤆𐤒𐤅	H2388	17	0.47		
𐤅𐤉𐤁𐤆	H959	20	0.50		
𐤅𐤉𐤋𐤁𐤔	H3847	21	0.38		
𐤁𐤂𐤃	H899	46	0.63	H898	0.5869565217391305
𐤐𐤀𐤓	H6287	31	0.19	H6286	0.3548387096774194
𐤋𐤀𐤄𐤁𐤉𐤌	H158	3	0.67		
𐤀𐤉𐤁𐤄	H342	23	0.39		
𐤁𐤉𐤍𐤕𐤌	H8552	4	0.50	H996	1.0
𐤄𐤁𐤀𐤕𐤌	H935	5	0.80		
𐤌𐤍𐤄𐤃𐤁𐤓𐤉𐤌	H1697	3	1.00	H4480	1.0
𐤄𐤔𐤉𐤁𐤅	H7725	32	0.94	H3427	0.8125
𐤀𐤉𐤍𐤁𐤅	H369	8	0.88		
𐤇𐤈𐤀	H2398	115	0.82	H2399	0.5739130434782609
𐤌𐤔𐤐𐤈𐤌𐤅𐤕	H4194	7	0.86	H4941	0.7142857142857143
𐤅𐤏𐤋𐤉𐤅	H5921	22	0.95		
𐤌𐤓𐤃	H4778	66	0.02	H4775	0.07575757575757576
𐤑𐤏𐤒𐤅	H6817	27	0.56		
𐤅𐤉𐤐𐤑𐤓𐤅	H6484	13	0.00		
𐤒𐤅𐤋𐤌	H6963	22	0.45		
𐤅𐤒𐤅𐤋	H6963	27	0.81		
𐤅𐤉𐤂𐤆𐤓	H1504	5	0.80		
𐤅𐤓𐤑𐤇	H7523	9	0.56		
𐤌𐤎𐤓	H5493	53	0.77	H4560	0.5849056603773585
𐤋𐤓𐤑𐤅𐤍𐤌	H7522	10	0.70		
𐤁𐤍𐤅𐤕	H1323	92	0.68	H1129	0.6086956521739131
𐤄𐤏𐤒𐤓𐤅𐤕	H6136	3	0.00		
𐤉𐤋𐤃𐤅	H3205	10	0.90	H3206	0.6
𐤉𐤇𐤋𐤅	H2470	11	0.18	H2490	0.45454545454545453
𐤁𐤏𐤑	H6086	5	1.00		
𐤁𐤋𐤉𐤏𐤋	H1100	31	0.61		
𐤌𐤅𐤑𐤀𐤉𐤌	H3318	3	0.67		
𐤎𐤋𐤇	H5545	14	0.64	H5546	0.6428571428571429
𐤋𐤀𐤉𐤃𐤏𐤅	H3045	5	1.00	H3808	0.4
𐤅𐤉𐤐𐤉𐤋𐤅	H5307	6	0.83		
𐤅𐤓𐤀𐤄	H7200	55	0.82	H7202	0.32727272727272727
𐤁𐤇𐤉𐤓	H972	4	0.25		
𐤁𐤊𐤕𐤁	H3791	29	0.52		
𐤉𐤅𐤍𐤉	H3120	14	0.86	H3123	0.0
𐤌𐤀𐤍𐤔𐤉	H376	93	0.84		
𐤄𐤕𐤋𐤅𐤉𐤌	H2049	4	0.00		
𐤁𐤄𐤉𐤅𐤕𐤊	H1961	7	0.71		
𐤄𐤏𐤍𐤔	H6066	24	0.88		
𐤅𐤄𐤍	H2006	116	0.17	H2005	0.3017241379310345
𐤋𐤒𐤇𐤍𐤅	H3947	8	0.50		
𐤌𐤏𐤔𐤉𐤍𐤅	H4639	13	0.69		
𐤋𐤀𐤏𐤔𐤄	H6213	6	0.83	H3808	0.5
𐤁𐤂𐤍𐤏𐤃𐤍	H5731	6	0.00	H1588	0.0
𐤅𐤉𐤇𐤔𐤊	H2821	5	0.60		
𐤁𐤉𐤃𐤊	H3027	55	0.73	H3028	0.45454545454545453
𐤅𐤁𐤀𐤌𐤓𐤅	H559	3	0.33		
𐤄𐤕𐤀𐤎𐤐𐤅	H622	23	0.78		
𐤁𐤄𐤁𐤉𐤈𐤌	H5027	8	0.88		
𐤅𐤑𐤃𐤉𐤒	H6662	13	0.77		
𐤋𐤏𐤑𐤕𐤌	H6098	4	1.00		
𐤂𐤅𐤉𐤕	H1472	14	0.86		
𐤈𐤓𐤌	H2962	135	0.67		
𐤅𐤕𐤋𐤊𐤍𐤄	H3212	6	0.67		
𐤂𐤅𐤉𐤕𐤅	H1472	13	0.77		
𐤅𐤁𐤔𐤁𐤕	H7676	5	0.60		
𐤔𐤁𐤕𐤅	H7674	18	0.44	H3427	0.6111111111111112
𐤏𐤋𐤅𐤕	H5930	33	0.39	H5927	0.8484848484848485
𐤄𐤔𐤇𐤓	H7837	25	0.88	H6890	0.68
𐤅𐤏𐤌𐤄𐤍	H5973	4	0.50		
𐤏𐤋𐤉𐤄𐤍	H5921	65	0.91		
𐤐𐤇𐤃	H6343	125	0.82	H6342	0.728
𐤀𐤐𐤉𐤌	H639	11	0.64	H644	0.0
𐤄𐤉𐤅𐤕𐤅	H1961	23	0.91		
𐤅𐤕𐤔𐤁𐤍𐤄	H7725	3	1.00		
𐤅𐤋𐤊𐤋	H3605	88	0.56		
𐤄𐤀𐤇𐤓𐤉𐤌	H310	114	0.85		
𐤀𐤋𐤄𐤔𐤋𐤉𐤇𐤉𐤌	H7972	4	0.25	H413	0.5
𐤅𐤉𐤔𐤒𐤐	H8259	7	0.57		
𐤌𐤍𐤇𐤉𐤌	H4505	5	0.00		
𐤋𐤌𐤒𐤅𐤌𐤅	H4725	15	0.73		
𐤌𐤔𐤕𐤅𐤌𐤌	H8380	3	0.00		
𐤊𐤔𐤔𐤉𐤌	H8346	7	0.86		
𐤍𐤃𐤁𐤓𐤅	H1696	9	0.56		
𐤁𐤃𐤁𐤓𐤌	H1696	18	0.83		
𐤅𐤏𐤉𐤍𐤉𐤄𐤌	H5869	10	0.70		
𐤍𐤀𐤇𐤆𐤅	H270	6	0.67		
𐤋𐤁𐤃𐤊	H905	37	0.76		
𐤂𐤁𐤅𐤓	H1368	21	0.57		
𐤁𐤐𐤏𐤋	H6466	7	0.29	H6467	0.5714285714285714
𐤋𐤂𐤀𐤋	H1350	4	1.00		
𐤀𐤕𐤉𐤔𐤓𐤀𐤋	H3478	8	1.00	H853	0.25
𐤁𐤊𐤋𐤆𐤀𐤕	H2063	18	0.61	H3605	0.5
𐤋𐤁𐤀	H935	36	0.67		
𐤁𐤊𐤋	H3605	1220	0.66	H3606	0.6377049180327868
𐤅𐤋𐤁𐤅𐤀	H935	25	1.00		
𐤌𐤌𐤔𐤄	H4872	6	0.00		
𐤀𐤔𐤓𐤄𐤌	H1992	7	0.57	H834	0.2857142857142857
𐤔𐤁𐤄	H3427	65	0.82	H7725	0.8769230769230769
𐤅𐤍𐤈𐤄	H5186	5	0.60		
𐤌𐤏𐤉𐤍𐤉𐤄𐤌	H5869	6	0.67		
𐤋𐤁𐤁𐤍𐤅	H3824	5	0.60		
𐤏𐤅𐤃𐤌	H5750	36	0.58		
𐤇𐤕𐤅	H2865	8	0.75		
𐤀𐤕𐤉𐤃𐤉	H3027	6	0.83	H853	0.0
𐤅𐤏𐤑𐤌𐤅𐤕	H6106	4	0.25		
𐤃𐤁𐤔	H1706	6	0.67		
𐤃𐤁𐤓𐤕𐤉	H1696	60	0.60	H1700	0.26666666666666666
𐤄𐤉𐤅𐤕𐤉	H1961	9	0.56		
𐤀𐤕𐤋𐤁𐤁𐤌	H3824	3	0.67	H853	0.0
𐤍𐤂𐤆𐤓	H1504	34	0.24		
𐤅𐤉𐤒𐤅𐤌	H6965	20	0.50		
𐤁𐤔𐤌𐤅	H8034	30	0.80		
𐤕𐤔𐤅𐤁𐤄	H8666	16	0.69		
𐤅𐤎𐤋𐤉𐤇𐤕	H5545	3	0.33		
𐤅𐤄𐤍𐤍𐤉	H2005	24	0.25		
𐤔𐤅𐤋𐤇	H7971	22	0.77		
𐤄𐤁𐤈𐤇𐤕	H982	19	0.21		
𐤅𐤉𐤅𐤋𐤉𐤊𐤌	H3212	15	0.47		
𐤏𐤃𐤁𐤉𐤕	H1004	3	0.33	H5704	0.3333333333333333
𐤅𐤉𐤐𐤓𐤃	H6504	5	0.20		
𐤅𐤌𐤁𐤓𐤊𐤉𐤌	H1290	3	0.00		
𐤅𐤄𐤃𐤁𐤓	H1697	37	0.95	H1699	0.13513513513513514
𐤍𐤄𐤉𐤄	H1961	39	0.72	H5093	0.02564102564102564
𐤅𐤄𐤇𐤉𐤉𐤌	H2416	10	0.90		
𐤅𐤄𐤀𐤅𐤓	H216	4	1.00		
𐤄𐤔𐤉𐤂𐤅	H5381	13	0.46		
𐤔𐤋𐤅𐤇	H7971	23	0.87		
𐤋𐤄𐤏𐤉𐤃	H5749	27	0.81		
𐤄𐤌𐤀𐤉𐤓	H3974	7	0.71		
𐤀𐤋𐤄𐤏𐤅𐤋𐤌	H5769	9	1.00	H413	0.5555555555555556
𐤅𐤏𐤋𐤉𐤃𐤅	H3027	6	1.00	H5921	1.0
𐤅𐤄𐤏𐤅𐤋𐤌	H5769	8	1.00		
𐤄𐤊𐤉𐤓𐤅	H5234	38	0.84		
𐤄𐤁𐤔𐤓	H1320	69	0.81		
𐤂𐤁𐤓	H1397	46	0.35	H1396	0.7391304347826086
𐤅𐤉𐤔𐤊𐤍	H7931	6	0.33		
𐤕𐤐𐤀𐤓𐤕𐤅	H8597	9	0.22		
𐤄𐤉𐤇𐤉𐤃	H3173	13	0.69		
𐤌𐤏𐤉𐤃	H5749	25	0.80		
𐤊𐤋𐤍𐤅	H3605	45	0.33	H3615	0.6444444444444445
𐤁𐤉𐤃𐤌𐤔𐤄	H4872	3	0.33	H3027	0.6666666666666666
𐤅𐤄𐤇𐤎𐤃	H2617	6	0.67		
𐤅𐤄𐤀𐤌𐤕	H571	14	1.00		
𐤋𐤀𐤓𐤀𐤄	H7200	4	0.50	H3808	0.25
𐤁𐤇𐤉𐤒	H2436	5	0.20		
𐤄𐤅𐤃𐤉𐤏	H3045	66	0.95		
𐤊𐤄𐤍𐤉𐤌	H3548	42	0.88		
𐤅𐤋𐤅𐤉𐤌	H3220	4	0.25		
𐤍𐤔𐤉𐤁	H7725	4	0.75		
𐤌𐤄𐤕𐤀𐤌𐤓	H559	4	0.75		
𐤔𐤓𐤅𐤊	H8288	3	0.00		
𐤏𐤁𐤓𐤄	H5674	59	0.97	H5679	0.22033898305084745
𐤔𐤄	H7716	7	0.86		
𐤇𐤆𐤉𐤕𐤉	H2372	3	1.00		
𐤊𐤃𐤌𐤅𐤕	H1823	48	0.71		
𐤌𐤔𐤌𐤉𐤌	H8064	9	0.78	H8074	0.2222222222222222
𐤅𐤕𐤍𐤇	H5117	8	0.75	H3240	0.75
𐤄𐤔𐤋𐤇	H7971	11	0.82	H7975	0.36363636363636365
𐤅𐤀𐤏𐤉𐤃𐤄	H5749	3	0.67		
𐤀𐤕𐤃𐤁𐤓𐤅	H1696	7	1.00	H853	0.2857142857142857
𐤌𐤅𐤓𐤉	H3384	4	0.00	H4753	0.0
𐤕𐤋𐤉𐤍	H3885	3	0.33		
𐤌𐤋𐤅𐤍𐤅	H4411	3	0.33		
𐤄𐤏𐤔𐤉𐤓𐤉𐤕	H6224	6	0.67		
𐤌𐤍𐤄𐤔𐤍𐤉𐤌	H8141	4	0.25	H4480	0.25
𐤅𐤄𐤋𐤊𐤅	H1980	23	0.83		
𐤀𐤕𐤄𐤌𐤔𐤉𐤇	H4899	20	0.05	H853	0.15
𐤁𐤍𐤉𐤅𐤍𐤄	H995	4	1.00		
𐤍𐤕𐤍𐤀𐤋	H5417	7	0.86		
𐤁𐤍𐤉𐤔𐤓𐤀𐤋	H3478	3	0.67	H1121	0.3333333333333333
𐤓𐤌𐤉𐤄	H7423	3	1.00	H7422	0.3333333333333333
𐤓𐤀𐤉𐤕𐤉𐤊	H7200	5	0.60		
𐤍𐤐𐤕𐤇𐤉𐤌	H5320	5	0.00		
𐤅𐤌𐤋𐤀𐤊𐤉	H4397	13	0.77		
𐤏𐤃𐤉𐤍	H5720	10	0.50	H5722	0.0
𐤔𐤔𐤄	H8337	42	0.86		
𐤏𐤓𐤅𐤊𐤉𐤌	H5892	7	0.14		
𐤉𐤊𐤉𐤋	H3557	7	0.86		
𐤅𐤉𐤌𐤋𐤀𐤅𐤌	H4390	3	0.67		
𐤏𐤃𐤋𐤌𐤏𐤋𐤄	H4605	3	0.33	H5704	0.6666666666666666
𐤄𐤌𐤎𐤁𐤄	H5438	3	0.00		
𐤀𐤕𐤄𐤌𐤉𐤌	H4325	6	1.00	H853	0.3333333333333333
𐤍𐤄𐤐𐤊𐤅	H2015	12	0.67		
𐤑𐤐𐤍𐤕	H6845	5	0.20	H6847	0.4
𐤕𐤇𐤋𐤕	H8462	9	0.56	H8431	0.2222222222222222
𐤅𐤂𐤋𐤄	H1540	24	0.67	H1541	0.5416666666666666
𐤅𐤉𐤀𐤌𐤉𐤍𐤅	H539	19	1.00		
𐤀𐤓𐤊𐤅	H753	46	0.57	H748	0.6304347826086957
𐤋𐤉𐤄𐤅𐤃𐤉𐤌	H3064	162	0.08		
𐤁𐤒𐤓	H1241	57	0.54	H1242	0.45614035087719296
𐤅𐤑𐤀𐤍	H6629	14	0.50		
𐤇𐤁𐤋𐤉𐤌	H2256	4	1.00	H2254	0.75
𐤋𐤔𐤅𐤈	H7752	11	0.09		
𐤅𐤉𐤆𐤊𐤓𐤅	H2142	4	1.00		
𐤁𐤉𐤕𐤊	H1004	20	0.75		
𐤄𐤓𐤎𐤅	H2040	13	0.69		
𐤀𐤒𐤉𐤌𐤍𐤅	H6965	4	1.00		
𐤍𐤁𐤍𐤄	H1129	32	0.59		
𐤁𐤔𐤋𐤔𐤄	H7969	15	1.00		
𐤅𐤁𐤃𐤁𐤓	H1698	32	0.03	H1697	0.9375
𐤏𐤋𐤄𐤀𐤃𐤌	H120	3	0.00	H5921	0.6666666666666666
𐤆𐤒𐤍	H2205	64	0.48	H2207	0.46875
𐤅𐤉𐤅𐤋𐤃	H3205	20	0.70		
𐤌𐤍𐤄𐤓𐤅𐤇	H7307	4	1.00	H4480	0.0
𐤋𐤄𐤅𐤋𐤃	H2056	4	0.00		
𐤍𐤔𐤁	H3427	4	0.75	H7725	1.0
𐤕𐤔𐤌𐤏	H8085	17	0.76		
𐤅𐤀𐤍𐤄	H575	17	0.29		
𐤊𐤋𐤄𐤍𐤅𐤋𐤃	H3205	3	1.00		
𐤍𐤃𐤁𐤓	H1696	38	0.92		
𐤏𐤃𐤅𐤕𐤍𐤅	H5715	3	0.67		
𐤁𐤀𐤌𐤓𐤉	H561	13	0.62	H559	0.6153846153846154
𐤀𐤌𐤀𐤔𐤓	H834	7	0.14	H518	0.2857142857142857
𐤋𐤄𐤍𐤔𐤀	H5375	11	0.82		
𐤊𐤋𐤄𐤌𐤀𐤌𐤉𐤍	H539	7	1.00		
𐤋𐤀𐤔𐤋𐤇	H7971	3	0.67	H3808	0.0
𐤋𐤃𐤉𐤍	H1777	19	0.21	H1779	0.3684210526315789
𐤉𐤃𐤅𐤍	H1777	4	0.75	H3036	0.0
𐤍𐤃𐤅𐤍	H1777	8	0.62		
𐤌𐤍𐤄𐤀𐤅𐤓	H216	4	1.00	H4480	0.25
𐤌𐤏𐤔𐤉𐤄𐤌	H4639	81	0.67		
𐤐𐤍	H6435	420	0.57	H6440	0.9404761904761905
𐤉𐤂𐤋𐤅	H1540	14	0.79		
𐤌𐤏𐤔𐤉𐤅	H4639	74	0.80		
𐤅𐤉𐤂𐤓𐤔𐤌	H1644	7	0.14		
𐤋𐤀𐤍𐤕𐤍	H5414	3	0.67	H3808	0.0
𐤄𐤈𐤄𐤓𐤄	H2889	4	0.00	H2893	1.0
𐤄𐤊𐤋𐤄	H3605	4	0.50		
𐤅𐤔𐤌𐤏	H8085	18	0.83	H8087	0.2222222222222222
𐤉𐤔𐤌𐤇	H8055	15	0.67		
𐤋𐤒𐤅𐤋	H6963	44	0.30		
𐤔𐤌𐤇𐤕𐤉	H8055	9	0.89	H8057	0.8888888888888888
𐤉𐤂𐤃𐤋	H1431	29	0.66		
𐤅𐤇𐤎𐤅𐤓	H2637	5	0.80		
𐤅𐤌𐤀𐤓𐤑	H776	4	0.25		
𐤏𐤃𐤅𐤕𐤅	H5712	4	0.00		
𐤇𐤕𐤅𐤌	H2856	3	1.00		
𐤇𐤕𐤌	H2368	6	0.67	H2856	0.6666666666666666
𐤁𐤁𐤍	H1121	8	1.00		
𐤉𐤀𐤌𐤉𐤍	H539	25	0.92		
𐤉𐤔𐤊𐤍	H7931	8	0.88		
𐤋𐤀𐤃𐤅𐤍	H113	30	0.37		
𐤄𐤏𐤌𐤉𐤃	H5975	47	0.74		
𐤕𐤋𐤌𐤉𐤃𐤉𐤌	H3925	4	0.00		
𐤀𐤕𐤀𐤓𐤑	H776	4	0.50	H853	0.25
𐤌𐤏𐤓𐤉	H5892	17	0.71		
𐤇𐤋𐤒𐤕	H2513	10	0.50	H2505	0.7
𐤏𐤉𐤐	H5889	7	0.14	H5774	0.42857142857142855
𐤌𐤔𐤌𐤓𐤅𐤍	H8111	4	0.75		
𐤉𐤄𐤅𐤃𐤉	H3065	52	0.00	H3062	0.5
𐤕𐤔𐤀𐤋	H7592	9	0.78		
𐤉𐤕𐤏𐤓𐤁𐤅	H6148	4	0.50		
𐤔𐤀𐤋𐤕	H7592	14	0.64	H7595	0.21428571428571427
𐤏𐤌𐤒𐤄	H6013	12	0.58		
𐤌𐤉𐤏𐤒𐤁	H3290	9	0.33		
𐤍𐤕𐤍𐤋𐤍𐤅	H5414	4	0.75		
𐤅𐤉𐤔𐤕	H8354	18	0.22	H7896	0.3333333333333333
𐤅𐤁𐤍𐤉𐤅	H1121	136	0.88		
𐤉𐤑𐤌𐤀	H6770	4	0.75		
𐤀𐤕𐤍𐤋𐤅	H5414	3	0.67		
𐤋𐤌𐤒𐤅𐤓	H4726	6	0.33		
𐤄𐤏𐤅𐤋𐤌𐤉𐤌	H5769	13	0.85		
𐤀𐤅𐤎𐤉𐤐	H3254	17	0.76		
𐤄𐤋𐤅𐤌	H1988	6	0.00		
𐤁𐤏𐤋𐤊	H5921	3	1.00		
𐤄𐤔𐤕𐤇𐤅𐤅	H7812	7	0.71		
𐤄𐤍𐤁𐤇𐤓	H977	9	0.33		
𐤕𐤔𐤕𐤇𐤅𐤅	H7812	4	0.25		
𐤋𐤀𐤁	H1	25	0.84		
𐤌𐤔𐤕𐤇𐤅𐤉𐤌	H7812	7	0.71		
𐤌𐤍𐤄𐤉𐤄𐤅𐤃𐤉𐤌	H3064	10	0.00	H4480	0.4
𐤉𐤔𐤕𐤇𐤅𐤅	H7812	8	0.38		
𐤊𐤉𐤉𐤁𐤀	H935	4	0.75	H3588	0.75
𐤉𐤂𐤉𐤃	H5046	17	0.76		
𐤅𐤕𐤏𐤆𐤁	H5800	3	0.33		
𐤀𐤋𐤄𐤀𐤍𐤔𐤉𐤌	H376	7	0.43	H413	0.14285714285714285
𐤏𐤔𐤉𐤕𐤉	H6213	74	0.88		
𐤔𐤋𐤇𐤉	H7971	8	0.25	H7973	0.0
𐤅𐤋𐤄𐤔𐤋𐤉𐤌	H7944	3	0.00		
𐤌𐤏𐤔𐤄𐤅	H4639	38	0.84	H6213	1.0
𐤊𐤉𐤏𐤅𐤃	H5750	3	1.00	H3588	1.0
𐤄𐤔𐤃𐤅𐤕	H7701	6	0.17		
𐤋𐤒𐤑𐤉𐤓	H7105	3	1.00		
𐤉𐤒𐤑𐤓	H7105	4	1.00	H7114	1.0
𐤋𐤒𐤑𐤓	H7114	8	0.50		
𐤏𐤌𐤋𐤅	H5999	11	0.91	H5998	0.45454545454545453
𐤁𐤏𐤌𐤋𐤌	H5999	6	1.00		
𐤔𐤌𐤓𐤅𐤍𐤉𐤌	H8111	4	1.00		
𐤍𐤀𐤌𐤉𐤍	H539	8	1.00		
𐤅𐤍𐤃𐤏	H3045	5	0.80		
𐤄𐤏𐤉𐤃	H5749	29	0.69		
𐤀𐤕𐤄𐤇𐤂	H2282	3	1.00	H853	0.0
𐤄𐤐𐤏𐤌	H6471	165	0.83		
𐤀𐤋𐤒𐤍𐤄	H511	4	0.25		
𐤌𐤏𐤁𐤃𐤉	H5650	23	0.43	H4566	0.17391304347826086
𐤌𐤉𐤄𐤅𐤃𐤄	H3063	19	0.58		
𐤄𐤀𐤌𐤉𐤍	H539	92	0.80		
𐤅𐤉𐤁𐤔𐤓𐤅	H1319	6	0.83		
𐤀𐤔𐤓𐤁𐤄	H834	5	0.40		
𐤕𐤌𐤅𐤋	H8543	7	0.86		
𐤄𐤔𐤁𐤉𐤏𐤉𐤕	H7637	34	0.71		
𐤅𐤉𐤀𐤌𐤍	H539	22	0.73		
𐤅𐤊𐤋𐤁𐤉𐤕𐤅	H1004	3	0.67	H3605	0.3333333333333333
𐤅𐤁𐤉𐤓𐤅𐤔𐤋𐤉𐤌	H3389	5	0.00		
𐤁𐤓𐤊𐤄	H1293	39	0.41	H1295	0.3333333333333333
𐤋𐤔𐤏𐤓	H8179	18	0.89	H8181	0.0
𐤁𐤋𐤔𐤅𐤍	H3956	66	0.61		
𐤏𐤁𐤓𐤉𐤕	H5678	17	0.00	H5680	0.47058823529411764
𐤀𐤋𐤌𐤉𐤌	H4325	4	0.25	H413	1.0
𐤔𐤊𐤁𐤅	H7901	9	0.56		
𐤌𐤉𐤇𐤋𐤉𐤌	H3176	3	1.00		
𐤁𐤌𐤅𐤏𐤃𐤅	H4150	11	1.00		
𐤄𐤉𐤓𐤃	H3381	7	0.14		
𐤃𐤁𐤒𐤄	H1692	10	0.70	H1695	0.1
𐤇𐤋𐤉𐤅	H2483	13	0.46		
𐤅𐤔𐤌𐤍𐤄	H8083	16	0.94		
𐤋𐤄𐤓𐤐𐤀	H7495	6	0.33	H7497	0.16666666666666666
𐤄𐤇𐤅𐤋𐤄	H2470	4	0.75		
𐤋𐤀𐤉𐤕𐤍𐤅	H386	6	0.50		
𐤄𐤍𐤓𐤐𐤀	H7495	3	0.67		
𐤋𐤇𐤈𐤀	H2398	25	0.80		
𐤌𐤆𐤀𐤕	H2063	23	0.96		
𐤐𐤏𐤋	H6466	22	0.59	H6467	0.3181818181818182
𐤉𐤅𐤎𐤉𐤐𐤅	H3254	32	0.78		
𐤇𐤋𐤋	H2491	30	0.70	H2490	0.7333333333333333
𐤅𐤉𐤃𐤌𐤄	H1746	13	0.08		
𐤌𐤍𐤐𐤔𐤅	H5315	6	1.00	H4519	0.16666666666666666
𐤂𐤌𐤄𐤁𐤍	H1121	3	1.00	H1571	0.6666666666666666
𐤊𐤌𐤄𐤅	H3644	28	0.75		
𐤅𐤌𐤓𐤀𐤄	H4758	20	0.70		
𐤌𐤏𐤔𐤉𐤌	H6213	50	1.00	H4639	0.94
𐤉𐤓𐤀𐤄𐤅	H7200	9	1.00		
𐤕𐤕𐤌𐤄𐤅	H8539	4	1.00		
𐤉𐤏𐤉𐤓	H5782	11	0.45		
𐤅𐤉𐤇𐤉𐤄	H2421	7	0.71	H3174	0.14285714285714285
𐤀𐤕𐤄𐤌𐤕𐤉𐤌	H4191	7	1.00	H853	0.0
𐤋𐤀𐤉𐤃𐤉𐤍	H113	3	0.00		
𐤉𐤊𐤁𐤃𐤅	H3513	5	0.40		
𐤌𐤊𐤁𐤃	H3515	25	0.56	H3513	0.88
𐤅𐤌𐤀𐤌𐤉𐤍	H521	3	0.00		
𐤌𐤌𐤅𐤕	H4194	45	0.69		
𐤇𐤉𐤄	H2416	68	0.76	H2421	0.5
𐤉𐤇𐤉𐤅	H2421	30	0.83		
𐤒𐤁𐤓	H6913	56	0.46	H6912	0.125
𐤅𐤏𐤔𐤉	H6213	3	0.33		
𐤌𐤍𐤐𐤔𐤉	H5315	3	1.00	H4519	0.0
𐤀𐤔𐤌𐤏	H8085	10	0.80		
𐤀𐤔𐤐𐤈	H8199	6	1.00		
𐤏𐤃𐤅𐤕𐤉	H5712	3	0.00	H5713	1.0
𐤍𐤀𐤌𐤍𐤄	H539	40	0.75		
𐤄𐤌𐤏𐤉𐤃	H5749	7	0.86		
𐤅𐤉𐤃𐤏𐤕𐤉	H3045	7	0.71		
𐤀𐤔𐤓𐤄𐤅𐤀	H1931	15	0.20	H834	0.3333333333333333
𐤔𐤋𐤇𐤕𐤌	H7971	10	0.60		
𐤏𐤋𐤄𐤀𐤌𐤕	H571	3	1.00	H5921	0.6666666666666666
𐤌𐤀𐤃𐤌	H120	27	0.15	H119	0.1111111111111111
𐤅𐤄𐤀𐤁	H1	3	1.00		
𐤅𐤃𐤁𐤓𐤅	H1696	9	1.00		
𐤔𐤊𐤍	H7931	15	0.67	H7932	0.6
𐤔𐤉𐤔	H7893	39	0.18	H3426	0.9487179487179487
𐤄𐤌𐤏𐤉𐤃𐤉𐤌	H5749	3	1.00		
𐤀𐤁𐤉𐤌	H38	9	0.67	H14	1.0
𐤏𐤑𐤌𐤅	H6105	324	0.81	H6106	0.5802469135802469
𐤄𐤋𐤒𐤇𐤉𐤌	H3947	3	1.00		
𐤌𐤓𐤏𐤄𐤅	H7453	14	0.71	H4829	0.21428571428571427
𐤕𐤁𐤒𐤔𐤅	H1245	8	0.62		
𐤍𐤂𐤃𐤊𐤌	H5048	3	1.00		
𐤋𐤌𐤔𐤄	H4872	33	0.09		
𐤅𐤉𐤌𐤉	H3117	30	1.00		
𐤅𐤀𐤊	H389	15	0.67	H5221	0.4666666666666667
𐤍𐤎𐤅𐤕	H5254	8	0.62		
𐤌𐤀𐤕𐤉𐤌	H3967	70	0.90		
𐤍𐤏𐤓	H5288	53	0.74	H5271	0.6037735849056604
𐤑𐤅𐤅	H6680	42	0.76		
𐤊𐤀𐤅𐤕	H226	14	0.43		
𐤍𐤐𐤔𐤌	H5315	286	0.74		
𐤔𐤁𐤏𐤅	H7646	12	0.92		
𐤔𐤍𐤉𐤌𐤏𐤔𐤓	H6240	12	1.00	H8147	1.0
𐤄𐤔𐤏𐤅𐤓𐤉𐤌	H8163	4	0.50		
𐤀𐤕𐤄𐤀𐤅𐤕	H226	3	0.67	H853	0.0
𐤋𐤄𐤌𐤋𐤉𐤊	H4427	4	0.50		
𐤅𐤉𐤌𐤋𐤈	H4422	32	0.66		
𐤅𐤉𐤊𐤎	H3680	7	0.43		
𐤋𐤀𐤁𐤀	H935	12	0.75	H3808	0.5
𐤅𐤉𐤎𐤏𐤓	H5590	4	0.75		
𐤍𐤅𐤔𐤁𐤕	H3427	6	0.83		
𐤇𐤕𐤓𐤅	H2864	8	0.25		
𐤏𐤔𐤓𐤉𐤌	H6242	236	0.79		
𐤍𐤎𐤏𐤅	H5265	30	0.53		
𐤋𐤌𐤒𐤅𐤌	H4725	56	0.86		
𐤁𐤁𐤓𐤊𐤕	H1293	9	0.33		
𐤁𐤀𐤍𐤉𐤅𐤕	H591	17	0.47		
𐤀𐤕𐤄𐤀𐤕𐤅𐤕	H853	5	0.20		
𐤁𐤌𐤀𐤊𐤋	H3978	3	1.00		
𐤄𐤒𐤉𐤌	H6965	113	0.63	H6966	0.2920353982300885
𐤉𐤕𐤍𐤍𐤅	H5414	3	0.67		
𐤊𐤉𐤁𐤅	H3588	4	1.00		
𐤇𐤅𐤕𐤌𐤅	H2368	3	1.00		
𐤋𐤐𐤏𐤋	H6466	6	0.67		
𐤐𐤏𐤋𐤕	H6466	11	0.45	H6468	0.45454545454545453
𐤀𐤕𐤄𐤌𐤍	H2001	3	0.00	H853	0.0
𐤄𐤉𐤅𐤓𐤃	H3381	10	0.60		
𐤉𐤓𐤃𐤕𐤉	H3381	6	0.17		
𐤉𐤄𐤉𐤅𐤋𐤅	H1961	3	0.67		
𐤋𐤌𐤅𐤃𐤉	H1768	6	0.50	H3928	0.6666666666666666
𐤊𐤀𐤋𐤅	H413	216	0.92		
𐤅𐤉𐤌𐤕𐤅	H4191	3	0.33		
𐤄𐤇𐤉	H2416	26	1.00	H2421	0.7307692307692307
𐤀𐤕𐤍𐤍𐤅	H5414	4	0.50		
𐤁𐤔𐤓𐤉	H1320	10	0.70		
𐤅𐤉𐤕𐤅𐤊𐤇𐤅	H3198	6	0.50		
𐤋𐤕𐤕𐤋𐤍𐤅	H5414	3	1.00		
𐤀𐤕𐤁𐤔𐤓𐤉	H1320	3	1.00	H853	0.0
𐤀𐤕𐤃𐤌𐤉	H1818	3	1.00	H853	0.3333333333333333
𐤌𐤀𐤊𐤋	H3978	42	0.48	H398	0.6428571428571429
𐤌𐤔𐤒𐤄	H4945	15	0.60	H8248	0.6666666666666666
𐤉𐤋𐤉𐤍	H3885	5	0.40		
𐤋𐤐𐤍𐤉𐤌	H6440	277	0.92		
𐤌𐤅𐤏𐤉𐤋	H3276	19	0.89		
𐤅𐤇𐤉𐤉𐤌	H2416	10	0.70		
𐤀𐤊𐤉𐤔	H397	10	0.90		
𐤉𐤎𐤐𐤅	H3254	12	0.75	H5486	0.5
𐤀𐤕𐤍𐤐𐤔𐤊𐤌	H5315	9	1.00	H853	0.3333333333333333
𐤍𐤋𐤊	H3212	14	0.57		
𐤄𐤀𐤌𐤍𐤅	H518	4	0.75		
𐤁𐤇𐤓𐤕𐤉	H977	10	0.70		
𐤔𐤈𐤍	H7854	11	0.36	H7853	0.0
𐤏𐤋𐤉𐤄𐤅𐤃𐤄	H3063	5	0.40	H5921	0.4
𐤋𐤄𐤓𐤂𐤅	H2026	15	0.80		
𐤄𐤎𐤊𐤅𐤕	H5521	9	0.89		
𐤀𐤕𐤄𐤌𐤏𐤔𐤉𐤌	H4639	4	1.00	H853	0.5
𐤋𐤀𐤉𐤏𐤔𐤄	H6213	4	0.75	H3808	0.25
𐤄𐤂𐤋𐤄	H1540	15	0.87	H1473	0.6666666666666666
𐤋𐤔𐤍𐤅𐤀	H8130	4	0.75		
𐤅𐤀𐤕𐤉	H853	4	0.25	H859	0.0
𐤌𐤏𐤋𐤋𐤉𐤅	H4611	9	0.67		
𐤀𐤏𐤋𐤄	H5927	5	0.80		
𐤋𐤓𐤂𐤋	H7270	33	0.76	H7272	0.8787878787878788
𐤅𐤄𐤉𐤄𐤅𐤃𐤉𐤌	H3064	91	0.01		
𐤏𐤋𐤀𐤃𐤅𐤕𐤉𐤅	H182	4	0.75	H5921	1.0
𐤉𐤓𐤀𐤕	H3374	73	0.33	H3372	0.7808219178082192
𐤁𐤇𐤑𐤉	H2677	14	0.50		
𐤀𐤌𐤋𐤀𐤔𐤓	H8269	3	0.00	H3808	1.0
𐤀𐤌𐤌𐤀𐤕	H854	4	0.25	H518	0.75
𐤉𐤁𐤒𐤔	H1245	30	0.53		
𐤏𐤅𐤋𐤕𐤄	H5766	4	0.50		
𐤋𐤄𐤓𐤂𐤍𐤉	H2026	9	0.78		
𐤄𐤌𐤉𐤋𐤄	H1999	21	0.00		
𐤔𐤐𐤈𐤅	H8199	12	0.67		
𐤏𐤕𐤅	H6256	9	0.44		
𐤌𐤔𐤓𐤕𐤉𐤌	H8334	10	0.60		
𐤏𐤅𐤃𐤍𐤉	H5750	6	0.67	H5749	0.16666666666666666
𐤅𐤄𐤋𐤊𐤕𐤉	H1980	13	0.46		
𐤀𐤍𐤄	H575	44	0.43	H577	0.4318181818181818
𐤉𐤅𐤍	H3120	40	0.85	H3121	0.1
𐤅𐤉𐤔𐤕𐤄	H8354	5	0.60		
𐤍𐤄𐤓𐤉	H5104	3	0.67		
𐤌𐤄𐤌𐤅𐤍	H1995	8	0.75		
𐤌𐤆𐤓𐤏	H2233	56	0.68	H4218	0.03571428571428571
𐤌𐤇𐤋𐤒𐤕	H4256	10	0.90	H2513	0.5
𐤓𐤑𐤅	H7521	36	0.67	H7323	0.5833333333333334
𐤋𐤀𐤃𐤁𐤓	H1697	4	1.00	H3808	0.0
𐤀𐤓𐤅𐤓𐤉𐤌	H779	6	0.00		
𐤕𐤅𐤓𐤕𐤍𐤅	H8661	25	0.00		
𐤑𐤅𐤍𐤅	H6680	6	0.83		
𐤋𐤍𐤎𐤅𐤕	H5254	22	0.59		
𐤋𐤌𐤑𐤀	H4672	89	0.90		
𐤁𐤀𐤑𐤁𐤏𐤅	H676	3	1.00		
𐤄𐤅𐤎𐤉𐤐𐤅	H5488	73	0.04		
𐤍𐤑𐤁𐤕	H5324	5	0.80	H5326	0.2
𐤋𐤃𐤓𐤊𐤊	H1870	3	1.00		
𐤉𐤕𐤄𐤋𐤊	H1980	5	0.80		
𐤁𐤇𐤔𐤊𐤄	H2825	3	0.33		
𐤊𐤉𐤀𐤅𐤓	H216	3	0.67	H3588	1.0
𐤌𐤔𐤐𐤈𐤉	H4941	36	0.75	H8199	0.5833333333333334
𐤀𐤌𐤀𐤍𐤉	H589	5	0.60	H518	0.0
𐤀𐤉𐤅	H335	3	0.00		
𐤕𐤌𐤅𐤕𐤅	H4191	13	0.62		
𐤋𐤀𐤕𐤅𐤊𐤋𐤅	H3201	3	1.00	H3808	1.0
𐤉𐤌𐤉𐤕	H4191	13	0.85		
𐤌𐤍𐤄𐤏𐤅𐤋𐤌	H5769	21	0.95	H4480	0.5238095238095238
𐤁𐤇𐤈𐤀𐤉𐤊𐤌	H2399	3	0.33		
𐤅𐤉𐤃𐤏𐤕𐤌	H3045	16	0.94		
𐤀𐤌𐤊𐤀𐤔𐤓	H834	5	0.00	H517	0.2
𐤀𐤋𐤄𐤉𐤄𐤅𐤃𐤉𐤌	H3064	8	0.00	H413	0.625
𐤀𐤕𐤄𐤀𐤌𐤕	H571	4	0.75	H853	0.0
𐤇𐤅𐤓𐤉𐤍	H2771	14	0.50		
𐤅𐤌𐤏𐤅𐤋𐤌	H5769	13	0.77		
𐤋𐤏𐤁𐤃𐤉𐤌	H5650	49	0.55		
𐤄𐤇𐤈𐤀	H2398	53	0.87		
𐤋𐤄𐤌𐤉𐤕𐤍𐤉	H4191	8	0.88		
𐤊𐤌𐤏𐤔𐤉	H6213	3	1.00		
𐤉𐤔𐤋𐤍𐤅	H3426	16	1.00		
𐤀𐤄𐤁𐤕𐤌	H160	35	0.74	H157	0.7428571428571429
𐤅𐤁𐤀𐤕𐤉	H935	12	0.75		
𐤋𐤔𐤅𐤍𐤉	H3956	5	0.40	H7764	0.0
𐤅𐤋𐤏𐤔𐤅𐤕	H6213	53	0.85		
𐤊𐤆𐤁	H3577	34	0.65	H3576	0.5294117647058824
𐤅𐤀𐤁𐤉	H1	16	0.75		
𐤄𐤊𐤆𐤁	H3577	5	1.00		
𐤃𐤁𐤓𐤍𐤅	H1696	20	0.85	H1697	0.95
𐤅𐤔𐤃	H7701	7	0.43	H7699	0.0
𐤀𐤕𐤊𐤁𐤅𐤃𐤉	H3519	3	0.67	H853	0.3333333333333333
𐤅𐤉𐤔𐤐𐤈	H8199	8	1.00		
𐤀𐤌𐤉𐤔𐤌𐤓	H8104	4	0.75	H518	0.0
𐤀𐤕𐤍𐤐𐤔𐤉	H5315	12	0.67	H853	0.0
𐤊𐤁𐤅𐤃𐤉	H3519	7	0.29		
𐤀𐤋𐤄𐤉𐤊𐤌	H430	14	0.57		
𐤊𐤌𐤅𐤊𐤌	H3644	12	0.92		
𐤔𐤔	H8337	115	0.77	H7797	0.5478260869565217
𐤓𐤀𐤉𐤕	H7200	110	0.74	H7212	0.1
𐤀𐤁𐤍𐤉𐤌	H68	83	0.29	H70	0.7349397590361446
𐤄𐤅𐤋𐤃𐤅	H3205	5	0.80		
𐤉𐤅𐤋𐤃𐤉𐤅	H3205	3	0.67		
𐤌𐤏𐤔𐤉	H4639	169	0.73	H4640	0.05325443786982249
𐤀𐤔𐤓𐤁𐤅	H834	10	0.50		
𐤁𐤄𐤉𐤅𐤕𐤉	H1961	24	0.83		
𐤈𐤉𐤈	H2916	4	1.00		
𐤏𐤋𐤏𐤉𐤍𐤉	H5869	3	0.67	H5921	0.6666666666666666
𐤄𐤉𐤔𐤁	H3427	15	0.40		
𐤍𐤐𐤒𐤇𐤅	H6491	3	0.67		
𐤏𐤉𐤍𐤉𐤊	H5869	31	0.65		
𐤀𐤔𐤓𐤍𐤒𐤓𐤀	H7121	5	1.00	H834	0.2
𐤐𐤒𐤇	H6491	11	0.64	H6495	0.7272727272727273
𐤌𐤄𐤄𐤉𐤄	H1961	8	0.62	H4100	0.25
𐤌𐤉𐤓𐤀𐤕𐤌	H3372	10	1.00		
𐤀𐤕𐤄𐤉𐤄𐤅𐤃𐤉𐤌	H3064	5	0.00	H853	0.2
𐤅𐤌𐤄𐤋𐤊𐤌	H4109	5	0.40		
𐤅𐤉𐤇𐤓𐤐𐤅	H2779	6	0.00		
𐤕𐤋𐤌𐤉𐤃𐤅	H3925	5	0.20		
𐤄𐤐𐤋𐤀	H6381	7	0.86		
𐤀𐤕𐤏𐤉𐤍𐤉	H5869	4	0.25	H853	0.0
𐤋𐤀𐤉𐤔𐤌𐤏	H8085	4	1.00	H3808	0.5
𐤌𐤓𐤇𐤌	H7358	15	0.27	H7355	0.3333333333333333
𐤋𐤅𐤋𐤀	H3884	93	0.87		
𐤁𐤇𐤈𐤀𐤉𐤌	H2400	5	0.20		
𐤍𐤅𐤋𐤃𐤕	H3205	3	1.00		
𐤀𐤀𐤌𐤉𐤍	H539	5	1.00		
𐤅𐤄𐤌𐤃𐤁𐤓	H4057	3	0.00		
𐤉𐤊𐤅	H5221	7	0.71		
𐤃𐤁𐤓𐤉𐤅	H1697	131	0.92		
𐤕𐤏𐤌𐤃	H5975	12	1.00		
𐤄𐤎𐤐	H5592	4	0.75		
𐤅𐤄𐤑𐤀𐤍	H6629	8	0.88		
𐤅𐤉𐤅𐤑𐤉𐤀𐤌	H3318	12	0.75		
𐤋𐤐𐤍𐤉𐤄𐤍	H6440	4	0.75		
𐤆𐤓	H2114	50	0.64	H2219	0.52
𐤕𐤋𐤊𐤍𐤄	H3212	5	0.80		
𐤁𐤀𐤆𐤍𐤉𐤄𐤌	H241	8	0.25		
𐤃𐤋𐤕	H1803	11	0.18	H1817	0.2727272727272727
𐤋𐤀𐤔𐤌𐤏𐤅	H8085	4	0.75	H3808	0.75
𐤋𐤒𐤅𐤋𐤌	H6963	9	0.22		
𐤅𐤁𐤑𐤀𐤕𐤅	H3318	6	1.00		
𐤌𐤓𐤏𐤄	H4829	18	0.56	H7462	0.7777777777777778
𐤋𐤁𐤏𐤁𐤅𐤓	H5668	22	0.73		
𐤅𐤌𐤋𐤀	H4393	24	0.58	H4390	0.7083333333333334
𐤑𐤀𐤍𐤅	H6629	14	0.71		
𐤅𐤍𐤎	H5127	6	0.50		
𐤉𐤍𐤅𐤎	H5127	5	0.60		
𐤔𐤊𐤉𐤓	H7916	9	0.56		
𐤒𐤅𐤋𐤉	H6963	12	0.67		
𐤅𐤓𐤏𐤄	H7462	6	0.83	H7489	0.8333333333333334
𐤀𐤔𐤅𐤁	H7725	25	0.92		
𐤌𐤀𐤕𐤉	H854	10	0.70		
𐤌𐤏𐤑𐤌𐤉	H6106	6	0.67		
𐤅𐤁𐤉𐤃𐤉	H3027	13	0.92		
𐤋𐤒𐤇𐤕𐤄	H3947	17	0.35		
𐤁𐤀𐤅𐤋𐤌	H197	5	0.40		
𐤔𐤋𐤔𐤋𐤌𐤄	H8010	3	0.00		
𐤄𐤂𐤉𐤃𐤄	H5046	11	0.82		
𐤁𐤓𐤅𐤓	H1305	36	0.36		
𐤑𐤀𐤍𐤉	H6629	5	0.40		
𐤀𐤕𐤄𐤍	H853	11	0.09		
𐤌𐤉𐤃𐤉	H3027	102	0.88		
𐤋𐤎𐤒𐤋𐤅	H5619	5	0.80		
𐤈𐤅𐤁𐤉𐤌	H2896	120	0.85		
𐤄𐤓𐤀𐤉𐤕𐤉	H7200	9	0.78		
𐤀𐤕𐤀𐤋𐤄𐤉𐤌	H430	6	0.33	H853	0.16666666666666666
𐤅𐤕𐤏𐤔	H6213	20	0.70		
𐤅𐤔𐤋𐤇𐤅	H7971	35	0.71		
𐤋𐤌𐤏𐤔𐤉	H6213	15	1.00	H4639	0.8
𐤌𐤉𐤃𐤌	H3027	55	0.91		
𐤁𐤕𐤇𐤋𐤄	H8462	32	0.84		
𐤏𐤋𐤄𐤀𐤉𐤔	H376	4	0.25	H5921	0.5
𐤀𐤇𐤅𐤕𐤄	H269	15	0.87		
𐤀𐤕𐤄𐤀𐤃𐤅𐤍	H113	15	0.07	H853	0.13333333333333333
𐤄𐤌𐤓	H4171	9	0.22	H4843	0.7777777777777778
𐤀𐤇𐤉𐤄	H281	43	0.30	H2421	0.8372093023255814
𐤄𐤌𐤇𐤋𐤄	H2470	10	0.70	H4245	0.5
𐤅𐤉𐤕𐤌𐤄𐤌𐤄	H4102	5	0.80		
𐤅𐤍𐤔𐤅𐤁𐤄	H7725	8	0.62		
𐤔𐤕𐤉𐤌𐤏𐤔𐤓𐤄	H6240	10	0.90	H8147	1.0
𐤔𐤏𐤅𐤕	H8159	31	0.77		
𐤉𐤊𐤔𐤋	H3782	13	0.62		
𐤄𐤄𐤋𐤊	H1980	3	1.00		
𐤂𐤋𐤄	H1540	48	0.83	H1541	0.6041666666666666
𐤅𐤔𐤌𐤇	H8055	11	0.73		
𐤁𐤂𐤋𐤋𐤊𐤌	H1558	5	0.80		
𐤍𐤎𐤏𐤄	H5265	3	0.33		
𐤇𐤁𐤓𐤉𐤅	H2270	32	0.38		
𐤍𐤋𐤊𐤄	H3212	10	0.40		
𐤍𐤌𐤅𐤕	H4191	29	0.62		
𐤋𐤍𐤇𐤌	H5162	7	1.00		
𐤉𐤅𐤔𐤁𐤕	H3427	18	0.67		
𐤊𐤉𐤀𐤆	H227	4	1.00	H3588	1.0
𐤋𐤀𐤌𐤕	H571	15	0.73		
𐤄𐤀𐤌𐤍𐤕𐤉	H539	7	1.00		
𐤊𐤉𐤀𐤕𐤄	H859	5	0.00	H3588	0.6
𐤃𐤁𐤓𐤄	H1683	28	0.21	H1696	0.8571428571428571
𐤋𐤌𐤓𐤉𐤌	H4751	13	0.54	H4813	0.38461538461538464
𐤄𐤌𐤅𐤓𐤄	H4176	6	0.00	H4175	0.3333333333333333
𐤀𐤔𐤓𐤁𐤀𐤅	H935	4	0.75	H834	0.5
𐤋𐤍𐤇𐤌𐤄	H5162	7	1.00		
𐤀𐤇𐤓𐤉𐤄	H310	29	0.79		
𐤋𐤁𐤊𐤅𐤕	H1058	32	0.66		
𐤀𐤄𐤁𐤕𐤅	H157	55	0.96		
𐤌𐤏𐤓𐤄	H4631	10	0.90	H4629	0.4
𐤅𐤀𐤁𐤍	H68	25	0.32		
𐤌𐤏𐤋𐤉𐤄	H5921	12	0.83		
𐤀𐤕𐤊𐤁𐤅𐤃	H3519	6	0.67	H853	0.16666666666666666
𐤋𐤌𐤓𐤅𐤌	H4791	24	0.54		
𐤔𐤋𐤇𐤕𐤍𐤉	H7971	6	0.17		
𐤊𐤊𐤋𐤅𐤕𐤅	H3615	14	0.36		
𐤅𐤉𐤃𐤉𐤅	H3027	4	1.00		
𐤅𐤐𐤍𐤉𐤅	H6440	13	0.92		
𐤄𐤓𐤅𐤌𐤉𐤉𐤌	H7311	6	0.33		
𐤅𐤋𐤒𐤇𐤅	H3947	36	0.56		
𐤄𐤂𐤅𐤉	H1471	8	0.88		
𐤌𐤀𐤁𐤃	H6	5	1.00		
𐤌𐤋𐤁𐤅	H3820	11	0.91		
𐤌𐤄𐤉𐤅𐤌	H3117	37	0.92		
𐤄𐤒𐤓𐤅𐤁𐤄	H7138	16	0.75		
𐤀𐤋𐤄𐤌𐤃𐤁𐤓	H4057	3	0.33	H413	0.3333333333333333
𐤀𐤐𐤓𐤉𐤌	H669	42	0.67		
𐤌𐤍𐤄𐤀𐤓𐤑	H776	12	0.67	H4480	0.5833333333333334
𐤂𐤆𐤓𐤅	H1504	13	0.54		
𐤂𐤆𐤓𐤄	H1509	9	0.11	H1507	0.0
𐤉𐤅𐤃𐤉𐤏𐤍𐤅	H3045	4	0.50		
𐤅𐤔𐤔𐤕	H8337	8	0.75		
𐤅𐤋𐤏𐤆𐤓	H5826	6	0.00		
𐤅𐤕𐤒𐤇	H3947	22	0.50		
𐤌𐤔𐤒𐤋𐤄	H4948	4	0.00		
𐤓𐤉𐤇	H7381	21	0.33	H7382	0.09523809523809523
𐤄𐤏𐤉𐤓𐤅	H5892	10	0.30	H5782	0.1
𐤁𐤂𐤋𐤋𐤅	H1558	18	0.78		
𐤊𐤔𐤌𐤅𐤏	H8085	92	0.71		
𐤕𐤌𐤓𐤉𐤌	H8558	19	0.68	H8561	0.6842105263157895
𐤅𐤉𐤓𐤉𐤏𐤅	H7321	14	0.64		
𐤅𐤉𐤓𐤊𐤁	H7392	8	0.62		
𐤓𐤊𐤁	H7393	35	0.57	H7392	0.6857142857142857
𐤅𐤉𐤏𐤉𐤃𐤅	H5749	4	0.75		
𐤅𐤉𐤏𐤓	H5782	10	0.10		
𐤄𐤅𐤏𐤉𐤋	H3276	17	0.76		
𐤅𐤁𐤕𐤅𐤊	H8432	26	0.65		
𐤉𐤅𐤍𐤉𐤌	H3123	11	0.00	H3125	0.2727272727272727
𐤅𐤌𐤕	H4191	40	0.72		
𐤉𐤔𐤀𐤓	H7604	54	0.61		
𐤍𐤑𐤇	H5331	36	0.78	H5329	0.4166666666666667
𐤉𐤊𐤁𐤃	H3513	21	0.81		
𐤀𐤕𐤔𐤌𐤊	H8034	4	1.00	H853	1.0
𐤋𐤐𐤀𐤓	H6286	13	0.23		
𐤓𐤏𐤌	H7482	4	0.75		
𐤉𐤊𐤅𐤍	H3559	7	0.71		
𐤄𐤕𐤄𐤋𐤊𐤅	H1980	13	0.62		
𐤅𐤉𐤎𐤕𐤓	H5641	13	0.23		
𐤅𐤁𐤊𐤋𐤆𐤀𐤕	H2063	28	0.54	H3605	0.7142857142857143
𐤏𐤋𐤌𐤉	H5769	3	0.33	H5957	0.0
𐤍𐤂𐤋𐤕𐤄	H1540	12	0.92		
𐤅𐤋𐤁𐤁𐤌	H3824	4	0.75		
𐤄𐤅𐤃𐤅	H3034	40	0.62	H1935	0.325
𐤌𐤊𐤁𐤅𐤃	H3519	9	0.89		
𐤅𐤄𐤔𐤌𐤏	H8085	4	0.50		
𐤀𐤌𐤓𐤉	H561	13	0.69	H559	0.7692307692307693
𐤉𐤃𐤉𐤍	H1777	8	0.88	H3028	0.25
𐤌𐤋𐤁𐤉	H3820	7	0.71		
𐤌𐤑𐤅𐤕𐤅	H4687	10	0.70		
𐤅𐤀𐤋𐤀𐤋𐤄𐤉𐤌	H430	3	0.33	H413	0.0
𐤋𐤓𐤇𐤑	H7364	4	1.00		
𐤇𐤂𐤅𐤓	H2296	5	0.60	H2290	0.4
𐤈𐤄𐤅𐤓𐤉𐤌	H2889	15	0.60		
𐤄𐤉𐤃𐤏𐤕𐤌	H3045	4	0.50		
𐤅𐤀𐤃𐤅𐤍	H113	9	0.56		
𐤌𐤅𐤐𐤕	H4159	22	0.09		
𐤏𐤋𐤊𐤋𐤊𐤌	H3605	4	0.25	H5921	1.0
𐤋𐤇𐤌𐤉	H3899	4	1.00	H3898	0.5
𐤄𐤂𐤃𐤉𐤋	H1431	12	0.75		
𐤁𐤁𐤅𐤀𐤄	H935	9	1.00		
𐤅𐤉𐤁𐤉𐤈𐤅	H5027	6	0.67		
𐤋𐤃𐤓𐤔	H1875	12	0.50		
𐤏𐤋𐤋𐤁	H3820	4	1.00	H5921	1.0
𐤐𐤕𐤉	H6612	4	0.25	H6601	0.25
𐤑𐤓𐤊𐤉	H6862	24	0.25		
𐤋𐤀𐤁𐤉𐤅𐤍𐤉𐤌	H34	4	0.50		
𐤁𐤒𐤇𐤕𐤅	H3947	24	0.58		
𐤅𐤁𐤌𐤄𐤓𐤄	H2022	6	0.67		
𐤀𐤄𐤁𐤕𐤉	H157	16	1.00	H160	0.8125
𐤕𐤀𐤄𐤁𐤅𐤍	H157	3	1.00		
𐤌𐤏𐤅𐤍𐤅𐤕	H4599	3	0.00	H4585	0.6666666666666666
𐤅𐤄𐤊𐤉𐤍𐤅𐤕𐤉	H3559	4	1.00		
𐤅𐤋𐤒𐤇𐤕𐤉	H3947	4	1.00		
𐤍𐤃𐤏	H3045	22	0.95		
𐤀𐤕𐤄𐤃𐤓𐤊	H1870	5	0.40	H853	0.0
𐤅𐤌𐤏𐤕𐤄	H6258	14	0.79		
𐤄𐤓𐤀𐤍𐤅	H7200	4	0.50		
𐤄𐤈𐤓𐤌	H2962	13	0.46		
𐤁𐤀𐤁𐤉	H1	4	1.00	H3	0.0
𐤄𐤔𐤊𐤍	H7931	5	0.80		
𐤁𐤒𐤓𐤁𐤉	H7130	11	0.55	H7138	0.36363636363636365
𐤅𐤂𐤃𐤋𐤅𐤕	H1419	7	0.86		
𐤁𐤁𐤍𐤅	H1121	6	1.00		
𐤌𐤀𐤁𐤉	H4124	6	0.17	H4125	0.0
𐤋𐤄𐤔𐤉𐤂𐤅	H5381	5	0.80		
𐤉𐤕𐤅𐤌𐤉𐤌	H3490	4	1.00		
𐤉𐤅𐤎𐤉𐤐	H3254	38	0.79		
𐤅𐤂𐤌𐤀𐤕𐤌	H853	4	0.50	H1571	0.25
𐤕𐤇𐤉𐤅	H2421	9	0.78		
𐤌𐤑𐤅𐤕𐤉	H4687	8	0.62		
𐤉𐤀𐤄𐤁𐤍𐤉	H157	3	1.00		
𐤀𐤄𐤅𐤁	H157	4	1.00		
𐤅𐤀𐤋𐤉𐤅	H413	8	0.75		
𐤉𐤔𐤌𐤓	H8104	21	0.86		
𐤉𐤀𐤄𐤁	H157	18	0.67		
𐤅𐤍𐤁𐤅𐤀𐤄	H935	4	0.50		
𐤅𐤀𐤔𐤅𐤁𐤄	H7725	3	1.00		
𐤋𐤄𐤓𐤁𐤅𐤕	H7235	29	0.97		
𐤌𐤀𐤋𐤉𐤅	H413	5	0.80		
𐤁𐤋𐤏𐤃𐤉	H1107	7	0.71		
𐤅𐤉𐤔𐤋𐤉𐤊𐤅𐤌	H7993	3	0.33		
𐤋𐤁𐤏𐤓	H1197	18	0.61		
𐤅𐤉𐤏𐤔𐤄	H6213	19	0.89		
𐤁𐤏𐤔𐤅𐤕𐤊𐤌	H6213	13	1.00		
𐤁𐤀𐤄𐤁𐤕𐤉	H160	3	0.67		
𐤁𐤀𐤄𐤁𐤕𐤅	H160	19	0.58	H157	0.7368421052631579
𐤔𐤌𐤇𐤕𐤊𐤌	H8057	4	1.00		
𐤉𐤕𐤓𐤄	H3502	31	0.23		
𐤄𐤅𐤃𐤏𐤕𐤉	H3045	12	0.83		
𐤁𐤇𐤓𐤕𐤌	H977	3	1.00		
𐤔𐤍𐤀	H8130	30	0.67	H8132	0.03333333333333333
𐤉𐤓𐤃𐤐𐤅	H7291	6	0.67		
𐤉𐤏𐤔𐤅	H6213	115	0.87	H3299	0.06086956521739131
𐤅𐤃𐤁𐤓𐤕𐤉	H1696	10	0.90		
𐤅𐤉𐤔𐤍𐤀𐤅	H8130	5	0.20		
𐤔𐤍𐤀𐤕	H8130	30	0.50	H8135	0.23333333333333334
𐤅𐤁𐤁𐤅𐤀	H935	34	0.94		
𐤋𐤄𐤒𐤓𐤉𐤁	H7126	67	0.85		
𐤏𐤁𐤅𐤃𐤄	H5656	38	0.37		
𐤅𐤊𐤆𐤀𐤕	H2063	33	0.45		
𐤏𐤑𐤁𐤕	H6094	5	0.40		
𐤉𐤅𐤊𐤉𐤇	H3198	11	0.64		
𐤅𐤄𐤑𐤃𐤒	H6664	5	0.60		
𐤅𐤄𐤌𐤔𐤐𐤈	H4941	4	1.00		
𐤕𐤅𐤎𐤉𐤐𐤅	H3254	10	0.70		
𐤌𐤏𐤑𐤌𐤅	H6105	8	0.62		
𐤌𐤔𐤋𐤉	H4912	11	0.27	H4910	0.5454545454545454
𐤅𐤉𐤂𐤉𐤃	H5046	7	1.00		
𐤅𐤏𐤅𐤃𐤌𐤏𐤈	H4592	3	1.00	H5750	1.0
𐤕𐤁𐤊𐤅	H1058	3	0.67		
𐤕𐤏𐤑𐤁𐤅	H6087	3	0.67		
𐤉𐤄𐤐𐤊	H2015	25	0.76		
𐤁𐤋𐤃𐤕𐤄	H3205	7	1.00		
𐤏𐤑𐤁	H6089	11	0.45	H6087	0.2727272727272727
𐤉𐤋𐤃𐤄	H3205	84	0.81	H3207	0.011904761904761904
𐤋𐤁𐤊𐤌	H3820	22	0.95		
𐤅𐤕𐤒𐤇𐤅	H3947	3	1.00		
𐤀𐤌𐤋𐤋	H535	5	0.00	H536	0.0
𐤀𐤏𐤕𐤉𐤓	H6279	4	1.00		
𐤅𐤀𐤁𐤀	H935	7	0.86		
𐤀𐤏𐤆𐤁	H5800	3	1.00		
𐤕𐤌𐤔𐤋	H4910	3	1.00		
𐤊𐤉𐤊𐤋	H3605	8	0.00		
𐤉𐤔𐤀𐤋𐤊	H7592	4	0.00		
𐤉𐤑𐤀𐤕	H3318	5	0.60		
𐤍𐤑𐤇𐤕𐤉	H5329	3	0.00		
𐤔𐤋𐤇𐤕	H7971	12	0.58		
𐤊𐤋𐤉𐤕𐤉	H3615	5	0.80	H3629	0.0
𐤑𐤅𐤉𐤕𐤍𐤉	H6680	8	0.50		
𐤄𐤉𐤄𐤋𐤉	H1961	4	1.00		
𐤍𐤕𐤕𐤌	H5414	10	0.90		
𐤌𐤏𐤌𐤊	H5973	9	0.44	H5971	0.4444444444444444
𐤒𐤁𐤋𐤅𐤌	H6904	3	0.33		
𐤁𐤏𐤃𐤌	H1157	58	0.69		
𐤊𐤉𐤋𐤊	H3588	4	0.75		
𐤄𐤒𐤃𐤅𐤔	H6918	33	0.64		
𐤊𐤌𐤍𐤅	H3644	4	0.50		
𐤌𐤒𐤃𐤔𐤉𐤌	H6942	10	0.90	H4720	0.4
𐤀𐤕𐤄𐤊𐤁𐤅𐤃	H3519	4	0.50	H853	0.0
𐤌𐤔𐤋𐤌𐤉𐤌	H8002	7	0.14	H7999	0.8571428571428571
𐤀𐤄𐤁𐤕𐤍𐤉	H157	4	1.00		
𐤌𐤅𐤎𐤃𐤅𐤕	H4146	11	0.55		
𐤅𐤀𐤅𐤎𐤉𐤐	H3254	6	0.50		
𐤋𐤄𐤅𐤃𐤉𐤏𐤌	H3045	6	1.00		
𐤄𐤀𐤄𐤁𐤄	H160	64	0.83		
𐤒𐤃𐤓𐤅𐤍	H6939	18	0.33		
𐤂𐤍	H1588	12	0.50		
𐤌𐤅𐤎𐤓𐤅	H5493	6	0.50	H4519	0.0
𐤍𐤅𐤏𐤃	H3259	17	0.47		
𐤅𐤌𐤔𐤓𐤕𐤉𐤌	H8334	4	0.75		
𐤀𐤑𐤋𐤌	H681	35	0.26		
𐤅𐤋𐤔𐤌𐤏𐤅𐤍	H8095	5	0.20		
𐤌𐤋𐤊𐤅𐤎	H3563	10	0.40		
𐤇𐤓𐤁𐤊	H2719	4	0.25		
𐤄𐤂𐤃𐤅𐤃	H1416	11	0.73		
𐤅𐤔𐤓	H8269	34	0.71	H7891	0.08823529411764706
𐤄𐤀𐤋𐤐	H505	35	0.46	H507	0.11428571428571428
𐤅𐤌𐤔𐤓𐤕𐤉	H8334	6	0.83		
𐤇𐤕𐤍	H2860	13	0.92	H2859	0.8461538461538461
𐤔𐤌𐤔	H8121	26	0.46	H8122	0.4230769230769231
𐤉𐤏𐤑	H3289	97	0.55		
𐤅𐤄𐤕𐤋𐤌𐤉𐤃	H8527	3	0.00		
𐤋𐤊𐤄𐤍	H3548	54	0.96	H3547	0.9629629629629629
𐤄𐤕𐤋𐤌𐤉𐤃	H8527	5	0.00		
𐤄𐤀𐤌𐤄	H520	17	0.53	H519	0.35294117647058826
𐤅𐤄𐤏𐤁𐤃𐤉𐤌	H5650	6	0.67		
𐤁𐤏𐤓𐤅	H1197	6	0.67	H5785	0.16666666666666666
𐤋𐤌𐤃𐤕𐤉	H3925	4	0.75		
𐤊𐤋𐤄𐤉𐤄𐤅𐤃𐤉𐤌	H3064	4	0.00	H3605	0.0
𐤄𐤍𐤌	H2005	8	0.12	H2009	0.125
𐤊𐤉𐤓𐤏𐤄	H7451	3	1.00	H3588	0.6666666666666666
𐤄𐤂𐤍	H1588	20	0.45		
𐤒𐤇𐤄𐤅	H3947	3	0.00		
𐤌𐤔𐤐𐤈𐤅	H4941	37	0.81		
𐤓𐤔𐤉𐤅𐤍	H3423	3	0.67	H7558	0.0
𐤋𐤄𐤌𐤉𐤕	H4191	139	0.87		
𐤍𐤋𐤇𐤌𐤅	H3898	76	0.76		
𐤌𐤍𐤄𐤀𐤌𐤕	H571	7	1.00	H4480	0.7142857142857143
𐤁𐤒𐤅𐤋𐤉	H6963	21	0.24		
𐤊𐤋𐤏𐤅𐤍	H5771	4	0.50		
𐤌𐤍𐤄𐤂	H5090	29	0.59	H4491	0.06896551724137931
𐤇𐤐𐤔𐤉	H2670	22	0.68		
𐤀𐤋𐤀	H414	238	0.16		
𐤌𐤓𐤑𐤇	H7523	6	0.50		
𐤄𐤇𐤅𐤑	H2351	7	0.86		
𐤅𐤋𐤁𐤅𐤔	H3847	4	0.75		
𐤄𐤀𐤓𐤂𐤌𐤍	H713	11	0.82		
𐤀𐤔𐤌𐤄	H819	13	0.62	H7760	0.9230769230769231
𐤕𐤅𐤓𐤄	H8451	42	0.67		
𐤅𐤏𐤋𐤐𐤉	H6310	4	0.75	H5921	1.0
𐤍𐤕𐤍𐤋𐤊	H5414	4	0.50		
𐤋𐤔𐤋𐤇𐤅	H7971	8	0.62		
𐤓𐤑𐤐𐤄	H7532	3	0.00	H7531	0.3333333333333333
𐤅𐤁𐤋𐤔𐤅𐤍𐤌	H3956	3	0.00		
𐤌𐤋𐤊𐤊𐤌	H4428	3	0.67	H4432	0.6666666666666666
𐤅𐤌𐤆𐤄	H2088	41	0.90	H5137	0.04878048780487805
𐤊𐤄𐤍𐤉	H3548	8	1.00	H3549	1.0
𐤊𐤕𐤁𐤕𐤉	H3789	56	0.38		
𐤋𐤀𐤓𐤁𐤏𐤄	H702	13	0.77		
𐤇𐤋𐤒𐤉𐤌	H2506	25	0.80		
𐤕𐤐𐤅𐤓𐤄	H6509	3	0.67		
𐤅𐤏𐤃𐤒𐤑𐤄	H7097	3	0.67	H5704	0.6666666666666666
𐤋𐤒𐤓𐤏𐤉𐤌	H7168	3	0.00		
𐤅𐤏𐤋𐤉𐤃	H3027	7	1.00	H5921	1.0
𐤅𐤀𐤇𐤅𐤕	H269	5	0.80		
𐤑𐤌𐤀𐤕𐤉	H6770	3	0.67		
𐤀𐤕𐤓𐤅𐤇𐤅	H7307	3	1.00	H853	0.3333333333333333
𐤕𐤔𐤀𐤓𐤍𐤄	H7604	5	0.40		
𐤄𐤂𐤅𐤉𐤅𐤕	H1471	5	0.40		
𐤅𐤂𐤃𐤅𐤋	H1419	38	0.79		
𐤋𐤔𐤁𐤓	H7666	6	0.17	H7665	0.6666666666666666
𐤅𐤋𐤄𐤅𐤓𐤉𐤃	H3381	4	0.75		
𐤅𐤉𐤔𐤁𐤓𐤅	H7665	7	0.29		
𐤔𐤁𐤓𐤅	H7665	6	0.67	H7667	0.6666666666666666
𐤃𐤒𐤓	H1128	3	0.33	H1856	0.6666666666666666
𐤁𐤇𐤍𐤉𐤕	H2595	8	0.50		
𐤅𐤏𐤑𐤌	H6105	6	0.33	H6108	0.5
𐤅𐤄𐤁𐤉𐤈𐤅	H5027	6	0.67		
𐤃𐤒𐤓𐤅	H1856	4	0.75		
𐤊𐤌𐤀𐤄	H3967	16	0.88		
𐤅𐤁𐤌𐤒𐤅𐤌	H4725	16	0.62		
𐤅𐤕𐤓𐤑	H7323	11	0.55	H7521	0.36363636363636365
𐤄𐤍𐤉𐤇𐤄𐤅	H3240	4	0.50		
𐤋𐤓𐤅𐤑	H7323	14	0.71		
𐤌𐤍𐤇𐤕	H4503	6	0.67	H4504	0.6666666666666666
𐤁𐤌𐤒𐤅𐤌𐤄	H4725	10	0.90		
𐤋𐤁𐤅𐤔𐤉	H3830	6	0.67		
𐤌𐤓𐤀𐤔𐤅𐤕𐤉𐤅	H4763	3	0.67		
𐤕𐤁𐤊𐤉	H1058	7	0.71		
𐤁𐤃𐤁𐤓𐤄	H1697	8	1.00		
𐤅𐤕𐤐𐤍	H6437	3	1.00		
𐤇𐤔𐤁𐤄	H2803	21	0.86	H2807	0.047619047619047616
𐤍𐤔𐤀𐤕	H5375	6	0.50	H5379	0.16666666666666666
𐤏𐤋𐤉𐤕𐤉	H5927	7	0.86	H5944	0.0
𐤅𐤀𐤌𐤓𐤉	H559	3	0.67		
𐤅𐤕𐤎𐤐𐤓	H5608	7	0.71		
𐤍𐤎𐤂𐤓𐤅	H5462	12	0.67		
𐤃𐤋𐤕𐤅𐤕	H1817	8	1.00		
𐤌𐤉𐤓𐤀𐤕	H3372	22	0.86	H4519	0.045454545454545456
𐤅𐤁𐤃𐤁𐤓𐤅	H1696	26	0.96		
𐤉𐤀𐤔𐤌𐤅	H816	5	0.00		
𐤅𐤕𐤅𐤌𐤀	H8485	4	0.25		
𐤄𐤍𐤔𐤀𐤓𐤉𐤌	H7604	94	0.73		
𐤁𐤉𐤃𐤉𐤅	H3027	22	0.91		
𐤅𐤀𐤔𐤉𐤌	H7760	11	0.82		
𐤁𐤑𐤃𐤅	H6654	5	0.60		
𐤔𐤌𐤅𐤍𐤕	H8083	29	0.79		
𐤁𐤑𐤃𐤉	H6654	3	0.67		
𐤍𐤊𐤕𐤁𐤅	H3789	21	0.38		
𐤄𐤂𐤋𐤅𐤕	H1546	5	0.40	H1540	1.0
𐤅𐤍𐤕𐤍𐤀𐤋	H5417	3	0.00		
𐤌𐤒𐤍𐤄	H4735	26	0.23	H7069	0.5384615384615384
𐤋𐤀𐤍𐤉𐤄	H591	4	0.50		
𐤋𐤌𐤔𐤊	H4900	6	0.83		
𐤄𐤓𐤇𐤉𐤒𐤅	H7368	6	0.67		
𐤅𐤉𐤌𐤔𐤊𐤅	H4900	4	0.75		
𐤅𐤋𐤇𐤌	H3899	15	0.47		
𐤀𐤇𐤆𐤕𐤌	H272	5	0.40	H270	0.4
𐤅𐤉𐤌𐤔𐤊	H4900	5	1.00		
𐤅𐤇𐤌𐤔𐤉𐤌	H2572	53	0.85	H2571	0.3584905660377358
𐤂𐤌𐤀𐤇𐤃	H259	3	0.33	H1571	0.6666666666666666
𐤀𐤊𐤋𐤌	H400	7	0.71		
𐤄𐤕𐤀𐤄𐤁	H157	5	1.00		
𐤀𐤄𐤁𐤕𐤉𐤊	H157	5	1.00		
𐤍𐤄𐤂	H5090	27	0.67		
𐤁𐤔𐤋𐤉𐤔𐤉𐤕	H7992	4	1.00		
𐤅𐤉𐤃𐤏𐤕	H3045	5	1.00		
𐤇𐤐𐤑𐤕	H2654	9	1.00		
𐤅𐤐𐤓𐤔𐤕	H6566	3	0.33	H6575	0.0
𐤊𐤐𐤉𐤊	H3709	3	1.00	H6310	0.3333333333333333
𐤌𐤄𐤋𐤊	H4109	28	0.14	H1980	0.6428571428571429
𐤏𐤋𐤀𐤋𐤄	H428	19	0.32	H5921	0.631578947368421
𐤅𐤉𐤃𐤏𐤍𐤅	H3045	11	0.82		
𐤀𐤕𐤄𐤎𐤐𐤓𐤉𐤌	H5612	11	0.45	H853	0.09090909090909091
𐤉𐤊𐤕𐤁𐤅	H3789	7	0.29		
𐤄𐤌𐤀𐤌𐤓	H3982	3	0.67		
𐤅𐤋𐤋𐤌𐤃	H3925	11	0.64		
𐤑𐤅𐤕𐤅	H6680	3	1.00		
𐤀𐤕𐤄𐤔𐤋𐤉𐤇𐤉𐤌	H7972	3	0.00	H853	0.3333333333333333
𐤏𐤍𐤅𐤕𐤅	H6031	7	0.57		
𐤁𐤄𐤓𐤀𐤅𐤕𐤅	H7200	12	0.92		
𐤁𐤒𐤓𐤅𐤁	H7138	13	0.77		
𐤄𐤌𐤔𐤉𐤁	H7725	5	1.00		
𐤀𐤕𐤄𐤌𐤋𐤅𐤊𐤄	H4410	4	1.00	H853	0.75
𐤋𐤉𐤔𐤓𐤀𐤋	H3478	48	0.48	H3479	0.4791666666666667
𐤅𐤄𐤆𐤌𐤍𐤉𐤌	H2165	3	1.00		
𐤅𐤁𐤔𐤌𐤓𐤅𐤍	H8111	3	0.67		
𐤄𐤏𐤋𐤄	H5930	27	0.44	H5927	0.8148148148148148
𐤌𐤍𐤂𐤃	H5048	36	0.75		
𐤁𐤃𐤉𐤌	H905	4	0.75	H906	0.0
𐤍𐤑𐤁𐤉𐤌	H5324	9	0.44	H5333	0.1111111111111111
𐤌𐤀𐤕𐤊𐤌	H854	9	0.56		
𐤅𐤉𐤐𐤍𐤅	H6437	38	0.79		
𐤅𐤋𐤄𐤕𐤇𐤍𐤍	H2603	6	0.83		
𐤅𐤁𐤉𐤌𐤉𐤌	H3117	41	0.93		
𐤅𐤌𐤎𐤐𐤓	H4557	66	0.85		
𐤄𐤍𐤒𐤄𐤋𐤉𐤌	H6950	3	0.33		
𐤅𐤏𐤔𐤓𐤉𐤌	H6242	138	0.65		
𐤌𐤒𐤃𐤌	H6924	82	0.76		
𐤌𐤅𐤋𐤉𐤊	H3212	10	0.80		
𐤁𐤂𐤅𐤓𐤋	H1486	28	0.61		
𐤄𐤔𐤓𐤅𐤕	H8269	7	0.29		
𐤄𐤓𐤔𐤏𐤄	H7563	10	0.40	H7564	0.1
𐤅𐤉𐤁𐤒𐤏	H1234	7	0.71		
𐤅𐤉𐤔𐤐𐤊𐤅	H8210	4	1.00		
𐤋𐤔𐤃𐤄	H7704	4	0.50		
𐤍𐤔𐤌𐤄	H5397	8	0.38	H8074	0.5
𐤋𐤐𐤍𐤉𐤍𐤅	H6440	40	0.82		
𐤌𐤀𐤕𐤍𐤅	H853	34	0.56	H4519	0.058823529411764705
𐤋𐤏𐤃	H5703	62	0.63	H5707	0.3870967741935484
𐤅𐤉𐤕𐤐𐤋𐤋𐤅	H6419	19	0.47		
𐤄𐤉𐤅𐤃𐤏	H3045	10	1.00		
𐤂𐤅𐤓𐤋𐤅𐤕	H1486	8	0.75		
𐤄𐤂𐤅𐤓𐤋	H1486	55	0.73		
𐤌𐤋𐤀𐤕	H4390	16	0.75	H4392	0.1875
𐤊𐤒𐤅𐤋	H6963	12	0.92		
𐤋𐤔𐤍𐤅𐤕	H3956	25	0.28	H8138	0.68
𐤊𐤀𐤔	H784	14	0.43		
𐤁𐤋𐤔𐤍𐤅𐤕	H3956	10	1.00		
𐤔𐤊𐤍𐤅	H3653	5	0.40	H7931	1.0
𐤉𐤄𐤅𐤃𐤉𐤌	H3064	55	0.04		
𐤅𐤂𐤅𐤉	H1471	5	1.00		
𐤄𐤓𐤏𐤔	H7494	13	0.38		
𐤁𐤔𐤐𐤕	H8193	25	0.64		
𐤀𐤓𐤌	H758	106	0.60	H763	0.5
𐤍𐤄𐤓𐤉𐤌	H763	28	0.82	H5104	0.35714285714285715
𐤅𐤇𐤁𐤋	H2256	6	0.17	H2257	0.16666666666666666
𐤅𐤄𐤁𐤀𐤉𐤌	H935	3	0.67		
𐤌𐤓𐤅𐤌𐤉	H4791	4	0.50		
𐤊𐤓𐤕𐤉𐤌	H3774	4	0.25	H3772	0.25
𐤌𐤎𐤐𐤓𐤉𐤌	H5608	17	0.41		
𐤌𐤄𐤕𐤄𐤉𐤄	H1961	3	0.33		
𐤕𐤅𐤃𐤏	H3045	11	1.00		
𐤀𐤋𐤃𐤁𐤓𐤉	H1697	6	1.00	H413	0.5
𐤔𐤊𐤅𐤓𐤉𐤌	H7910	3	0.67		
𐤉𐤅𐤀𐤋	H3100	6	0.33	H2974	0.16666666666666666
𐤁𐤀𐤇𐤓𐤉𐤕	H319	51	0.67	H320	0.0392156862745098
𐤀𐤕𐤓𐤅𐤇𐤉	H7307	4	1.00	H853	0.0
𐤅𐤍𐤁𐤀𐤅	H5012	4	0.75		
𐤅𐤍𐤕𐤕𐤉	H5414	20	0.75		
𐤌𐤅𐤐𐤕𐤉𐤌	H4159	4	0.50		
𐤌𐤕𐤇𐤕	H8478	74	0.50	H8480	0.3918918918918919
𐤅𐤀𐤔	H784	21	0.67		
𐤏𐤔𐤍	H6227	16	0.81	H6225	0.75
𐤋𐤇𐤔𐤊	H2822	4	0.50		
𐤋𐤃𐤌	H1818	22	0.59		
𐤅𐤄𐤍𐤅𐤓𐤀	H3372	4	0.50		
𐤀𐤔𐤓𐤉𐤒𐤓𐤀	H7121	3	0.67	H834	0.3333333333333333
𐤉𐤌𐤋𐤈	H4422	33	0.82		
𐤅𐤁𐤌𐤅𐤐𐤕𐤉𐤌	H4159	7	0.86		
𐤅𐤁𐤀𐤕𐤅𐤕	H226	3	1.00		
𐤏𐤑𐤕	H6098	46	0.37		
𐤓𐤔𐤏𐤉𐤌	H7563	43	0.53	H7561	0.32558139534883723
𐤅𐤄𐤓𐤂𐤕𐤌	H2026	3	1.00		
𐤄𐤌𐤅𐤕	H4194	140	0.83	H1993	0.5
𐤍𐤌𐤍𐤏	H4513	23	0.35		
𐤋𐤏𐤑𐤓	H6113	13	0.69		
𐤔𐤌𐤇	H8056	93	0.59	H8055	0.7096774193548387
𐤋𐤁𐤉	H3820	61	0.87		
𐤋𐤁𐤈𐤇	H983	66	0.61		
𐤋𐤔𐤀𐤅𐤋	H7586	35	0.71	H7592	0.6857142857142857
𐤔𐤇𐤕	H7843	16	0.38	H7845	0.3125
𐤀𐤓𐤇𐤅𐤕	H734	17	0.35	H736	0.0
𐤔𐤌𐤇𐤅𐤕	H8057	3	1.00		
𐤅𐤀𐤃𐤁𐤓𐤄	H1696	7	1.00		
𐤇𐤋𐤑𐤉𐤅	H2504	5	0.00		
𐤋𐤄𐤅𐤔𐤉𐤁𐤅	H7725	4	0.75		
𐤁𐤉𐤌𐤉𐤍	H3225	6	0.83		
𐤀𐤕𐤄𐤁𐤈𐤇𐤕	H982	3	0.00	H853	0.3333333333333333
𐤄𐤕𐤏𐤑𐤁𐤅	H6087	12	0.33		
𐤌𐤃𐤓𐤊𐤉𐤊𐤌	H1870	4	0.50		
𐤇𐤈𐤀𐤉𐤊𐤌	H2399	3	0.00		
𐤄𐤄𐤁𐤈𐤇𐤄	H982	25	0.24		
𐤅𐤋𐤁𐤍𐤉𐤊𐤌	H1121	5	0.80		
𐤄𐤓𐤇𐤅𐤒𐤉𐤌	H7350	17	0.88		
𐤋𐤊𐤋𐤀𐤔𐤓	H834	4	0.25	H3605	0.25
𐤌𐤃𐤅𐤓	H1752	6	0.00	H1755	0.8333333333333334
𐤕𐤄𐤐𐤊𐤅𐤕	H8419	4	0.50		
𐤅𐤉𐤒𐤁𐤋𐤅	H6901	18	0.67		
𐤍𐤅𐤎𐤐𐤅	H3254	7	0.86		
𐤊𐤔𐤋𐤔𐤕	H7969	9	1.00		
𐤏𐤋𐤕𐤅𐤓𐤕	H8451	5	0.20	H5921	0.8
𐤌𐤇𐤎𐤅𐤓𐤅	H4270	4	1.00		
𐤌𐤆𐤅𐤍𐤌	H2109	5	0.00		
𐤁𐤂𐤉𐤋𐤄	H1473	3	0.00		
𐤄𐤕𐤐𐤋𐤄	H8605	11	0.64		
𐤄𐤌𐤄𐤃𐤓	H1926	3	0.33		
𐤄𐤁𐤉𐤈𐤄	H5027	11	0.73		
𐤅𐤆𐤄𐤁	H2091	59	0.56		
𐤉𐤌𐤉𐤍𐤅	H3225	37	0.76	H3117	0.9459459459459459
𐤅𐤌𐤔𐤁𐤇	H7624	4	0.25		
𐤁𐤔𐤏𐤓	H8179	21	0.62		
𐤌𐤇𐤆𐤉𐤒	H2388	9	0.78		
𐤔𐤌𐤍𐤅	H8034	15	0.40	H7760	0.8
𐤊𐤔𐤄𐤉𐤄	H1961	8	0.88		
𐤃𐤍	H1835	46	0.59	H4265	0.391304347826087
𐤁𐤒𐤃𐤅𐤔	H6918	3	0.33		
𐤄𐤓𐤂𐤕𐤌	H2026	3	1.00		
𐤅𐤄𐤀𐤌𐤅𐤍𐤄	H530	8	0.75		
𐤁𐤁𐤋𐤉𐤃𐤏𐤕	H1847	4	0.50	H1097	0.5
𐤁𐤔𐤓𐤅	H1320	55	0.53	H1319	0.43636363636363634
𐤏𐤃𐤉𐤌𐤉	H5707	3	0.33		
𐤉𐤒𐤉𐤌	H6965	17	0.59	H6966	0.29411764705882354
𐤊𐤌𐤍𐤉	H3644	3	1.00		
𐤊𐤊𐤋	H3605	164	0.63		
𐤅𐤍𐤊𐤓𐤕𐤄	H3772	4	0.50		
𐤊𐤓𐤕	H3772	56	0.62	H3741	0.0
𐤅𐤍𐤁𐤓𐤊𐤅	H1288	6	0.33		
𐤁𐤆𐤓𐤏𐤊	H2233	3	0.67		
𐤋𐤁𐤓𐤊	H1288	19	0.84		
𐤌𐤓𐤏	H7451	16	0.62	H7489	0.6875
𐤅𐤉𐤔𐤉𐤌𐤅𐤌	H7760	4	0.75		
𐤋𐤌𐤇𐤓	H4279	10	0.20		
𐤌𐤎𐤐𐤓	H4557	294	0.74	H5608	0.5544217687074829
𐤔𐤓𐤉𐤄𐤌	H8269	10	0.70		
𐤓𐤀𐤔𐤉𐤄𐤌	H7218	21	0.95		
𐤅𐤇𐤍𐤍	H2605	11	0.36		
𐤌𐤌𐤔𐤐𐤇𐤕	H4940	25	0.48		
𐤊𐤇	H3581	262	0.78		
𐤍𐤅𐤔𐤏	H3467	6	0.50		
𐤋𐤊𐤋𐤊𐤌	H3605	6	0.50		
𐤁𐤓𐤉𐤀	H1277	10	0.10		
𐤌𐤀𐤎𐤕𐤌	H3988	4	0.75		
𐤁𐤀𐤇𐤓	H310	4	0.75		
𐤅𐤁𐤓𐤀𐤅𐤕𐤌	H7200	13	0.69		
𐤍𐤂𐤃𐤌	H5048	48	0.90		
𐤂𐤋𐤅𐤉	H1540	46	0.76		
𐤏𐤋𐤉𐤃𐤉𐤄𐤌	H3027	3	0.67	H5921	1.0
𐤅𐤉𐤐𐤓𐤑	H6555	7	0.71		
𐤅𐤉𐤑𐤅𐤅𐤌	H6680	8	0.88		
𐤉𐤋𐤌𐤃𐤅	H3925	10	0.70		
𐤌𐤔𐤌𐤏	H8085	9	0.78	H4926	0.3333333333333333
𐤋𐤇𐤃𐤋	H2308	13	0.85		
𐤅𐤔𐤌𐤏𐤍𐤅	H8085	4	0.75		
𐤋𐤀𐤌𐤑𐤀𐤅	H4672	3	1.00	H3808	1.0
𐤋𐤏𐤍𐤅𐤔	H6065	10	0.00		
𐤅𐤌𐤏𐤋𐤄	H4605	26	0.50	H5927	0.6923076923076923
𐤅𐤀𐤕𐤄𐤀𐤓𐤑	H776	9	0.78	H853	0.2222222222222222
𐤅𐤀𐤕𐤄𐤉𐤌	H3220	5	0.80	H853	0.4
𐤏𐤁𐤃𐤊	H5650	42	0.38	H5647	0.5714285714285714
𐤅𐤋𐤀𐤌𐤉𐤌	H3816	3	1.00	H3817	0.0
𐤉𐤕𐤉𐤑𐤁𐤅	H3320	4	0.75		
𐤍𐤅𐤎𐤃𐤅	H3245	13	0.69		
𐤅𐤋𐤀𐤌𐤉	H517	3	1.00		
𐤋𐤏𐤁𐤃𐤉𐤊	H5650	13	0.38	H5649	0.38461538461538464
𐤅𐤉𐤍𐤏	H5128	3	0.33		
𐤁𐤁𐤈𐤇𐤅𐤍	H982	15	0.60		
𐤅𐤍𐤐𐤔	H5315	12	0.67		
𐤔𐤃𐤅𐤕	H7704	10	0.70	H7705	0.3
𐤌𐤇𐤉𐤓𐤌	H2438	4	0.25		
𐤊𐤕𐤉𐤌	H3794	26	0.12		
𐤂𐤌𐤋𐤅	H1580	3	0.33		
𐤇𐤍𐤍𐤉𐤄	H2608	41	0.37		
𐤌𐤌𐤇𐤉𐤓	H4242	4	0.50		
𐤍𐤌𐤊𐤓	H4376	8	0.25		
𐤔𐤌𐤕	H7760	18	0.94	H7761	0.6666666666666666
𐤅𐤉𐤂𐤅𐤏	H1478	6	0.33		
𐤅𐤉𐤒𐤁𐤓𐤄𐤅	H6912	7	0.00		
𐤄𐤍𐤏𐤔𐤄	H6213	67	1.00		
𐤌𐤊𐤓𐤕𐤌	H4376	5	0.00		
𐤓𐤂𐤋𐤉	H7272	64	0.64	H7273	0.3125
𐤅𐤍𐤔𐤀𐤅	H5375	9	0.89		
𐤅𐤄𐤁𐤇𐤅𐤓𐤉𐤌	H970	3	1.00		
𐤊𐤋𐤄𐤒𐤄𐤋	H6951	5	1.00	H3605	0.6
𐤉𐤕𐤓	H3499	212	0.66	H8446	0.5188679245283019
𐤍𐤒𐤁𐤑𐤅	H6908	10	0.60		
𐤒𐤍𐤀𐤄	H7068	41	0.63		
𐤁𐤔𐤋𐤉𐤇𐤉𐤌	H7972	3	0.00		
𐤅𐤉𐤕𐤍𐤅𐤌	H5414	6	0.50		
𐤅𐤄𐤕𐤉𐤑𐤁𐤅	H3320	8	0.75		
𐤅𐤉𐤋𐤌𐤃𐤅	H3925	9	0.33		
𐤌𐤑𐤀𐤅𐤌	H4672	5	1.00		
𐤎𐤂𐤅𐤓	H5462	11	0.55	H5458	0.7272727272727273
𐤅𐤌𐤋𐤌𐤃𐤉𐤌	H3925	6	0.50		
𐤄𐤍𐤂𐤉𐤃	H5057	3	1.00		
𐤕𐤅𐤓𐤕𐤊𐤌	H8451	3	0.33		
𐤅𐤄𐤔𐤋𐤉𐤇𐤉𐤌	H7972	4	0.75		
𐤋𐤄𐤒𐤔𐤉𐤁	H7181	7	0.57		
𐤉𐤃𐤊𐤌	H3027	12	1.00		
𐤏𐤋𐤄𐤏𐤑	H6086	3	1.00	H5921	0.3333333333333333
𐤋𐤔𐤓	H8269	28	0.93		
𐤁𐤒𐤅𐤋𐤅	H6963	31	0.29		
𐤋𐤄𐤓𐤅𐤂	H2026	30	0.83		
𐤂𐤌𐤋𐤉𐤀𐤋	H1583	8	0.12		
𐤋𐤆𐤌𐤍	H2165	23	0.70		
𐤋𐤀𐤉𐤍	H369	50	0.64		
𐤅𐤉𐤎𐤕	H5496	8	0.75		
𐤍𐤐𐤑𐤅	H6327	8	0.75	H5310	0.75
𐤇𐤃𐤋𐤅	H2308	50	0.54		
𐤅𐤄𐤍𐤉𐤇𐤅	H3240	4	1.00		
𐤄𐤏𐤑𐤄	H6098	46	0.41	H6096	0.10869565217391304
𐤕𐤐𐤓	H6565	5	0.40		
𐤍𐤋𐤇𐤌𐤉𐤌	H3898	17	0.76		
𐤔𐤌𐤇𐤉𐤌	H8056	21	0.48	H8055	0.7619047619047619
𐤏𐤋𐤊𐤉	H5921	3	0.67		
𐤆𐤊𐤅	H2141	14	0.00	H2136	0.07142857142857142
𐤏𐤋𐤔𐤌𐤅	H8034	3	1.00	H5921	0.6666666666666666
𐤕𐤋𐤅𐤍𐤕	H8519	4	0.00		
𐤍𐤏𐤆𐤁	H5800	12	0.75		
𐤌𐤒𐤓𐤁𐤊𐤌	H7130	4	0.75		
𐤅𐤌𐤋𐤀𐤉𐤌	H4392	6	0.83		
𐤅𐤉𐤁𐤇𐤓𐤅	H977	15	0.53		
𐤄𐤏𐤌𐤉𐤃𐤅	H5975	10	0.80		
𐤅𐤉𐤎𐤌𐤊𐤅	H5564	4	0.50		
𐤌𐤍𐤄𐤊𐤄𐤍𐤉𐤌	H3548	4	0.75	H4480	0.75
𐤍𐤊𐤍𐤏𐤅	H3665	28	0.50		
𐤅𐤂𐤁𐤅𐤓𐤄	H1369	19	0.63		
𐤋𐤍𐤂𐤃	H5048	44	0.86	H2962	0.6136363636363636
𐤅𐤉𐤎𐤉𐤕𐤅	H5496	7	0.71		
𐤁𐤌𐤔𐤄	H4872	7	0.00		
𐤅𐤁𐤀𐤋𐤄𐤉𐤌	H430	4	0.50		
𐤅𐤉𐤏𐤅𐤓𐤓𐤅	H6185	3	0.00		
𐤇𐤃𐤋	H2308	79	0.65	H2309	0.43037974683544306
𐤅𐤍𐤂𐤃	H5048	16	0.75	H5046	0.5625
𐤅𐤉𐤔𐤍𐤄	H8138	6	0.67		
𐤊𐤐𐤍𐤉	H6435	10	0.20		
𐤅𐤀𐤁𐤅𐤕	H1	3	1.00		
𐤄𐤊𐤁𐤅𐤃	H3519	155	0.71		
𐤁𐤀𐤓𐤌	H758	12	0.67		
𐤁𐤇𐤓𐤍	H2771	22	0.27		
𐤌𐤀𐤓𐤑𐤊	H776	5	0.80		
𐤅𐤌𐤌𐤅𐤋𐤃𐤕𐤊	H4138	3	0.33		
𐤀𐤋𐤄𐤀𐤓𐤑	H776	13	0.77	H413	0.5384615384615384
𐤀𐤓𐤀𐤊	H7200	6	0.67		
𐤊𐤔𐤃𐤉𐤌	H3778	24	0.33		
𐤄𐤏𐤁𐤉𐤓	H5674	32	0.91		
𐤍𐤇𐤋𐤄	H5159	20	0.55	H2470	0.35
𐤌𐤃𐤓𐤊	H1870	29	0.79	H4096	0.1724137931034483
𐤋𐤀𐤇𐤆𐤄	H272	3	0.67		
𐤆𐤓𐤏𐤅	H2233	46	0.72	H2220	0.3695652173913043
𐤀𐤓𐤁𐤏	H702	161	0.78	H703	0.7267080745341615
𐤉𐤏𐤁𐤃𐤅	H5647	21	0.86		
𐤅𐤉𐤏𐤁𐤃𐤅𐤍𐤉	H5647	4	0.25		
𐤅𐤉𐤌𐤋	H4135	7	0.57	H5243	0.5714285714285714
𐤄𐤀𐤁𐤅𐤕	H1	56	0.59	H178	0.23214285714285715
𐤅𐤉𐤒𐤍𐤀𐤅	H7065	10	0.10		
𐤁𐤉𐤅𐤎𐤐	H5488	18	0.22		
𐤅𐤉𐤌𐤊𐤓𐤅	H4376	10	0.20		
𐤅𐤉𐤑𐤉𐤋𐤄𐤅	H5337	5	0.80		
𐤐𐤓𐤏𐤄	H6547	277	0.52	H6549	0.5234657039711191
𐤅𐤊𐤍𐤏𐤍	H3667	21	0.48		
𐤅𐤑𐤓𐤄	H6869	7	0.57		
𐤅𐤀𐤁𐤅𐤕𐤉𐤍𐤅	H1	6	0.83		
𐤁𐤌𐤑𐤓𐤉𐤌	H4714	144	0.45		
𐤀𐤕𐤀𐤁𐤅𐤕𐤉𐤍𐤅	H1	4	1.00	H853	0.0
𐤄𐤓𐤀𐤔𐤅𐤍𐤄	H7223	185	0.87		
𐤅𐤁𐤐𐤏𐤌	H6471	4	1.00		
𐤅𐤕𐤂𐤋𐤄	H1540	4	0.75		
𐤋𐤐𐤓𐤏𐤄	H6547	20	0.35	H6549	0.35
𐤌𐤔𐤐𐤇𐤕	H4940	17	0.76		
𐤋𐤉𐤏𐤒𐤁	H3290	76	0.08		
𐤁𐤔𐤁𐤏𐤉𐤌	H7657	7	0.57		
𐤅𐤉𐤅𐤁𐤀𐤅	H935	3	0.67		
𐤔𐤊𐤌𐤄	H7927	7	0.14	H7926	0.2857142857142857
𐤔𐤊𐤌	H7927	142	0.18	H7928	0.34507042253521125
𐤄𐤕𐤇𐤊𐤌	H2449	11	0.45		
𐤅𐤉𐤓𐤏	H7489	20	0.70	H7321	0.35
𐤋𐤀𐤁𐤅𐤕𐤉𐤍𐤅	H1	14	0.79		
𐤀𐤋𐤐𐤍𐤉	H6435	5	0.00	H413	0.0
𐤀𐤌𐤅𐤍	H526	43	0.53	H528	0.5348837209302325
𐤉𐤓𐤇𐤉𐤌	H3391	17	0.82		
𐤅𐤁𐤌𐤏𐤔𐤉𐤌	H4639	3	1.00		
𐤋𐤐𐤒𐤃	H6485	10	0.90		
𐤌𐤏𐤔𐤒	H6233	4	0.75		
𐤅𐤉𐤅𐤔𐤏	H3467	3	0.67		
𐤍𐤒𐤌𐤕	H5360	49	0.47	H5358	0.5918367346938775
𐤁𐤄𐤊𐤅𐤕𐤅	H5221	5	0.40		
𐤍𐤑𐤉𐤌	H5327	3	0.00		
𐤄𐤃𐤐𐤅	H1920	8	0.75		
𐤅𐤔𐤐𐤈	H8199	7	0.86	H8202	0.14285714285714285
𐤄𐤋𐤄𐤓𐤂𐤍𐤉	H2026	3	0.67		
𐤄𐤓𐤂𐤕	H2026	7	0.57		
𐤎𐤉𐤍𐤉	H5514	45	0.18	H5513	0.15555555555555556
𐤄𐤎𐤍𐤄	H5572	3	0.33		
𐤏𐤋𐤄𐤌𐤓𐤀𐤄	H4758	4	0.75	H5921	0.5
𐤀𐤁𐤅𐤕𐤉𐤊	H1	18	0.44		
𐤅𐤉𐤇𐤓𐤃	H2729	16	0.44		
𐤌𐤄𐤁𐤉𐤈	H5027	4	1.00		
𐤅𐤀𐤓𐤃	H3381	5	0.20	H714	0.6
𐤋𐤄𐤑𐤉𐤋𐤌	H5337	8	0.75		
𐤄𐤍𐤓𐤀𐤄	H7200	28	0.82		
𐤄𐤅𐤑𐤉𐤀𐤌	H3318	8	0.88		
𐤅𐤁𐤌𐤃𐤁𐤓	H4057	4	0.75		
𐤁𐤒𐤄𐤋	H6951	23	0.57		
𐤉𐤋𐤊𐤅	H3212	59	0.68		
𐤏𐤂𐤋	H5695	7	0.43	H5696	0.0
𐤅𐤉𐤆𐤁𐤇𐤅	H2076	17	0.88		
𐤆𐤁𐤇𐤉𐤌	H2077	33	0.97	H2076	1.0
𐤁𐤌𐤏𐤔𐤄	H4639	47	0.87		
𐤄𐤆𐤁𐤇𐤉𐤌	H2077	39	0.95	H2076	0.9230769230769231
𐤅𐤌𐤍𐤇𐤄	H4503	9	0.78	H4504	0.6666666666666666
𐤌𐤋𐤊𐤌	H4428	48	0.88	H4445	0.22916666666666666
𐤄𐤑𐤋𐤌𐤉𐤌	H6755	14	0.07		
𐤌𐤄𐤋𐤀𐤄	H1973	3	0.33		
𐤋𐤁𐤁𐤋	H894	6	0.17	H895	0.16666666666666666
𐤌𐤔𐤊𐤍	H4908	26	0.62	H4907	0.07692307692307693
𐤄𐤏𐤃𐤅𐤕	H5715	15	0.73		
𐤊𐤕𐤁𐤍𐤉𐤕	H8403	19	0.53		
𐤋𐤒𐤇𐤄𐤅	H3947	3	0.67		
𐤅𐤉𐤄𐤅𐤔𐤏	H3091	31	0.39		
𐤌𐤔𐤊𐤍𐤅𐤕	H4908	4	1.00		
𐤋𐤀𐤋𐤄𐤉	H430	25	0.56	H426	0.08
𐤄𐤏𐤋𐤉𐤅𐤍	H5945	58	0.52		
𐤁𐤄𐤉𐤊𐤋𐤅𐤕	H3201	3	0.33		
𐤊𐤎𐤀𐤉	H3678	8	0.50		
𐤅𐤀𐤉𐤆𐤄	H2088	19	0.79	H335	0.10526315789473684
𐤌𐤍𐤅𐤇𐤕𐤉	H4496	3	1.00		
𐤏𐤓𐤐	H6203	30	0.57	H6202	0.36666666666666664
𐤌𐤌𐤓𐤉𐤌	H4784	9	0.78		
𐤄𐤌𐤁𐤔𐤓𐤉𐤌	H1320	7	0.43		
𐤁𐤉𐤀𐤕	H935	3	0.33		
𐤌𐤋𐤀𐤊𐤅𐤕	H4399	8	0.75	H4400	0.375
𐤔𐤌𐤓𐤕𐤌	H8104	7	0.43		
𐤄𐤕𐤓𐤂𐤆𐤅	H7264	5	0.80		
𐤅𐤉𐤎𐤒𐤋𐤅	H5619	3	0.33		
𐤐𐤔𐤈𐤅	H6584	25	0.36		
𐤀𐤕𐤄𐤇𐤈𐤀	H2398	4	1.00	H853	0.0
𐤅𐤔𐤀𐤅𐤋	H7586	35	0.69	H7592	0.5142857142857142
𐤅𐤉𐤐𐤑𐤅	H6327	3	0.67		
𐤁𐤏𐤓𐤉	H5892	14	0.43		
𐤅𐤔𐤌𐤓𐤅𐤍	H8110	12	0.42	H8111	0.5833333333333334
𐤌𐤍𐤄𐤔𐤋𐤉𐤇𐤉𐤌	H7972	3	0.33	H4480	1.0
𐤇𐤎𐤉𐤃𐤉𐤌	H2623	7	0.71		
𐤅𐤉𐤎𐤐𐤃𐤅	H5594	11	0.45		
𐤌𐤎𐤐𐤃	H4553	23	0.57	H5594	0.5652173913043478
𐤄𐤇𐤓𐤉𐤁	H2717	14	0.57		
𐤁𐤁𐤕𐤉𐤌	H1004	11	0.82		
𐤅𐤄𐤍𐤐𐤅𐤑𐤉𐤌	H6327	3	0.67		
𐤏𐤁𐤓𐤅	H5674	134	0.88		
𐤅𐤉𐤒𐤔𐤁	H7181	4	0.00		
𐤑𐤏𐤒𐤅𐤕	H6818	5	0.00		
𐤏𐤋𐤍𐤐𐤔𐤅	H5315	3	0.67	H5921	0.3333333333333333
𐤅𐤏𐤃𐤂𐤃𐤅𐤋𐤌	H1419	3	1.00	H5704	0.6666666666666666
𐤁𐤊𐤔𐤐𐤉𐤅	H8205	3	0.33		
𐤁𐤁𐤔𐤓𐤅	H1320	14	0.79		
𐤄𐤂𐤃𐤋𐤉𐤌	H1419	4	0.75		
𐤊𐤎𐤐𐤊	H3701	9	0.44		
𐤇𐤔𐤁𐤕	H2803	5	0.60		
𐤋𐤁𐤁𐤊	H3824	22	0.73	H3825	0.5909090909090909
𐤉𐤔𐤓	H3477	75	0.61	H3474	0.76
𐤅𐤄𐤕𐤇𐤍𐤍	H2603	8	0.75		
𐤀𐤋𐤄𐤀𐤋𐤄𐤉𐤌	H430	16	0.06	H413	0.75
𐤌𐤆𐤌𐤕	H2154	30	0.93	H4209	0.8666666666666667
𐤓𐤔𐤏	H7563	93	0.57	H7562	0.3763440860215054
𐤄𐤉𐤓𐤃𐤕	H3381	3	0.33		
𐤎𐤓𐤉𐤎	H5631	8	0.62	H7249	0.25
𐤅𐤌𐤌𐤍𐤄	H4480	11	0.36		
𐤀𐤋𐤉𐤓𐤅𐤔𐤋𐤉𐤌	H3389	3	0.33		
𐤂𐤔𐤄	H5066	4	1.00		
𐤕𐤁𐤉𐤍	H995	5	0.80		
𐤀𐤌𐤀𐤉𐤍	H369	7	0.57	H518	0.5714285714285714
𐤅𐤋𐤔𐤁𐤕	H3427	11	1.00		
𐤅𐤏𐤍𐤉𐤍	H6045	6	0.17		
𐤋𐤈𐤁𐤇	H2874	12	0.42	H2876	0.5
𐤉𐤅𐤁𐤋	H2986	8	0.00	H3104	0.625
𐤍𐤂𐤆𐤓𐤅	H1504	6	0.00		
𐤇𐤉𐤉𐤅	H2416	106	0.94		
𐤄𐤎𐤓𐤉𐤎	H5631	12	1.00		
𐤁𐤏𐤁𐤓𐤌	H5668	12	0.67		
𐤅𐤄𐤎𐤓𐤉𐤎	H5631	3	0.67		
𐤉𐤎𐤐	H3254	7	0.71	H622	1.0
𐤍𐤌𐤑𐤀	H4672	224	0.77		
𐤆𐤏𐤌	H2195	12	0.25	H2194	0.5833333333333334
𐤌𐤊𐤕𐤁𐤉𐤌	H3789	20	0.10		
𐤋𐤃𐤌𐤔𐤒	H1834	8	0.00		
𐤅𐤉𐤁𐤉𐤀𐤌	H935	20	0.80		
𐤕𐤓𐤃𐤐𐤍𐤉	H7291	3	1.00		
𐤓𐤅𐤃𐤐	H7291	8	0.88		
𐤋𐤁𐤏𐤈	H5842	3	0.00		
𐤇𐤓𐤃	H2730	21	0.14	H2729	0.5238095238095238
𐤌𐤓𐤀𐤅𐤕	H7200	23	1.00	H4758	0.8260869565217391
𐤁𐤃𐤌𐤔𐤒	H1834	17	0.47		
𐤁𐤌𐤇𐤆𐤄	H2370	8	0.88	H4236	0.375
𐤀𐤋𐤄𐤓𐤇𐤅𐤁	H7339	4	0.50	H413	0.25
𐤄𐤉𐤔𐤓	H3477	27	0.44		
𐤅𐤉𐤓𐤀𐤄	H7200	34	0.85	H3374	0.14705882352941177
𐤋𐤀𐤎𐤓	H631	7	1.00		
𐤊𐤉𐤊𐤋𐤉	H3605	3	0.33		
𐤅𐤕𐤓𐤀𐤄	H7200	16	0.75		
𐤒𐤔𐤒𐤔𐤉𐤌	H7193	3	0.33		
𐤀𐤇𐤃𐤉𐤌	H259	150	0.84		
𐤄𐤀𐤁𐤉𐤃	H6	7	0.57		
𐤋𐤄𐤁𐤉𐤀𐤌	H935	20	0.85		
𐤀𐤎𐤅𐤓𐤉𐤌	H631	24	0.50	H612	0.4166666666666667
𐤅𐤇𐤆𐤒	H2388	37	0.68	H2389	0.4594594594594595
𐤅𐤉𐤄𐤌	H2000	3	0.33		
𐤃𐤌𐤔𐤒	H1834	50	0.60	H1833	0.26
𐤅𐤉𐤅𐤃𐤏	H3045	46	0.96		
𐤔𐤌𐤓𐤅	H8104	58	0.74		
𐤁𐤎𐤋	H5536	3	0.67		
𐤄𐤇𐤅𐤌𐤄	H2346	382	0.80		
𐤄𐤔𐤌𐤉𐤏	H8085	4	1.00		
𐤆𐤌𐤌𐤅	H2161	24	0.54	H2162	0.20833333333333334
𐤋𐤒𐤄𐤋𐤅𐤕	H6951	10	1.00		
𐤁𐤉𐤓𐤀𐤕	H3374	27	0.48		
𐤅𐤕𐤓𐤁𐤉𐤍𐤄	H7235	3	0.67		
𐤏𐤋𐤌𐤔𐤊𐤁𐤅	H4904	3	0.67	H5921	0.6666666666666666
𐤊𐤋𐤉𐤔𐤁𐤉	H3427	3	0.67	H3605	0.3333333333333333
𐤁𐤉𐤐𐤅	H3305	4	0.25		
𐤑𐤁𐤉𐤄	H6645	3	0.00	H6646	0.0
𐤓𐤁𐤕	H7227	6	0.83	H7236	0.5
𐤅𐤑𐤃𐤒𐤅𐤕	H6666	4	0.75		
𐤅𐤕𐤇𐤋𐤄	H2490	3	0.67		
𐤅𐤕𐤌𐤕	H4191	27	0.52		
𐤁𐤏𐤋𐤉𐤄	H1167	9	0.56	H1183	0.0
𐤅𐤋𐤃	H2056	5	0.00		
𐤋𐤉𐤐𐤅	H3305	6	0.17		
𐤄𐤊𐤕𐤍𐤕	H3801	3	1.00		
𐤄𐤁𐤂𐤃𐤉𐤌	H899	17	0.41		
𐤁𐤏𐤅𐤃𐤄	H5750	6	1.00		
𐤅𐤉𐤅𐤑𐤀	H3318	29	0.90		
𐤅𐤕𐤐𐤕𐤇	H6605	8	0.62		
𐤁𐤀𐤃𐤅𐤍	H113	21	0.00		
𐤇𐤎𐤉𐤃	H2623	10	0.40		
𐤑𐤃𐤒𐤅𐤕	H6666	4	0.50		
𐤀𐤋𐤉𐤐𐤅	H505	4	0.25		
𐤌𐤕𐤂𐤅𐤓𐤓	H1481	6	0.67	H1641	0.5
𐤁𐤀𐤓𐤁𐤏	H702	13	0.54		
𐤅𐤁𐤕𐤅𐤊𐤅	H8432	3	0.33		
𐤅𐤓𐤌𐤔	H7431	6	1.00		
𐤀𐤊𐤋𐤕𐤉	H398	7	0.71		
𐤅𐤈𐤌𐤀	H2930	8	1.00	H2931	1.0
𐤅𐤄𐤏𐤋𐤄	H5927	11	0.91	H5930	0.2727272727272727
𐤔𐤋𐤇𐤕𐤉𐤌	H7971	5	0.80		
𐤁𐤀𐤕𐤌	H935	23	0.87	H864	0.08695652173913043
𐤅𐤉𐤀𐤎𐤐𐤌	H622	3	1.00		
𐤌𐤔𐤐𐤇𐤕𐤅	H4940	26	0.69		
𐤅𐤒𐤓𐤅𐤁𐤉𐤅	H7138	7	1.00		
𐤅𐤌𐤉𐤃𐤏𐤉𐤅	H3045	3	1.00		
𐤀𐤍𐤅𐤔	H582	47	0.32	H583	0.1276595744680851
𐤍𐤀𐤎𐤐𐤉𐤌	H622	6	0.83		
𐤅𐤋𐤒𐤓𐤁	H7126	5	1.00		
𐤇𐤋	H2455	5	0.60	H2470	0.4
𐤆𐤄𐤓	H2096	9	0.44		
𐤅𐤀𐤔𐤋𐤇	H7971	6	0.83		
𐤅𐤄𐤍𐤍𐤅	H2005	9	0.11		
𐤅𐤏𐤌	H5973	107	0.69	H5971	0.4672897196261682
𐤑𐤃𐤒	H6664	76	0.68	H6663	0.7105263157894737
𐤀𐤕𐤄𐤔𐤋𐤅𐤌	H7965	4	1.00	H853	0.0
𐤄𐤓𐤂𐤄𐤅	H2028	3	0.00		
𐤄𐤏𐤃𐤉𐤌	H5707	18	0.50		
𐤋𐤄𐤔𐤌𐤉𐤏	H8085	6	0.83		
𐤅𐤋𐤄𐤏𐤉𐤃	H5749	3	0.67		
𐤋𐤔𐤅𐤐𐤈	H8199	3	1.00		
𐤅𐤄𐤌𐤕𐤉𐤌	H4191	4	1.00		
𐤎𐤋𐤉𐤇𐤕	H5545	3	0.33		
𐤑𐤋𐤇𐤄	H6743	11	0.45		
𐤅𐤄𐤌𐤀𐤌𐤉𐤍𐤉𐤌	H539	3	1.00		
𐤏𐤋𐤄𐤂𐤅𐤉𐤌	H1471	5	1.00	H5921	0.6
𐤅𐤌𐤂𐤃𐤋𐤉𐤌	H4026	10	0.60		
𐤋𐤌𐤍𐤏	H4513	11	0.45		
𐤅𐤄𐤀𐤇𐤉𐤌	H251	7	1.00		
𐤅𐤉𐤓𐤉𐤁𐤅	H7378	14	0.29		
𐤀𐤔𐤓𐤋𐤄𐤌	H834	3	0.33		
𐤏𐤓𐤋𐤄	H6190	4	0.50	H6189	0.25
𐤅𐤕𐤀𐤊𐤋	H398	17	0.41	H399	0.058823529411764705
𐤒𐤓𐤄𐤅	H7136	20	0.95		
𐤉𐤐𐤅	H3305	49	0.31	H3303	0.32653061224489793
𐤅𐤀𐤓𐤀	H7200	102	0.73	H690	0.00980392156862745
𐤅𐤕𐤅𐤓𐤃	H3381	4	0.75		
𐤅𐤀𐤔𐤌𐤏	H8085	32	0.34		
𐤅𐤉𐤏𐤍𐤍𐤉	H6030	28	0.86	H6031	0.7857142857142857
𐤔𐤋𐤅𐤇𐤉𐤌	H7964	55	0.98		
𐤅𐤍𐤁𐤅𐤀	H935	17	0.71		
𐤄𐤇𐤋𐤅𐤕𐤉	H2490	4	0.75		
𐤅𐤉𐤄𐤋𐤋𐤅	H1984	26	0.31		
𐤉𐤃𐤉𐤄𐤅𐤄	H3068	3	0.67	H3027	1.0
𐤄𐤒𐤄𐤋𐤄	H6951	9	1.00		
𐤀𐤕𐤇𐤎𐤃	H2617	7	0.43	H853	0.0
𐤋𐤃𐤁𐤒𐤄	H1692	3	0.33		
𐤅𐤀𐤌𐤅𐤍𐤄	H530	7	1.00		
𐤁𐤒𐤄𐤋𐤄	H6951	3	1.00		
𐤋𐤏𐤆𐤓𐤕	H5833	39	0.08		
𐤊𐤉𐤈𐤅𐤁	H2896	15	0.80	H3588	0.4666666666666667
𐤅𐤄𐤉𐤌𐤉𐤌	H3117	10	0.80		
𐤇𐤂𐤄𐤌𐤑𐤅𐤕	H4682	8	0.88	H2282	0.875
𐤋𐤀𐤓𐤁𐤏	H702	9	0.67		
𐤌𐤇𐤋𐤒𐤅𐤕	H4256	7	0.86		
𐤋𐤔𐤌𐤓𐤅	H8104	10	0.80		
𐤏𐤑𐤅𐤓	H6113	3	0.33		
𐤁𐤔𐤍𐤉𐤌	H8147	24	0.46	H8141	0.625
𐤔𐤌𐤓𐤉𐤌	H8104	10	1.00	H8105	0.5
𐤅𐤀𐤅𐤓	H216	11	0.91	H215	0.9090909090909091
𐤁𐤇𐤃𐤓	H2315	17	0.35		
𐤇𐤂𐤓	H2296	5	1.00	H2290	0.0
𐤏𐤈𐤄	H5844	4	0.25		
𐤊𐤌𐤓𐤀𐤄	H4758	15	0.67		
𐤄𐤌𐤔𐤌𐤓𐤕	H4931	3	0.67		
𐤅𐤄𐤔𐤍𐤉𐤄	H8128	12	0.00		
𐤄𐤁𐤓𐤆𐤋	H1270	18	0.72		
𐤓𐤇𐤅𐤁	H7339	6	0.67	H1050	0.3333333333333333
𐤅𐤄𐤌𐤋𐤀𐤊	H4397	15	0.80		
𐤍𐤏𐤓𐤄	H5291	16	0.50	H5288	0.5
𐤌𐤋𐤀𐤊𐤅	H4397	9	0.33		
𐤋𐤇𐤔𐤅𐤕	H2814	4	0.75		
𐤇𐤒𐤓	H2714	35	0.34	H2713	0.4
𐤋𐤄𐤅𐤑𐤉𐤀𐤌	H3318	6	0.67		
𐤌𐤇𐤉𐤕	H4241	3	0.00	H4229	0.0
𐤀𐤓𐤑𐤅𐤕𐤌	H776	3	0.67		
𐤄𐤌𐤅𐤏𐤃	H4150	26	0.81		
𐤕𐤅𐤋𐤏𐤉𐤌	H8438	4	0.75		
𐤊𐤋𐤅𐤕𐤌	H3615	7	0.86		
𐤅𐤌𐤍𐤇𐤌	H4505	5	0.20		
𐤂𐤃𐤋	H1431	141	0.83	H1419	0.8085106382978723
𐤄𐤁𐤃𐤉𐤋𐤅	H914	5	0.80		
𐤋𐤌𐤋𐤀𐤊𐤄	H4399	7	0.86		
𐤅𐤉𐤑𐤅𐤌𐤅	H6684	5	1.00		
𐤅𐤉𐤔𐤋𐤇𐤅𐤌	H7971	5	0.80		
𐤐𐤅𐤋𐤅𐤎	H6424	100	0.02		
𐤍𐤁𐤅𐤍	H995	23	0.70		
𐤋𐤄𐤈𐤅𐤕	H5186	38	0.89		
𐤌𐤍𐤄𐤀𐤌𐤅𐤍𐤄	H526	5	0.20	H4480	0.4
𐤅𐤔𐤅𐤍𐤀	H8130	5	0.80		
𐤕𐤇𐤃𐤋	H2308	8	0.62		
𐤀𐤕𐤃𐤓𐤊𐤉	H1870	5	0.60	H853	0.2
𐤄𐤉𐤔𐤓𐤉𐤌	H8269	4	0.75		
𐤅𐤄𐤉𐤉𐤕	H1961	17	0.47		
𐤀𐤕𐤄𐤔𐤌𐤔	H8121	5	0.80	H853	0.4
𐤌𐤅𐤏𐤃	H4150	48	0.75		
𐤀𐤐𐤋𐤄	H5307	5	1.00	H653	1.0
𐤅𐤉𐤍𐤐	H5130	3	1.00		
𐤅𐤉𐤓𐤀𐤉	H3373	6	0.33		
𐤁𐤀𐤁𐤅𐤕𐤉𐤍𐤅	H1	3	0.67		
𐤂𐤓𐤉𐤌	H1616	4	0.75	H1481	1.0
𐤅𐤁𐤆𐤓𐤅𐤏	H2220	5	0.60		
𐤓𐤌𐤄	H7311	37	0.70	H7413	0.3783783783783784
𐤅𐤉𐤊𐤋𐤊𐤋𐤌	H3557	3	0.33		
𐤊𐤀𐤓𐤁𐤏𐤉𐤌	H705	10	0.80		
𐤅𐤉𐤔𐤌𐤃	H8045	3	0.00		
𐤀𐤕𐤀𐤓𐤑𐤌	H776	3	1.00	H853	0.0
𐤋𐤍𐤇𐤋𐤄	H5159	32	0.38		
𐤔𐤌𐤅𐤀𐤋	H8050	65	0.71		
𐤒𐤉𐤔	H7027	5	0.20		
𐤁𐤍𐤉𐤌𐤉𐤍	H1144	128	0.78		
𐤌𐤆𐤓𐤏𐤅	H2233	7	0.71		
𐤂𐤅𐤀𐤋	H1350	6	0.50		
𐤁𐤅𐤀𐤅	H176	56	0.25	H935	0.8928571428571429
𐤅𐤓𐤀𐤔𐤉𐤄𐤌	H7218	3	1.00		
𐤁𐤌𐤔𐤐𐤈𐤌	H4941	3	0.67		
𐤄𐤍𐤒𐤓𐤀𐤉𐤌	H7121	53	0.89		
𐤄𐤔𐤋𐤉𐤌𐤅	H7999	12	0.50		
𐤄𐤅𐤓𐤉𐤃𐤅	H3381	10	0.40		
𐤁𐤄𐤒𐤉𐤌𐤅	H6965	7	0.57		
𐤉𐤋𐤃𐤕𐤉𐤊	H3205	4	1.00	H3208	0.0
𐤅𐤏𐤋𐤀𐤔𐤓	H834	6	0.17	H5921	1.0
𐤋𐤔𐤇𐤕	H7843	11	0.55	H7845	0.45454545454545453
𐤇𐤎𐤃𐤉	H2617	32	0.62		
𐤄𐤍𐤀𐤌𐤍𐤉𐤌	H539	30	0.93		
𐤔𐤓𐤕𐤅	H8280	5	0.20	H8334	0.4
𐤁𐤃𐤅𐤓𐤅	H1755	6	0.50		
𐤋𐤏𐤑𐤕	H6098	10	0.70		
𐤉𐤑𐤃𐤒	H6663	10	0.40		
𐤁𐤂𐤃𐤉𐤌	H899	41	0.51	H898	0.5121951219512195
𐤅𐤁𐤑𐤀𐤕	H3318	7	0.86		
𐤄𐤑𐤃𐤒	H6664	54	0.78		
𐤄𐤒𐤄𐤋	H6951	27	0.85	H6950	0.7407407407407407
𐤏𐤋𐤋𐤁𐤌	H3820	3	0.67	H5921	0.6666666666666666
𐤁𐤇𐤎𐤃	H2617	32	0.69		
𐤊𐤌𐤏𐤈	H4592	115	0.68		
𐤆𐤊𐤉𐤌	H2134	4	0.25		
𐤁𐤏𐤉𐤍𐤉𐤊𐤌	H5869	37	0.51		
𐤀𐤋𐤄𐤂𐤅𐤉𐤌	H1471	4	1.00	H413	0.5
𐤍𐤕𐤕𐤉𐤊	H5414	3	1.00		
𐤉𐤔𐤅𐤏𐤕𐤉	H3444	4	0.50		
𐤌𐤅𐤊𐤍𐤉𐤌	H3559	20	0.95		
𐤀𐤕𐤄𐤍𐤔𐤉𐤌	H802	4	0.00	H853	0.25
𐤄𐤇𐤎𐤉𐤃𐤅𐤕	H2623	5	0.00		
𐤅𐤉𐤂𐤓𐤔𐤅𐤌	H1644	4	0.25		
𐤓𐤂𐤋𐤉𐤄𐤌	H7272	20	0.80		
𐤊𐤍𐤎𐤕	H5127	4	0.00		
𐤏𐤅𐤓𐤓𐤅	H6185	14	0.29		
𐤀𐤕𐤍𐤐𐤔𐤅𐤕	H5315	3	1.00	H853	0.3333333333333333
𐤁𐤉𐤄𐤅𐤄	H3068	7	0.43		
𐤇𐤎𐤃𐤅	H2617	62	0.66		
𐤁𐤏𐤔𐤅𐤕𐤅	H6249	27	0.00		
𐤋𐤇𐤑𐤉	H2677	6	0.50	H3905	0.5
𐤍𐤈𐤅	H5186	22	0.82		
𐤌𐤄𐤅𐤌𐤕	H4103	6	0.33		
𐤋𐤄𐤕𐤏𐤋𐤋	H5953	10	0.20		
𐤅𐤉𐤁𐤓𐤇𐤅	H1272	22	0.36		
𐤋𐤏𐤓𐤉	H5892	5	0.40	H6179	0.0
𐤌𐤉𐤌𐤉𐤅	H4325	14	0.29	H3117	0.7857142857142857
𐤏𐤋𐤓𐤂𐤋𐤉𐤊	H7272	4	0.75	H5921	1.0
𐤅𐤉𐤃𐤋𐤂	H1801	9	0.11		
𐤁𐤋	H1077	22	0.55	H3816	0.4090909090909091
𐤅𐤊𐤄𐤍	H3548	6	1.00	H3547	1.0
𐤋𐤏𐤉𐤓𐤌	H5892	5	0.80		
𐤄𐤔𐤏𐤓𐤄	H8179	5	0.60	H8185	0.2
𐤔𐤅𐤓𐤉𐤌	H7794	4	0.25		
𐤅𐤏𐤈𐤓𐤅𐤕	H5852	3	0.33		
𐤅𐤉𐤇𐤐𐤑	H2654	22	0.91		
𐤋𐤆𐤁𐤇	H2076	17	0.88	H2077	0.8823529411764706
𐤅𐤉𐤒𐤓𐤏𐤅	H7167	12	0.08		
𐤀𐤋𐤀𐤋𐤄𐤉𐤌	H430	6	0.17	H413	0.5
𐤁𐤃𐤓𐤊𐤉𐤄𐤌	H1870	9	0.22		
𐤁𐤕𐤕𐤅	H5414	25	0.92		
𐤌𐤈𐤓	H4306	22	0.68		
𐤋𐤄𐤍𐤉𐤀	H5106	6	0.00		
𐤁𐤇𐤔𐤁𐤌	H2805	39	0.44		
𐤅𐤌𐤌𐤇𐤓𐤕	H4283	25	0.96		
𐤅𐤉𐤇𐤆𐤒𐤅	H2388	7	0.71		
𐤁𐤀𐤌𐤅𐤍𐤄	H530	86	0.79		
𐤍𐤁𐤅𐤀	H935	9	0.78		
𐤆𐤒𐤍𐤉𐤌	H2205	21	0.67	H2208	0.38095238095238093
𐤋𐤇𐤎𐤃	H2617	12	0.75		
𐤄𐤒𐤄𐤉𐤋𐤅	H6950	3	1.00		
𐤀𐤕𐤄𐤏𐤃𐤄	H5712	5	1.00	H853	0.0
𐤀𐤕𐤄𐤀𐤇𐤉𐤌	H251	4	1.00	H853	0.0
𐤊𐤃𐤕	H1881	32	0.81	H1882	0.59375
𐤓𐤉𐤁	H7379	31	0.55	H7378	0.5483870967741935
𐤅𐤉𐤂𐤆𐤓𐤅	H1504	3	0.00		
𐤉𐤏𐤋𐤅	H5927	28	0.89		
𐤄𐤔𐤀𐤋𐤄	H428	3	0.67	H7596	0.0
𐤊𐤋𐤄𐤀𐤇𐤉𐤌	H1889	3	0.00		
𐤊𐤁𐤀𐤌	H518	5	0.80	H935	1.0
𐤌𐤊𐤕	H4347	14	0.29		
𐤀𐤕𐤕𐤅𐤓𐤕	H8451	6	0.83	H853	0.16666666666666666
𐤋𐤏𐤉𐤍	H5871	29	0.59	H5869	0.7931034482758621
𐤁𐤓𐤁𐤅𐤕	H7235	10	0.80		
𐤄𐤌𐤇𐤋𐤒𐤕	H4256	4	0.75		
𐤄𐤋𐤁𐤁𐤅𐤕	H3834	3	0.00		
𐤅𐤁𐤉𐤍𐤉𐤄𐤌	H996	14	0.86		
𐤊𐤌𐤅𐤍𐤅	H3644	11	0.36		
𐤅𐤄𐤌𐤅𐤐𐤕𐤉𐤌	H4159	7	0.71		
𐤋𐤔𐤌𐤅	H8034	11	0.82		
𐤌𐤎𐤊𐤉𐤌𐤉𐤌	H8310	6	0.33	H4519	0.3333333333333333
𐤃𐤅𐤉𐤃	H1732	6	0.83		
𐤀𐤒𐤉𐤌	H6965	4	0.75	H6966	0.5
𐤔𐤀𐤓𐤉𐤕	H7611	50	0.94		
𐤍𐤅𐤃𐤏𐤉𐤌	H3045	4	1.00		
𐤌𐤍𐤄𐤂𐤅𐤉𐤌	H1471	7	1.00	H4480	0.5714285714285714
𐤉𐤓𐤇𐤒𐤅	H7368	5	0.60		
𐤌𐤈𐤌𐤀𐤕	H2932	3	0.00		
𐤄𐤀𐤋𐤉𐤋𐤉𐤌	H457	21	0.67		
𐤅𐤌𐤍𐤄𐤃𐤌	H1818	3	1.00	H4480	0.3333333333333333
𐤁𐤊𐤋𐤏𐤉𐤓	H5892	4	1.00	H3605	1.0
𐤁𐤔𐤁𐤕𐤅	H7676	10	0.60	H3427	0.7
𐤋𐤁𐤇𐤓	H972	17	0.47		
𐤅𐤉𐤊𐤕𐤁𐤅	H3789	18	0.22		
𐤔𐤀𐤋𐤉𐤌	H410	16	0.31	H7592	0.9375
𐤋𐤄𐤌𐤅𐤋	H4135	10	0.50		
𐤅𐤋𐤔𐤌𐤓	H8104	9	0.78		
𐤅𐤐𐤅𐤋𐤅𐤎	H6424	11	0.00		
𐤉𐤂𐤉𐤃𐤅	H5046	12	0.92		
𐤁𐤐𐤉𐤄𐤌	H6310	31	0.87		
𐤔𐤅𐤌	H7760	120	0.98		
𐤌𐤔𐤀	H4853	40	0.57	H4852	0.25
𐤌𐤆𐤁𐤇𐤉	H4196	6	0.00	H2077	0.6666666666666666
𐤀𐤋𐤉𐤋𐤉𐤌	H457	28	0.64		
𐤀𐤕𐤍𐤐𐤔𐤕𐤉𐤊𐤌	H5315	4	1.00	H853	0.0
𐤕𐤉𐤈𐤉𐤁𐤅	H3190	4	1.00		
𐤅𐤔𐤋𐤅𐤌	H7965	47	0.94	H7967	0.0425531914893617
𐤅𐤉𐤒𐤄𐤉𐤋𐤅	H6950	3	0.67		
𐤀𐤕𐤄𐤀𐤂𐤓𐤕	H107	9	0.89	H853	0.1111111111111111
𐤅𐤎𐤉𐤋𐤀	H5543	5	0.00		
𐤍𐤇𐤌𐤅	H5162	15	0.73		
𐤀𐤕𐤀𐤇𐤉𐤍𐤅	H251	3	1.00	H853	0.3333333333333333
𐤁𐤌𐤋𐤀𐤊𐤕𐤌	H4399	7	0.57		
𐤍𐤐𐤓𐤃𐤅	H6504	21	0.67		
𐤌𐤀𐤇𐤉𐤅	H251	20	0.65		
𐤉𐤄𐤅𐤃𐤉𐤕	H3066	35	0.17	H3067	0.0
𐤌𐤀𐤌𐤍𐤕	H543	3	0.00	H4519	0.0
𐤁𐤌𐤒𐤅𐤌𐤅𐤕	H4725	50	0.66		
𐤄𐤒𐤄𐤋𐤅𐤕	H6951	8	1.00		
𐤌𐤎𐤐𐤓𐤍	H4557	3	1.00		
𐤌𐤍𐤏𐤌	H5973	5	0.40	H4480	0.8
𐤅𐤇𐤆𐤅𐤍	H2377	3	1.00		
𐤁𐤒𐤔𐤍𐤅	H1245	3	0.67		
𐤒𐤓𐤀𐤍𐤅	H7121	4	1.00		
𐤅𐤍𐤑𐤀	H3318	4	0.75		
𐤅𐤍𐤓𐤃	H3381	6	0.00		
𐤉𐤔𐤓𐤄	H3477	19	0.53	H3474	0.6842105263157895
𐤄𐤐𐤋𐤊	H6418	7	0.29		
𐤅𐤍𐤔𐤁	H3427	10	0.70	H7725	0.5
𐤉𐤑𐤀𐤍𐤅	H3318	9	0.78		
𐤊𐤌𐤍𐤄𐤂𐤌	H4491	13	0.00		
𐤅𐤍𐤃𐤁𐤓	H1696	3	0.33		
𐤁𐤋𐤊𐤕𐤍𐤅	H3212	4	1.00		
𐤁𐤏𐤋𐤕	H1172	4	0.00	H1166	1.0
𐤀𐤅𐤁	H178	3	0.33		
𐤅𐤒𐤓𐤅𐤀	H7121	3	1.00		
𐤀𐤓𐤇	H734	6	0.33	H733	0.3333333333333333
𐤀𐤃𐤍𐤉𐤄	H138	3	0.33	H113	0.6666666666666666
𐤁𐤑𐤏𐤌	H1215	9	0.89		
𐤅𐤉𐤁𐤉𐤀𐤅𐤌	H935	11	0.64		
𐤅𐤌𐤅𐤃𐤉𐤏𐤉𐤌	H3045	4	1.00		
𐤇𐤒𐤅𐤕	H2708	20	1.00	H2710	1.0
𐤋𐤒𐤁𐤋𐤌	H6903	3	1.00		
𐤓𐤅𐤌𐤉𐤉𐤌	H7311	5	0.60		
𐤅𐤄𐤔𐤓𐤉𐤌	H8269	43	0.58		
𐤒𐤓𐤏𐤅	H7167	3	0.33		
𐤋𐤄𐤊𐤅𐤕𐤌	H5221	8	0.75		
𐤄𐤊𐤅𐤕	H5221	8	0.50		
𐤌𐤊𐤄	H5221	60	0.50	H4347	0.35
𐤋𐤔𐤌𐤓𐤌	H8104	9	0.67		
𐤄𐤌𐤔𐤌𐤓	H4929	32	0.78		
𐤄𐤐𐤍𐤉𐤌𐤉	H6442	19	0.00		
𐤊𐤇𐤑𐤅𐤕	H2676	3	0.33		
𐤅𐤉𐤆𐤌𐤓𐤅	H2167	3	0.33		
𐤆𐤏𐤅	H2111	3	0.67		
𐤍𐤕𐤒𐤅	H5423	6	0.33		
𐤅𐤔𐤅𐤌𐤓	H8104	7	0.86		
𐤁𐤇𐤔𐤁𐤅	H2805	50	0.66		
𐤍𐤓𐤅𐤕	H5369	9	0.00	H5216	0.7777777777777778
𐤄𐤀𐤌𐤍	H543	9	0.22	H539	0.8888888888888888
𐤅𐤋𐤊𐤅	H3212	11	0.36		
𐤄𐤔𐤅𐤈𐤓𐤉𐤌	H7860	3	0.33		
𐤋𐤔𐤓𐤉𐤌	H7891	9	0.11	H8269	0.8888888888888888
𐤐𐤍𐤉𐤄𐤌	H6440	114	0.95		
𐤋𐤃𐤓𐤊𐤌	H1870	29	0.62		
𐤏𐤁𐤓𐤌	H5674	13	1.00		
𐤅𐤔𐤋𐤔	H7969	46	0.87	H8028	0.06521739130434782
𐤔𐤁𐤕𐤅𐤕	H7676	9	0.56		
𐤐𐤕𐤅𐤇	H6605	18	0.72	H6603	0.16666666666666666
𐤌𐤂𐤉𐤃	H5046	6	0.83		
𐤌𐤒𐤑𐤕𐤌	H7098	32	0.06		
𐤅𐤉𐤎𐤐𐤇𐤅	H5596	3	0.67		
𐤇𐤔𐤅𐤁𐤅𐤕	H2803	3	0.33		
𐤋𐤀𐤌𐤏𐤈	H4592	7	0.86	H3808	0.5714285714285714
𐤄𐤔𐤅𐤒	H7785	15	0.47		
𐤎𐤇𐤁𐤅	H5498	8	0.50		
𐤌𐤍𐤄𐤀𐤇𐤉𐤌	H251	4	1.00	H4480	0.5
𐤇𐤒𐤉	H2706	58	0.81	H2708	0.5172413793103449
𐤅𐤉𐤇𐤓𐤉𐤃𐤅	H2729	3	0.33		
𐤏𐤓𐤁𐤅𐤍	H6162	9	0.56		
𐤅𐤌𐤉𐤃𐤉	H3027	5	0.80		
𐤌𐤄𐤓𐤅	H4116	91	0.62		
𐤁𐤁𐤀𐤌	H935	5	0.60		
𐤍𐤔𐤀𐤓𐤅	H7604	76	0.63		
𐤊𐤉𐤁𐤅𐤀	H935	4	0.50	H3588	0.5
𐤄𐤋𐤆	H1975	10	0.10		
𐤄𐤍𐤅𐤊𐤋	H3201	3	1.00		
𐤌𐤔𐤌𐤉𐤏	H8085	3	0.67		
𐤆𐤓𐤉𐤌	H2114	64	0.67		
𐤌𐤁𐤉𐤀	H935	28	0.96		
𐤄𐤀𐤕𐤉𐤍𐤉𐤉𐤌	H388	3	0.33		
𐤄𐤍𐤊𐤓𐤉𐤌	H5237	45	0.76		
𐤇𐤔𐤅	H4122	7	0.14		
𐤄𐤔𐤐𐤈𐤉𐤌	H8199	5	0.40		
𐤉𐤓𐤀𐤉	H3373	20	0.60	H3372	0.75
𐤄𐤍𐤏𐤋𐤌	H5956	5	0.40		
𐤅𐤉𐤅𐤔𐤁	H3427	13	0.69	H7725	0.9230769230769231
𐤅𐤉𐤑𐤁	H5324	8	0.38		
𐤌𐤅𐤏𐤃𐤉𐤌	H3259	3	0.67	H4150	0.6666666666666666
𐤒𐤁𐤅𐤏𐤉𐤌	H6906	4	0.25		
𐤌𐤅𐤔𐤁𐤌	H4186	13	0.77		
𐤉𐤋𐤉𐤃𐤉	H3211	22	0.41		
𐤄𐤀𐤋𐤄𐤅𐤕	H428	45	0.93		
𐤋𐤆𐤄𐤁	H2091	3	1.00		
𐤋𐤊𐤎𐤐	H3701	4	1.00		
𐤋𐤀𐤁𐤍	H68	3	0.33		
𐤄𐤎𐤊𐤋𐤅𐤕	H5531	3	0.00		
𐤁𐤑𐤃𐤒	H6664	94	0.73		
𐤌𐤕𐤅𐤊𐤌	H8432	14	0.36		
𐤅𐤁𐤄𐤌	H1992	12	0.67		
𐤌𐤒𐤓𐤅𐤁	H7138	29	0.79		
𐤓𐤅𐤌𐤉	H7411	9	0.33		
𐤀𐤌𐤍𐤅𐤕	H530	3	0.00	H547	0.6666666666666666
𐤌𐤋𐤀𐤊𐤕𐤅	H4399	11	0.64		
𐤉𐤓𐤉𐤏𐤅𐤕	H3407	11	0.45	H3408	0.0
𐤅𐤔𐤁𐤕	H7725	4	0.50	H7676	0.5
𐤅𐤉𐤅𐤊𐤇	H3198	15	0.67		
𐤄𐤕𐤒𐤅𐤌𐤌𐤅	H6965	10	0.80		
𐤅𐤉𐤍𐤏𐤓	H5287	3	0.33		
𐤃𐤌𐤊𐤌	H1818	3	0.67		
𐤅𐤁𐤉𐤕𐤅	H1004	21	0.76		
𐤎𐤌𐤅𐤊	H5564	9	0.33		
𐤌𐤃𐤉𐤍𐤕	H4083	3	0.33		
𐤀𐤋𐤊𐤎𐤀	H3678	7	0.29	H413	1.0
𐤊𐤕𐤅𐤓𐤄	H8451	11	0.91		
𐤍𐤁𐤋𐤄	H5039	15	0.33	H5034	0.4
𐤅𐤔𐤌𐤏𐤕𐤉	H8085	3	0.67		
𐤅𐤔𐤌𐤅𐤕	H8034	6	0.67		
𐤔𐤐𐤈	H8199	27	0.78	H8202	0.4444444444444444
𐤊𐤎𐤀	H3678	66	0.48	H3677	0.25757575757575757
𐤅𐤉𐤀𐤇𐤆𐤅	H270	15	0.47		
𐤅𐤉𐤊𐤅𐤄𐤅	H5221	9	0.56		
𐤋𐤀𐤔𐤕	H802	4	1.00		
𐤍𐤃𐤓	H5088	24	0.46	H5087	0.4583333333333333
𐤋𐤄𐤀𐤓𐤉𐤊	H748	8	0.12		
𐤋𐤌𐤎𐤏𐤉𐤅	H4550	4	0.25		
𐤊𐤇𐤌	H2527	39	0.05	H3581	0.6666666666666666
𐤋𐤒𐤁𐤋𐤅	H6903	5	0.80		
𐤅𐤉𐤏𐤆𐤓	H3270	10	0.30	H5826	0.4
𐤄𐤇𐤎𐤃	H2617	57	0.58		
𐤅𐤉𐤓𐤀𐤌	H7200	9	0.67		
𐤁𐤌𐤃𐤉𐤍𐤅𐤕	H4082	8	0.62		
𐤊𐤔𐤍𐤉𐤌	H8147	5	0.80	H8144	0.4
𐤅𐤉𐤁𐤃𐤋	H914	5	0.80		
𐤀𐤎𐤉𐤀	H609	15	0.47		
𐤅𐤉𐤎𐤅𐤓𐤅	H5493	13	0.85		
𐤋𐤄𐤆𐤊𐤉𐤓	H2142	16	0.81		
𐤌𐤂𐤃𐤅𐤋𐤉	H1419	12	0.83	H4519	0.0
𐤅𐤉𐤂𐤁𐤓	H1396	17	0.76		
𐤅𐤄𐤉𐤅𐤍𐤉𐤌	H3125	7	0.29		
𐤅𐤉𐤅𐤃𐤉𐤏𐤅	H3045	8	1.00		
𐤅𐤉𐤔𐤓𐤐𐤅𐤌	H8313	3	0.67		
𐤅𐤉𐤅𐤏𐤑	H3289	16	0.75		
𐤅𐤋𐤋𐤊𐤕	H3212	24	0.88		
𐤄𐤉𐤊𐤋𐤅𐤕	H1964	6	0.67		
𐤄𐤌𐤑𐤉𐤀	H3318	13	1.00		
𐤋𐤇𐤓𐤔𐤉𐤌	H2796	5	0.80		
𐤌𐤔𐤊𐤓𐤕	H3772	4	0.50	H7937	0.25
𐤁𐤌𐤋𐤀𐤊𐤄	H4399	28	0.82		
𐤐𐤕𐤄	H6595	29	0.03	H6601	0.7241379310344828
𐤄𐤍𐤏𐤔𐤉𐤌	H6213	22	1.00		
𐤁𐤉𐤃𐤉𐤌	H3027	12	1.00		
𐤇𐤋𐤒𐤍𐤅	H2506	4	0.25		
𐤄𐤌𐤋𐤊𐤕	H4427	3	0.00	H4447	0.0
𐤕𐤐𐤀𐤓𐤕𐤄	H8597	3	1.00		
𐤌𐤊𐤁𐤃𐤉𐤌	H3515	8	0.62	H4519	0.125
𐤌𐤁𐤅𐤊𐤄	H3541	24	0.75	H3998	0.041666666666666664
𐤅𐤉𐤇𐤈𐤐𐤅	H2414	5	0.00		
𐤅𐤇𐤁𐤓𐤉	H2270	6	0.67		
𐤀𐤄𐤁𐤉𐤅	H157	7	1.00		
𐤁𐤊𐤄	H1058	27	0.41	H1059	0.037037037037037035
𐤅𐤓𐤁𐤌	H7227	7	1.00		
𐤎𐤅𐤐𐤓	H5608	7	0.71		
𐤎𐤊𐤍𐤕	H5532	10	0.20		
𐤋𐤄𐤉𐤊𐤋	H1964	19	1.00		
𐤅𐤋𐤑𐤋𐤌𐤄	H6755	3	1.00		
𐤔𐤒𐤈𐤉𐤌	H8252	7	1.00		
𐤌𐤒𐤃𐤔	H4720	87	0.63	H6944	0.7471264367816092
𐤅𐤋𐤇𐤓𐤔𐤉𐤌	H2796	3	0.67		
𐤔𐤐𐤅𐤈	H8199	4	0.75	H8196	0.5
𐤉𐤔𐤐𐤈	H8199	11	0.91		
𐤄𐤇𐤒	H2706	35	0.97		
𐤁𐤌𐤓𐤃	H3381	8	0.88	H4777	0.0
𐤅𐤇𐤔𐤁𐤅𐤍	H2808	14	0.64	H2809	0.14285714285714285
𐤔𐤒𐤈𐤄	H8252	16	0.62		
𐤅𐤉𐤂𐤌𐤓	H1584	12	0.25		
𐤁𐤀𐤍𐤅	H935	27	0.81		
𐤋𐤁𐤑𐤏	H1215	17	0.41		
𐤋𐤌𐤇𐤓𐤕	H4283	22	1.00		
𐤅𐤉𐤓𐤃𐤌	H7290	4	0.50		
𐤅𐤕𐤂𐤁𐤓	H1396	4	0.00		
𐤔𐤍𐤕𐤅	H8141	9	0.56		
𐤍𐤔𐤌𐤕𐤅	H5397	13	0.38		
𐤅𐤉𐤍𐤇𐤌𐤅	H5162	11	0.18		
𐤅𐤍𐤏𐤁𐤓	H5674	7	0.43		
𐤅𐤍𐤒𐤇	H3947	3	0.67		
𐤏𐤁𐤓𐤍𐤅	H5674	9	0.78		
𐤌𐤏𐤋𐤐𐤍𐤉	H6440	5	0.60	H5921	0.8
𐤋𐤄𐤕𐤌𐤄𐤌𐤄	H4102	15	0.73		
𐤀𐤑	H213	6	0.33		
𐤄𐤔𐤁𐤅𐤏𐤅𐤕	H7620	25	0.40		
𐤀𐤕𐤆𐤒𐤍𐤉	H2205	3	1.00	H853	0.6666666666666666
𐤃𐤓𐤊𐤄	H1869	14	0.14	H1870	0.7142857142857143
𐤏𐤁𐤃𐤕𐤉	H5647	5	0.60	H5656	0.2
𐤅𐤁𐤃𐤌𐤏𐤅𐤕	H1832	7	1.00		
𐤕𐤅𐤏𐤋𐤕	H8585	41	0.34		
𐤅𐤋𐤌𐤃𐤕𐤉	H3925	3	0.33		
𐤅𐤋𐤉𐤅𐤍𐤉𐤌	H3123	3	0.00		
𐤁𐤀𐤃𐤍𐤉𐤍𐤅	H113	33	0.12		
𐤋𐤀𐤇𐤕	H259	16	0.81		
𐤄𐤕𐤄𐤋𐤊𐤕𐤉	H1980	4	0.75		
𐤌𐤄𐤂𐤉𐤃	H5046	9	1.00		
𐤉𐤁𐤅𐤀𐤅	H935	54	0.85		
𐤏𐤆𐤉𐤌	H5795	29	0.41	H5794	0.034482758620689655
𐤅𐤆𐤊𐤓𐤅	H2142	6	1.00		
𐤄𐤉𐤊𐤋𐤕	H3629	7	0.71		
𐤆𐤄𐤁𐤅	H2091	5	0.40		
𐤅𐤁𐤏𐤃	H1157	37	0.73		
𐤋𐤏𐤌𐤋	H6001	4	1.00	H5999	1.0
𐤊𐤓𐤏	H3766	8	0.25	H7453	0.875
𐤅𐤉𐤁𐤊𐤅	H1058	40	0.25		
𐤁𐤊𐤉	H1065	42	0.14	H1058	0.35714285714285715
𐤅𐤁𐤉𐤅𐤕𐤓	H1334	42	0.02		
𐤏𐤁𐤓𐤕	H5674	9	0.89	H5678	0.1111111111111111
𐤅𐤍𐤓𐤀	H7200	4	1.00		
𐤋𐤔𐤌𐤀𐤋	H8050	3	0.33		
𐤉𐤅𐤑𐤉𐤀𐤅	H3318	10	0.70		
𐤅𐤍𐤌𐤑𐤀	H4672	15	0.60		
𐤅𐤉𐤋𐤅𐤅	H3867	5	0.20		
𐤅𐤍𐤕𐤐𐤋𐤋	H6419	3	0.67		
𐤅𐤍𐤁𐤓𐤊	H1288	5	0.80		
𐤌𐤑𐤅𐤓	H4692	55	0.85	H4693	0.5454545454545454
𐤄𐤌𐤁𐤔𐤓	H1320	5	0.20	H1319	0.2
𐤁𐤕𐤅𐤋𐤅𐤕	H1330	7	1.00		
𐤀𐤑𐤋𐤍𐤅	H681	19	0.21		
𐤅𐤍𐤁𐤒𐤔	H1245	3	0.00		
𐤋𐤁𐤁𐤉	H3824	24	0.58		
𐤍𐤔𐤀𐤍𐤅	H5375	3	1.00		
𐤄𐤍𐤊	H2005	16	0.44	H2009	0.5
𐤀𐤇𐤉𐤍𐤅	H251	65	0.75		
𐤌𐤒𐤍𐤀𐤉𐤌	H7067	9	0.00	H4519	0.0
𐤋𐤕𐤅𐤓𐤄	H8451	9	0.78		
𐤔𐤌𐤅𐤏𐤄	H8052	17	0.88		
𐤕𐤋𐤌𐤃	H3925	8	0.75		
𐤁𐤇𐤒𐤅𐤕	H2708	18	0.83		
𐤄𐤀𐤎𐤐	H622	7	0.43	H614	0.14285714285714285
𐤄𐤄𐤅𐤑𐤀𐤅𐤕	H3318	4	1.00		
𐤔𐤅𐤀	H7723	35	0.37	H7721	0.05714285714285714
𐤁𐤏𐤑𐤌𐤊	H6106	6	0.33		
𐤁𐤂𐤅𐤉𐤌	H1471	27	0.81		
𐤊𐤕𐤁𐤍𐤅	H1129	7	0.29		
𐤈𐤄𐤓𐤕𐤌	H2893	3	1.00	H2891	0.6666666666666666
𐤏𐤆𐤓𐤅	H5826	16	0.19		
𐤅𐤉𐤇𐤋𐤋	H2490	3	1.00		
𐤋𐤌𐤒𐤃𐤔	H4720	31	0.68		
𐤎𐤂𐤓𐤅	H5462	17	0.76		
𐤄𐤃𐤋𐤕𐤅𐤕	H1817	13	0.85		
𐤅𐤄𐤔𐤌𐤅𐤏𐤄	H8052	8	0.75		
𐤍𐤁𐤅𐤊𐤄	H943	10	0.00		
𐤀𐤕𐤔𐤓	H8269	4	0.50	H853	0.5
𐤅𐤉𐤇𐤃𐤋𐤅	H2308	16	0.25		
𐤌𐤄𐤊𐤅𐤕	H5221	6	0.67		
𐤁𐤍𐤇𐤔𐤕𐤉𐤌	H5178	21	0.05		
𐤀𐤋𐤍𐤊𐤅𐤍	H3559	3	0.00	H413	0.6666666666666666
𐤄𐤔𐤀𐤅𐤍	H176	4	0.25		
𐤀𐤋𐤄𐤌𐤑𐤃	H6654	5	0.00	H413	1.0
𐤇𐤌𐤕	H2574	86	0.22	H2534	0.5
𐤄𐤌𐤑𐤓𐤉	H4713	21	0.86		
𐤅𐤄𐤅𐤑𐤉𐤀	H3318	28	1.00		
𐤄𐤍𐤉𐤐	H5130	4	0.25		
𐤅𐤌𐤂𐤃𐤋	H4026	10	0.50	H4027	0.3
𐤌𐤒𐤍𐤀	H7067	4	0.25	H7065	1.0
𐤅𐤋𐤄𐤁𐤉𐤀𐤌	H935	10	0.90		
𐤉𐤅𐤎𐤓𐤅	H5493	6	0.83		
𐤅𐤀𐤐𐤋	H5307	7	0.86	H651	0.0
𐤅𐤀𐤏𐤍	H6030	38	0.76		
𐤅𐤋𐤓𐤀𐤅𐤕	H7200	12	1.00		
𐤅𐤔𐤌𐤏𐤕	H8085	7	0.43	H8086	0.42857142857142855
𐤅𐤀𐤕𐤐𐤋𐤋	H6419	9	0.56		
𐤇𐤅𐤔𐤄	H2363	6	0.17	H2364	0.0
𐤏𐤌𐤃𐤕𐤉	H5975	3	1.00		
𐤀𐤕𐤁𐤂𐤃𐤉	H899	7	0.14	H853	0.2857142857142857
𐤄𐤎𐤉𐤓𐤅	H5493	12	0.92		
𐤋𐤄𐤊𐤅𐤕𐤅	H5221	9	0.67		
𐤁𐤊𐤎𐤐	H3701	65	0.65		
𐤄𐤀𐤆𐤓𐤇𐤅𐤕	H249	5	1.00		
𐤔𐤈𐤍𐤉𐤌	H7854	3	0.00		
𐤏𐤋𐤐𐤉𐤅	H6310	4	0.75	H5921	1.0
𐤄𐤒𐤉𐤓	H7023	15	0.80	H6979	0.8
𐤄𐤀𐤌𐤍𐤌	H552	28	0.07		
𐤍𐤔𐤉𐤀	H5387	17	0.41		
𐤕𐤀𐤓	H8389	12	0.58	H8388	0.16666666666666666
𐤌𐤅𐤃𐤉𐤌	H3034	22	0.68		
𐤅𐤋𐤄𐤁𐤉𐤀𐤅	H935	12	0.92		
𐤕𐤏𐤉𐤃	H5749	4	0.75		
𐤁𐤓𐤅𐤌𐤉	H1297	6	0.17		
𐤅𐤉𐤕𐤇𐤁𐤓𐤅	H2266	9	0.67		
𐤌𐤀𐤓𐤁𐤏𐤉𐤌	H705	3	1.00		
𐤅𐤀𐤋	H413	532	0.71	H410	0.6522556390977443
𐤈𐤏𐤌	H2942	38	0.79	H2941	0.6578947368421053
𐤉𐤒𐤓𐤁	H7126	13	0.77		
𐤀𐤕𐤄𐤁𐤇𐤅𐤓	H977	3	0.00	H853	0.3333333333333333
𐤊𐤉𐤃𐤁𐤓	H1697	6	1.00		
𐤋𐤄𐤅𐤃𐤉𐤏𐤅	H3045	8	1.00		
𐤋𐤄𐤅𐤋𐤉𐤊	H1980	12	0.92		
𐤋𐤄𐤅𐤃𐤉𐤏𐤍𐤉	H3045	4	1.00		
𐤕𐤅𐤓𐤉𐤃	H3381	3	0.67		
𐤉𐤄𐤓𐤂𐤅𐤄𐤅	H2026	3	1.00		
𐤅𐤌𐤇𐤊𐤉𐤌	H2441	4	0.00	H4519	0.0
𐤋𐤔𐤍𐤉	H8147	50	0.78	H3961	0.2
𐤔𐤓𐤉	H8269	240	0.69	H8298	0.19583333333333333
𐤀𐤍𐤔𐤉𐤑𐤁𐤀	H6635	34	0.82	H376	0.9117647058823529
𐤅𐤐𐤓𐤔𐤉𐤌	H6571	22	0.59		
𐤒𐤔𐤕	H7198	24	0.17	H7199	0.20833333333333334
𐤅𐤁𐤄𐤌𐤅𐤕	H929	9	0.56		
𐤀𐤂𐤓𐤕	H107	30	0.83	H104	0.8666666666666667
𐤕𐤊𐤍	H8505	13	0.15	H3559	0.7692307692307693
𐤃𐤁𐤓𐤉𐤄	H1697	27	0.93		
𐤁𐤔𐤌𐤏𐤉	H8085	8	0.75		
𐤔𐤈𐤍𐤅	H7854	3	0.33		
𐤔𐤀𐤋𐤅𐤕	H423	7	0.14		
𐤃𐤕𐤌	H1881	8	0.75		
𐤌𐤅𐤎𐤓𐤅𐤕	H4147	6	0.50		
𐤅𐤀𐤔𐤋𐤇𐤄𐤅	H7971	4	0.75		
𐤊𐤒𐤓𐤀	H7121	5	0.80		
𐤄𐤀𐤂𐤓𐤕	H107	53	0.98		
𐤌𐤃𐤉𐤍𐤄	H4082	18	0.61		
𐤓𐤉𐤁𐤌	H7379	7	0.71		
𐤉𐤔𐤁𐤍𐤅	H3427	5	0.80		
𐤍𐤒𐤁𐤋	H6901	8	0.62		
𐤀𐤕𐤇𐤍𐤍	H2605	3	0.33	H2603	0.6666666666666666
𐤁𐤒𐤑𐤓	H7114	3	0.67		
𐤃𐤁𐤓𐤉𐤍𐤅	H1696	9	0.67		
𐤌𐤃𐤉𐤍𐤉𐤌	H4079	3	0.00	H4084	0.3333333333333333
𐤋𐤇𐤋𐤋	H2490	15	0.80		
𐤋𐤔𐤐𐤈𐤅	H8199	3	0.00		
𐤁𐤓𐤁𐤊𐤇	H3581	3	0.33	H7230	0.0
𐤌𐤉𐤃𐤉𐤍𐤅	H3027	7	0.86		
𐤁𐤈𐤅𐤇	H982	32	0.53		
𐤌𐤏𐤕	H6256	18	0.78		
𐤌𐤑𐤀𐤅𐤍𐤉	H4672	3	1.00		
𐤁𐤉𐤊𐤋𐤕𐤌	H3201	6	1.00		
𐤋𐤄𐤅𐤊𐤉𐤇	H3198	37	0.59		
𐤌𐤅𐤃𐤄	H4060	15	0.33	H3034	0.8
𐤏𐤕𐤉𐤃𐤄	H6264	7	0.29		
𐤋𐤑𐤃𐤉𐤒𐤉𐤌	H6662	10	0.80		
𐤅𐤁𐤆𐤀𐤕	H2063	19	0.47		
𐤋𐤏𐤌𐤉	H5971	4	1.00		
𐤅𐤋𐤄𐤒𐤓𐤉𐤁	H7126	11	0.82		
𐤁𐤌𐤄𐤅𐤌𐤄	H4103	4	0.25		
𐤅𐤋𐤏𐤍𐤅𐤕	H6030	3	0.67		
𐤏𐤅𐤋	H5766	92	0.51	H5767	0.5108695652173914
𐤁𐤏𐤌𐤃𐤉	H5975	4	0.75		
𐤏𐤍𐤉𐤍𐤉	H6051	45	0.02		
𐤍𐤅𐤃𐤏𐤅	H3045	14	0.79		
𐤁𐤓𐤃𐤕	H3381	5	0.60		
𐤌𐤍𐤏	H4513	31	0.42		
𐤌𐤔𐤓𐤕	H8334	28	0.46	H4958	0.0
𐤅𐤌𐤁𐤅𐤀	H3996	3	1.00		
𐤁𐤌𐤔𐤉𐤇	H4899	80	0.11		
𐤌𐤒𐤅𐤄	H4723	11	0.64	H4724	0.36363636363636365
𐤔𐤇𐤃	H7810	21	0.33		
𐤔𐤍𐤕𐤉𐤌	H8141	14	0.93		
𐤇𐤁𐤅𐤔	H2280	4	0.50		
𐤅𐤄𐤊𐤄𐤍	H3548	23	1.00		
𐤅𐤀𐤌𐤉𐤔	H3426	3	1.00	H518	0.6666666666666666
𐤁𐤀𐤔𐤌𐤅𐤕	H817	4	0.25		
𐤅𐤒𐤔𐤅𐤕	H7186	7	0.71		
𐤋𐤀𐤉𐤊𐤋𐤅	H398	3	0.00		
𐤁𐤌𐤀𐤅𐤌𐤄	H3972	21	0.43		
𐤋𐤃𐤕	H3205	5	0.80		
𐤋𐤄𐤔𐤐𐤈	H3092	8	0.50		
𐤋𐤃𐤉𐤍𐤉	H1835	3	0.33		
𐤅𐤁𐤄𐤉𐤅𐤕𐤉	H1961	4	0.50		
𐤋𐤇𐤓𐤑	H2782	3	0.33		
𐤋𐤄𐤎𐤂𐤉𐤓	H5462	15	0.93		
𐤋𐤍𐤊𐤇	H5227	4	1.00		
𐤔𐤈𐤍𐤉𐤅	H7854	3	0.00		
𐤇𐤔𐤕𐤉	H2363	3	0.67	H2843	0.0
𐤉𐤔𐤁𐤕𐤉	H3427	6	1.00		
𐤅𐤀𐤑𐤅𐤄	H6680	6	1.00		
𐤓𐤉𐤁𐤅𐤕	H7378	3	0.33		
𐤅𐤕𐤊𐤁𐤃	H3513	15	0.80		
𐤁𐤄𐤅𐤃	H1935	4	0.50		
𐤔𐤉𐤇𐤉𐤄	H7745	3	0.00		
𐤄𐤊𐤓𐤕𐤉	H3772	7	0.14	H3774	0.2857142857142857
𐤉𐤏𐤑𐤕𐤉	H3289	8	0.75		
𐤋𐤀𐤃𐤍𐤉𐤍𐤅	H136	7	0.14		
𐤉𐤇𐤒𐤓	H2713	12	0.83		
𐤋𐤔𐤋𐤅𐤇	H7971	103	0.89		
𐤅𐤉𐤅𐤔𐤈	H3447	3	0.00		
𐤁𐤍𐤐𐤔𐤉	H5315	7	0.71		
𐤓𐤅𐤇𐤊	H7307	12	0.67		
𐤉𐤃𐤏𐤅𐤍𐤉	H3045	3	0.67	H3049	0.3333333333333333
𐤄𐤊𐤕	H5221	6	0.50		
𐤄𐤁𐤈𐤉𐤇𐤄	H982	4	0.50		
𐤋𐤄𐤂𐤉𐤏	H5060	22	0.73		
𐤄𐤕𐤒𐤅𐤄	H8615	39	0.95		
𐤉𐤎𐤓𐤕𐤉	H3256	3	0.67		
𐤁𐤋𐤊𐤕𐤉	H3212	6	0.50		
𐤁𐤑𐤄𐤓𐤉𐤌	H6672	7	0.71		
𐤑𐤇	H6703	3	0.67		
𐤌𐤆𐤄𐤓	H2096	3	1.00		
𐤓𐤃𐤐	H7291	28	0.86		
𐤅𐤏𐤌𐤃	H5975	18	0.78		
𐤌𐤇𐤔𐤊	H4285	4	0.75	H2822	0.75
𐤁𐤀𐤌𐤅𐤍𐤕𐤌	H530	5	0.80		
𐤄𐤌𐤒𐤃𐤔𐤉𐤌	H6942	23	0.43		
𐤅𐤁𐤂𐤋𐤋	H1558	52	0.77		
𐤁𐤏𐤆𐤓𐤉	H5828	3	0.33	H5826	0.3333333333333333
𐤅𐤏𐤃𐤄𐤉𐤅𐤌	H3117	3	1.00	H5704	0.6666666666666666
𐤅𐤌𐤏𐤉𐤃	H5749	5	0.80		
𐤊𐤉𐤄𐤌𐤔𐤉𐤇	H4899	3	0.00	H3588	0.3333333333333333
𐤋𐤄𐤐𐤉𐤑	H6327	6	0.33		
𐤅𐤁𐤂𐤅𐤉𐤌	H1471	5	0.40		
𐤄𐤁𐤉𐤀𐤊	H935	5	0.60		
𐤌𐤔𐤂𐤏	H7696	5	0.60		
𐤍𐤏𐤔𐤕𐤄	H6213	35	0.91		
𐤀𐤁𐤒𐤔𐤄	H1245	4	0.75		
𐤊𐤌𐤅𐤍𐤉	H3644	15	0.53		
𐤄𐤌𐤅𐤎𐤓𐤅𐤕	H4147	4	1.00		
𐤅𐤄𐤍𐤑𐤉𐤁	H5333	3	0.00		
𐤋𐤄𐤐𐤈𐤓	H6363	9	0.67		
𐤋𐤂𐤃𐤅𐤃	H1416	4	0.50		
𐤇𐤅𐤐	H2348	19	0.79		
𐤄𐤂𐤏𐤍𐤅	H5060	5	0.60		
𐤋𐤄𐤏𐤆𐤓	H5826	4	0.00		
𐤁𐤎𐤁𐤉𐤁𐤅𐤕	H5439	5	0.80		
𐤋𐤍𐤂𐤃𐤍𐤅	H5048	3	0.33		
𐤅𐤁𐤀𐤍𐤅	H935	4	1.00		
𐤌𐤑𐤃	H6654	37	0.32	H6655	0.5675675675675675
𐤁𐤕𐤋𐤀𐤅𐤕	H3811	4	0.00		
𐤄𐤎𐤊𐤍𐤄	H5532	61	0.46		
𐤋𐤌𐤏𐤌𐤎𐤄	H4614	3	0.00		
𐤋𐤍𐤐𐤔𐤅𐤕𐤉𐤍𐤅	H5315	4	1.00		
𐤄𐤇𐤁𐤋	H2256	18	0.56	H2259	0.05555555555555555
𐤄𐤇𐤅𐤐	H2348	23	0.87		
𐤄𐤎𐤕𐤉𐤅	H5638	4	0.75		
𐤉𐤏𐤑𐤅	H3289	37	0.70		
𐤄𐤓𐤁𐤉𐤌	H7227	94	0.91		
𐤅𐤉𐤔𐤁𐤍𐤅	H3427	3	0.67		
𐤄𐤎𐤕𐤅	H5638	5	1.00		
𐤐𐤅𐤍𐤄	H6440	7	0.86	H6437	0.7142857142857143
𐤄𐤃𐤓𐤅𐤌	H1864	7	0.71		
𐤌𐤏𐤓𐤁𐤄	H4628	10	0.50		
𐤅𐤃𐤓𐤊	H1870	20	0.70	H1869	0.05
𐤄𐤑𐤐𐤅𐤍	H6828	16	0.56		
𐤋𐤀𐤈	H328	18	0.06	H3814	0.2222222222222222
𐤌𐤃𐤓𐤅𐤌	H1864	4	0.50		
𐤏𐤑𐤕𐤌	H6098	27	0.30		
𐤋𐤏𐤌𐤕	H5980	15	0.73		
𐤔𐤐𐤕	H8193	88	0.67	H8145	0.5568181818181818
𐤉𐤃𐤉𐤍𐤅	H3027	21	0.90		
𐤄𐤏𐤁𐤓𐤄	H5679	3	0.00		
𐤌𐤔𐤊𐤌	H7927	3	0.00		
𐤄𐤇𐤅𐤋	H2344	7	0.86		
𐤀𐤕𐤊𐤋𐤉	H3627	7	0.57	H853	0.2857142857142857
𐤄𐤎𐤏𐤓	H5591	4	0.75		
𐤄𐤈𐤉𐤋𐤅	H2919	8	0.12		
𐤁𐤉𐤃𐤉𐤍𐤅	H3027	32	0.91		
𐤁𐤑𐤅𐤌	H6685	3	0.33		
𐤒𐤓𐤍𐤅	H7161	6	0.00		
𐤄𐤍𐤆𐤒	H5142	9	0.67		
𐤅𐤀𐤌𐤑𐤅	H553	5	0.60		
𐤄𐤀𐤉𐤉𐤌	H339	10	0.80		
𐤋𐤉𐤋	H3915	4	1.00		
𐤄𐤌𐤋𐤇𐤉𐤌	H4419	4	0.50		
𐤋𐤄𐤅𐤓𐤉𐤃	H3381	18	0.50		
𐤒𐤅𐤌𐤅𐤕	H6967	3	0.67		
𐤄𐤎𐤋𐤏𐤉𐤌	H5553	14	0.79		
𐤋𐤁𐤓𐤇	H1272	18	0.83		
𐤀𐤕𐤍𐤐𐤔𐤌	H5315	12	1.00	H853	0.4166666666666667
𐤅𐤉𐤒𐤑𐤑𐤅	H7112	3	0.33		
𐤅𐤉𐤕𐤍𐤅𐤄	H5414	3	0.67		
𐤋𐤍𐤐𐤅𐤋	H5307	21	0.95		
𐤅𐤄𐤁𐤒𐤓	H1241	3	0.00	H1242	0.3333333333333333
𐤅𐤉𐤀𐤌𐤑	H553	6	0.33		
𐤊𐤋𐤍𐤐𐤔	H5315	4	1.00	H3605	0.75
𐤅𐤔𐤁𐤏𐤉𐤌	H7657	43	0.60	H7620	0.627906976744186
𐤀𐤕𐤄𐤀𐤓𐤑	H776	20	0.75	H853	0.3
𐤅𐤇𐤅𐤐	H2348	3	1.00		
𐤋𐤍𐤄𐤂	H5090	14	0.64		
𐤅𐤉𐤐𐤓𐤔𐤅	H6566	8	0.62		
𐤌𐤐𐤓𐤔	H6568	5	0.00	H6567	0.0
𐤌𐤔𐤍𐤉	H8147	48	0.83		
𐤏𐤁𐤓𐤉𐤅	H5676	9	0.78		
𐤍𐤔𐤁𐤓𐤅	H7665	4	1.00		
𐤋𐤔𐤇𐤅𐤕	H7811	3	0.67		
𐤋𐤉𐤁𐤔𐤄	H3004	7	0.71		
𐤅𐤉𐤌𐤋𐤈𐤅	H4422	15	0.33		
𐤍𐤌𐤋𐤈𐤍𐤅	H4422	3	0.33		
𐤄𐤀𐤉	H339	13	0.85		
𐤅𐤄𐤍𐤊𐤓𐤉𐤌	H5237	4	0.25		
𐤇𐤎𐤃𐤌	H2617	11	0.82		
𐤄𐤒𐤓	H3365	5	0.20		
𐤏𐤓𐤌𐤕	H6194	9	0.00		
𐤀𐤕𐤄𐤇𐤉𐤄	H2416	7	1.00	H853	0.2857142857142857
𐤄𐤍𐤒𐤌𐤄	H5360	6	0.33		
𐤋𐤇𐤉𐤅𐤕	H2421	67	0.88		
𐤌𐤍𐤄𐤉𐤌	H4487	12	0.08		
𐤄𐤅𐤇𐤉𐤋𐤅	H2428	3	0.33		
𐤀𐤅𐤀𐤔𐤓	H834	3	0.67	H176	0.0
𐤅𐤉𐤊𐤋𐤊𐤋	H3557	7	0.29		
𐤌𐤅𐤈𐤋	H2919	8	0.00		
𐤎𐤐𐤒𐤅	H5606	4	0.25		
𐤄𐤌𐤇𐤓𐤕	H4283	33	0.97		
𐤄𐤋𐤊𐤍𐤅	H1980	10	0.20		
𐤋𐤒𐤓𐤀𐤕𐤍𐤅	H7125	12	0.67		
𐤋𐤔𐤋𐤔𐤕	H7969	7	0.86		
𐤅𐤉𐤕𐤇𐤆𐤒	H2388	13	0.69		
𐤄𐤔𐤌𐤓	H8104	18	0.72		
𐤁𐤏𐤌𐤍𐤅	H5973	3	1.00		
𐤋𐤔𐤈𐤅𐤍	H7854	8	0.25		
𐤋𐤓𐤀𐤅𐤕𐤊𐤌	H7200	4	1.00		
𐤕𐤒𐤅𐤕	H8615	30	0.77		
𐤒𐤁𐤋𐤍𐤅	H6903	21	0.76		
𐤀𐤂𐤓𐤅𐤕	H107	42	0.93		
𐤁𐤋𐤁𐤁𐤊	H3824	10	0.30		
𐤉𐤓𐤉𐤁𐤅	H7378	3	0.00		
𐤌𐤕𐤅𐤓𐤕	H8451	8	0.88		
𐤁𐤃𐤏𐤕𐤌	H1847	28	0.21		
𐤊𐤁𐤃𐤅	H3513	22	0.95	H3519	0.5454545454545454
𐤍𐤔𐤋𐤇𐤄	H7971	3	0.67		
𐤕𐤔𐤅𐤏𐤕	H8668	12	0.75		
𐤌𐤒𐤓𐤀	H4744	4	0.75	H7121	0.75
𐤔𐤋𐤉𐤇	H7972	25	0.44		
𐤋𐤁𐤔𐤅𐤓𐤕	H7794	6	0.00		
𐤍𐤁𐤉𐤀𐤉𐤅	H5030	4	0.75		
𐤁𐤊𐤕𐤁𐤉	H3791	6	0.83		
𐤄𐤒𐤃𐤔𐤄	H6948	10	0.10		
𐤌𐤔𐤌𐤏𐤕	H4928	6	1.00		
𐤒𐤃𐤅𐤔𐤉𐤌	H6918	19	0.79		
𐤅𐤀𐤃𐤍𐤉𐤍𐤅	H113	14	0.14	H136	0.14285714285714285
𐤀𐤅𐤃𐤄	H3034	13	0.85		
𐤁𐤓𐤅𐤇𐤉	H7307	6	0.83		
𐤁𐤁𐤔𐤅𐤓𐤕	H7794	4	0.00		
𐤌𐤆𐤊𐤉𐤓	H2142	18	0.89		
𐤁𐤕𐤐𐤋𐤅𐤕𐤉	H8605	3	0.67		
𐤁𐤓𐤑𐤅𐤍	H7522	114	0.87		
𐤅𐤋𐤇𐤋𐤒	H2505	6	0.67		
𐤋𐤄𐤕𐤍𐤇𐤌	H5162	7	0.14		
𐤔𐤌𐤕𐤉	H7760	31	0.87	H8126	0.03225806451612903
𐤏𐤋𐤋𐤁𐤉	H3820	3	1.00	H5921	1.0
𐤀𐤌𐤑𐤀	H4672	13	0.69		
𐤂𐤌𐤁𐤊𐤌	H1571	4	0.50		
𐤁𐤉𐤕𐤓	H3499	72	0.74	H3492	0.25
𐤋𐤉𐤅𐤍𐤉𐤌	H3885	22	0.41		
𐤋𐤇𐤊𐤌𐤉𐤌	H2450	5	0.80		
𐤋𐤕𐤔𐤅𐤏𐤕	H8668	6	0.67		
𐤋𐤉𐤄𐤅𐤃𐤉	H3065	9	0.00		
𐤑𐤃𐤒𐤕	H6666	25	0.72	H6663	0.64
𐤌𐤀𐤌𐤅𐤍𐤄	H530	3	1.00		
𐤁𐤀𐤌𐤅𐤍𐤕𐤅	H530	10	0.80		
𐤇𐤓𐤅𐤍	H2740	41	0.73	H1032	0.4146341463414634
𐤉𐤏𐤑𐤓𐤅	H6113	10	0.50		
𐤁𐤏𐤅𐤋𐤄	H1166	6	0.50	H5766	0.8333333333333334
𐤂𐤋𐤅𐤉𐤄	H1540	8	1.00		
𐤌𐤄𐤅𐤕𐤅	H1961	5	0.80		
𐤊𐤇𐤅	H3581	46	0.74		
𐤄𐤍𐤑𐤇𐤉	H5331	6	0.83		
𐤍𐤁𐤓𐤀	H1254	17	0.00		
𐤁𐤌𐤏𐤔𐤉𐤅	H4639	29	0.76		
𐤊𐤀𐤋𐤄𐤉𐤌	H430	9	0.78		
𐤅𐤂𐤌𐤋𐤀	H3808	5	1.00	H1571	0.6
𐤄𐤄𐤁𐤋	H1892	10	0.30		
𐤅𐤁𐤀𐤌𐤓𐤌	H559	3	0.67		
𐤇𐤊𐤌𐤉𐤌	H2450	23	0.57		
𐤑𐤋𐤌	H6755	16	0.75	H6754	0.8125
𐤅𐤄𐤅𐤋𐤊	H3212	7	0.71	H1980	0.8571428571428571
𐤏𐤋𐤀𐤓𐤁𐤏	H702	3	1.00	H5921	1.0
𐤋𐤈𐤌𐤀𐤄	H2930	4	0.50	H2931	0.5
𐤁𐤕𐤀𐤅𐤕	H8378	12	0.83		
𐤋𐤍𐤁𐤋	H5036	12	0.08	H5037	0.25
𐤂𐤅𐤉𐤅𐤕𐤉𐤄𐤌	H1472	8	0.38		
𐤁𐤊𐤆𐤁	H3577	3	0.33		
𐤅𐤉𐤊𐤁𐤃𐤅	H3513	4	0.75		
𐤅𐤉𐤏𐤁𐤃𐤅	H5647	17	0.59		
𐤄𐤌𐤁𐤓𐤊	H1288	4	0.75		
𐤋𐤏𐤅𐤋𐤌𐤉𐤌	H5769	11	0.36		
𐤋𐤕𐤀𐤅𐤕	H8378	7	0.57		
𐤁𐤅𐤔𐤄	H955	10	0.10	H954	0.4
𐤊𐤃𐤓𐤊𐤍	H1870	3	1.00		
𐤏𐤆𐤁𐤅	H5800	64	0.30		
𐤊𐤃𐤓𐤊𐤄	H1869	5	0.20		
𐤌𐤔𐤅𐤁𐤕𐤌	H4878	3	0.00		
𐤋𐤄𐤔𐤉𐤂	H7873	37	0.49		
𐤃𐤏𐤄	H1844	11	0.09	H3045	0.9090909090909091
𐤉𐤕𐤊𐤍	H8505	19	0.26		
𐤅𐤌𐤓𐤉𐤁𐤄	H4809	6	0.00		
𐤅𐤌𐤓𐤌𐤄	H4820	7	0.43		
𐤓𐤊𐤉𐤋	H7400	10	0.40		
𐤔𐤍𐤀𐤉	H8130	3	0.00	H8131	0.0
𐤀𐤅𐤍	H205	30	0.50	H202	0.4666666666666667
𐤀𐤁𐤅𐤕𐤌	H1	68	0.50		
𐤍𐤁𐤏𐤓𐤉𐤌	H1197	7	0.57		
𐤌𐤃𐤏𐤕	H1847	18	0.39	H4130	0.16666666666666666
𐤅𐤁𐤂𐤃𐤉𐤌	H899	12	0.58		
𐤀𐤊𐤆𐤓𐤉𐤌	H393	5	0.40		
𐤔𐤍𐤀𐤄	H8135	43	0.28	H8130	0.46511627906976744
𐤀𐤕𐤌𐤔𐤐𐤈	H4941	4	1.00	H853	0.5
𐤁𐤍𐤉𐤌𐤅𐤕	H1121	3	1.00		
𐤔𐤉𐤏𐤔𐤅	H6213	3	0.67		
𐤄𐤕𐤍𐤑𐤋𐤅𐤕	H5337	3	0.33		
𐤄𐤃𐤍	H1839	5	0.00		
𐤔𐤕𐤄𐤉𐤄	H1961	7	0.71		
𐤅𐤏𐤔𐤉𐤕	H6213	14	0.64		
𐤄𐤕𐤇𐤔𐤁	H2803	7	1.00		
𐤌𐤌𐤔𐤐𐤈	H4941	7	0.43		
𐤈𐤅𐤁𐤅	H2898	13	0.69		
𐤕𐤕𐤁𐤅𐤍𐤍	H995	3	0.67		
𐤅𐤁𐤒𐤔𐤉	H1245	4	0.75		
𐤁𐤏𐤔𐤅𐤕	H6213	8	0.62		
𐤅𐤄𐤄𐤃𐤓	H1926	5	0.80		
𐤀𐤕𐤇𐤉𐤉	H2416	4	1.00	H853	0.0
𐤄𐤌𐤓𐤉	H4805	7	0.00		
𐤇𐤓𐤅𐤍𐤀𐤐	H637	3	0.00	H2740	0.6666666666666666
𐤅𐤇𐤌𐤄	H2534	5	1.00	H2528	0.4
𐤅𐤌𐤑𐤅𐤒𐤄	H4691	7	0.43		
𐤅𐤄𐤃𐤓	H1926	21	0.81		
𐤋𐤉𐤅𐤍𐤉	H3120	3	0.67		
𐤇𐤈𐤀𐤅	H2398	56	0.68	H2399	0.4107142857142857
𐤉𐤔𐤐𐤈𐤅	H8199	14	0.64		
𐤔𐤌𐤏𐤉	H8096	18	0.33	H8085	0.8333333333333334
𐤁𐤏𐤔𐤅𐤕𐤌	H6213	16	0.94		
𐤊𐤃𐤁𐤓𐤉	H1697	9	1.00		
𐤌𐤀𐤋𐤉𐤄𐤌	H413	3	1.00		
𐤋𐤍𐤐𐤔𐤌	H5315	42	0.86		
𐤌𐤏𐤉𐤃𐤄	H4573	3	0.00		
𐤅𐤁𐤄𐤉𐤅𐤕𐤊	H1961	3	0.67		
𐤁𐤍𐤐𐤔𐤊	H5315	13	0.69		
𐤋𐤄𐤋𐤊𐤉𐤌	H1980	4	0.75		
𐤌𐤉𐤎𐤓	H3256	4	0.75		
𐤅𐤌𐤅𐤓𐤄	H4784	3	0.67	H3384	1.0
𐤄𐤐𐤕𐤀𐤉𐤌	H6612	3	0.33		
𐤕𐤕𐤄𐤋𐤋	H1984	4	0.75		
𐤁𐤏𐤁𐤓𐤊	H5674	3	0.67		
𐤌𐤇𐤋𐤋	H2490	4	0.50	H2342	0.75
𐤌𐤅𐤏𐤉𐤋𐤄	H5921	3	1.00		
𐤀𐤕𐤌𐤔𐤐𐤈𐤉	H4941	3	1.00	H853	0.0
𐤏𐤓𐤋𐤕𐤅	H6190	6	0.33		
𐤌𐤋𐤃𐤄	H3205	7	0.71		
𐤄𐤌𐤒𐤉𐤌	H4725	6	0.50		
𐤄𐤊𐤕𐤁	H3791	37	0.49		
𐤅𐤏𐤁𐤓𐤕	H5674	3	0.33		
𐤄𐤉𐤄𐤅𐤃𐤉	H3064	17	0.59		
𐤁𐤁𐤔𐤓	H1320	38	0.89		
𐤁𐤐𐤍𐤉𐤌	H6440	34	0.97		
𐤕𐤄𐤋𐤕𐤅	H8416	5	0.20		
𐤉𐤕𐤓𐤅𐤍	H3504	16	0.62		
𐤁𐤃𐤁𐤓𐤊	H1697	6	1.00		
𐤌𐤄𐤍𐤀𐤌𐤓	H559	9	1.00	H4100	0.1111111111111111
𐤀𐤐𐤅	H639	114	0.70	H645	0.6140350877192983
𐤊𐤆𐤁𐤉	H3579	4	0.25	H3577	0.5
𐤕𐤓𐤁𐤄	H7235	11	0.45		
𐤅𐤕𐤐𐤓𐤑	H6555	6	0.67		
𐤃𐤁𐤄	H1681	29	0.24		
𐤌𐤔𐤊𐤉𐤋	H7919	11	0.82	H4905	0.0
𐤋𐤔𐤅𐤍𐤌	H3956	6	0.17		
𐤐𐤉𐤄𐤌	H6310	31	0.90		
𐤉𐤌𐤄𐤓𐤅	H4116	16	0.88		
𐤅𐤔𐤁𐤓	H7667	3	0.33	H7665	0.3333333333333333
𐤌𐤃𐤁𐤓𐤕	H1696	9	0.78		
𐤌𐤌𐤏𐤔𐤉	H6213	16	0.88		
𐤋𐤀𐤉𐤑𐤃𐤒	H6663	3	0.67	H3808	0.3333333333333333
𐤁𐤁𐤋𐤉	H1097	12	0.67	H896	0.16666666666666666
𐤄𐤏𐤉𐤃𐤅	H5749	21	0.76		
𐤁𐤀𐤌𐤅𐤍𐤕	H526	6	0.00		
𐤀𐤋𐤊𐤋	H3605	3	0.33	H413	0.3333333333333333
𐤅𐤏𐤋𐤊𐤋	H3605	3	0.00	H5921	1.0
𐤄𐤁𐤃𐤋	H1800	14	0.00	H914	0.6428571428571429
𐤁𐤇𐤎𐤃𐤅	H2617	15	0.60		
𐤋𐤊𐤐𐤓𐤕	H3727	4	0.50		
𐤁𐤃𐤌𐤅	H3027	8	0.62		
𐤔𐤍𐤏𐤔𐤅	H6213	18	1.00		
𐤇𐤌𐤋𐤕	H2550	4	0.75	H2551	0.25
𐤋𐤄𐤉𐤅𐤕𐤅	H1961	3	0.33		
𐤍𐤇𐤔𐤁	H2803	80	0.78		
𐤌𐤒𐤉𐤌𐤉𐤌	H4725	7	0.71		
𐤄𐤔𐤉𐤂	H5381	24	0.46		
𐤄𐤕𐤄𐤋𐤄	H8416	7	0.14		
𐤋𐤀𐤉𐤇𐤔𐤁	H2803	3	1.00	H3808	0.0
𐤄𐤇𐤅𐤁	H2326	9	0.67		
𐤀𐤌𐤅𐤍𐤕𐤅	H530	19	0.63		
𐤕𐤇𐤔𐤁	H2803	23	0.83		
𐤀𐤌𐤓𐤍𐤅	H559	41	0.98		
𐤍𐤇𐤔𐤁𐤄	H2803	14	0.64		
𐤍𐤌𐤅𐤋	H4135	5	0.80		
𐤏𐤓𐤋	H6189	3	1.00		
𐤁𐤏𐤓𐤋𐤕𐤅	H6190	3	0.67		
𐤏𐤓𐤋𐤉𐤌	H6189	3	1.00		
𐤅𐤋𐤄𐤉𐤅𐤕	H1961	35	0.66		
𐤍𐤌𐤅𐤋𐤉𐤌	H4135	6	0.33		
𐤁𐤏𐤒𐤁𐤅𐤕	H6118	10	0.80		
𐤉𐤓𐤔	H3423	27	0.70		
𐤋𐤓𐤉𐤒	H7385	29	0.52		
𐤌𐤁𐤉𐤀𐤄	H935	4	1.00		
𐤒𐤑𐤐	H7110	30	0.30	H7107	0.43333333333333335
𐤀𐤉𐤍𐤔𐤌	H376	4	0.00		
𐤒𐤉𐤌𐤕	H6967	5	0.40	H7012	0.0
𐤋𐤊𐤋𐤍𐤅	H3605	10	0.70		
𐤅𐤄𐤒𐤅𐤓𐤀	H7121	5	0.20		
𐤄𐤅𐤄	H1934	7	0.71	H1933	0.7142857142857143
𐤒𐤅𐤄	H6960	47	0.53	H4723	0.7021276595744681
𐤔𐤍𐤀𐤌𐤓	H559	12	0.58		
𐤆𐤓𐤏𐤊	H2233	36	0.56	H2220	0.19444444444444445
𐤓𐤐𐤕𐤄	H7503	14	0.71		
𐤄𐤕𐤁𐤅𐤍𐤍	H995	9	1.00		
𐤔𐤊𐤁𐤓	H3529	16	0.00	H3528	0.875
𐤔𐤓𐤄	H8283	123	0.25	H8280	0.15447154471544716
𐤁𐤋𐤁𐤁	H3824	9	0.44	H8003	0.3333333333333333
𐤄𐤁𐤈𐤉𐤇	H982	5	0.20		
𐤋𐤏𐤔𐤅𐤕𐤅	H6213	18	0.89		
𐤋𐤌𐤏𐤍𐤅	H4616	24	0.92		
𐤊𐤕𐤅𐤁𐤄	H3789	10	0.10		
𐤋𐤌𐤏𐤍𐤍𐤅	H6051	8	0.00		
𐤋𐤄𐤇𐤔𐤁	H2803	4	1.00		
𐤔𐤄𐤏𐤉𐤓	H5892	4	0.75		
𐤐𐤔𐤏𐤉𐤍𐤅	H6588	4	0.50		
𐤅𐤍𐤏𐤅𐤓	H5287	4	0.00		
𐤁𐤕𐤒𐤅𐤕	H8615	4	1.00		
𐤁𐤑𐤓𐤅𐤕	H1219	8	0.38	H6869	0.375
𐤎𐤁𐤋𐤍𐤅𐤕	H5445	6	0.00		
𐤕𐤒𐤅𐤄	H8615	89	0.83	H8616	0.2696629213483146
𐤅𐤄𐤕𐤒𐤅𐤄	H8615	3	1.00		
𐤁𐤋𐤁𐤁𐤍𐤅	H3824	4	0.75		
𐤄𐤓𐤔𐤏𐤉𐤌	H7563	47	0.70		
𐤁𐤌𐤅𐤕	H1116	38	0.24	H4191	0.8157894736842105
𐤁𐤇𐤉𐤉𐤅	H2416	28	0.93		
𐤀𐤕𐤄𐤓𐤑𐤅𐤉	H7521	3	1.00	H853	0.6666666666666666
𐤅𐤄𐤌𐤅𐤕	H4194	9	1.00		
𐤁𐤏𐤒𐤁	H6119	7	0.43		
𐤃𐤌𐤅𐤕	H1823	37	0.57		
𐤄𐤌𐤕𐤍𐤄	H4979	15	0.73		
𐤌𐤀𐤇𐤃	H259	15	0.53		
𐤌𐤕𐤍𐤕	H4979	6	0.83	H4978	0.8333333333333334
𐤋𐤆𐤊𐤅𐤕	H2134	8	0.12		
𐤉𐤌𐤋𐤊𐤅	H4427	8	0.88		
𐤁𐤇𐤉𐤉𐤌	H2416	75	0.84		
𐤁𐤐𐤔𐤏	H6588	4	0.25		
𐤆𐤊𐤅𐤕	H2135	24	0.17		
𐤋𐤇𐤈𐤀𐤉𐤌	H2400	3	0.67		
𐤄𐤐𐤔𐤏	H6588	6	0.50		
𐤁𐤇𐤈𐤀	H2399	5	0.60		
𐤌𐤕𐤍𐤅	H4191	3	1.00		
𐤄𐤀𐤉𐤍𐤊𐤌	H369	3	0.33		
𐤋𐤌𐤅𐤕𐤅	H4194	5	1.00		
𐤌𐤅𐤕𐤅	H4194	113	0.76		
𐤍𐤒𐤄	H5352	6	0.33		
𐤄𐤇𐤈𐤀𐤕	H2403	5	0.60	H2398	0.8
𐤋𐤍𐤈𐤅𐤕	H5186	10	0.50		
𐤋𐤌𐤔𐤋	H4912	32	0.31	H4910	0.71875
𐤀𐤌𐤕𐤇𐤕	H572	4	0.00		
𐤋𐤌𐤔𐤌𐤏𐤕𐤅	H4928	6	0.67		
𐤕𐤅𐤃𐤕	H8426	3	1.00		
𐤁𐤔𐤓𐤊𐤌	H1320	6	0.33		
𐤋𐤏𐤁𐤅𐤃𐤕	H5656	48	0.54		
𐤅𐤄𐤓𐤔𐤏	H7563	3	0.33		
𐤋𐤄𐤓𐤔𐤉𐤏	H7561	10	0.50		
𐤋𐤄𐤕𐤒𐤃𐤔	H6942	4	1.00		
𐤔𐤄𐤉𐤄	H1961	89	0.93		
𐤀𐤇𐤓𐤉𐤕𐤌	H319	11	0.82		
𐤁𐤄𐤉𐤅𐤕𐤊𐤌	H1961	7	0.57		
𐤒𐤔𐤅𐤓𐤄	H7194	13	0.54		
𐤅𐤁𐤌𐤅𐤕	H1120	3	0.00	H4194	0.0
𐤄𐤁𐤏𐤋	H1168	11	0.27		
𐤁𐤇𐤉𐤉	H2416	29	0.83		
𐤅𐤀𐤉𐤍𐤍𐤄	H369	9	0.33		
𐤁𐤄𐤉𐤅𐤕𐤄	H1961	14	0.86		
𐤋𐤄𐤉𐤅𐤕𐤊𐤌	H1961	3	0.33		
𐤄𐤉𐤉𐤍𐤅	H1961	41	0.80		
𐤍𐤏𐤁𐤃	H5647	3	0.67		
𐤋𐤅𐤋𐤉	H3884	15	0.60		
𐤕𐤇𐤌𐤃	H2530	3	1.00		
𐤎𐤁𐤄	H5438	44	0.50		
𐤁𐤌𐤑𐤅𐤄	H6680	4	0.75		
𐤋𐤏𐤅𐤓𐤓	H5782	20	0.00		
𐤅𐤄𐤌𐤑𐤅𐤄	H4687	4	1.00		
𐤍𐤌𐤑𐤀𐤄	H4672	50	0.80		
𐤒𐤃𐤅𐤔𐤄	H6948	14	0.07		
𐤅𐤉𐤔𐤓𐤄	H3477	4	0.00		
𐤅𐤈𐤅𐤁𐤄	H2896	4	0.75	H2898	0.75
𐤀𐤕𐤄𐤌𐤅𐤕	H1992	11	0.45	H853	0.2727272727272727
𐤀𐤔𐤓𐤉𐤄𐤉𐤄	H1961	3	0.67	H834	0.3333333333333333
𐤔𐤄𐤕𐤅𐤓𐤄	H8451	4	0.75		
𐤔𐤍𐤀𐤕𐤉	H8130	6	0.33	H8135	0.16666666666666666
𐤁𐤁𐤔𐤓𐤉	H1320	7	0.86		
𐤄𐤓𐤑𐤅𐤍	H7522	5	0.60		
𐤁𐤀𐤁𐤓𐤉	H83	3	0.00		
𐤇𐤒	H2706	58	0.83	H2710	0.7241379310344828
𐤔𐤁𐤉	H7628	36	0.75	H7725	0.8333333333333334
𐤋𐤕𐤅𐤓𐤕	H8451	8	0.88		
𐤀𐤅𐤉𐤋𐤉	H188	4	0.50		
𐤄𐤀𐤌𐤋𐤋	H535	4	0.00		
𐤄𐤌𐤕𐤄𐤋𐤊𐤉𐤌	H1980	4	1.00		
𐤊𐤁𐤔𐤓	H1320	6	0.67		
𐤀𐤌𐤋𐤐𐤉	H6310	5	0.80	H518	0.0
𐤁𐤔𐤋𐤇𐤅	H7971	14	0.86		
𐤁𐤕𐤀𐤓	H8389	3	0.00		
𐤅𐤉𐤓𐤔𐤉𐤏	H7561	3	0.33		
𐤇𐤒𐤕	H2708	4	0.50		
𐤁𐤏𐤍𐤉𐤍𐤉	H6051	25	0.08		
𐤉𐤇𐤔𐤁𐤅	H2803	43	0.91		
𐤅𐤄𐤔𐤋𐤅𐤌	H7965	4	1.00		
𐤌𐤇𐤔𐤁𐤕	H4284	42	0.64		
𐤉𐤊𐤅𐤋𐤄	H3201	6	1.00		
𐤀𐤌𐤀𐤌𐤍𐤌	H551	5	0.80	H518	0.4
𐤔𐤋𐤅	H7960	54	0.07	H7961	0.5185185185185185
𐤏𐤁𐤃𐤅𐤕	H5647	11	1.00		
𐤋𐤉𐤓𐤀	H3372	10	1.00		
𐤏𐤍𐤅𐤉𐤉	H6035	6	0.33		
𐤄𐤆𐤌𐤍	H2165	71	0.92		
𐤊𐤍𐤂𐤃	H1410	25	0.24	H3651	0.96
𐤋𐤄𐤂𐤋𐤅𐤕	H1546	7	0.29	H1540	0.7142857142857143
𐤕𐤋𐤅𐤉𐤅𐤕	H8518	4	0.00		
𐤋𐤄𐤁𐤋	H1077	9	0.11	H1892	0.3333333333333333
𐤌𐤓𐤑𐤅𐤍𐤄	H7522	5	1.00	H4519	0.2
𐤄𐤊𐤁𐤔	H3532	3	0.00		
𐤀𐤋𐤉𐤕𐤒𐤅𐤄	H514	3	0.00		
𐤌𐤏𐤁𐤃𐤅𐤕	H5656	13	0.46		
𐤄𐤊𐤋𐤉𐤅𐤍	H3627	4	0.25		
𐤁𐤊𐤅𐤓𐤉	H1061	13	0.54	H1060	0.0
𐤍𐤀𐤍𐤇	H584	10	0.80		
𐤁𐤍𐤐𐤔𐤍𐤅	H5315	6	1.00		
𐤋𐤌𐤔𐤐𐤈	H4941	62	0.85		
𐤁𐤕𐤒𐤅𐤄	H8615	16	1.00		
𐤋𐤏𐤉𐤍𐤉𐤌	H5869	18	0.83		
𐤁𐤎𐤁𐤋𐤍𐤅𐤕	H5445	5	0.20		
𐤊𐤓𐤀𐤅𐤉	H7209	39	0.10		
𐤁𐤀𐤍𐤇𐤅𐤕	H585	3	0.33		
𐤏𐤌𐤒𐤅𐤕	H6013	6	0.67		
𐤋𐤁𐤁𐤅𐤕	H3834	3	0.00	H3824	0.3333333333333333
𐤁𐤏𐤑𐤕𐤅	H6098	12	0.50		
𐤉𐤏𐤆𐤓	H3270	21	0.24	H5826	0.0
𐤃𐤅𐤌𐤉𐤌	H1818	26	0.35		
𐤋𐤃𐤌𐤅𐤕	H1823	7	0.14		
𐤒𐤓𐤀𐤌	H7121	4	0.75		
𐤉𐤓𐤉𐤁	H7378	8	0.12	H3401	0.25
𐤉𐤇𐤉𐤃𐤅	H3173	5	0.40		
𐤉𐤁𐤉𐤀	H935	56	0.93		
𐤁𐤇𐤉𐤓𐤉	H972	12	0.50		
𐤅𐤌𐤉𐤄𐤅𐤀	H3058	3	0.00		
𐤌𐤀𐤄𐤁𐤕	H160	17	0.47		
𐤌𐤔𐤈𐤌𐤄	H4895	14	0.00		
𐤄𐤓𐤂𐤍𐤅	H2026	4	1.00		
𐤍𐤇𐤔𐤁𐤍𐤅	H2803	5	0.80		
𐤈𐤁𐤇𐤄	H2878	3	1.00	H2873	1.0
𐤁𐤊𐤋𐤀𐤋𐤄	H428	3	0.00	H3605	0.0
𐤂𐤁𐤓𐤍𐤅	H1400	4	0.00		
𐤅𐤁𐤈𐤅𐤇	H982	5	0.40		
𐤔𐤓𐤓𐤅𐤕	H8307	3	0.00		
𐤄𐤄𐤅𐤄	H1961	14	0.71		
𐤄𐤏𐤌𐤒	H6010	23	0.70	H1025	0.30434782608695654
𐤀𐤔𐤒𐤓	H8266	4	0.25		
𐤌𐤉𐤉𐤕𐤍	H5414	4	0.75	H4310	0.0
𐤌𐤍𐤄𐤌𐤔𐤉𐤇	H4899	3	0.33	H4480	0.6666666666666666
𐤔𐤀𐤓𐤉	H7607	7	0.71		
𐤅𐤁𐤔𐤓𐤉	H1320	5	1.00		
𐤅𐤄𐤊𐤁𐤅𐤃	H3519	13	0.62		
𐤅𐤄𐤁𐤓𐤉𐤕𐤅𐤕	H1285	3	1.00		
𐤅𐤏𐤁𐤅𐤃𐤕	H5656	9	0.67		
𐤌𐤁𐤓𐤊	H1288	8	0.50	H1289	0.5
𐤌𐤉𐤔𐤓𐤀𐤋	H3478	16	0.56		
𐤁𐤉𐤑𐤇𐤒	H3327	5	0.40		
𐤊𐤋𐤅𐤌𐤓	H4751	3	0.33		
𐤄𐤁𐤈𐤇𐤄	H982	7	0.43		
𐤋𐤉𐤑𐤇𐤒	H3327	26	0.42		
𐤋𐤀𐤏𐤔𐤅	H6213	3	0.67	H3808	0.3333333333333333
𐤉𐤏𐤁𐤃	H5647	3	0.67		
𐤅𐤀𐤕𐤏𐤔𐤅	H6213	4	0.75	H853	0.0
𐤉𐤕𐤉𐤑𐤁	H3320	5	0.60		
𐤕𐤓𐤉𐤁	H7235	3	0.67	H7378	0.6666666666666666
𐤉𐤑𐤓	H3335	31	0.23	H5341	0.45161290322580644
𐤋𐤊𐤁𐤅𐤃	H3519	106	0.78		
𐤋𐤒𐤋𐤅𐤍	H7036	3	0.33		
𐤆𐤏𐤌𐤅	H2195	9	0.44		
𐤅𐤋𐤄𐤅𐤃𐤉𐤏	H3045	8	1.00		
𐤂𐤁𐤅𐤓𐤕𐤅	H1369	48	0.77		
𐤄𐤍𐤊𐤅𐤍𐤉𐤌	H3559	5	1.00		
𐤋𐤄𐤅𐤃𐤉𐤏	H3045	53	0.87		
𐤄𐤇𐤍𐤉𐤍𐤄	H2594	3	0.00		
𐤀𐤒𐤓𐤀	H7121	8	1.00	H7123	0.875
𐤓𐤇𐤌𐤄	H7358	6	0.17	H7360	0.16666666666666666
𐤅𐤉𐤔𐤏𐤉𐤄𐤅	H3470	3	0.67		
𐤏𐤋𐤉𐤔𐤓𐤀𐤋	H3478	13	0.77	H5921	0.6923076923076923
𐤊𐤇𐤅𐤋	H2344	20	0.15		
𐤊𐤋𐤉𐤅𐤍	H3631	12	0.33	H3630	0.25
𐤇𐤓𐤅𐤑	H2742	9	0.33	H2743	0.1111111111111111
𐤔𐤈𐤐	H7857	5	0.20	H7858	0.0
𐤅𐤍𐤇𐤓𐤑𐤄	H2782	3	0.00		
𐤑𐤁𐤀𐤅𐤕	H6635	50	0.50	H6633	0.42
𐤔𐤓𐤉𐤃	H8300	34	0.38	H8301	0.11764705882352941
𐤃𐤌𐤉𐤍𐤅	H1819	3	0.67	H1825	0.6666666666666666
𐤅𐤉𐤔𐤓𐤀𐤋	H3478	10	0.60		
𐤁𐤁𐤒𐤔𐤅	H1245	6	0.50		
𐤍𐤂𐤐	H5062	19	0.47	H5063	0.3157894736842105
𐤁𐤑𐤉𐤅𐤍	H6726	9	0.00	H6724	0.1111111111111111
𐤅𐤑𐤅𐤓	H6697	10	0.20	H6865	0.3
𐤌𐤊𐤔𐤅𐤋	H4383	22	0.64		
𐤉𐤁𐤅𐤔	H954	8	0.75	H3001	0.875
𐤉𐤅𐤔𐤏𐤅	H3467	8	0.12		
𐤋𐤑𐤃𐤒𐤕	H6666	4	0.75		
𐤕𐤊𐤋𐤉𐤕	H8503	4	0.00		
𐤅𐤇𐤉	H2425	15	0.27	H2416	0.8
𐤋𐤄𐤏𐤋𐤅𐤕	H5927	34	0.97		
𐤁𐤐𐤉𐤊	H6310	6	0.83		
𐤋𐤉𐤔𐤅𐤏𐤄	H3444	27	0.59	H3467	0.7777777777777778
𐤋𐤀𐤊𐤋𐤌	H400	3	0.33		
𐤍𐤁𐤋	H5037	32	0.66	H5034	0.84375
𐤍𐤌𐤑𐤀𐤕𐤉	H4672	5	0.80		
𐤋𐤋𐤀	H3808	11	0.91		
𐤅𐤏𐤋𐤉𐤔𐤓𐤀𐤋	H3478	3	1.00	H5921	0.3333333333333333
𐤅𐤌𐤓𐤄	H4751	14	0.43	H4784	0.42857142857142855
𐤄𐤔𐤀𐤓𐤕𐤉	H219	5	0.00	H7604	0.8
𐤍𐤅𐤕𐤓𐤄	H3498	4	0.75		
𐤁𐤇𐤉𐤓𐤕	H972	4	0.25		
𐤉𐤇𐤃𐤋	H2308	17	0.76		
𐤅𐤋𐤓𐤔𐤕	H3423	3	0.33		
𐤅𐤋𐤌𐤅𐤒𐤔	H4170	4	0.50		
𐤌𐤋𐤀𐤌	H518	14	0.93	H3816	0.5714285714285714
𐤏𐤋𐤀𐤇𐤕	H259	3	0.33	H5921	0.3333333333333333
𐤅𐤊𐤐𐤉	H3709	10	0.30		
𐤍𐤒𐤐𐤅	H5362	3	0.00		
𐤄𐤏𐤍𐤐𐤉𐤌	H6057	8	0.75		
𐤆𐤉𐤕	H2132	7	0.71		
𐤁𐤌𐤒𐤅𐤌𐤌	H4725	14	0.64		
𐤋𐤔𐤓𐤔	H7326	3	0.00		
𐤃𐤏	H3045	26	0.88	H3046	0.6538461538461539
𐤒𐤉𐤌	H6965	16	0.88	H7009	0.25
𐤄𐤍𐤅𐤋𐤃𐤉𐤌	H3205	9	0.89		
𐤈𐤅𐤁𐤕	H2896	24	0.62		
𐤅𐤏𐤋𐤉𐤊	H5921	6	0.67		
𐤈𐤅𐤁𐤕𐤅	H2896	9	0.78		
𐤁𐤈𐤅𐤁𐤕𐤅	H2896	4	0.75		
𐤅𐤀𐤌𐤀𐤉𐤍	H369	4	0.50	H518	0.75
𐤁𐤌𐤓𐤉𐤌	H4813	6	0.17	H4805	0.5
𐤌𐤏𐤑	H6086	11	0.91	H4619	0.09090909090909091
𐤁𐤈𐤁𐤏𐤅	H2883	17	0.00		
𐤉𐤏𐤓	H3293	15	0.20	H5782	0.0
𐤁𐤆𐤉𐤕	H959	3	0.33		
𐤋𐤌𐤒𐤑𐤕	H7093	4	0.25		
𐤐𐤔𐤏	H6588	21	0.38	H6586	0.5238095238095238
𐤁𐤓𐤉𐤕𐤉	H1285	18	0.39		
𐤇𐤈𐤀𐤕𐤌	H2403	19	0.37	H2398	0.5789473684210527
𐤋𐤌𐤏𐤍𐤊𐤌	H4616	17	0.65		
𐤄𐤁𐤇𐤉𐤓𐤄	H2437	9	0.00		
𐤀𐤕𐤐𐤉	H6310	3	0.67	H853	0.0
𐤂𐤌𐤀𐤋𐤄	H428	4	0.00	H1571	0.0
𐤄𐤎𐤂𐤉𐤓	H5462	12	0.58		
𐤉𐤇𐤍	H2603	4	0.75	H2583	0.5
𐤌𐤄𐤏𐤌𐤒	H6010	3	0.67		
𐤅𐤏𐤔𐤓	H6235	32	0.38	H6239	0.34375
𐤃𐤏𐤕𐤅	H1847	72	0.29		
𐤌𐤔𐤐𐤈𐤉𐤅	H4941	4	0.50		
𐤅𐤃𐤓𐤊𐤉𐤅	H1870	6	0.33		
𐤏𐤑𐤕𐤅	H6098	34	0.44		
𐤄𐤒𐤃𐤉𐤌𐤅	H6921	12	0.33		
𐤅𐤉𐤔𐤋𐤌	H7999	14	0.79		
𐤕𐤔𐤉𐤌𐤅	H7760	13	0.77		
𐤏𐤁𐤅𐤃𐤕𐤊𐤌	H5656	4	0.50		
𐤃𐤏𐤕𐤊𐤌	H1847	10	0.20		
𐤌𐤃𐤕	H4061	45	0.04	H4060	0.8
𐤁𐤂𐤅𐤐	H1610	15	0.93		
𐤅𐤊𐤋𐤀𐤇𐤃	H259	3	0.33		
𐤀𐤁𐤓	H83	7	0.00		
𐤋𐤇𐤁𐤓𐤅	H2266	12	0.75		
𐤔𐤍𐤅𐤕	H8141	24	0.58	H8138	0.4583333333333333
𐤕𐤄𐤉	H1961	30	0.47		
𐤔𐤌𐤅𐤔	H8121	3	0.33		
𐤁𐤄𐤅𐤓𐤀𐤄	H7200	4	0.25		
𐤁𐤕𐤅𐤊𐤇𐤄	H8433	4	0.75		
𐤄𐤍𐤅𐤕𐤍	H5414	15	0.87		
𐤔𐤍𐤀𐤅	H8130	22	0.14		
𐤅𐤃𐤁𐤒𐤅	H1692	3	1.00		
𐤁𐤈𐤅𐤁	H2896	32	0.72	H2898	0.6875
𐤁𐤀𐤄𐤁𐤕	H160	20	0.80		
𐤄𐤓𐤀𐤅	H3372	30	0.90		
𐤇𐤁𐤄	H2327	9	0.33		
𐤎𐤁𐤋𐤅	H5448	30	0.03		
𐤁𐤑𐤓𐤄	H1224	52	0.25	H6869	0.46153846153846156
𐤁𐤑𐤓𐤊𐤉	H1220	5	0.00		
𐤀𐤓𐤇𐤉𐤌	H732	5	0.00		
𐤅𐤁𐤊𐤅	H1058	8	0.88		
𐤀𐤌𐤕𐤍𐤅	H571	3	0.00		
𐤊𐤁𐤅𐤔	H3532	14	0.00	H3533	0.5
𐤄𐤍𐤌𐤑𐤀𐤅𐤕	H4672	6	1.00		
𐤋𐤓𐤔𐤅𐤕	H3423	4	1.00		
𐤄𐤔𐤋𐤉𐤈𐤉𐤌	H7982	20	0.10		
𐤋𐤐𐤇𐤃	H6343	16	0.88		
𐤋𐤌𐤏𐤔𐤉𐤌	H6213	25	1.00	H4519	0.0
𐤕𐤉𐤓𐤀	H3372	34	0.56		
𐤔𐤁𐤇	H3431	7	0.00	H7623	0.42857142857142855
𐤋𐤇𐤍𐤌	H2600	5	1.00		
𐤋𐤀𐤔𐤓𐤋𐤅	H834	6	0.00		
𐤄𐤌𐤅𐤓𐤀	H4172	4	0.75		
𐤁𐤌𐤀𐤌𐤓	H3982	4	0.50		
𐤕𐤓𐤏	H7489	4	1.00	H7490	0.75
𐤌𐤃𐤏𐤕𐤊𐤌	H1847	5	1.00	H4519	0.0
𐤀𐤕𐤄𐤆𐤌𐤍	H2165	4	1.00	H853	0.0
𐤇𐤋𐤐	H2500	26	0.08	H2498	0.34615384615384615
𐤍𐤔𐤒	H5402	85	0.82	H5401	0.5882352941176471
𐤅𐤊𐤌𐤅	H3644	32	0.66		
𐤆𐤌𐤄	H2154	12	0.42	H2155	0.0
𐤁𐤌𐤓𐤉𐤁𐤄	H4809	3	0.33		
𐤅𐤒𐤍𐤀𐤄	H7068	10	0.70		
𐤅𐤃𐤀𐤂𐤅	H1672	3	0.67		
𐤋𐤄𐤂𐤁𐤉𐤓	H1376	4	0.25		
𐤄𐤕𐤀𐤅𐤕	H8372	6	0.00		
𐤉𐤀𐤊𐤋	H398	29	0.69	H399	0.4827586206896552
𐤕𐤃𐤉𐤍	H1777	3	1.00		
𐤋𐤄𐤒𐤉𐤌𐤅	H6965	6	1.00		
𐤋𐤍𐤐𐤔𐤅	H5315	71	0.80		
𐤍𐤇𐤉𐤄	H2421	12	0.92		
𐤕𐤁𐤅𐤆	H936	4	0.50	H962	0.0
𐤕𐤊𐤓𐤏	H3766	3	0.67		
𐤅𐤊𐤋𐤋𐤔𐤅𐤍	H3956	3	1.00	H3605	0.6666666666666666
𐤌𐤅𐤒𐤔	H4170	5	0.00		
𐤅𐤌𐤁𐤈𐤇	H982	3	0.00	H984	0.0
𐤐𐤍𐤉𐤄𐤉𐤄	H1961	4	0.75	H6435	0.0
𐤅𐤔𐤌𐤇𐤄	H8057	15	0.67	H8055	0.6666666666666666
𐤄𐤁𐤍𐤅𐤕	H1323	6	0.67	H1129	0.3333333333333333
𐤊𐤔𐤓	H8269	9	0.78	H3787	0.3333333333333333
𐤍𐤀𐤔𐤌	H816	5	0.80		
𐤅𐤏𐤋𐤉𐤍𐤅	H5927	11	0.73		
𐤄𐤍𐤀𐤕	H4994	5	0.80		
𐤏𐤑𐤌𐤍𐤅	H6106	10	0.40		
𐤉𐤁𐤍𐤄	H1129	41	0.56	H2996	0.2682926829268293
𐤇𐤓𐤐𐤅𐤕	H2781	19	0.89		
𐤍𐤊𐤕𐤁	H3789	13	0.46	H3790	0.23076923076923078
𐤕𐤊𐤁𐤃𐤅	H3513	3	1.00		
𐤁𐤍𐤐𐤔	H5315	44	0.80		
𐤋𐤒𐤉𐤌	H6965	11	1.00		
𐤀𐤕𐤄𐤄𐤁𐤈𐤇𐤅𐤕	H982	4	0.25	H853	0.5
𐤋𐤀𐤁𐤅𐤕	H1	3	1.00		
𐤅𐤄𐤂𐤅𐤉𐤌	H1471	4	1.00		
𐤀𐤆𐤌𐤓𐤄	H2167	3	0.67		
𐤅𐤀𐤅𐤌𐤓	H559	15	0.73	H201	0.0
𐤄𐤋𐤋𐤅	H1984	32	0.81		
𐤉𐤔𐤉	H3448	17	0.94		
𐤋𐤍𐤎	H5251	3	0.33	H5127	0.0
𐤏𐤌𐤉𐤌	H5971	64	0.84		
𐤉𐤒𐤅𐤅	H6960	4	0.50		
𐤌𐤁𐤈𐤇	H4009	5	0.40	H982	0.6
𐤄𐤍𐤕𐤅𐤍	H5414	12	0.83		
𐤅𐤋𐤊𐤄𐤍	H3548	4	1.00		
𐤅𐤌𐤒𐤃𐤔	H4720	4	0.75		
𐤋𐤄𐤕𐤄𐤋𐤋	H1984	7	1.00		
𐤁𐤀𐤌𐤓	H559	3	1.00		
𐤅𐤁𐤌𐤏𐤔𐤄	H4639	10	0.80		
𐤅𐤁𐤂𐤁𐤅𐤓𐤕	H1369	4	0.75		
𐤌𐤋𐤀𐤕𐤉	H4390	3	0.67	H4392	0.6666666666666666
𐤀𐤁𐤅𐤀	H935	23	0.78	H14	0.7391304347826086
𐤋𐤏𐤆𐤅𐤓	H5826	50	0.08		
𐤍𐤃𐤁𐤄	H5071	6	0.33	H5068	0.3333333333333333
𐤋𐤏𐤆𐤓𐤌	H5828	5	0.00		
𐤀𐤏𐤁𐤓𐤄	H5674	3	0.67		
𐤀𐤓𐤑𐤊𐤌	H776	9	0.56		
𐤁𐤁𐤀𐤉	H935	9	0.78		
𐤁𐤌𐤋𐤀	H3808	3	0.67		
𐤁𐤓𐤊𐤕	H1293	25	0.52	H1288	0.44
𐤌𐤏𐤅𐤓𐤓	H5782	7	0.00		
𐤅𐤉𐤏𐤓𐤁	H6149	3	0.00		
𐤔𐤄𐤉𐤀	H1931	44	0.77		
𐤏𐤆𐤓𐤕	H5833	23	0.09	H5826	0.13043478260869565
𐤋𐤏𐤑𐤌𐤉	H6086	5	0.00		
𐤔𐤄𐤌	H7718	82	0.12	H7719	0.04878048780487805
𐤇𐤁𐤓𐤉	H2270	23	0.39	H2267	0.08695652173913043
𐤁𐤏𐤁𐤅𐤃𐤕	H5656	18	0.39		
𐤁𐤁𐤉𐤕𐤌	H1004	7	0.86		
𐤇𐤁𐤉𐤁𐤉	H2245	14	0.21		
𐤏𐤌𐤋	H5999	65	0.75	H6001	0.7384615384615385
𐤒𐤓𐤅𐤁𐤉	H7138	28	0.68		
𐤇𐤁𐤓𐤍𐤅	H2275	3	0.00		
𐤅𐤋𐤔𐤋𐤅𐤌	H7965	6	0.17		
𐤅𐤀𐤇𐤅𐤕𐤅	H269	5	0.60		
𐤒𐤄𐤋𐤅𐤕	H6953	11	0.45		
𐤋𐤔𐤋𐤅𐤌𐤊𐤌	H7965	19	0.37		
𐤐𐤍𐤉𐤊𐤌	H6440	13	0.85		
𐤁𐤏𐤔𐤉	H6213	3	1.00		
𐤋𐤌𐤃𐤕𐤌	H4060	9	0.22	H3925	0.6666666666666666
𐤀𐤕𐤀𐤃𐤍𐤉𐤍𐤅	H113	5	0.00	H853	0.2
𐤍𐤏𐤌	H5278	5	0.40	H5277	0.2
𐤇𐤋𐤒𐤅𐤕	H2513	10	0.70	H2514	0.5
𐤉𐤕𐤏𐤅	H8582	6	0.50		
𐤌𐤔𐤌𐤏𐤕𐤊𐤌	H4928	3	1.00		
𐤍𐤅𐤃𐤏𐤕	H3045	6	0.83		
𐤄𐤉𐤕𐤊𐤌	H1961	4	0.75		
𐤊𐤅𐤕𐤁	H3789	11	0.27		
𐤅𐤋𐤀𐤔𐤓	H834	12	0.42	H836	0.3333333333333333
𐤋𐤇𐤆𐤒	H2388	54	0.87		
𐤄𐤎𐤅𐤃	H3245	11	0.36		
𐤌𐤉𐤌𐤅𐤕	H4194	4	0.25		
𐤅𐤍𐤅𐤃𐤏	H3045	5	0.60		
𐤊𐤌𐤑𐤅𐤕	H4687	22	0.68		
𐤋𐤌𐤔𐤌𐤏𐤕	H8085	8	0.75		
𐤄𐤇𐤊𐤌	H2450	7	0.43		
𐤄𐤌𐤒𐤓𐤀	H4744	3	1.00		
𐤀𐤋𐤒𐤄𐤋𐤕	H6953	4	1.00	H413	0.5
𐤒𐤃𐤔𐤉𐤌	H6944	7	1.00	H6918	1.0
𐤁𐤏𐤁𐤅𐤓𐤊𐤌	H5674	12	0.75		
𐤍𐤒𐤉𐤉𐤌	H5355	14	0.57		
𐤅𐤁𐤏𐤑𐤄	H6098	3	0.00		
𐤌𐤓𐤉𐤁𐤅𐤕	H4808	14	0.21		
𐤎𐤊𐤋𐤅𐤕	H5531	13	0.54		
𐤃𐤓𐤔	H1875	36	0.64		
𐤎𐤊𐤋	H5530	9	0.11	H5528	0.0
𐤁𐤇𐤊𐤌𐤕	H2451	13	0.54		
𐤁𐤎𐤊𐤋𐤅𐤕	H5531	6	0.50		
𐤄𐤒𐤓𐤉𐤀𐤄	H7150	9	0.22		
𐤌𐤔𐤌𐤉𐤏𐤉𐤌	H8085	3	0.67		
𐤓𐤀𐤅𐤍𐤀	H4994	4	0.25	H7200	1.0
𐤄𐤇𐤊𐤌𐤉𐤌	H2450	36	0.39		
𐤄𐤇𐤓𐤉𐤌	H2763	6	0.50	H2715	0.3333333333333333
𐤔𐤁𐤏𐤅𐤋𐤌	H5769	6	0.83		
𐤊𐤀𐤉𐤍	H369	12	0.83		
𐤁𐤈𐤋	H2919	10	0.10		
𐤅𐤌𐤌𐤍𐤅	H4480	17	0.82		
𐤋𐤇𐤊𐤌𐤄	H2451	8	0.62		
𐤅𐤋𐤐𐤃𐤅𐤕	H6299	6	0.67		
𐤉𐤕𐤄𐤋𐤋	H1984	6	1.00		
𐤁𐤂𐤀𐤅𐤕	H1348	6	0.17	H1346	0.3333333333333333
𐤄𐤃𐤁𐤅𐤓	H1697	11	1.00		
𐤅𐤄𐤇𐤊𐤌𐤄	H2451	7	1.00		
𐤅𐤁𐤉𐤓𐤀𐤄	H3372	3	1.00		
𐤋𐤐𐤕𐤅𐤕	H6626	8	0.12		
𐤉𐤏𐤃𐤄	H3259	3	0.67	H5709	0.3333333333333333
𐤉𐤃𐤏𐤅𐤄	H3045	3	1.00		
𐤀𐤕𐤀𐤃𐤅𐤍	H113	3	0.00	H853	0.3333333333333333
𐤓𐤀𐤕𐤄	H7200	25	0.96		
𐤅𐤀𐤆𐤍	H241	3	0.67	H239	0.0
𐤕𐤋𐤌𐤃𐤌	H3925	4	0.75		
𐤍𐤃𐤅𐤍𐤉𐤌	H1777	3	0.33		
𐤔𐤋𐤄𐤁𐤔𐤓	H1320	5	1.00		
𐤇𐤋𐤁	H2461	27	0.48	H2459	0.07407407407407407
𐤅𐤌𐤇𐤋𐤒𐤅𐤕	H4256	4	0.50		
𐤄𐤔𐤒𐤄	H7262	5	0.00	H8248	0.4
𐤄𐤑𐤌𐤉𐤇	H6779	3	0.67		
𐤅𐤁𐤍𐤉𐤍	H1124	5	0.40		
𐤁𐤅𐤍𐤄	H1129	16	0.44	H946	0.0625
𐤋𐤔𐤉𐤕	H7896	17	0.65		
𐤇𐤅𐤑	H2351	21	0.33		
𐤄𐤁𐤅𐤍𐤄	H1129	6	0.83		
𐤉𐤒𐤓𐤅𐤕	H3368	36	0.61		
𐤇𐤑𐤉𐤓	H2682	6	1.00	H2681	0.0
𐤒𐤔	H7179	4	0.50		
𐤌𐤀𐤔	H784	3	1.00		
𐤉𐤔𐤇𐤉𐤕	H7843	8	0.88		
𐤋𐤎𐤊𐤋	H5530	9	0.22		
𐤉𐤇𐤊𐤌	H2449	6	0.67		
𐤋𐤊𐤃	H3920	35	0.37	H3921	0.5714285714285714
𐤄𐤁𐤋	H1892	48	0.17	H1893	0.4791666666666667
𐤓𐤆𐤉	H7334	3	0.00	H7328	0.6666666666666666
𐤎𐤅𐤐	H5488	49	0.22	H5490	0.20408163265306123
𐤅𐤉𐤂𐤋𐤄	H1540	7	1.00		
𐤕𐤄𐤋𐤄	H8416	24	0.25	H8417	0.041666666666666664
𐤕𐤋𐤌𐤃𐤅	H3925	4	0.50		
𐤓𐤏𐤄𐤅	H7453	158	0.63		
𐤔𐤄𐤀𐤋𐤄𐤉𐤌	H430	5	0.40		
𐤄𐤑𐤉𐤂	H3322	15	0.40		
𐤄𐤔𐤐𐤋𐤉𐤌	H8217	6	0.17		
𐤋𐤓𐤀𐤅𐤄	H7200	6	0.83		
𐤎𐤊𐤋𐤉𐤌	H5530	6	0.33		
𐤂𐤁𐤅𐤓𐤉𐤌	H1368	20	0.40		
𐤍𐤊𐤁𐤃𐤉𐤌	H3513	16	0.88		
𐤍𐤒𐤋𐤉𐤌	H7043	5	0.40		
𐤌𐤍𐤅𐤇	H4495	14	0.00	H4494	0.8571428571428571
𐤅𐤉𐤂𐤏𐤉𐤌	H5060	3	1.00		
𐤁𐤏𐤌𐤋	H5999	28	0.39		
𐤅𐤍𐤄𐤉	H1961	6	0.33	H5092	0.3333333333333333
𐤊𐤁𐤍𐤉	H1121	13	0.77		
𐤀𐤌𐤍𐤉𐤌	H529	3	0.00	H539	1.0
𐤄𐤅𐤋𐤃𐤕𐤉	H3205	3	1.00		
𐤅𐤀𐤃𐤏𐤄	H3045	3	1.00		
𐤔𐤐𐤕𐤉𐤌	H8193	8	0.38	H8240	0.0
𐤁𐤔𐤁𐤈	H7626	18	0.94		
𐤁𐤀𐤄𐤁𐤄	H160	52	0.77		
𐤅𐤁𐤓𐤅𐤇	H7307	14	0.79		
𐤏𐤍𐤅𐤄	H6038	6	0.83	H6037	0.5
𐤍𐤔𐤌𐤏𐤕	H8085	5	1.00		
𐤉𐤅𐤎𐤓	H5493	15	0.73	H3256	0.4
𐤄𐤓𐤇𐤅𐤒	H7350	4	0.75		
𐤅𐤒𐤓𐤅𐤁	H7138	9	0.56		
𐤁𐤄𐤒𐤄𐤋𐤊𐤌	H6951	3	0.00		
𐤅𐤓𐤅𐤇𐤉	H7307	4	0.75		
𐤋𐤀𐤁𐤃𐤍	H6	4	0.50		
𐤁𐤀𐤂𐤓𐤕	H107	8	0.88		
𐤅𐤏𐤁𐤃𐤉	H5650	14	0.21	H5660	0.14285714285714285
𐤄𐤕𐤏𐤓𐤁	H6148	9	0.56		
𐤎𐤁𐤀	H5434	8	0.75	H5433	0.25
𐤁𐤓𐤉𐤁𐤅	H7379	4	0.50		
𐤄𐤒𐤃𐤔𐤉𐤌	H6944	45	0.89	H6945	0.2222222222222222
𐤀𐤕𐤄𐤌𐤋𐤀𐤊𐤉𐤌	H4397	3	1.00	H853	0.3333333333333333
𐤃𐤉𐤍𐤉	H1779	12	0.33	H1784	0.08333333333333333
𐤕𐤁𐤇𐤓𐤅	H977	3	1.00		
𐤀𐤕𐤀𐤇𐤉𐤊𐤌	H251	3	0.67	H853	0.3333333333333333
𐤀𐤋𐤕𐤕𐤏𐤅	H8582	3	1.00	H413	0.3333333333333333
𐤄𐤂𐤍𐤁𐤉𐤌	H1590	3	0.00		
𐤁𐤓𐤔𐤅𐤕𐤉	H7568	5	0.00		
𐤉𐤅𐤏𐤉𐤋	H3276	19	0.79		
𐤄𐤌𐤀𐤊𐤋	H3978	16	0.81		
𐤋𐤌𐤀𐤊𐤋	H3978	11	0.36		
𐤋𐤆𐤍𐤅𐤕	H2181	6	0.50		
𐤁𐤂𐤁𐤅𐤓𐤕𐤅	H1369	17	0.76		
𐤀𐤁𐤓𐤉	H46	5	0.00		
𐤀𐤒𐤇	H3947	17	0.47		
𐤆𐤅𐤍𐤄	H2181	5	0.80		
𐤄𐤃𐤁𐤒	H1692	5	1.00		
𐤄𐤆𐤍𐤅𐤕	H2181	3	0.33		
𐤇𐤅𐤁𐤕	H2326	5	0.00		
𐤋𐤁𐤏𐤋𐤄	H5921	16	0.88		
𐤔𐤋𐤈	H7980	6	1.00	H7981	1.0
𐤒𐤁𐤅𐤏	H6959	4	0.00		
𐤅𐤕𐤔𐤅𐤁𐤅	H7725	4	1.00		
𐤐𐤓𐤉𐤑𐤅𐤕	H6530	4	0.50		
𐤏𐤑𐤄	H6098	78	0.29	H6096	0.11538461538461539
𐤋𐤄𐤍𐤆𐤓	H5145	3	0.67		
𐤉𐤕𐤇𐤁𐤓𐤅	H2266	6	0.83		
𐤁𐤕𐤀𐤅𐤄	H8378	3	0.67		
𐤌𐤁𐤏𐤋𐤄	H5927	4	1.00	H1173	0.5
𐤕𐤔𐤁	H3427	13	0.62	H7725	0.5384615384615384
𐤋𐤀𐤇	H251	4	1.00		
𐤅𐤓𐤑𐤅𐤍𐤅	H7522	5	1.00		
𐤕𐤏𐤆𐤁𐤍𐤅	H5800	4	0.75		
𐤈𐤌𐤀𐤉𐤌	H2931	7	0.57		
𐤉𐤐𐤓𐤔	H6566	4	0.00	H6567	0.5
𐤌𐤔𐤏𐤁𐤃𐤉𐤌	H5650	4	0.75		
𐤋𐤇𐤐𐤔𐤉	H2670	44	0.55		
𐤁𐤌𐤔𐤌𐤓𐤕	H4931	4	0.50		
𐤄𐤁𐤕𐤅𐤋𐤅𐤕	H1330	12	1.00		
𐤀𐤋𐤕𐤁𐤒𐤔	H1245	4	1.00	H413	0.75
𐤑𐤓𐤅𐤕	H6869	49	0.37		
𐤁𐤁𐤔𐤓𐤌	H1320	11	0.27		
𐤄𐤍𐤔𐤅𐤀𐤉𐤌	H5375	18	0.94		
𐤊𐤀𐤉𐤍𐤌	H369	4	1.00		
𐤄𐤍𐤀𐤄	H4994	16	0.69		
𐤔𐤕𐤄𐤉𐤅	H8354	3	0.00		
𐤃𐤀𐤂𐤄	H1674	13	0.77		
𐤉𐤉𐤈𐤁	H3190	41	0.76	H3191	0.3902439024390244
𐤋𐤏𐤍𐤉𐤍𐤉	H5771	10	0.30		
𐤕𐤉𐤈𐤁	H3190	3	1.00		
𐤐𐤇	H6341	10	0.30	H6346	0.3
𐤋𐤌𐤏𐤔𐤄	H4639	30	0.83		
𐤊𐤄𐤂𐤍	H1588	5	0.00		
𐤇𐤅𐤁𐤄	H2327	33	0.18		
𐤀𐤆𐤉	H233	12	0.42		
𐤅𐤁𐤋𐤁𐤃	H905	3	1.00		
𐤃𐤏𐤕𐤉	H3045	13	1.00		
𐤆𐤁𐤇𐤉	H2077	18	0.94	H2076	0.9444444444444444
𐤅𐤄𐤀𐤄𐤁𐤄	H160	12	0.75		
𐤄𐤇𐤔𐤁	H2803	3	1.00		
𐤁𐤊𐤋𐤌	H3605	6	0.67		
𐤁𐤆𐤊𐤓𐤌	H2143	6	0.33		
𐤄𐤀𐤋𐤉𐤋	H457	3	0.33		
𐤄𐤇𐤋𐤅𐤔	H2523	3	1.00		
𐤍𐤀𐤊𐤋	H398	9	0.78		
𐤍𐤂𐤓𐤏	H1639	7	0.57		
𐤄𐤇𐤓𐤅𐤕	H6367	51	0.43		
𐤄𐤇𐤋𐤔𐤉𐤌	H2523	13	0.15		
𐤉𐤏𐤆	H5810	7	0.00		
𐤃𐤏𐤕𐤊	H1847	9	0.33		
𐤄𐤇𐤋𐤔	H2523	4	0.50		
𐤕𐤇𐤈𐤀𐤅	H2398	6	0.67		
𐤋𐤀𐤇𐤉𐤊𐤌	H251	7	0.57		
𐤇𐤅𐤕𐤌	H2368	16	0.56	H2856	0.5
𐤄𐤀𐤉𐤍	H369	8	0.50	H339	0.125
𐤁𐤉𐤃𐤍𐤅	H3027	9	0.67		
𐤌𐤌𐤋𐤀𐤊𐤄	H4399	3	1.00		
𐤋𐤑𐤁𐤀	H6635	24	1.00	H6633	0.75
𐤔𐤅𐤓	H7794	11	0.00	H5493	0.2727272727272727
𐤇𐤋𐤒𐤅	H2506	31	0.55	H2505	0.7741935483870968
𐤁𐤓𐤔𐤅𐤕	H7568	11	0.18		
𐤌𐤏𐤑𐤅𐤓	H4622	21	0.29		
𐤏𐤁𐤃𐤕	H5656	6	0.17	H5647	0.5
𐤋𐤒𐤇𐤉𐤌	H3947	4	0.75		
𐤇𐤋𐤒𐤌	H2506	14	0.57	H2505	0.6428571428571429
𐤕𐤒𐤍	H8626	12	0.25		
𐤏𐤋𐤄𐤁𐤔𐤅𐤓𐤄	H1309	3	1.00	H5921	0.6666666666666666
𐤉𐤄𐤉𐤄𐤋𐤉	H1961	3	1.00		
𐤐𐤒𐤃𐤕	H6486	15	0.67	H6485	0.9333333333333333
𐤌𐤔𐤌𐤓𐤕𐤉	H4931	3	0.33		
𐤔𐤊𐤓𐤉	H7939	6	0.17	H7916	0.3333333333333333
𐤄𐤔𐤕𐤌𐤔	H4185	17	0.65		
𐤀𐤒𐤍𐤄	H7069	4	0.00		
𐤒𐤍𐤅𐤕	H7069	3	0.33		
𐤇𐤋𐤒𐤉	H2506	25	0.68	H2511	0.04
𐤄𐤌𐤓𐤅𐤑𐤄	H4835	4	0.25		
𐤓𐤑𐤉𐤌	H7323	7	0.86		
𐤉𐤔𐤉𐤂	H5381	13	0.46		
𐤊𐤕𐤓	H3804	16	0.38	H3803	0.4375
𐤍𐤋𐤇𐤌	H3898	78	0.74		
𐤁𐤏𐤑𐤌𐤉	H6106	11	0.73		
𐤀𐤊𐤇𐤃	H3582	6	0.17		
𐤓𐤅𐤇𐤍𐤉	H7381	5	0.00		
𐤁𐤓𐤁𐤌	H7378	6	0.50		
𐤋𐤓𐤏𐤄	H7451	38	0.92	H7462	0.631578947368421
𐤄𐤕𐤀𐤅𐤅	H183	9	0.78		
𐤆𐤍𐤅	H2181	6	0.83		
𐤄𐤍𐤇𐤔𐤉𐤌	H5175	16	0.38		
𐤄𐤌𐤔𐤇𐤉𐤕	H7843	9	0.44	H4889	0.5555555555555556
𐤌𐤑𐤀𐤕𐤌	H4672	11	0.73		
𐤅𐤕𐤊𐤕𐤁	H3789	5	0.20		
𐤉𐤍𐤉𐤇	H5117	16	0.88	H3240	0.875
𐤀𐤌𐤉𐤕𐤍	H517	3	0.00		
𐤔𐤕𐤅𐤊𐤋𐤅	H3201	3	1.00		
𐤌𐤏𐤁𐤅𐤃𐤕	H5656	18	0.33		
𐤌𐤁𐤓𐤊𐤉𐤌	H1290	4	0.00		
𐤄𐤕𐤇𐤁𐤓𐤅𐤕	H2266	6	0.67		
𐤁𐤋𐤇𐤌	H3899	24	0.62		
𐤁𐤆𐤁𐤇𐤉	H2077	4	1.00		
𐤋𐤔𐤃𐤉𐤌	H7700	5	0.40		
𐤇𐤁𐤓𐤉𐤌	H2270	6	0.50	H2267	0.0
𐤇𐤆𐤒𐤉𐤌	H2389	29	0.66		
𐤌𐤊𐤔𐤋	H4383	3	0.33		
𐤅𐤌𐤋𐤅𐤀𐤄	H4393	4	0.00		
𐤓𐤏𐤊	H7453	8	0.50		
𐤕𐤔𐤐𐤈	H8199	6	0.83		
𐤁𐤕𐤅𐤃𐤄	H8426	9	0.22		
𐤌𐤔𐤁𐤇	H7624	9	0.33		
𐤌𐤎𐤓𐤕𐤉	H5493	5	0.20		
𐤅𐤓𐤀𐤔	H7218	18	0.61	H7220	0.3888888888888889
𐤉𐤕𐤐𐤋𐤋	H6419	10	0.90		
𐤅𐤓𐤀𐤔𐤅	H7218	8	0.62		
𐤐𐤓𐤅𐤏	H6544	3	0.33		
𐤅𐤊𐤁𐤅𐤃𐤅	H3519	9	0.56		
𐤐𐤓𐤏	H6319	4	0.00	H6545	0.25
𐤕𐤂𐤃𐤋	H1431	13	0.54		
𐤔𐤏𐤓𐤄	H8184	5	0.00	H8185	0.8
𐤊𐤉𐤍𐤕𐤍	H5414	3	1.00	H3588	0.6666666666666666
𐤋𐤏𐤓𐤏𐤓	H6177	3	0.33		
𐤅𐤌𐤒𐤑𐤕𐤅	H7117	7	0.57		
𐤊𐤕𐤅𐤕	H3807	4	0.00		
𐤉𐤅𐤃𐤏𐤅	H3045	6	0.67		
𐤄𐤆𐤊𐤓	H2145	8	0.62	H2142	0.5
𐤀𐤕𐤌𐤅𐤕	H4194	3	1.00	H853	0.6666666666666666
𐤉𐤁𐤇𐤍	H974	7	0.43		
𐤋𐤀𐤔𐤌𐤄	H819	3	0.00		
𐤇𐤓𐤌	H2764	11	0.36	H2763	0.8181818181818182
𐤅𐤔𐤍𐤅𐤕	H8141	4	0.25		
𐤄𐤌𐤕𐤍𐤅𐤕	H4979	26	0.96		
𐤄𐤕𐤂𐤋𐤅𐤕	H1523	3	0.33	H1540	0.3333333333333333
𐤃𐤁𐤅𐤓	H1696	3	1.00		
𐤅𐤋𐤀𐤇𐤓	H312	7	0.00		
𐤍𐤁𐤅𐤀𐤄	H935	9	0.78	H5016	0.8888888888888888
𐤌𐤉𐤍𐤉	H5106	55	0.18		
𐤄𐤓𐤂𐤋	H7272	5	0.80		
𐤄𐤁𐤏𐤁𐤅𐤓	H5668	3	0.67		
𐤄𐤓𐤉𐤇	H7381	8	0.25	H7306	0.375
𐤔𐤕	H8352	29	0.59	H7896	0.3448275862068966
𐤄𐤍𐤓𐤀𐤉𐤌	H7200	4	1.00		
𐤋𐤑𐤓𐤊	H6862	11	0.55		
𐤋𐤁𐤔𐤕	H1322	4	0.75	H3847	0.0
𐤌𐤆𐤂	H2085	8	0.00	H4197	0.625
𐤔𐤍𐤕𐤍	H5414	16	0.94		
𐤋𐤂𐤓𐤅𐤏	H1639	8	0.38		
𐤊𐤋𐤄𐤀𐤁𐤓𐤉𐤌	H83	3	0.00		
𐤅𐤔𐤋𐤉𐤔𐤉𐤕	H7969	6	1.00		
𐤅𐤌𐤉𐤍𐤉	H5106	3	0.00		
𐤄𐤊𐤋𐤌	H3605	7	0.29	H3637	0.42857142857142855
𐤅𐤌𐤋𐤀𐤊𐤉𐤌	H4397	4	0.75		
𐤊𐤍𐤇𐤔𐤕	H5178	3	0.33		
𐤕𐤓𐤅𐤏𐤄	H8643	14	0.64		
𐤕𐤄𐤉𐤄𐤋𐤉	H1961	3	0.67		
𐤅𐤀𐤃𐤏	H3045	4	1.00		
𐤄𐤓𐤉𐤌	H2022	50	0.64	H7311	0.6
𐤕𐤒𐤍𐤀	H7065	5	0.60	H7066	0.0
𐤕𐤁𐤒𐤔	H1245	22	0.64		
𐤕𐤔𐤌𐤇	H8055	8	0.88		
𐤕𐤔𐤀	H5375	21	0.81		
𐤕𐤀𐤌𐤉𐤍	H539	6	1.00		
𐤅𐤄𐤋𐤔𐤍𐤅𐤕	H3956	3	1.00		
𐤕𐤊𐤋𐤉𐤍𐤄	H3615	3	1.00		
𐤅𐤄𐤃𐤏𐤕	H1847	3	0.67		
𐤅𐤒𐤑𐤕	H7093	3	0.00		
𐤏𐤅𐤋𐤋	H5768	19	0.32	H5953	0.5263157894736842
𐤊𐤏𐤅𐤋𐤋	H5768	3	1.00		
𐤄𐤏𐤅𐤋𐤋	H5768	3	1.00		
𐤌𐤁𐤉𐤈𐤉𐤌	H4007	3	0.33		
𐤅𐤄𐤂𐤃𐤅𐤋𐤄	H1419	3	0.67		
𐤅𐤄𐤕𐤀𐤅𐤅	H183	3	0.33		
𐤎𐤅𐤃𐤅𐤕	H5475	4	0.75		
𐤅𐤋𐤉𐤎𐤓𐤌	H3256	3	0.33		
𐤅𐤇𐤐𐤑𐤕𐤉	H2654	4	1.00		
𐤕𐤁𐤍𐤄	H1129	9	0.78		
𐤄𐤏𐤃𐤄	H5712	21	0.62		
𐤅𐤀𐤃𐤁𐤓	H1696	11	0.91		
𐤁𐤇𐤆𐤅𐤍	H2377	4	0.75		
𐤁𐤍𐤁𐤅𐤀𐤄	H935	4	0.50		
𐤒𐤋𐤅𐤕	H6963	19	0.47	H7043	0.5789473684210527
𐤄𐤔𐤅𐤐𐤓	H7782	8	0.88		
𐤋𐤌𐤋𐤇𐤌𐤄	H4421	348	0.77		
𐤐𐤔𐤓	H6591	12	0.75	H6592	0.75
𐤍𐤊𐤓𐤉	H5237	30	0.77		
𐤌𐤕𐤀𐤅𐤉𐤌	H8372	3	0.00	H183	0.6666666666666666
𐤁𐤌𐤑𐤁	H4673	29	0.59		
𐤕𐤉𐤈𐤉𐤁	H3190	5	0.80		
𐤋𐤄𐤅𐤃𐤅𐤕	H3034	34	0.76		
𐤀𐤁𐤇𐤓	H977	6	0.50		
𐤌𐤋𐤉𐤍	H4405	4	1.00	H4406	1.0
𐤌𐤋𐤃𐤁𐤓	H1696	7	1.00		
𐤁𐤁𐤉𐤍𐤄	H998	3	0.67		
𐤔𐤐𐤄	H8193	13	0.69		
𐤅𐤁𐤋𐤔𐤅𐤍	H3956	5	1.00		
𐤋𐤌𐤀𐤌𐤉𐤍𐤉𐤌	H521	6	0.00	H4519	0.0
𐤄𐤍𐤁𐤅𐤀𐤄	H5016	20	0.80		
𐤅𐤉𐤁𐤅𐤀𐤅	H935	268	0.68		
𐤀𐤔𐤓𐤀𐤉𐤍𐤌	H369	3	0.00	H834	0.6666666666666666
𐤅𐤉𐤔𐤕𐤇𐤅𐤄	H7812	7	0.71		
𐤌𐤆𐤌𐤅𐤓	H4210	10	0.50		
𐤋𐤔𐤅𐤍	H3956	47	0.60		
𐤇𐤆𐤅𐤍	H2377	18	0.72		
𐤋𐤄𐤁𐤍𐤅𐤕	H1129	4	1.00		
𐤉𐤁𐤇𐤍𐤅	H974	4	0.25		
𐤋𐤄𐤕𐤍𐤁𐤀	H5012	3	0.67		
𐤉𐤆𐤄𐤓𐤅	H2094	3	0.00		
𐤅𐤓𐤅𐤇𐤅𐤕	H7307	5	0.80		
𐤍𐤔𐤉𐤊𐤌	H802	4	1.00		
𐤋𐤍𐤔𐤉𐤌	H802	44	0.61		
𐤋𐤁𐤃𐤊𐤌	H905	7	0.86		
𐤀𐤅𐤃𐤉𐤏𐤊𐤌	H3045	3	1.00		
𐤁𐤔𐤓𐤕𐤉	H1319	4	1.00		
𐤇𐤈𐤀𐤕𐤉𐤍𐤅	H2403	8	0.12		
𐤄𐤅𐤒𐤌	H6965	37	0.70		
𐤋𐤉𐤅𐤕𐤓	H8446	4	0.25		
𐤌𐤇𐤌𐤔	H2568	5	1.00		
𐤓𐤁𐤌	H7227	10	0.80		
𐤓𐤉𐤒	H7385	7	0.57		
𐤂𐤌𐤀𐤔𐤓	H834	3	0.00	H1571	0.3333333333333333
𐤀𐤁𐤃𐤅	H6	42	0.83		
𐤀𐤌𐤋𐤋𐤉𐤌	H535	8	0.12	H537	0.0
𐤋𐤓𐤀𐤔𐤉𐤕	H7225	8	0.88		
𐤄𐤉𐤔𐤍𐤉𐤌	H8141	15	0.80		
𐤁𐤈𐤋𐤅	H989	5	0.20	H988	0.2
𐤅𐤀𐤇𐤓𐤅𐤍	H314	4	0.75		
𐤄𐤀𐤉𐤁𐤉𐤌	H341	4	1.00		
𐤄𐤅𐤔𐤕	H8359	3	0.00		
𐤁𐤊𐤋𐤔𐤏𐤄	H3962	3	0.00		
𐤁𐤊𐤋𐤉𐤅𐤌	H3627	4	0.00		
𐤍𐤋𐤇𐤌𐤕𐤉	H3898	4	0.50		
𐤅𐤍𐤔𐤕𐤄	H8354	3	0.33		
𐤇𐤁𐤓𐤕	H2266	3	1.00	H2273	0.6666666666666666
𐤌𐤃𐤅𐤕	H4060	14	0.64		
𐤁𐤌𐤉𐤔𐤓𐤉𐤌	H4339	11	0.09		
𐤋𐤌𐤉𐤍𐤄𐤅	H4327	9	0.33		
𐤌𐤉𐤍	H4310	23	0.48	H4327	0.782608695652174
𐤅𐤌𐤉𐤍	H4310	3	0.00		
𐤄𐤁𐤄𐤌𐤄	H929	24	0.50		
𐤂𐤅𐤐𐤅𐤕	H1480	10	0.50		
𐤄𐤉𐤓𐤇	H3394	21	0.48		
𐤄𐤊𐤅𐤊𐤁𐤉𐤌	H3556	30	0.63		
𐤍𐤁𐤃𐤋	H914	18	0.56		
𐤋𐤍𐤐𐤔	H5315	13	0.77		
𐤌𐤇𐤉𐤄	H4241	14	0.57	H2421	0.5
𐤔𐤋𐤄𐤓𐤅𐤇	H7307	3	1.00		
𐤌𐤍𐤄𐤀𐤃𐤌𐤄	H127	3	1.00	H4480	0.3333333333333333
𐤅𐤄𐤀𐤃𐤌	H120	3	0.00		
𐤌𐤏𐤐𐤓	H6083	8	0.62		
𐤋𐤓𐤔𐤕	H3423	41	0.73		
𐤀𐤂𐤉𐤃𐤄	H5046	4	1.00		
𐤉𐤕𐤒𐤏	H8628	3	1.00		
𐤋𐤊𐤋𐤉𐤅𐤍	H3630	11	0.09		
𐤉𐤋𐤁𐤔	H3847	14	0.50	H3848	0.2857142857142857
𐤀𐤋𐤌𐤅𐤕	H197	10	0.00	H361	0.0
𐤅𐤊𐤇	H3581	19	0.84		
𐤄𐤕𐤊𐤅𐤍𐤍𐤅	H3559	8	0.88		
𐤅𐤄𐤓𐤁𐤅	H7235	15	0.87		
𐤄𐤕𐤓𐤅𐤌𐤅𐤕	H8641	4	0.75		
𐤉𐤒𐤁𐤑	H6908	4	1.00		
𐤔𐤂𐤌	H1571	50	0.84		
𐤏𐤁𐤓𐤉	H5674	22	0.82	H5676	0.8181818181818182
𐤅𐤀𐤅𐤋𐤉	H194	40	0.70		
𐤀𐤔𐤁	H3427	5	0.60	H7725	1.0
𐤄𐤌𐤕𐤒𐤅𐤌𐤌𐤉𐤌	H6965	8	0.88	H4519	0.0
𐤔𐤉𐤄𐤉𐤄	H1961	43	0.91		
𐤔𐤋𐤇𐤄𐤅	H7971	5	0.80		
𐤁𐤓𐤑𐤅𐤍𐤅	H7522	29	0.86		
𐤅𐤏𐤌𐤃𐤅	H5975	22	0.59	H5982	0.13636363636363635
𐤅𐤄𐤕𐤇𐤆𐤒𐤅	H2388	5	1.00		
𐤅𐤀𐤁𐤒𐤔𐤄	H1245	3	0.67		
𐤄𐤊𐤍𐤏𐤅	H3665	6	1.00		
𐤉𐤇𐤓𐤌	H2763	3	0.33		
𐤊𐤋𐤄𐤒𐤃𐤔𐤉𐤌	H6944	5	1.00		
𐤄𐤓𐤇𐤌𐤉𐤌	H7356	11	0.64		
𐤁𐤍𐤇𐤌𐤄	H5162	3	1.00		
𐤊𐤓𐤁	H7230	10	0.80		
𐤊𐤇𐤄	H3581	7	0.86		
𐤁𐤏𐤍𐤅𐤉𐤌	H6030	10	0.80		
𐤊𐤁𐤃𐤄	H3513	13	0.92		
𐤌𐤍𐤄𐤇𐤉𐤉𐤌	H2416	4	0.75	H4480	0.5
𐤄𐤑𐤉𐤋𐤍𐤅	H5337	6	0.67		
𐤌𐤑𐤉𐤋	H5337	7	0.71		
𐤌𐤒𐤅𐤉𐤌	H4725	3	0.67		
𐤉𐤅𐤃𐤅	H3034	7	0.86		
𐤔𐤄𐤉𐤕𐤄	H1961	29	0.93		
𐤕𐤄𐤋𐤕𐤍𐤅	H8416	3	0.00		
𐤁𐤕𐤌	H8537	14	0.29		
𐤅𐤉𐤔𐤓	H3477	35	0.51	H3474	0.7428571428571429
𐤄𐤕𐤄𐤋𐤊𐤍𐤅	H1980	3	0.67		
𐤅𐤀𐤒𐤅𐤄	H6960	4	0.50		
𐤅𐤁𐤁𐤈𐤇𐤅𐤍	H982	3	1.00		
𐤅𐤐𐤏𐤌	H6471	27	0.93		
𐤏𐤋𐤉𐤃𐤉𐤍𐤅	H3027	6	0.83	H5921	1.0
𐤁𐤋𐤁𐤍𐤅	H1121	11	0.91		
𐤁𐤀𐤌𐤅𐤍𐤕𐤊𐤌	H530	5	1.00		
𐤏𐤌𐤃𐤕𐤌	H5975	3	0.67		
𐤁𐤋𐤁𐤉	H3820	26	0.88	H3821	0.6538461538461539
𐤅𐤁𐤈𐤇	H982	12	0.42	H983	0.75
𐤔𐤌𐤇𐤕	H8057	11	0.73	H8055	0.9090909090909091
𐤄𐤉𐤕𐤓𐤄	H3499	11	0.64		
𐤄𐤏𐤑𐤉𐤁	H6089	4	0.75		
𐤄𐤕𐤅𐤊𐤇𐤄	H8433	4	0.75		
𐤁𐤂𐤃𐤋	H1431	19	0.79	H1419	0.7368421052631579
𐤌𐤆𐤌𐤅𐤕𐤉𐤅	H4209	7	0.86		
𐤅𐤉𐤑𐤀𐤕𐤉	H3318	4	1.00		
𐤍𐤉𐤇𐤇	H5207	3	1.00		
𐤄𐤀𐤁𐤃𐤉𐤌	H6	6	1.00		
𐤅𐤋𐤀𐤋𐤄	H428	13	0.77	H433	0.0
𐤄𐤏𐤔𐤉𐤌	H6213	5	0.80		
𐤄𐤍𐤇𐤋	H5158	42	0.60	H5157	0.35714285714285715
𐤄𐤊𐤕𐤅𐤁𐤄	H3789	9	0.22		
𐤅𐤍𐤒𐤓𐤀𐤄	H7121	4	0.75		
𐤔𐤀𐤕𐤌	H853	9	1.00		
𐤏𐤓𐤅𐤊𐤄	H6186	4	0.50		
𐤁𐤃𐤉𐤅	H905	4	0.25	H1773	0.5
𐤏𐤋𐤋𐤅𐤇𐤅𐤕	H2334	4	0.00	H5921	0.75
𐤅𐤊𐤆𐤄	H2088	37	0.43		
𐤁𐤈𐤇𐤅𐤍𐤍𐤅	H986	4	0.75		
𐤋𐤌𐤔𐤓𐤕𐤉	H8334	3	0.67		
𐤁𐤓𐤉𐤕	H1285	216	0.61	H1170	0.013888888888888888
𐤁𐤀𐤅𐤕𐤉𐤅𐤕	H853	6	0.83		
𐤋𐤄𐤁𐤉𐤈	H5027	24	0.83		
𐤔𐤓𐤅𐤕	H8282	7	0.00	H7891	0.2857142857142857
𐤄𐤍𐤏𐤋𐤄	H5927	7	1.00	H5954	0.14285714285714285
𐤐𐤕𐤇𐤅𐤍	H6610	4	0.00		
𐤐𐤉𐤍𐤅	H6310	4	1.00		
𐤌𐤎𐤅𐤄	H4533	3	0.67		
𐤁𐤒𐤓𐤀𐤌	H7121	6	0.67		
𐤄𐤉𐤔𐤍𐤄	H3465	27	0.56	H3466	0.25925925925925924
𐤄𐤌𐤎𐤅𐤄	H4533	3	0.67		
𐤀𐤕𐤌𐤔𐤄	H4872	5	0.80	H853	0.0
𐤌𐤅𐤍𐤇	H4495	4	0.00		
𐤌𐤂𐤋𐤉𐤌	H1554	7	0.29	H1540	0.7142857142857143
𐤍𐤇𐤕	H5183	21	0.57	H5182	0.7619047619047619
𐤄𐤁𐤔𐤕	H1322	6	1.00	H3001	0.6666666666666666
𐤊𐤋𐤁𐤍𐤉	H1121	8	0.62	H3605	0.25
𐤍𐤏𐤋𐤌𐤄	H5956	8	0.38		
𐤍𐤅𐤀𐤔𐤉𐤌	H816	3	1.00		
𐤍𐤓𐤃𐤐𐤉𐤌	H7291	3	0.33		
𐤍𐤈𐤅𐤔𐤉𐤌	H5203	4	0.75		
𐤀𐤁𐤃𐤉𐤌	H6	4	1.00		
𐤅𐤍𐤔𐤀𐤉𐤌	H5375	6	1.00		
𐤉𐤀𐤌𐤑	H553	8	0.50		
𐤄𐤕𐤅𐤃𐤄	H8426	5	0.80	H3034	0.8
𐤒𐤋	H7031	55	0.09	H6963	0.12727272727272726
𐤋𐤓𐤂𐤏	H7281	7	0.71		
𐤁𐤍𐤉𐤍	H1124	42	0.69	H1146	0.7619047619047619
𐤂𐤌𐤏𐤕𐤄	H6258	5	0.60	H1571	0.0
𐤍𐤀𐤍𐤇𐤉𐤌	H584	3	0.67		
𐤏𐤓𐤌𐤉𐤌	H6194	8	0.12		
𐤉𐤁𐤋𐤏	H1104	6	0.50		
𐤁𐤈𐤅𐤇𐤉𐤌	H982	21	0.48		
𐤊𐤋𐤏𐤅𐤃	H5750	3	1.00	H3605	0.0
𐤓𐤇𐤅𐤒𐤉𐤌	H7350	20	0.80		
𐤋𐤄𐤕𐤓𐤇𐤒	H7368	4	0.25		
𐤒𐤓𐤅𐤁𐤉𐤌	H7138	38	0.82		
𐤋𐤓𐤑𐤅𐤍	H7522	41	0.68		
𐤐𐤏𐤋𐤅	H6467	4	0.25	H6466	0.5
𐤀𐤌𐤈𐤅𐤁	H2896	3	0.67	H518	1.0
𐤍𐤕𐤍𐤉𐤌	H5414	4	0.75		
𐤋𐤄𐤕𐤐𐤀𐤓	H6286	6	0.17		
𐤄𐤉𐤔𐤍𐤅𐤕	H8145	7	0.86		
𐤋𐤇𐤃𐤔	H2320	100	0.75	H2318	0.23
𐤅𐤉𐤕𐤍𐤋𐤍𐤅	H5414	3	0.33		
𐤄𐤓𐤑𐤅𐤉	H7521	3	1.00		
𐤅𐤊𐤀𐤋𐤅	H354	7	0.00		
𐤍𐤁𐤒𐤔	H1245	7	1.00		
𐤋𐤇𐤈𐤀𐤕	H2403	11	0.73		
𐤁𐤊𐤋𐤃𐤁𐤓	H1696	16	0.44		
𐤁𐤋𐤇𐤑	H3906	3	1.00		
𐤁𐤌𐤊𐤅𐤕	H4347	8	0.00		
𐤁𐤈𐤄𐤓𐤄	H2893	11	0.36		
𐤅𐤁𐤃𐤏𐤕	H1847	12	0.58		
𐤅𐤁𐤀𐤓𐤊	H753	6	0.17		
𐤅𐤁𐤇𐤎𐤃	H2617	5	1.00		
𐤅𐤁𐤀𐤄𐤁𐤄	H157	8	1.00		
𐤑𐤁𐤅𐤏𐤄	H6641	3	0.00		
𐤅𐤁𐤒𐤋𐤅𐤍	H6963	3	0.00		
𐤉𐤃𐤅𐤏𐤉𐤌	H3037	9	0.11		
𐤅𐤓𐤇𐤁	H7341	10	0.50	H7337	0.4
𐤋𐤀𐤑𐤓	H214	3	0.33		
𐤂𐤌𐤅𐤋𐤉	H1580	3	0.33	H1576	0.3333333333333333
𐤀𐤋𐤁𐤍𐤉𐤌	H1121	3	0.33	H413	0.3333333333333333
𐤃𐤁𐤒	H1692	15	0.73	H1695	0.13333333333333333
𐤊𐤉𐤀𐤕𐤌	H853	4	0.00	H3588	0.75
𐤔𐤀𐤌𐤓	H559	19	0.79		
𐤅𐤔𐤊𐤍𐤕𐤉	H7931	3	0.67		
𐤅𐤄𐤉𐤉𐤕𐤉	H1961	15	0.60		
𐤅𐤋𐤁𐤍𐤅𐤕	H1129	16	0.62		
𐤄𐤄𐤁𐤈𐤇𐤅𐤕	H982	10	0.30		
𐤋𐤄𐤔𐤋𐤉𐤌	H7944	36	0.00		
𐤅𐤉𐤇𐤃	H2302	60	0.15	H3162	0.8333333333333334
𐤕𐤄𐤋𐤕𐤉	H8416	3	0.00		
𐤍𐤇𐤌𐤄	H5162	6	0.83		
𐤁𐤄𐤂𐤉𐤃𐤅	H5046	4	0.75		
𐤄𐤅𐤎𐤐𐤕𐤉	H3254	5	1.00		
𐤋𐤔𐤌𐤅𐤇	H8055	14	0.43		
𐤁𐤓𐤀𐤅𐤕𐤉	H1254	12	0.08		
𐤍𐤆𐤒	H5142	11	0.73	H5143	0.36363636363636365
𐤕𐤐𐤏𐤋	H6466	3	0.67		
𐤋𐤉𐤓𐤀𐤄	H3372	5	0.40		
𐤋𐤒𐤍𐤀𐤄	H7068	4	0.75		
𐤁𐤔𐤌𐤇𐤕	H8057	12	0.42		
𐤁𐤆𐤊𐤓𐤅	H2142	17	0.82		
𐤄𐤋𐤇𐤑	H3906	8	0.50		
𐤓𐤁𐤕𐤄	H7235	5	1.00	H7237	0.4
𐤔𐤌𐤇𐤕𐤌	H2368	7	0.00	H8055	0.7142857142857143
𐤀𐤄𐤁𐤕𐤊𐤌	H157	6	0.83		
𐤓𐤔	H7326	3	0.67	H3423	1.0
𐤔𐤏𐤁𐤓𐤄	H5674	4	1.00		
𐤍𐤃𐤉𐤁𐤄	H5071	15	0.67	H5081	0.6666666666666666
𐤓𐤑𐤅𐤉𐤄	H7521	7	0.86		
𐤄𐤏𐤃𐤉𐤐	H5736	3	0.67		
𐤄𐤌𐤓𐤁𐤄	H7235	3	1.00		
𐤄𐤇𐤎𐤉𐤓	H2637	4	0.75		
𐤅𐤕𐤅𐤃𐤅𐤕	H8426	3	1.00		
𐤌𐤓𐤑𐤅𐤍	H7522	6	1.00		
𐤅𐤍𐤔𐤋𐤇	H7971	3	1.00		
𐤁𐤇𐤍𐤅	H974	4	0.50		
𐤁𐤈𐤇𐤅𐤍𐤅	H982	4	0.75		
𐤀𐤕𐤀𐤄𐤁𐤕𐤊𐤌	H157	3	1.00	H853	0.3333333333333333
𐤌𐤔𐤍𐤄	H4932	24	0.42	H8138	0.6666666666666666
𐤅𐤕𐤏𐤓	H6168	3	0.33		
𐤄𐤒𐤍𐤀𐤄	H7068	12	0.83		
𐤄𐤉𐤅𐤑𐤀𐤕	H3318	3	0.67		
𐤊𐤏𐤉𐤍	H5869	18	0.83		
𐤁𐤁𐤓𐤊𐤅𐤕	H1288	5	0.60		
𐤌𐤑𐤏𐤓	H4705	32	0.62	H6820	0.15625
𐤌𐤀𐤍𐤎	H597	4	0.00		
𐤁𐤔𐤐𐤏	H8228	20	0.35		
𐤁𐤊𐤋𐤌𐤏𐤔𐤄	H4639	3	1.00	H3605	1.0
𐤑𐤃𐤒𐤕𐤅	H6666	15	0.87		
𐤏𐤌𐤃𐤕	H5975	6	0.67	H5979	0.0
𐤅𐤉𐤓𐤁𐤄	H7235	10	0.60		
𐤄𐤏𐤁𐤅𐤃𐤄	H5656	63	0.52		
𐤅𐤕𐤅𐤃𐤄	H8426	5	0.80		
𐤁𐤏𐤍𐤅𐤕	H6030	3	0.00		
𐤔𐤐𐤋	H8217	15	0.20	H8216	0.5333333333333333
𐤕𐤒𐤉𐤐	H5362	4	0.50		
𐤌𐤋𐤇𐤌𐤕𐤍𐤅	H4421	3	0.33		
𐤌𐤁𐤑𐤓𐤉𐤌	H6697	8	0.75	H4013	0.875
𐤕𐤇𐤁𐤋𐤅𐤕	H8458	4	0.75		
𐤅𐤍𐤊𐤅𐤍𐤉𐤌	H3559	10	0.80		
𐤋𐤍𐤒𐤌	H5359	17	0.35	H5358	0.9411764705882353
𐤍𐤒𐤌𐤄	H5360	31	0.61		
𐤉𐤁𐤈𐤇	H982	6	0.67		
𐤀𐤁𐤅𐤔	H954	4	0.75		
𐤄𐤀𐤂𐤓𐤅𐤕	H107	36	1.00		
𐤒𐤔𐤅𐤕	H7186	25	0.36	H7184	0.0
𐤅𐤇𐤆𐤒𐤅𐤕	H2388	3	1.00		
𐤍𐤁𐤆𐤄	H959	12	0.50	H962	0.4166666666666667
𐤔𐤀𐤍𐤇𐤍𐤅	H587	9	0.33		
𐤁𐤃𐤁𐤅𐤓	H1697	10	0.90		
𐤐𐤍𐤉𐤍𐤅	H6437	5	0.60	H6440	0.8
𐤄𐤂𐤁𐤅𐤋	H1366	15	0.93		
𐤋𐤇𐤒	H2706	15	0.80		
𐤕𐤔𐤀𐤅	H5375	8	0.88	H5377	0.125
𐤒𐤍𐤀𐤕	H7068	16	0.50	H7065	0.5625
𐤁𐤕𐤅𐤋𐤄	H1330	22	0.82		
𐤈𐤄𐤅𐤓𐤄	H2889	14	0.36		
𐤄𐤔𐤉𐤀	H5377	8	1.00		
𐤄𐤍𐤇𐤔	H5175	16	0.44		
𐤁𐤏𐤓𐤌𐤕𐤅	H6194	5	0.00		
𐤀𐤕𐤇𐤅𐤄	H2332	3	0.67	H853	0.6666666666666666
𐤅𐤄𐤂𐤉𐤃	H5046	3	0.67		
𐤊𐤋𐤊𐤊	H3605	5	0.80		
𐤁𐤒𐤇𐤕𐤉	H3947	4	0.25		
𐤋𐤌𐤔𐤀	H4853	14	0.64		
𐤄𐤏𐤋	H5921	4	1.00	H5927	1.0
𐤏𐤋𐤉𐤋𐤄	H5949	27	0.52		
𐤔𐤋𐤉𐤇𐤉	H7972	4	0.00		
𐤋𐤌𐤋𐤀𐤊	H4397	3	1.00		
𐤌𐤏𐤋𐤋𐤉𐤄𐤌	H4611	10	0.80		
𐤅𐤀𐤔𐤅𐤁	H7725	6	1.00		
𐤀𐤕𐤄𐤋𐤋	H1985	4	0.00	H853	0.5
𐤁𐤊𐤋𐤀𐤔𐤓	H834	6	0.83	H3605	0.6666666666666666
𐤋𐤌𐤀𐤃	H3966	21	0.95		
𐤁𐤌𐤅𐤎𐤓𐤅𐤕	H4148	10	0.50		
𐤁𐤌𐤎𐤏𐤅𐤕	H4551	4	1.00		
𐤁𐤎𐤊𐤍𐤅𐤕	H5532	4	0.00		
𐤍𐤄𐤓𐤅𐤕	H5104	9	0.78		
𐤎𐤊𐤍𐤅𐤕	H5532	12	0.50		
𐤅𐤁𐤑𐤌𐤀	H6772	4	0.75		
𐤉𐤁𐤏𐤓	H1197	4	0.25		
𐤄𐤍𐤑𐤁	H5324	9	0.56	H5325	0.0
𐤄𐤇𐤋𐤅𐤍	H2474	3	0.67		
𐤌𐤉𐤃𐤉𐤅	H3027	6	1.00		
𐤌𐤀𐤉𐤔	H376	22	0.82		
𐤊𐤌𐤅𐤄𐤅	H4100	63	0.43		
𐤋𐤄𐤎𐤉𐤓𐤅	H5493	6	0.67		
𐤕𐤔𐤋𐤌	H7999	10	0.80		
𐤂𐤁𐤅𐤓𐤕𐤉	H1369	3	0.67		
𐤄𐤔𐤋𐤉𐤇	H7971	11	0.64		
𐤅𐤁𐤂𐤁𐤅𐤓𐤅𐤕	H1369	3	0.67		
𐤍𐤐𐤔𐤅𐤕𐤉𐤊𐤌	H5315	13	0.69		
𐤁𐤌𐤓𐤌𐤄	H4820	34	0.65		
𐤋𐤊𐤃𐤕𐤉	H3920	3	0.33		
𐤁𐤒𐤔𐤕𐤉	H1245	15	0.60	H1246	0.13333333333333333
𐤅𐤔𐤋𐤇𐤕𐤉	H7971	17	0.76		
𐤁𐤌𐤏𐤂𐤋	H4570	4	0.25		
𐤄𐤕𐤇𐤔𐤁𐤅	H2803	5	1.00		
𐤅𐤓𐤂𐤆	H7267	3	1.00	H7264	1.0
𐤅𐤌𐤓𐤉𐤁𐤅𐤕	H7379	4	0.75	H4519	0.0
𐤅𐤃𐤁𐤄	H1681	5	0.20		
𐤅𐤂𐤀𐤅𐤕	H1346	6	0.33		
𐤀𐤒𐤅𐤄	H6960	6	0.00		
𐤌𐤕𐤇𐤍𐤍	H2603	5	1.00	H2604	0.2
𐤉𐤊𐤅𐤋𐤉𐤌	H3201	16	1.00		
𐤌𐤔𐤐𐤈𐤉𐤌	H4941	11	0.82		
𐤋𐤄𐤓𐤅𐤎	H2040	5	0.60		
𐤅𐤄𐤕𐤊𐤅𐤍𐤍𐤅	H3559	3	1.00		
𐤅𐤌𐤀𐤕	H3967	49	0.24	H853	0.2653061224489796
𐤕𐤌𐤄	H8536	11	0.00		
𐤌𐤀𐤇𐤓𐤉	H310	51	0.69	H309	0.47058823529411764
𐤆𐤓𐤄	H2114	19	0.58	H2219	0.5263157894736842
𐤁𐤔𐤓𐤍𐤅	H1320	5	0.40		
𐤔𐤀𐤌𐤓𐤍𐤅	H559	11	1.00		
𐤌𐤅𐤃𐤉𐤏	H4069	10	0.10	H3045	0.9
𐤁𐤏𐤌𐤉	H5971	3	0.33		
𐤀𐤁𐤅𐤕𐤉	H1	26	0.58		
𐤅𐤉𐤒𐤓𐤀𐤍𐤉	H7121	3	0.33		
𐤔𐤁𐤕𐤉	H7725	16	0.94	H3427	1.0
𐤅𐤀𐤔𐤁	H3427	13	0.62	H7725	0.46153846153846156
𐤋𐤀𐤓𐤀𐤉𐤕𐤉	H7200	3	0.33	H3808	0.3333333333333333
𐤀𐤊𐤆𐤁	H3576	4	0.75	H391	0.25
𐤅𐤀𐤒𐤇	H3947	14	0.14		
𐤌𐤇𐤆𐤄	H4236	9	0.11	H4237	0.1111111111111111
𐤄𐤇𐤔𐤅𐤁𐤉𐤌	H2803	5	0.40		
𐤔𐤁𐤄𐤌	H7617	31	0.48		
𐤋𐤌𐤔𐤌𐤏𐤕𐤌	H8085	3	0.33	H4519	0.0
𐤀𐤌𐤕𐤄	H519	10	0.60		
𐤔𐤉𐤄𐤉𐤅	H1961	18	0.83		
𐤉𐤌𐤉𐤍𐤌	H3225	19	0.89		
𐤋𐤏𐤔𐤅𐤕𐤄	H6213	10	0.80		
𐤀𐤔𐤌	H817	26	0.15	H7760	0.7692307692307693
𐤌𐤉𐤓𐤀𐤕𐤅	H3372	12	1.00		
𐤋𐤊𐤕	H3212	7	0.86		
𐤊𐤍𐤊𐤓𐤉	H5237	3	0.00		
𐤀𐤕𐤄𐤂𐤅𐤉𐤌	H1471	6	1.00	H853	0.3333333333333333
𐤅𐤀𐤁𐤍𐤄	H1129	3	0.67		
𐤄𐤕𐤏𐤄	H8582	5	0.00		
𐤀𐤋𐤄𐤀𐤌𐤕	H571	4	1.00	H413	1.0
𐤑𐤉𐤓	H6735	9	0.67	H6736	0.1111111111111111
𐤎𐤁𐤋𐤕𐤌	H5450	6	0.00		
𐤅𐤕𐤇𐤔𐤁	H2803	14	0.64		
𐤉𐤑𐤃𐤉𐤒	H6663	3	0.33		
𐤉𐤕𐤁𐤓𐤊𐤅	H1288	3	1.00		
𐤄𐤒𐤋𐤋𐤄	H7045	4	0.25		
𐤀𐤓𐤅𐤓	H779	17	0.24		
𐤅𐤂𐤋𐤅𐤉	H1540	8	0.88		
𐤐𐤃𐤍𐤅	H6306	4	0.25		
𐤋𐤒𐤋𐤋𐤄	H7045	7	0.43		
𐤕𐤋𐤅𐤉	H8518	21	0.38		
𐤀𐤐𐤋𐤅	H652	3	0.00		
𐤍𐤀𐤌𐤓𐤅	H559	12	0.92		
𐤅𐤋𐤆𐤓𐤏𐤊	H2233	19	0.68		
𐤅𐤔𐤋𐤔𐤉𐤌	H7970	55	0.84	H7992	0.8909090909090909
𐤀𐤕𐤄𐤄𐤁𐤈𐤇𐤄	H982	4	0.25	H853	0.25
𐤄𐤍𐤇𐤋𐤄	H5159	14	0.86		
𐤄𐤐𐤔𐤏𐤉𐤌	H6586	4	1.00		
𐤍𐤅𐤎𐤐𐤄	H3254	6	0.83		
𐤅𐤁𐤉𐤃	H3027	17	0.59		
𐤌𐤋𐤉𐤑	H3887	7	0.57		
𐤁𐤊𐤇𐤄	H3581	3	1.00		
𐤋𐤄𐤇𐤉𐤅𐤕	H2421	11	0.64		
𐤎𐤂𐤓	H5462	26	0.77	H5463	0.5769230769230769
𐤕𐤍𐤕𐤍	H5414	11	0.82	H5415	0.18181818181818182
𐤎𐤂𐤅𐤓𐤉𐤌	H5462	15	0.60		
𐤄𐤏𐤕𐤉𐤃𐤄	H6264	21	0.38		
𐤀𐤋𐤄𐤌𐤔𐤉𐤇	H4899	3	0.33	H413	0.6666666666666666
𐤍𐤒𐤁𐤄	H5347	8	0.38	H5344	0.75
𐤁𐤉𐤍𐤅	H996	24	0.79	H995	0.7916666666666666
𐤌𐤀𐤔𐤄	H802	5	1.00		
𐤋𐤐𐤃𐤅𐤕	H6299	11	0.55		
𐤌𐤇𐤃𐤔	H2320	51	0.27		
𐤁𐤆𐤉𐤕𐤌	H959	4	0.50		
𐤋𐤈𐤅𐤁𐤄	H2896	46	0.80		
𐤇𐤐𐤑𐤌	H2656	33	0.55		
𐤌𐤏𐤋𐤉𐤍𐤅	H5921	11	0.91		
𐤋𐤒𐤍𐤀	H7067	10	0.20		
𐤇𐤁𐤋𐤉	H2256	6	0.33	H2259	0.0
𐤍𐤁𐤅𐤊	H5015	21	0.43		
𐤔𐤄𐤉𐤅	H1961	51	0.90		
𐤅𐤄𐤃𐤁𐤓𐤉𐤌	H1697	8	0.88	H1696	0.625
𐤌𐤍𐤄𐤓	H2022	15	0.67	H4480	0.7333333333333333
𐤄𐤉𐤅𐤋𐤃𐤕	H3205	5	1.00		
𐤋𐤏𐤁𐤃𐤅𐤕	H5656	8	0.50		
𐤄𐤂𐤓	H1481	28	0.14	H1904	0.21428571428571427
𐤁𐤏𐤁𐤃𐤅𐤕	H5656	6	0.17		
𐤔𐤋𐤌𐤏𐤋𐤄	H4605	3	1.00		
𐤇𐤐𐤔𐤉𐤄	H2668	3	0.67		
𐤓𐤍𐤄	H7440	3	1.00	H7441	0.3333333333333333
𐤊𐤍𐤄𐤅𐤀	H1931	3	0.00	H3651	0.6666666666666666
𐤁𐤇𐤓𐤅𐤕	H2734	12	0.42		
𐤋𐤄𐤋𐤊𐤃	H3920	7	0.71		
𐤄𐤏𐤁𐤃𐤅𐤕	H5650	15	0.33		
𐤉𐤌𐤅𐤋	H4135	6	0.83		
𐤋𐤕𐤒𐤅𐤕	H8615	5	1.00		
𐤄𐤏𐤓𐤋𐤄	H6190	5	0.40		
𐤄𐤉𐤈𐤁𐤕𐤌	H3190	4	0.75		
𐤍𐤓𐤃𐤐	H7291	5	0.60		
𐤅𐤉𐤊𐤓𐤕𐤅	H3772	23	0.70		
𐤋𐤇𐤓𐤅𐤕	H2734	17	0.41		
𐤕𐤌𐤋𐤀𐤅	H4390	3	1.00		
𐤌𐤕𐤀𐤅𐤄	H8378	6	0.67	H183	0.6666666666666666
𐤄𐤐𐤊	H2015	54	0.93	H2016	0.5925925925925926
𐤌𐤕𐤒𐤅𐤌𐤌𐤉𐤌	H6965	3	0.67	H4519	0.0
𐤍𐤀𐤅𐤐	H5003	4	1.00		
𐤅𐤆𐤌𐤄	H2154	3	0.00		
𐤉𐤍𐤇𐤋𐤅	H5157	4	1.00		
𐤀𐤓𐤊	H753	39	0.51	H750	0.4358974358974359
𐤅𐤏𐤍𐤅𐤄	H6037	6	0.50		
𐤋𐤄𐤊𐤏𐤉𐤎	H3707	6	1.00		
𐤅𐤋𐤒𐤍𐤀	H7067	3	0.00		
𐤁𐤏𐤁𐤓𐤄	H5678	5	0.40		
𐤅𐤄𐤔𐤌𐤓	H8104	3	1.00		
𐤀𐤕𐤌𐤔𐤀	H4853	3	0.67	H853	1.0
𐤌𐤓𐤌𐤄	H4820	25	0.40	H4821	0.04
𐤀𐤕𐤌𐤏𐤔𐤄𐤅	H4639	3	1.00	H853	0.3333333333333333
𐤌𐤁𐤔𐤓𐤅	H1320	6	0.83		
𐤀𐤌𐤅𐤍𐤕𐤍𐤅	H530	5	0.80		
𐤌𐤄𐤂𐤃𐤅𐤋	H1419	4	0.75		
𐤋𐤄𐤕𐤄𐤃𐤓	H1921	3	0.00		
𐤓𐤑𐤅𐤍𐤌	H7522	17	0.88		
𐤅𐤓𐤇𐤌𐤉𐤌	H7356	20	0.80		
𐤄𐤍𐤌𐤑𐤀𐤉𐤌	H4672	43	0.79		
𐤊𐤇𐤐𐤑	H2654	4	1.00		
𐤋𐤕𐤄𐤋𐤕	H8416	6	0.50		
𐤄𐤐𐤃𐤉𐤅𐤍	H6306	5	1.00		
𐤁𐤊𐤋𐤇𐤊𐤌𐤄	H2451	4	1.00	H3605	0.5
𐤅𐤄𐤔𐤊𐤋	H7922	3	0.33	H7919	0.3333333333333333
𐤀𐤕𐤎𐤅𐤃	H5475	6	0.17	H853	0.16666666666666666
𐤊𐤏𐤑𐤕𐤅	H6098	3	0.33		
𐤄𐤉𐤏𐤅𐤑𐤄	H3289	11	0.18		
𐤄𐤍𐤄𐤂𐤕𐤅	H5090	3	0.33		
𐤍𐤇𐤋𐤕𐤍𐤅	H5159	9	0.44		
𐤁𐤌𐤇𐤔𐤁𐤕	H4284	5	1.00		
𐤊𐤏𐤑𐤕	H6098	13	0.62		
𐤎𐤂𐤋𐤄	H5459	4	0.75		
𐤀𐤇𐤃𐤋	H2308	11	0.55		
𐤁𐤄𐤆𐤊𐤉𐤓𐤉	H2142	4	1.00		
𐤍𐤇𐤋𐤕𐤅	H5159	19	0.47		
𐤁𐤒𐤃𐤔𐤉𐤌	H6944	5	1.00	H6945	0.6
𐤂𐤃𐤋𐤕	H1419	11	0.91	H1420	0.8181818181818182
𐤏𐤑𐤌	H6106	39	0.51	H6105	0.717948717948718
𐤅𐤌𐤌𐤔𐤋𐤄	H7887	4	0.00		
𐤄𐤌𐤌𐤋𐤀	H4390	3	1.00		
𐤌𐤌𐤔𐤋𐤕	H4475	78	0.76	H4474	0.28205128205128205
𐤄𐤀𐤅𐤉𐤓	H216	25	0.64		
𐤇𐤐𐤑𐤉	H2656	23	0.39	H2655	0.6956521739130435
𐤓𐤂𐤆	H7267	8	0.25	H7264	0.5
𐤓𐤇𐤌𐤉𐤌	H7356	69	0.58		
𐤁𐤐𐤔𐤏𐤉𐤌	H6586	4	0.50		
𐤌𐤉𐤃𐤊𐤌	H3027	9	0.78		
𐤋𐤏𐤃𐤕	H5715	3	0.33	H5712	0.6666666666666666
𐤅𐤁𐤀𐤉𐤍	H369	14	0.57		
𐤁𐤃𐤌	H1818	51	0.69		
𐤅𐤄𐤓𐤎	H2040	4	0.75		
𐤄𐤀𐤉𐤁𐤄	H14	6	0.17		
𐤋𐤁𐤓𐤀	H1254	6	0.50		
𐤀𐤕𐤄𐤔𐤍𐤉𐤌	H8147	3	0.33	H853	0.3333333333333333
𐤅𐤉𐤓𐤑𐤄	H7323	3	1.00		
𐤁𐤄𐤌𐤉𐤕𐤅	H929	7	0.14		
𐤅𐤄𐤒𐤓𐤅𐤁𐤉𐤌	H7138	5	1.00		
𐤋𐤔𐤍𐤉𐤍𐤅	H8147	3	0.67		
𐤅𐤕𐤅𐤔𐤁𐤉𐤌	H8453	3	1.00		
𐤁𐤍𐤅𐤉𐤌	H1129	5	0.80		
𐤄𐤐𐤍𐤄	H6438	7	0.43	H6437	0.8571428571428571
𐤄𐤁𐤍𐤉𐤍	H1146	40	0.70		
𐤄𐤍𐤄𐤂𐤕	H5090	5	0.40		
𐤋𐤄𐤊𐤉𐤓	H3595	26	0.31		
𐤁𐤎𐤅𐤃	H5475	13	0.31		
𐤄𐤁𐤈𐤇𐤕𐤅	H982	6	0.33		
𐤁𐤌𐤕𐤍𐤕	H4979	6	0.83		
𐤉𐤅𐤑𐤓	H3335	14	0.21		
𐤃𐤓𐤊𐤉𐤄	H1870	8	0.75		
𐤁𐤁𐤈𐤇𐤄	H982	30	0.67		
𐤕𐤇𐤕𐤅	H2865	3	1.00	H8479	0.3333333333333333
𐤕𐤐𐤀𐤓𐤕𐤊𐤌	H8597	3	0.67		
𐤋𐤄𐤕𐤇𐤆𐤒	H2388	12	0.67		
𐤄𐤓𐤇𐤁	H7337	5	0.20		
𐤅𐤄𐤏𐤌𐤒	H6010	3	0.67		
𐤄𐤊𐤇	H3581	25	0.72		
𐤄𐤀𐤎𐤅𐤓	H612	6	0.67		
𐤉𐤀𐤕𐤄	H857	25	0.16	H2969	0.04
𐤋𐤊𐤋𐤀𐤇𐤃	H259	3	0.33		
𐤊𐤌𐤃𐤕	H4060	8	1.00		
𐤅𐤏𐤋𐤄	H5927	48	0.90	H5930	0.2916666666666667
𐤔𐤉𐤓𐤃	H3381	5	0.40		
𐤅𐤀𐤕𐤀𐤋𐤄	H428	6	0.17	H853	0.16666666666666666
𐤋𐤁𐤍𐤉𐤍	H1124	18	0.94		
𐤅𐤃𐤏𐤕	H1847	12	0.42	H3045	0.75
𐤒𐤅𐤌𐤕	H6967	6	0.83		
𐤄𐤔𐤌𐤅𐤔	H8121	3	0.33		
𐤁𐤍𐤉𐤍𐤅	H1121	10	0.80	H1129	0.8
𐤊𐤉𐤕𐤓	H3499	5	0.80		
𐤀𐤅𐤋𐤕𐤌	H200	4	0.50		
𐤄𐤁𐤑𐤏	H1215	18	0.72		
𐤕𐤎𐤅𐤓𐤅	H5493	3	0.67		
𐤄𐤍𐤔𐤇𐤕	H7843	5	0.80		
𐤄𐤍𐤁𐤓𐤀	H1254	5	0.00		
𐤁𐤑𐤃𐤒𐤄	H6666	19	0.32	H6665	0.21052631578947367
𐤓𐤂𐤆𐤅	H7264	5	0.40		
𐤄𐤇𐤌𐤄	H2346	9	0.00	H2534	0.7777777777777778
𐤅𐤁𐤉𐤃𐤉𐤅	H3027	3	1.00		
𐤌𐤇𐤎𐤅𐤓	H4270	34	0.85		
𐤌𐤐𐤉𐤊𐤌	H6310	3	1.00		
𐤅𐤄𐤌𐤅𐤏𐤉𐤋	H3276	3	1.00		
𐤄𐤑𐤓𐤊	H6862	23	0.83		
𐤅𐤑𐤏𐤒𐤄	H6818	8	0.00		
𐤕𐤎𐤉𐤓𐤅	H5493	3	1.00		
𐤅𐤄𐤒𐤓𐤉𐤁	H7126	6	0.83		
𐤋𐤒𐤓𐤁𐤍	H7133	13	1.00		
𐤅𐤆𐤁𐤇	H2077	6	0.83	H2076	0.8333333333333334
𐤋𐤓𐤉𐤇	H7381	9	0.22		
𐤍𐤉𐤇𐤅𐤇	H5207	18	0.39		
𐤅𐤋𐤏𐤂	H5747	5	0.40		
𐤅𐤍𐤇𐤋𐤄	H5159	6	0.50		
𐤊𐤋𐤌𐤏𐤔𐤉	H4639	4	0.75		
𐤅𐤑𐤃𐤒	H6664	9	1.00		
𐤕𐤅𐤊𐤉𐤇𐤅	H3198	3	0.33		
𐤏𐤅𐤓𐤄	H5782	6	0.00		
𐤌𐤉𐤉𐤍	H3196	8	0.88		
𐤋𐤓𐤏𐤄𐤅	H7453	46	0.78		
𐤁𐤕𐤄𐤋𐤅𐤕	H8416	3	0.67		
𐤅𐤄𐤅𐤃𐤅	H3034	11	0.82		
𐤄𐤊𐤍𐤏𐤍𐤄	H3668	3	0.33		
𐤋𐤁𐤏𐤋𐤉𐤄𐤍	H5921	3	0.33	H1167	1.0
𐤒𐤃𐤔𐤄	H6948	4	0.25	H6946	0.25
𐤋𐤏𐤃𐤄	H5713	8	0.38	H5712	0.5
𐤊𐤕𐤌	H3800	7	0.00	H8552	0.7142857142857143
𐤋𐤀𐤄𐤁	H157	15	1.00		
𐤅𐤌𐤊𐤋𐤊𐤋	H3557	3	0.67		
𐤉𐤌𐤉𐤊	H3117	12	1.00		
𐤁𐤌𐤅𐤎𐤓	H4148	4	0.50		
𐤅𐤏𐤁𐤃𐤉𐤌	H5650	19	0.42	H5647	0.5789473684210527
𐤄𐤀𐤃𐤍𐤉𐤌	H113	7	0.71		
𐤋𐤁𐤔𐤅	H3830	13	0.31	H3847	0.46153846153846156
𐤍𐤊𐤋𐤉	H3201	5	0.80	H5231	0.2
𐤅𐤔𐤋𐤉𐤈𐤉𐤌	H7989	3	0.67		
𐤁𐤇𐤔𐤊𐤕	H2820	4	0.50		
𐤅𐤋𐤌𐤋𐤀	H4390	6	0.83		
𐤅𐤋𐤏𐤌𐤅𐤃	H5982	8	0.25		
𐤇𐤂𐤅𐤓𐤉	H2289	12	0.08		
𐤋𐤊𐤁𐤅𐤕	H3518	6	1.00		
𐤅𐤒𐤇𐤅	H3947	6	0.00		
𐤅𐤇𐤓𐤁	H2719	19	0.68		
𐤅𐤕𐤇𐤍𐤅𐤍𐤉𐤌	H8469	5	0.80		
𐤌𐤈𐤋	H2919	10	0.00		
𐤉𐤅𐤃𐤉𐤏	H3045	9	1.00		
𐤔𐤋𐤇𐤕𐤉𐤄𐤅	H7971	3	0.67		
𐤋𐤀𐤇𐤉𐤌	H251	6	0.83		
𐤋𐤌𐤍𐤄𐤉𐤅𐤌	H4327	10	0.00		
𐤁𐤋𐤁𐤁𐤉	H3824	3	0.67		
𐤅𐤕𐤂𐤃𐤋	H1431	17	0.59		
𐤁𐤄𐤔𐤊𐤋	H7922	7	0.71		
𐤅𐤁𐤋𐤉	H1097	37	0.78		
𐤅𐤕𐤄𐤋𐤕𐤅	H8416	3	0.33		
𐤍𐤂𐤋𐤅	H1540	14	0.57	H1556	0.35714285714285715
𐤌𐤂𐤉𐤃𐤉𐤌	H4022	5	0.20		
𐤌𐤒𐤍𐤀𐤄	H7068	11	0.64		
𐤁𐤊𐤅𐤍𐤄	H1058	10	0.60		
𐤌𐤀𐤄𐤁𐤄	H160	10	0.90		
𐤋𐤄𐤑𐤃𐤉𐤒	H6662	12	0.08		
𐤁𐤏𐤋𐤉𐤋𐤄	H5949	3	0.00		
𐤀𐤔𐤌𐤇	H8055	4	1.00		
𐤅𐤁𐤏𐤆𐤓𐤕	H5833	3	0.00		
𐤄𐤌𐤁𐤇𐤓	H4005	3	0.00		
𐤅𐤀𐤏𐤌𐤃	H5975	4	1.00		
𐤋𐤀𐤌𐤑	H533	5	0.40		
𐤒𐤉𐤌𐤉𐤌	H6965	3	0.67		
𐤋𐤄𐤋𐤇𐤌	H3898	325	0.76		
𐤋𐤀𐤁𐤃𐤌	H6	11	0.82		
𐤄𐤌𐤋𐤇𐤌𐤄	H4421	400	0.80		
𐤕𐤅𐤊𐤇𐤄	H8433	4	0.50		
𐤅𐤇𐤌𐤋𐤄	H2550	4	0.75		
𐤅𐤀𐤄𐤁𐤄	H160	19	0.63		
𐤅𐤓𐤑𐤅𐤍	H7522	6	0.83		
𐤋𐤔𐤋𐤋	H7998	37	0.11	H7997	0.32432432432432434
𐤊𐤁𐤍	H1121	18	0.89		
𐤅𐤌𐤕𐤇𐤕	H8478	5	1.00		
𐤅𐤁𐤓𐤏𐤃𐤄	H7461	4	0.25		
𐤅𐤁𐤋𐤀	H3808	12	0.58		
𐤌𐤆𐤌𐤅𐤕	H4209	18	0.67		
𐤌𐤇𐤆𐤉𐤒𐤉𐤌	H2388	7	0.86		
𐤋𐤕𐤄𐤋𐤄	H8416	24	0.12		
𐤅𐤒𐤅𐤉𐤕𐤉	H6960	3	0.33		
𐤕𐤍𐤅𐤇	H5117	4	1.00		
𐤁𐤄𐤅𐤃𐤏	H3045	16	1.00		
𐤆𐤅𐤋𐤕𐤅	H2108	13	0.08		
𐤁𐤑𐤁𐤀	H6635	37	0.89		
𐤉𐤂𐤅𐤍	H3015	15	0.33		
𐤌𐤄𐤓𐤕𐤉	H4116	7	0.57		
𐤉𐤂𐤅𐤍𐤉	H3015	3	0.33		
𐤅𐤕𐤒𐤋	H7043	3	0.00		
𐤅𐤋𐤔𐤍𐤅𐤕	H3956	8	0.75		
𐤋𐤈𐤓𐤇	H2960	7	0.14		
𐤄𐤏𐤁𐤓𐤉𐤌	H5680	301	0.82	H5674	0.9235880398671097
𐤅𐤋𐤐𐤉	H6310	23	0.70		
𐤌𐤏𐤋𐤕	H5927	22	0.82	H4609	0.8636363636363636
𐤉𐤃𐤉𐤏𐤕	H3045	3	1.00		
𐤌𐤊𐤋𐤀𐤋𐤄	H410	3	0.33	H4519	0.0
𐤑𐤃𐤒𐤕𐤉	H6666	8	0.38	H6663	0.375
𐤄𐤔𐤂𐤕𐤉	H1661	5	1.00		
𐤌𐤇𐤔𐤁𐤄	H4284	22	0.68		
𐤏𐤃𐤉𐤄	H5718	8	0.12	H5704	0.625
𐤅𐤁𐤋𐤁	H3820	3	0.67		
𐤄𐤀𐤁𐤃𐤅𐤍	H11	7	0.86		
𐤅𐤊𐤁𐤅𐤃𐤌	H3519	5	0.80		
𐤄𐤁𐤋𐤉	H1892	3	0.33		
𐤇𐤋𐤃	H2465	4	0.00	H2466	0.25
𐤉𐤇𐤋𐤉𐤐	H2498	3	0.67		
𐤉𐤊𐤋𐤕𐤅	H3201	7	0.86		
𐤋𐤊𐤁𐤔	H3532	9	0.22	H3533	0.7777777777777778
𐤅𐤏𐤈𐤓𐤕	H5850	11	0.91		
𐤄𐤍𐤅𐤔𐤀	H5375	11	0.82		
𐤔𐤌𐤅𐤕𐤌	H8034	31	0.26		
𐤏𐤍𐤅𐤕	H6030	14	0.79	H6031	0.5
𐤓𐤅𐤇𐤊𐤌	H7307	4	0.50		
𐤋𐤀𐤋𐤄𐤉𐤍𐤅	H430	4	0.75		
𐤄𐤍𐤔𐤂𐤁	H7682	3	0.33		
𐤅𐤍𐤊𐤁𐤃	H3513	10	0.70		
𐤅𐤍𐤏𐤉𐤌	H5273	5	0.40		
𐤊𐤋𐤌𐤏𐤔𐤄	H4639	8	0.75	H3605	0.375
𐤅𐤔𐤌𐤏𐤕𐤌	H8085	3	0.67		
𐤋𐤄𐤔𐤂𐤉𐤇	H7688	11	0.09		
𐤌𐤌𐤇𐤎𐤅𐤓	H4270	6	1.00		
𐤋𐤓𐤏𐤁	H7458	4	0.50	H7457	0.75
𐤋𐤇𐤎𐤓	H2638	6	0.83		
𐤁𐤏𐤆𐤓𐤕	H5826	41	0.10		
𐤁𐤑𐤓𐤕𐤉	H1219	5	0.60		
𐤌𐤕𐤍	H4977	15	0.27	H4194	0.4
𐤏𐤆𐤓𐤄	H5834	60	0.07	H5835	0.16666666666666666
𐤅𐤄𐤅𐤕𐤓	H3498	6	0.67		
𐤅𐤓𐤑𐤅𐤉	H7521	7	0.86		
𐤊𐤏𐤔𐤓	H6240	3	0.33	H6235	0.0
𐤍𐤅𐤃𐤄	H3034	5	1.00		
𐤄𐤑𐤐𐤅𐤍𐤄	H6828	4	0.50		
𐤅𐤕𐤓𐤁𐤄	H7235	3	0.67		
𐤇𐤃𐤋𐤍𐤅	H2308	7	0.57		
𐤅𐤋𐤁𐤒𐤔	H1245	21	0.71		
𐤅𐤕𐤁𐤅𐤍𐤄	H8394	9	0.56		
𐤊𐤈𐤅𐤁	H2896	43	0.72		
𐤅𐤀𐤓𐤊	H753	11	0.73	H750	0.09090909090909091
𐤋𐤀𐤁𐤉𐤍𐤅	H1	14	0.79		
𐤋𐤇𐤋𐤒	H2505	30	0.87	H2506	0.7333333333333333
𐤍𐤇𐤋𐤕	H5159	49	0.55	H2490	0.7346938775510204
𐤅𐤁𐤊𐤅𐤓	H1060	3	1.00		
𐤀𐤔𐤓𐤀𐤉𐤍𐤍𐤅	H369	3	0.00	H834	0.0
𐤅𐤋𐤌𐤏𐤍𐤅	H4616	3	0.67		
𐤋𐤔𐤊𐤍	H7931	6	0.83		
𐤎𐤁𐤋	H5449	41	0.22	H5445	0.36585365853658536
𐤍𐤎𐤕𐤓	H5641	15	0.47		
𐤅𐤃𐤅𐤓	H1755	25	0.56		
𐤅𐤍𐤋𐤇𐤌	H3898	16	0.75		
𐤋𐤄𐤔𐤊𐤉𐤋	H7919	8	0.62		
𐤁𐤔𐤐𐤕𐤉	H8193	4	0.75		
𐤁𐤓𐤀𐤕𐤉	H1254	8	0.00	H7200	0.25
𐤔𐤅𐤋𐤋	H7758	16	0.06		
𐤁𐤂𐤅𐤐𐤅	H1610	13	0.54		
𐤄𐤇𐤉𐤄	H2416	50	0.80	H2421	0.4
𐤅𐤄𐤔𐤋𐤉𐤈𐤉𐤌	H7989	3	1.00		
𐤅𐤌𐤔𐤒𐤄	H7262	6	0.17	H4945	0.8333333333333334
𐤄𐤌𐤅𐤏𐤃𐤉𐤌	H3259	8	0.62		
𐤑𐤋	H6738	11	0.09		
𐤄𐤏𐤕𐤉𐤃𐤉𐤌	H6264	23	0.43		
𐤔𐤐𐤋𐤅𐤕	H8217	10	0.10	H8220	0.0
𐤂𐤀𐤅𐤄	H1346	19	0.42		
𐤌𐤇𐤁𐤓	H2268	6	0.17		
𐤁𐤏𐤁𐤅𐤃𐤄	H5656	29	0.66		
𐤌𐤋𐤁	H3820	7	0.86		
𐤉𐤄𐤂𐤄	H1897	6	0.33		
𐤇𐤉𐤉𐤊𐤌	H2416	9	1.00		
𐤄𐤋𐤊𐤕𐤌	H1980	4	0.75		
𐤁𐤏𐤌𐤉𐤕𐤅	H5997	4	0.25		
𐤁𐤓𐤀𐤅	H1254	4	0.25		
𐤀𐤂𐤃𐤕	H92	3	0.00		
𐤅𐤆𐤁𐤇𐤅	H2076	6	0.50		
𐤅𐤕𐤋𐤌𐤃𐤅	H3925	3	0.67		
𐤁𐤌𐤋𐤉𐤍	H4405	3	1.00		
𐤂𐤌𐤅𐤋	H1576	34	0.76	H1580	0.6764705882352942
𐤄𐤏𐤅𐤋	H5766	35	0.57		
𐤅𐤃𐤏𐤅	H3045	10	1.00		
𐤀𐤕𐤔𐤏𐤓	H8179	4	0.50	H853	0.0
𐤃𐤁𐤓𐤉𐤊𐤌	H1697	11	0.91		
𐤍𐤏𐤉𐤌𐤉𐤌	H5273	6	0.50		
𐤉𐤅𐤃𐤉𐤏𐤅	H3045	6	1.00		
𐤄𐤔𐤁𐤅𐤉	H3427	5	0.60		
𐤅𐤋𐤀𐤍𐤔𐤉	H376	14	1.00		
𐤄𐤓𐤅𐤐𐤀	H7495	5	1.00		
𐤔𐤉𐤕	H7897	3	0.00	H7898	0.0
𐤋𐤏𐤁𐤅𐤃𐤄	H5656	21	0.71		
𐤕𐤌𐤋𐤀𐤍𐤄	H4390	3	1.00		
𐤋𐤇𐤑	H3906	13	0.69	H3905	0.7692307692307693
𐤑𐤓𐤊	H6862	26	0.42	H6878	0.5
𐤄𐤌𐤎𐤐𐤓	H5612	30	0.30	H4557	0.7333333333333333
𐤅𐤋𐤇𐤊𐤅𐤕	H2441	4	0.00		
𐤏𐤍𐤉𐤍𐤅	H6040	5	0.20	H6045	0.8
𐤁𐤓𐤌𐤉𐤄	H7414	3	0.67		
𐤋𐤄𐤐𐤒𐤉𐤃	H6485	13	0.92		
𐤋𐤄𐤕𐤊𐤁𐤃	H3513	4	1.00		
𐤁𐤒𐤃𐤔	H6944	16	0.62	H6947	0.1875
𐤅𐤁𐤑𐤃𐤒	H6664	25	0.80		
𐤅𐤁𐤕𐤌𐤉𐤌	H8549	10	0.30		
𐤋𐤌𐤋𐤊𐤅𐤕𐤅	H4438	21	0.90		
𐤔𐤌𐤅𐤏𐤕	H8085	11	0.91		
𐤅𐤀𐤅𐤕𐤍𐤅	H853	5	0.40		
𐤕𐤒𐤅𐤕𐤍𐤅	H8615	5	0.60		
𐤕𐤐𐤀𐤓𐤕𐤍𐤅	H8597	3	1.00		
𐤊𐤁𐤅𐤃𐤍𐤅	H3519	3	0.67		
𐤋𐤄𐤕𐤀𐤐𐤒	H662	13	0.46		
𐤋𐤁𐤃𐤍𐤅	H1835	8	0.38		
𐤊𐤔𐤅𐤁	H7725	4	1.00		
𐤆𐤊𐤓𐤉𐤌	H2143	10	0.10	H2145	0.5
𐤔𐤌𐤇𐤍𐤅	H8055	3	0.67		
𐤌𐤐𐤉𐤋𐤉𐤌	H5307	4	0.75		
𐤕𐤇𐤍𐤕𐤍𐤅	H8467	4	0.25		
𐤉𐤉𐤔𐤓	H3474	6	1.00		
𐤅𐤀𐤕𐤊𐤌	H853	4	0.50	H854	0.75
𐤅𐤉𐤊𐤅𐤍𐤍	H3559	5	1.00		
𐤕𐤌𐤉𐤌	H8549	26	0.54	H8550	0.38461538461538464
𐤁𐤒𐤃𐤔𐤄	H6948	6	0.00		
𐤕𐤓𐤁𐤅	H7235	3	1.00		
𐤅𐤉𐤅𐤍𐤄	H3124	4	0.00		
𐤁𐤌𐤔𐤀	H4853	3	0.00		
𐤁𐤍𐤇𐤕	H5183	12	0.25		
𐤅𐤕𐤏𐤔𐤅	H6213	7	0.71		
𐤉𐤃𐤉𐤊𐤌	H3027	11	0.73		
𐤀𐤔𐤓𐤌𐤕	H4191	3	1.00	H834	0.3333333333333333
𐤀𐤕𐤄𐤉𐤔𐤍𐤉𐤌	H3462	3	0.33	H853	0.0
𐤏𐤃𐤁𐤀	H935	3	0.33	H5704	0.3333333333333333
𐤁𐤕𐤓𐤅𐤏𐤄	H8643	3	0.67		
𐤍𐤋𐤒𐤇	H3947	18	0.67		
𐤋𐤓𐤒𐤉𐤏	H7549	9	0.33		
𐤉𐤅𐤌𐤉𐤄𐤅𐤄	H3068	3	0.33	H3117	1.0
𐤊𐤂𐤍𐤁	H1590	6	1.00		
𐤅𐤔𐤋𐤅𐤄	H7961	4	0.25	H7962	0.25
𐤄𐤔𐤁𐤓	H7667	8	0.88	H7665	0.625
𐤋𐤇𐤓𐤅𐤍	H2740	3	1.00		
𐤐𐤏𐤋𐤕𐤌	H6468	3	0.33		
𐤀𐤌𐤑𐤅	H553	4	1.00		
𐤄𐤋𐤁𐤁	H3824	4	1.00		
𐤕𐤌𐤊𐤅	H8551	4	0.75		
𐤅𐤁𐤈𐤅𐤁	H2896	6	0.17	H2898	0.3333333333333333
𐤄𐤕𐤓𐤇𐤒𐤅	H7368	4	0.50		
𐤅𐤓𐤁𐤄	H7227	6	1.00	H7235	1.0
𐤁𐤏𐤁𐤅𐤓𐤄	H5668	15	0.87		
𐤁𐤄𐤂𐤋𐤅𐤕	H1540	6	0.50		
𐤏𐤆𐤅	H5797	4	0.00		
𐤋𐤄𐤁𐤄	H3852	11	0.36		
𐤀𐤁𐤃𐤍	H27	42	0.19	H12	0.5
𐤁𐤏𐤆	H1162	28	0.29	H5797	0.7142857142857143
𐤅𐤊𐤋𐤌𐤏𐤔𐤄	H4639	4	0.75	H3605	0.5
𐤁𐤔𐤅𐤌	H7760	28	1.00		
𐤀𐤅𐤐𐤍	H212	14	0.00		
𐤅𐤍𐤂𐤋𐤄	H1540	5	0.80		
𐤄𐤌𐤕𐤒𐤅𐤌𐤌	H6965	4	0.50	H4519	0.0
𐤔𐤐𐤕𐤉𐤅	H8193	10	0.60		
𐤋𐤍𐤇𐤋𐤕	H5159	3	0.33		
𐤅𐤄𐤇𐤆𐤉𐤒𐤅	H2388	7	0.57		
𐤅𐤕𐤒𐤅𐤄	H8615	6	1.00		
𐤅𐤌𐤏𐤔𐤄	H4639	6	0.83		
𐤉𐤓𐤅𐤑	H7323	3	0.33	H7533	0.0
𐤅𐤉𐤊𐤁𐤃	H3513	16	0.81		
𐤅𐤄𐤓𐤏𐤉𐤌	H7451	7	0.86	H7462	0.5714285714285714
𐤉𐤇𐤆𐤒	H2388	12	0.83		
𐤋𐤀𐤄𐤁𐤕	H157	8	0.88		
𐤌𐤑𐤅𐤉𐤌	H6680	3	1.00	H4519	0.0
𐤃𐤓𐤊𐤉𐤅	H1870	39	0.56		
𐤁𐤉𐤂𐤉𐤏𐤄	H3018	3	0.33		
𐤅𐤕𐤋𐤀𐤄	H8513	3	0.67		
𐤋𐤌𐤅𐤐𐤕	H4159	20	0.00		
𐤉𐤓𐤑𐤄	H7521	26	0.77		
𐤉𐤌𐤉𐤄𐤌	H3117	18	0.89		
𐤊𐤀𐤇	H251	4	1.00		
𐤌𐤅𐤔𐤉𐤏𐤍𐤅	H3467	10	0.20		
𐤉𐤅𐤓𐤅	H3384	4	0.50		
𐤕𐤅𐤋𐤃𐤅𐤕	H8435	24	0.46		
𐤄𐤌𐤁𐤉𐤀𐤉𐤌	H935	11	1.00		
𐤁𐤉𐤕𐤀𐤋𐤄𐤉𐤌	H430	3	0.33	H1004	1.0
𐤐𐤒𐤅𐤃𐤉𐤅	H6490	6	0.50		
𐤅𐤁𐤀𐤌𐤅𐤍𐤄	H530	6	0.83		
𐤕𐤄𐤅	H8414	6	0.33		
𐤌𐤁𐤉𐤍𐤉𐤌	H995	4	0.50		
𐤅𐤍𐤁𐤋𐤄	H5039	4	0.00	H5038	0.25
𐤅𐤍𐤔𐤁𐤏𐤉𐤌	H7650	3	0.67		
𐤄𐤁𐤓𐤉𐤀	H1277	6	0.00	H1254	0.0
𐤇𐤉𐤋	H2428	400	0.93	H2429	0.625
𐤁𐤌𐤀𐤃	H3966	3	0.67		
𐤅𐤓𐤀𐤅𐤉	H7200	14	1.00		
𐤅𐤋𐤌𐤋𐤊	H4428	7	0.86	H4432	0.8571428571428571
𐤅𐤄𐤇𐤊𐤌	H2450	3	0.33		
𐤄𐤍𐤁𐤅𐤀𐤅𐤕	H935	5	0.80		
𐤕𐤐𐤋𐤅𐤕	H8605	9	1.00		
𐤄𐤔𐤒𐤈	H8252	6	0.50		
𐤅𐤉𐤂𐤉𐤏𐤅	H5060	8	0.25		
𐤋𐤄𐤊𐤓𐤕	H3772	6	0.67		
𐤁𐤏𐤕𐤄	H6256	10	1.00	H1205	0.2
𐤄𐤐𐤒𐤃𐤕𐤉	H6485	9	0.89		
𐤍𐤀𐤄	H5000	71	0.45		
𐤄𐤂𐤅𐤍	H1588	11	0.00		
𐤁𐤌𐤏𐤔𐤉𐤌	H6213	27	0.96	H4519	0.0
𐤃𐤅𐤌𐤌	H1748	9	0.44		
𐤍𐤅𐤑𐤓	H5341	12	0.25	H3335	0.25
𐤇𐤅𐤄	H2332	10	0.40		
𐤅𐤀𐤃𐤌	H120	8	0.50	H1826	0.25
𐤍𐤐𐤕𐤄	H6601	17	0.59		
𐤃𐤐𐤉	H1848	10	0.10		
𐤅𐤍𐤇𐤌𐤃	H2530	3	1.00		
𐤋𐤁𐤓𐤉𐤅𐤕	H1285	5	0.00		
𐤌𐤊𐤍𐤉𐤎	H4370	4	0.25		
𐤁𐤇𐤓𐤐𐤄	H2781	24	0.42		
𐤉𐤔𐤓𐤉𐤌	H3477	29	0.66		
𐤉𐤔𐤓𐤅𐤕	H3477	4	0.75		
𐤄𐤌𐤔𐤌𐤔𐤉𐤌	H8121	3	0.33	H4519	0.3333333333333333
𐤉𐤒𐤍𐤅	H7069	7	0.43		
𐤋𐤏𐤑𐤌𐤌	H6106	29	0.55		
𐤅𐤁𐤈𐤇𐤅𐤍	H982	6	0.17		
𐤏𐤃𐤕	H5712	10	0.50	H5709	0.5
𐤏𐤌𐤅𐤃	H5982	18	0.50	H5975	0.4444444444444444
𐤉𐤎𐤅𐤓𐤅	H5493	9	0.56		
𐤔𐤒𐤓𐤉𐤌	H8267	20	0.75		
𐤁𐤇𐤍𐤐𐤄	H2610	3	0.67		
𐤌𐤌𐤉𐤍𐤉	H4480	3	0.67		
𐤁𐤓𐤀𐤌	H1254	8	0.00		
𐤄𐤕𐤓𐤇𐤒	H7368	4	0.75		
𐤕𐤅𐤏𐤉𐤋	H5927	4	0.50		
𐤅𐤉𐤔𐤋𐤄	H5394	4	0.00		
𐤄𐤌𐤅𐤔𐤉𐤏	H3467	5	0.40		
𐤕𐤑𐤅𐤄	H6680	5	1.00		
𐤅𐤁𐤈𐤄𐤓𐤄	H2893	3	0.33		
𐤅𐤋𐤄𐤅𐤊𐤉𐤇	H3198	9	0.56		
𐤕𐤔𐤉𐤕	H7896	4	0.50		
𐤄𐤑𐤋𐤇𐤕𐤊	H6747	3	0.00		
𐤅𐤄𐤇𐤆𐤒	H2388	4	1.00		
𐤕𐤅𐤔𐤉𐤏	H3467	4	0.75		
𐤅𐤋𐤔𐤋𐤌	H7965	6	0.50		
𐤋𐤀𐤁𐤅𐤕𐤌	H1	3	0.33		
𐤍𐤔𐤀𐤓𐤄	H7604	32	0.47		
𐤁𐤕𐤐𐤋𐤅𐤕	H5307	7	0.86		
𐤁𐤇𐤉𐤉𐤄	H2416	5	0.80		
𐤁𐤄𐤉𐤅𐤕𐤍	H1961	4	1.00		
𐤋𐤇𐤓𐤐	H2778	34	0.50		
𐤎𐤓𐤅	H5493	34	0.79		
𐤉𐤏𐤆𐤓𐤅	H5826	7	0.14		
𐤋𐤌𐤔𐤍𐤄	H4932	10	0.40		
𐤉𐤉𐤓𐤀𐤅	H3372	10	0.90		
𐤕𐤔𐤌𐤓	H8104	8	0.88		
𐤂𐤋𐤅𐤉𐤅𐤕	H1556	6	0.50		
𐤅𐤀𐤄𐤅𐤁𐤉𐤌	H157	3	1.00		
𐤅𐤕𐤑𐤅𐤄	H6680	3	0.33		
𐤁𐤔𐤀𐤋𐤅𐤕	H413	3	1.00		
𐤌𐤋𐤉𐤌	H4405	9	1.00	H4135	0.7777777777777778
𐤌𐤀𐤍𐤔𐤉𐤌	H376	6	1.00		
𐤁𐤇𐤋𐤒𐤅	H2506	9	0.56		
𐤅𐤁𐤓𐤁	H7230	8	0.75		
𐤕𐤀𐤅𐤕	H8378	37	0.54	H8379	0.13513513513513514
𐤅𐤓𐤃𐤐	H7291	13	0.92		
𐤍𐤒𐤓𐤀𐤕	H7121	20	1.00		
𐤄𐤅𐤃𐤀𐤄	H1676	3	0.00		
𐤄𐤉𐤐𐤄	H3303	9	0.89		
𐤅𐤄𐤔𐤋𐤉𐤈	H7989	3	0.33		
𐤅𐤒𐤉𐤌	H7010	4	0.00	H7011	0.0
𐤄𐤃𐤓	H1926	34	0.50	H1925	0.4411764705882353
𐤍𐤔𐤂𐤁	H7682	8	0.50		
𐤉𐤓𐤅𐤌	H7311	3	0.33		
𐤄𐤁𐤅𐤂𐤃	H898	6	0.17		
𐤅𐤉𐤂𐤌𐤋𐤅	H1580	3	0.33		
𐤋𐤉𐤎𐤅𐤃	H3247	6	0.50	H3245	0.6666666666666666
𐤋𐤏𐤕𐤉𐤃	H6264	21	0.48		
𐤌𐤃𐤁𐤓𐤉	H1697	33	0.91	H4057	0.18181818181818182
𐤄𐤌𐤃𐤏	H4093	3	0.33		
𐤌𐤕𐤐𐤀𐤓𐤉𐤌	H6286	4	0.50	H4519	0.0
𐤅𐤌𐤅𐤎𐤓	H4148	9	0.11		
𐤀𐤕𐤄𐤇𐤉𐤉𐤌	H2416	6	1.00	H853	0.0
𐤁𐤕𐤊𐤅𐤍𐤕	H3559	3	0.33		
𐤔𐤌𐤏𐤕	H8085	29	0.55	H8052	0.3793103448275862
𐤅𐤁𐤕𐤅𐤊𐤌	H8432	13	0.77		
𐤔𐤓𐤅𐤕𐤅	H8280	3	0.00		
𐤔𐤓𐤕	H8335	5	0.00	H8334	0.0
𐤄𐤕𐤇𐤆𐤒	H2388	16	0.75		
𐤊𐤔𐤓𐤉𐤌	H8269	8	0.62		
𐤅𐤎𐤁𐤋	H5449	3	0.00		
𐤌𐤋𐤇𐤌𐤕	H4421	30	0.83		
𐤉𐤕𐤏𐤓𐤁	H6148	7	0.29		
𐤄𐤀𐤊𐤓	H406	5	1.00		
𐤆𐤊𐤅𐤓	H2142	31	0.68	H2138	0.1935483870967742
𐤉𐤔𐤉𐤂𐤅	H5381	16	0.56		
𐤁𐤌𐤇𐤋𐤒𐤕	H2506	3	0.67	H4519	0.0
𐤋𐤏𐤅𐤕	H5790	3	0.00	H5791	0.6666666666666666
𐤋𐤄𐤕𐤉𐤑𐤁	H3320	13	0.77		
𐤕𐤓𐤇𐤒	H7368	7	0.86		
𐤒𐤑𐤕	H7118	10	0.40	H7117	0.4
𐤉𐤎𐤅𐤓	H5493	13	0.85	H3249	0.15384615384615385
𐤅𐤊𐤎𐤐	H3701	73	0.70		
𐤅𐤔𐤋	H5394	9	0.11		
𐤅𐤌𐤅𐤏𐤉𐤋	H3276	4	1.00		
𐤋𐤊𐤋𐤌𐤏𐤔𐤄	H4639	5	0.80	H3605	0.6
𐤌𐤕𐤀𐤅𐤕	H8378	12	0.67		
𐤄𐤍𐤏𐤅𐤓𐤉𐤌	H5271	8	0.75		
𐤅𐤕𐤓𐤇𐤒	H7368	3	0.33		
𐤄𐤕𐤐𐤋𐤅𐤕	H5307	5	0.80		
𐤋𐤓𐤑𐤅𐤍𐤅	H7522	8	0.75		
𐤏𐤕𐤉𐤌	H6256	9	0.67		
𐤏𐤑𐤌𐤌	H6106	158	0.64		
𐤅𐤌𐤌𐤓𐤉𐤌	H4784	3	1.00		
𐤃𐤌𐤉𐤅𐤍	H1819	3	0.67		
𐤇𐤎𐤉𐤃𐤅𐤕	H2623	3	0.33		
𐤁𐤋𐤀𐤈	H3814	13	0.00		
𐤅𐤔𐤁𐤉𐤌	H7643	5	0.40		
𐤅𐤋𐤏𐤅𐤋𐤌	H5769	5	0.80		
𐤍𐤔𐤇𐤕𐤄	H7843	10	0.60		
𐤃𐤏𐤕𐤌	H1847	41	0.44		
𐤋𐤄𐤑𐤋𐤉𐤇	H6743	9	0.44		
𐤒𐤓𐤄	H7135	117	0.00	H7137	0.17094017094017094
𐤄𐤋𐤊𐤕	H1980	8	1.00		
𐤅𐤁𐤓𐤑𐤅𐤍	H7522	9	0.89		
𐤅𐤁𐤎𐤁𐤋𐤍𐤅𐤕	H5445	4	0.00		
𐤄𐤑𐤉𐤋𐤍𐤉	H5337	9	0.22		
𐤌𐤕𐤏𐤉𐤌	H8582	5	1.00		
𐤄𐤉𐤊𐤋𐤉𐤌	H3627	4	1.00		
𐤅𐤌𐤄𐤉𐤓	H4116	3	1.00		
𐤁𐤄𐤅𐤐𐤏𐤕𐤅	H3313	3	0.00		
𐤌𐤅𐤓𐤉𐤌	H4813	3	0.67	H3384	0.6666666666666666
𐤅𐤉𐤈𐤅	H5186	6	0.67		
𐤀𐤆𐤍𐤉𐤄𐤌	H241	12	0.42		
𐤏𐤓	H6147	10	0.60	H5782	0.2
𐤌𐤋𐤀𐤊𐤕	H4399	62	0.63		
𐤍𐤎𐤊	H5262	7	0.71	H5258	1.0
𐤔𐤌𐤅𐤓	H8104	20	0.75	H8053	0.15
𐤄𐤔𐤐𐤈	H8199	5	0.80		
𐤄𐤅𐤐𐤏𐤕𐤅	H3313	3	0.33		
𐤄𐤁𐤉𐤀𐤄𐤅	H935	4	1.00		
𐤁𐤁𐤅𐤀𐤊	H935	4	0.75		
𐤄𐤍𐤇𐤔𐤕	H5178	7	0.57		
𐤌𐤓𐤄	H4751	32	0.66	H4843	0.65625
𐤀𐤓𐤉𐤄	H738	10	0.70	H744	0.7
𐤅𐤉𐤑𐤉𐤋𐤍𐤉	H5337	3	0.33		
𐤀𐤋𐤌𐤋𐤊𐤅𐤕𐤅	H4438	3	1.00	H413	1.0
𐤋𐤔𐤋𐤅𐤌𐤊	H7965	5	0.40		
𐤄𐤌𐤐𐤒𐤃𐤄	H6485	5	0.80	H4519	0.4
𐤏𐤆𐤁𐤕𐤉𐤊	H5800	3	0.00		
𐤕𐤔𐤋𐤉𐤌	H7999	4	1.00		
𐤑𐤅𐤉𐤕𐤉𐤊	H6680	5	0.60		
𐤅𐤉𐤔𐤋𐤅	H5394	3	0.33		
𐤎𐤅𐤓𐤓𐤉𐤌	H5637	6	0.50		
𐤍𐤈𐤄	H5186	34	0.76		
𐤅𐤊𐤁𐤔	H3532	27	0.11	H3534	0.0
𐤅𐤌𐤇𐤆𐤉𐤒	H2388	3	1.00		
𐤁𐤊𐤇𐤅	H3581	23	0.96		
𐤋𐤄𐤆𐤄𐤉𐤓	H2094	5	0.20		
𐤄𐤄𐤐𐤊𐤉𐤌	H2015	3	1.00		
𐤊𐤆𐤁𐤉𐤌	H3577	16	0.50	H3576	0.375
𐤅𐤇𐤉𐤅𐤕	H2423	3	0.67		
𐤅𐤄𐤏𐤃𐤅𐤕	H5715	7	0.29		
𐤄𐤎𐤓𐤉𐤌	H5493	6	1.00		
𐤍𐤈𐤌𐤀𐤄	H2930	4	0.50		
𐤊𐤅𐤐𐤓𐤉𐤌	H3715	3	0.00		
𐤁𐤓𐤅𐤇𐤌	H1280	7	0.00		
𐤋𐤒𐤃𐤔	H6942	5	0.80	H6944	0.8
𐤅𐤋𐤀𐤄𐤁	H157	4	1.00		
𐤄𐤋𐤉𐤊𐤅𐤕	H1979	19	0.05		
𐤁𐤉𐤕𐤍	H5414	4	0.75	H1055	0.0
𐤅𐤌𐤅𐤌	H3971	3	0.67		
𐤉𐤊𐤍𐤏𐤅	H3665	7	0.43		
𐤋𐤀𐤃𐤅𐤍𐤉𐤄𐤌	H113	7	0.86		
𐤉𐤌𐤓𐤅	H4784	7	0.57		
𐤍𐤕𐤏𐤁	H8581	4	0.25		
𐤅𐤍𐤇𐤉𐤄	H2421	12	0.83		
𐤅𐤁𐤇𐤎𐤉𐤃𐤅𐤕	H2623	4	0.75		
𐤋𐤕𐤒𐤅𐤄	H8615	11	0.82		
𐤅𐤌𐤅𐤔𐤉𐤏𐤍𐤅	H3467	7	0.14		
𐤅𐤋𐤈𐤄𐤓	H2891	4	1.00		
𐤌𐤓𐤉𐤁	H4807	9	0.11	H7378	0.4444444444444444
𐤁𐤓𐤔𐤏𐤄	H7564	4	0.25		
𐤄𐤔𐤍𐤉𐤄	H8141	52	0.62	H8133	0.038461538461538464
𐤔𐤐𐤊	H8210	25	0.64	H8211	0.24
𐤋𐤌𐤊𐤁𐤉𐤓	H4342	23	0.43		
𐤅𐤓𐤑𐤄	H7521	15	0.67		
𐤕𐤒𐤉𐤌	H6965	4	0.50	H6966	0.0
𐤄𐤇𐤒𐤉𐤌	H2706	22	0.82		
𐤅𐤄𐤁𐤋	H1892	6	0.17	H1893	0.3333333333333333
𐤅𐤃𐤏	H3045	8	1.00		
𐤅𐤇𐤅𐤈𐤀	H2398	5	0.80		
𐤕𐤌𐤄𐤓	H4116	9	0.89		
𐤏𐤃𐤕𐤍𐤅	H5712	4	0.75		
𐤀𐤄𐤁𐤕𐤊	H157	9	1.00	H160	0.5555555555555556
𐤅𐤀𐤌𐤅𐤍𐤕𐤊	H530	3	1.00		
𐤊𐤋𐤈𐤅𐤁	H2896	4	0.75	H3605	0.5
𐤁𐤈𐤇𐤅𐤍	H986	19	0.26		
𐤋𐤇𐤋𐤅𐤕	H2470	10	0.60		
𐤌𐤏𐤉	H4578	7	0.57	H4596	0.14285714285714285
𐤕𐤇𐤕𐤉𐤊	H8478	7	0.43		
𐤁𐤀𐤍𐤎	H597	10	0.20		
𐤊𐤏𐤁𐤃	H5650	7	0.86		
𐤌𐤏𐤁𐤃	H5650	6	0.33	H5648	0.3333333333333333
𐤀𐤔𐤋𐤌	H7999	4	0.50		
𐤌𐤋𐤅𐤍	H4411	4	0.75		
𐤅𐤁𐤐𐤍𐤉𐤌	H6440	3	1.00		
𐤋𐤉𐤅𐤓𐤔	H3423	18	0.83		
𐤅𐤍𐤅𐤔𐤀	H5375	3	0.67		
𐤈𐤄𐤓𐤕	H2893	9	0.44	H2891	0.3333333333333333
𐤄𐤂𐤃𐤋𐤄	H1419	4	1.00	H1420	1.0
𐤌𐤍𐤄𐤌𐤋𐤀𐤊𐤉𐤌	H4397	6	1.00	H4480	0.16666666666666666
𐤍𐤇𐤋𐤅	H5157	10	0.50	H2490	0.8
𐤏𐤋𐤄𐤌𐤋𐤀𐤊𐤉𐤌	H4397	3	1.00	H5921	0.3333333333333333
𐤌𐤔𐤓𐤕𐤉𐤅	H8334	5	0.60		
𐤋𐤄𐤈	H3858	5	0.00	H3857	0.4
𐤊𐤎𐤀𐤊	H3678	8	0.75		
𐤔𐤁𐤈	H7626	96	0.86	H7627	0.17708333333333334
𐤔𐤔𐤅𐤍	H8342	6	0.83		
𐤄𐤔𐤓𐤕	H8335	7	0.57		
𐤋𐤏𐤆𐤓𐤄	H5833	47	0.13	H5835	0.06382978723404255
𐤅𐤌𐤓𐤉	H4751	4	0.50	H4810	0.0
𐤍𐤌𐤋𐤈	H4422	80	0.79		
𐤋𐤕𐤔𐤅𐤏𐤄	H8668	6	0.67		
𐤔𐤌𐤏𐤉𐤄	H8098	6	0.50		
𐤉𐤔𐤅𐤏𐤕𐤌	H3444	5	1.00		
𐤀𐤎𐤐𐤓𐤄	H5608	4	0.75		
𐤒𐤄𐤋	H6951	38	0.66		
𐤀𐤄𐤋𐤋𐤊	H1984	3	1.00		
𐤅𐤄𐤉𐤋𐤃𐤉𐤌	H3206	11	0.45		
𐤌𐤀𐤉𐤌𐤕	H367	9	1.00		
𐤇𐤉𐤉𐤄𐤌	H2416	61	0.90		
𐤄𐤇𐤆𐤉𐤒	H2388	33	0.76		
𐤅𐤍𐤀𐤌𐤍	H539	13	0.85		
𐤏𐤋𐤇𐤈𐤀𐤕	H2398	5	0.40	H5921	0.4
𐤇𐤔𐤅𐤁	H2815	6	0.50		
𐤀𐤌𐤁𐤒𐤋𐤅	H6963	3	1.00	H518	0.6666666666666666
𐤀𐤋𐤕𐤒𐤔𐤅	H7185	3	0.67	H413	0.3333333333333333
𐤃𐤓𐤊𐤉	H1870	74	0.57	H1869	0.08108108108108109
𐤁𐤀𐤐𐤉	H639	3	1.00		
𐤀𐤌𐤉𐤁𐤀𐤅𐤍	H935	3	1.00	H518	0.6666666666666666
𐤀𐤋𐤌𐤍𐤅𐤇𐤕𐤉	H4496	3	1.00	H413	1.0
𐤅𐤇𐤎𐤓	H2638	14	0.50	H2640	0.14285714285714285
𐤅𐤁𐤌𐤉	H4325	4	0.00		
𐤅𐤋𐤌𐤉	H4310	4	0.25		
𐤀𐤋𐤌𐤍𐤅𐤇𐤕𐤅	H4496	3	1.00		
𐤌𐤀𐤇𐤓	H310	11	0.91		
𐤐𐤏𐤌𐤉𐤅	H6471	7	0.71		
𐤄𐤌𐤍𐤅𐤇𐤄	H4496	23	0.74		
𐤄𐤅𐤎𐤃	H3245	3	0.00		
𐤄𐤔𐤁𐤉𐤏𐤉	H7637	101	0.64		
𐤅𐤉𐤔𐤁𐤕	H3427	16	0.69	H7673	0.4375
𐤋𐤀𐤁𐤀𐤅	H935	5	0.80	H3808	0.4
𐤉𐤄𐤅𐤔𐤏	H3091	186	0.32		
𐤌𐤍𐤅𐤇𐤕	H2845	4	0.00	H4496	1.0
𐤌𐤌𐤋𐤀𐤊𐤕𐤅	H4399	4	0.50		
𐤌𐤌𐤓𐤄	H4785	5	0.20		
𐤌𐤇𐤓𐤁	H2719	14	0.36	H2721	0.07142857142857142
𐤐𐤉𐤐𐤉𐤅𐤕	H6374	4	0.75		
𐤄𐤃𐤁𐤒𐤉𐤌	H1694	7	0.14	H1695	0.0
𐤌𐤍𐤂𐤃𐤅	H5048	3	0.67		
𐤌𐤐𐤒𐤃	H4662	17	0.53	H6485	0.7058823529411765
𐤏𐤋𐤄𐤇𐤈𐤀𐤉𐤌	H2400	7	0.00	H5921	0.7142857142857143
𐤋𐤇𐤌𐤋	H2538	3	0.33		
𐤇𐤋𐤉	H2483	9	0.44	H2482	0.4444444444444444
𐤏𐤋𐤃𐤁𐤓𐤕𐤉	H1696	7	0.29	H5921	1.0
𐤌𐤋𐤊𐤉𐤑𐤃𐤒	H4442	14	0.14		
𐤁𐤑𐤏𐤒𐤄	H6818	6	0.17		
𐤉𐤓𐤀𐤕𐤅	H3374	10	0.30		
𐤄𐤔𐤋𐤌	H8000	5	0.20	H7966	0.0
𐤋𐤁𐤀𐤓	H875	20	0.15		
𐤋𐤇𐤋𐤁	H2461	3	1.00		
𐤌𐤀𐤊𐤋𐤅	H3978	3	0.33		
𐤇𐤅𐤔𐤉𐤌	H2366	9	0.44		
𐤋𐤄𐤁𐤃𐤉𐤋	H914	10	0.70		
𐤍𐤏𐤁𐤓	H5674	6	0.83		
𐤍𐤔𐤅𐤁	H7725	16	0.81		
𐤅𐤕𐤅𐤓𐤕	H8451	7	0.43		
𐤅𐤈𐤏𐤌𐤅	H2940	3	0.33		
𐤍𐤌𐤍𐤏𐤅	H4513	19	0.47		
𐤅𐤉𐤕𐤍𐤅𐤄𐤅	H5414	5	0.80		
𐤏𐤔𐤁	H6212	12	0.17	H6211	0.0
𐤕𐤅𐤑𐤉𐤀	H3318	7	1.00		
𐤅𐤃𐤓𐤃𐤓	H1863	3	0.67		
𐤅𐤒𐤓𐤅𐤁𐤄	H7138	3	0.67		
𐤅𐤎𐤅𐤐𐤄	H5492	4	0.50		
𐤋𐤄𐤔𐤓𐤐	H8313	4	0.75		
𐤌𐤁𐤈𐤇𐤉𐤌	H4009	5	0.20		
𐤋𐤔𐤊𐤇	H7911	4	0.75		
𐤄𐤉𐤅𐤓𐤔𐤉𐤌	H3423	3	1.00		
𐤀𐤔𐤓𐤀𐤉𐤍	H369	3	0.67	H834	0.6666666666666666
𐤋𐤄𐤔𐤁𐤏	H7650	7	1.00		
𐤀𐤁𐤓𐤊𐤊	H1288	5	0.60		
𐤀𐤓𐤁𐤄	H7235	13	0.31	H697	0.3076923076923077
𐤁𐤔𐤁𐤅𐤏𐤄	H7651	16	0.56		
𐤀𐤍𐤅	H202	61	0.46	H5115	0.4262295081967213
𐤄𐤇𐤅𐤎𐤉𐤌	H2620	3	0.67		
𐤀𐤔𐤓𐤄𐤉𐤀	H1931	3	0.00	H834	0.6666666666666666
𐤅𐤉𐤁𐤓𐤊𐤄𐤅	H1288	10	0.70		
𐤕𐤇𐤋𐤄	H8462	57	0.82		
𐤄𐤔𐤋𐤋	H7998	44	0.57		
𐤉𐤓𐤊	H3409	9	0.56	H7401	0.1111111111111111
𐤉𐤁𐤓𐤊	H1288	13	0.15		
𐤅𐤐𐤄	H6311	10	0.80	H6310	0.9
𐤋𐤅𐤌𐤓	H4751	3	0.00		
𐤁𐤑𐤀𐤕	H3318	20	0.80	H1207	0.1
𐤔𐤋𐤌𐤅𐤕	H8013	12	0.50	H8003	0.9166666666666666
𐤊𐤄𐤍𐤕	H3550	3	1.00		
𐤄𐤊𐤄𐤍𐤄	H3550	74	0.96		
𐤀𐤕𐤄𐤌𐤆𐤁𐤇	H4196	5	0.60	H853	0.0
𐤔𐤁𐤅𐤏𐤄	H7621	21	0.90		
𐤄𐤍𐤉𐤇𐤌	H5117	5	1.00		
𐤁𐤏𐤌𐤃𐤅	H5975	14	0.79		
𐤅𐤕𐤌𐤉𐤌	H8549	6	0.50		
𐤌𐤄𐤔𐤌𐤉𐤌	H8064	4	1.00		
𐤁𐤄𐤒𐤓𐤉𐤁𐤅	H7126	3	1.00		
𐤄𐤏𐤌𐤉𐤃𐤄	H5975	4	0.50		
𐤄𐤉𐤅𐤔𐤁	H3427	31	0.65		
𐤌𐤍𐤇𐤅𐤕	H4496	38	0.42	H2679	0.15789473684210525
𐤄𐤌𐤒𐤓𐤉𐤁𐤉𐤌	H7126	8	0.75		
𐤄𐤒𐤓𐤁𐤍𐤅𐤕	H7133	69	0.97		
𐤔𐤍𐤏𐤔𐤕𐤄	H6213	3	1.00		
𐤄𐤅𐤒𐤌𐤄	H6965	6	0.33		
𐤋𐤔𐤍𐤉𐤄	H8141	3	0.67		
𐤄𐤐𐤓𐤅	H6565	12	0.42		
𐤀𐤊𐤓𐤕	H3772	3	0.67		
𐤀𐤕𐤕𐤅𐤓𐤕𐤉	H8451	4	0.50	H853	0.5
𐤊𐤅𐤋𐤌	H3605	402	0.56		
𐤀𐤓𐤑𐤉	H776	10	0.60		
𐤄𐤌𐤔𐤊𐤍	H4908	61	0.87		
𐤅𐤄𐤔𐤋𐤇𐤍	H7979	3	1.00		
𐤅𐤌𐤁𐤉𐤕	H1004	17	0.94		
𐤄𐤆𐤄𐤁	H2091	89	0.58		
𐤌𐤑𐤐𐤄	H4708	20	0.60	H4709	0.55
𐤄𐤌𐤍	H2001	38	0.82	H4480	0.8947368421052632
𐤅𐤌𐤈𐤄	H4294	6	0.33	H4131	0.0
𐤅𐤌𐤌𐤏𐤋	H4605	8	1.00		
𐤔𐤄𐤅𐤊𐤍𐤅	H3651	5	1.00		
𐤉𐤒𐤓𐤉𐤁	H7126	10	0.70		
𐤀𐤋𐤄𐤒𐤃𐤔	H6944	4	1.00	H413	1.0
𐤌𐤒𐤓𐤉𐤁𐤉𐤌	H7126	12	0.92		
𐤄𐤅𐤔𐤌𐤅	H8034	9	0.44		
𐤄𐤏𐤕𐤉𐤃𐤅𐤕	H6264	34	0.41		
𐤄𐤌𐤏𐤋𐤄	H5927	28	0.96	H4609	0.6785714285714286
𐤁𐤂𐤃𐤋𐤄	H1419	3	1.00		
𐤔𐤏𐤉𐤓𐤉𐤌	H8184	5	0.00	H8163	0.6
𐤂𐤀𐤋𐤕	H1350	3	0.33	H1353	0.3333333333333333
𐤄𐤐𐤓𐤉𐤌	H6332	3	0.00	H6499	0.6666666666666666
𐤅𐤄𐤔𐤏𐤉𐤓𐤉𐤌	H8165	3	0.00		
𐤄𐤐𐤓𐤄	H6510	5	0.20	H6565	0.6
𐤉𐤈𐤄𐤓	H2891	11	0.73		
𐤋𐤁𐤓𐤉𐤕	H1285	7	0.86		
𐤅𐤕𐤅𐤋𐤏𐤕	H8438	4	1.00		
𐤅𐤉𐤆𐤓𐤒	H2236	3	1.00		
𐤊𐤐𐤓𐤄	H3722	7	0.71	H6510	0.14285714285714285
𐤁𐤏𐤑𐤌𐤌	H6106	28	0.50		
𐤋𐤄𐤈𐤄𐤓	H2889	5	0.20		
𐤊𐤊𐤄𐤍	H3548	4	1.00		
𐤁𐤒𐤓𐤁𐤍𐤅𐤕	H7130	11	0.73		
𐤉𐤒𐤓𐤉𐤁𐤅	H7126	13	0.92		
𐤊𐤅𐤍𐤍𐤕	H3559	3	1.00		
𐤅𐤇𐤈𐤀𐤄	H2403	4	0.50	H2398	0.75
𐤌𐤏𐤁𐤉𐤓	H5674	3	1.00		
𐤄𐤒𐤓𐤁𐤕	H7126	5	1.00		
𐤄𐤒𐤓𐤉𐤁𐤅	H7126	28	0.68		
𐤅𐤇𐤊𐤄	H2442	4	0.25		
𐤉𐤇𐤊𐤄	H2442	7	0.43		
𐤄𐤔𐤋𐤉𐤌	H7965	11	0.91		
𐤏𐤋𐤆𐤄	H2088	7	0.43	H5921	0.7142857142857143
𐤊𐤌𐤍𐤄𐤂	H4491	27	0.00		
𐤁𐤆𐤃𐤅𐤍	H2087	31	0.06		
𐤇𐤌𐤋𐤄	H2551	20	0.30	H2550	0.8
𐤅𐤇𐤔𐤁	H2803	17	0.88	H2805	0.29411764705882354
𐤅𐤕𐤅𐤂𐤄	H8424	3	0.33		
𐤒𐤍𐤉𐤍	H7075	10	0.60		
𐤉𐤀𐤇𐤓	H309	10	0.50		
𐤋𐤄𐤑𐤋𐤕	H5337	9	0.89		
𐤇𐤎𐤍	H2633	12	0.33	H2632	0.4166666666666667
𐤄𐤁𐤈𐤇𐤅𐤍	H986	8	0.25		
𐤍𐤓𐤀𐤉𐤌	H7200	3	0.67		
𐤇𐤍𐤅𐤊	H2585	117	0.00		
𐤓𐤀𐤅𐤕𐤅	H7200	7	1.00		
𐤅𐤂𐤌𐤅𐤋	H1576	4	0.75		
𐤒𐤁𐤋𐤄	H6903	23	0.91		
𐤊𐤊𐤅𐤊𐤁𐤉	H3556	13	0.38		
𐤅𐤊𐤇𐤅𐤋	H2344	5	0.60		
𐤅𐤉𐤁𐤈𐤇𐤅	H982	6	0.33		
𐤅𐤉𐤅𐤃𐤅	H3034	13	0.77		
𐤌𐤁𐤒𐤔𐤉	H1245	10	0.40		
𐤌𐤅𐤔𐤁	H4186	16	0.81	H7725	0.9375
𐤋𐤌𐤅𐤔𐤁	H4186	15	0.87		
𐤍𐤎𐤄	H5254	36	0.36	H5375	0.9444444444444444
𐤁𐤓𐤊	H1288	47	0.51	H1289	0.425531914893617
𐤀𐤕𐤔𐤍𐤉	H8147	3	0.67	H853	0.6666666666666666
𐤏𐤋𐤓𐤀𐤔	H7218	3	1.00	H5921	1.0
𐤄𐤆𐤊𐤉𐤓	H2142	13	0.85		
𐤏𐤑𐤌𐤅𐤕𐤉𐤅	H6106	9	0.56		
𐤀𐤁𐤅𐤕𐤉𐤅	H1	91	0.60		
𐤁𐤕𐤏𐤍𐤅𐤂𐤉	H8588	3	0.33		
𐤄𐤁𐤉𐤈	H5027	15	0.73		
𐤌𐤇𐤌𐤕	H2574	33	0.30	H2575	0.30303030303030304
𐤍𐤎𐤅	H5127	94	0.59	H5254	0.1595744680851064
𐤇𐤅𐤌𐤅𐤕	H2346	60	0.77		
𐤄𐤒𐤉𐤐𐤅	H5362	38	0.92		
𐤀𐤁𐤃𐤄	H6	15	0.87	H10	0.3333333333333333
𐤄𐤆𐤅𐤍𐤄	H2181	5	0.40		
𐤂𐤃𐤏𐤅𐤍	H1439	19	0.68		
𐤅𐤁𐤓𐤒	H1301	3	0.33	H1300	0.3333333333333333
𐤅𐤔𐤌𐤅𐤀𐤋	H8050	7	0.43		
𐤊𐤁𐤔𐤅	H3532	46	0.15	H3533	0.5434782608695652
𐤅𐤄𐤔𐤉𐤂𐤅	H5381	3	0.33		
𐤄𐤁𐤈𐤇𐤅𐤕	H982	8	0.12		
𐤀𐤓𐤉𐤅𐤕	H738	7	0.71	H744	0.7142857142857143
𐤅𐤍𐤌𐤋𐤈𐤅	H4422	19	0.68		
𐤄𐤇𐤓𐤁	H2719	36	0.61	H2717	0.6111111111111112
𐤌𐤇𐤋𐤉𐤌	H4249	5	0.00		
𐤁𐤌𐤋𐤇𐤌𐤄	H4421	300	0.81		
𐤅𐤄𐤐𐤉𐤋𐤅	H5307	5	0.80		
𐤒𐤌𐤅	H6965	79	0.81	H6966	0.22784810126582278
𐤋𐤕𐤇𐤉𐤄	H2421	5	0.80		
𐤁𐤋𐤏𐤂	H3934	4	0.00		
𐤅𐤁𐤌𐤊𐤅𐤕	H4347	3	0.00		
𐤁𐤉𐤎𐤅𐤓𐤉𐤌	H5493	6	0.83		
𐤁𐤇𐤎𐤓	H2640	3	0.00	H2638	0.6666666666666666
𐤅𐤉𐤂𐤅𐤍	H3015	5	0.20		
𐤅𐤁𐤌𐤏𐤓𐤅𐤕	H4631	3	0.67		
𐤑𐤐𐤄	H6823	22	0.14	H6822	0.4090909090909091
𐤎𐤁𐤁	H5437	25	1.00		
𐤅𐤄𐤇𐤈𐤀	H2398	3	1.00		
𐤄𐤔𐤌𐤇𐤄	H8057	10	0.70		
𐤄𐤇𐤓𐤐𐤄	H2781	17	0.59		
𐤁𐤌𐤋𐤇𐤌𐤕𐤊𐤌	H4421	3	0.33		
𐤅𐤕𐤔𐤊𐤇𐤅	H7911	4	0.00		
𐤉𐤊𐤀𐤁	H3510	3	1.00		
𐤌𐤍𐤕	H4521	16	0.06	H4490	0.5625
𐤅𐤍𐤉𐤓𐤀	H3372	4	0.25		
𐤁𐤀𐤇𐤓𐤉𐤕𐤅	H319	5	0.20		
𐤓𐤐𐤅𐤕	H7504	5	0.40	H7383	0.0
𐤐𐤓𐤄	H6509	3	0.33	H6510	0.3333333333333333
𐤋𐤏𐤍𐤄	H3939	4	0.25		
𐤅𐤉𐤈𐤌𐤀𐤅	H2930	5	0.20		
𐤍𐤌𐤀𐤎	H3988	8	0.25		
𐤅𐤁𐤏𐤓	H1197	3	0.67	H1198	0.0
𐤅𐤎𐤏𐤓𐤄	H5591	4	1.00		
𐤅𐤋𐤒𐤅𐤋	H6963	10	0.90		
𐤕𐤂𐤏	H5060	5	1.00		
𐤎𐤒𐤋	H5619	3	0.67		
𐤁𐤇𐤑𐤉𐤌	H2678	8	0.12	H2671	0.375
𐤅𐤄𐤌𐤓𐤀𐤄	H4758	4	1.00		
𐤍𐤅𐤓𐤀	H3372	65	0.82	H5135	0.16923076923076924
𐤑𐤉𐤅𐤍	H6726	47	0.02	H6724	0.14893617021276595
𐤅𐤏𐤃𐤕	H5712	4	0.75		
𐤄𐤁𐤊𐤅𐤓𐤉𐤌	H1061	8	0.75		
𐤅𐤀𐤋𐤉𐤔𐤅𐤏	H474	3	0.33		
𐤄𐤌𐤉𐤈𐤉𐤁	H3190	5	1.00		
𐤍𐤌𐤋𐤈𐤅	H4422	74	0.54		
𐤄𐤓𐤏𐤉𐤔	H7494	6	0.00		
𐤅𐤆𐤅	H2098	6	0.00		
𐤏𐤔𐤅𐤉𐤌	H6213	7	1.00		
𐤕𐤌𐤅𐤈	H4131	4	0.25		
𐤅𐤍𐤏𐤁𐤃	H5647	3	1.00		
𐤀𐤋𐤕𐤔𐤊𐤇𐤅	H7911	3	0.67	H413	0.3333333333333333
𐤓𐤇𐤒𐤅	H7368	11	0.82		
𐤅𐤔𐤌𐤇𐤅	H8055	10	0.80		
𐤁𐤇𐤋𐤒𐤊𐤌	H2506	3	0.33		
𐤀𐤏𐤆𐤁𐤊	H5800	3	0.33		
𐤀𐤉𐤓𐤀	H3372	3	1.00		
𐤋𐤀𐤇𐤓𐤉𐤕	H310	5	0.60		
𐤃𐤓𐤊𐤌	H1870	32	0.81		
𐤋𐤊𐤅𐤍𐤍	H3559	3	1.00		
𐤄𐤅𐤏𐤉𐤋𐤅	H3276	12	0.58		
𐤍𐤔𐤓𐤐𐤅	H8313	15	0.47		
𐤋𐤌𐤇𐤍𐤄	H4264	20	0.90		
𐤉𐤏𐤓𐤁𐤅	H6148	9	0.22		
𐤁𐤀𐤍𐤇𐤄	H585	3	0.33		
𐤅𐤁𐤇𐤆𐤒𐤄	H2389	3	1.00	H2394	0.6666666666666666
𐤁𐤒𐤑𐤓𐤄	H7114	12	0.25		
𐤄𐤔𐤁𐤈𐤉𐤌	H7626	64	0.70		
𐤄𐤍𐤐𐤅𐤑𐤉𐤌	H6327	7	0.71		
𐤁𐤃𐤏𐤕𐤊𐤌	H1847	3	0.33		
𐤁𐤇𐤍	H974	7	0.14	H975	0.0
𐤕𐤇𐤎𐤓𐤅	H2637	3	0.67		
𐤉𐤇𐤎𐤓	H2637	25	0.84		
𐤄𐤐𐤊𐤐𐤊	H2019	3	0.00		
𐤄𐤔𐤐𐤋	H8213	4	0.75		
𐤁𐤇𐤌𐤕𐤅	H2534	11	0.55		
𐤉𐤁𐤅𐤋	H5034	10	0.40	H2981	0.6
𐤌𐤍𐤎𐤄	H5254	9	0.44		
𐤁𐤓𐤏	H7451	11	0.91	H7455	0.6363636363636364
𐤅𐤕𐤐𐤕𐤄𐤅	H6601	3	0.67		
𐤄𐤕𐤀𐤅𐤄	H6914	25	0.24	H183	0.8
𐤉𐤅𐤋𐤉𐤃	H3205	4	0.75		
𐤕𐤓𐤃	H3381	7	0.57		
𐤇𐤋𐤅𐤐	H2475	5	0.00		
𐤔𐤍𐤅𐤉	H8127	9	0.00		
𐤁𐤇𐤐𐤑𐤅	H2654	16	0.88		
𐤌𐤄𐤉𐤓	H4106	11	0.18		
𐤌𐤏𐤋𐤉𐤊𐤌	H5921	5	0.40		
𐤁𐤏𐤍𐤅𐤄	H5869	9	0.44		
𐤏𐤔𐤄𐤅	H6213	13	0.85		
𐤔𐤊𐤇	H7911	24	0.38		
𐤄𐤔𐤋𐤌𐤄	H8010	4	0.00	H7999	0.75
𐤅𐤔𐤊𐤇	H3581	7	0.43	H7911	0.2857142857142857
𐤁𐤌𐤏𐤔𐤄𐤅	H4639	6	0.67		
𐤓𐤎𐤍	H7449	7	0.00	H7448	0.42857142857142855
𐤄𐤈𐤄𐤅𐤓𐤄	H2889	4	0.50		
𐤋𐤁𐤒𐤓	H1242	6	0.17	H1239	0.5
𐤅𐤄𐤀𐤋𐤌𐤍𐤅𐤕	H490	3	0.67		
𐤋𐤁𐤔𐤉	H3847	5	0.80	H3830	1.0
𐤌𐤊𐤋𐤅𐤋	H4358	3	0.00		
𐤏𐤔𐤉𐤓𐤉𐤌	H6223	5	0.80		
𐤀𐤕𐤄𐤔𐤌	H8033	3	0.00	H859	0.0
𐤁𐤌𐤏𐤔𐤉𐤊𐤌	H4639	4	0.75		
𐤊𐤏𐤁𐤓𐤉𐤌	H5674	4	1.00		
𐤓𐤅𐤑𐤇	H7523	9	0.78		
𐤊𐤀𐤍𐤔𐤉𐤌	H376	9	0.78		
𐤄𐤕𐤅𐤊𐤋	H3201	7	0.86		
𐤁𐤏𐤉𐤓𐤌	H1165	10	0.10		
𐤁𐤏𐤑𐤌𐤄	H6109	8	0.25		
𐤄𐤓𐤀𐤍𐤉	H7200	3	1.00		
𐤌𐤏𐤔𐤉𐤊	H4639	24	0.62		
𐤏𐤋𐤄𐤌𐤆𐤁𐤇	H4196	4	0.75	H5921	0.5
𐤋𐤌𐤏𐤔𐤉𐤅	H6213	3	1.00	H4519	0.0
𐤅𐤌𐤕𐤅𐤊	H8432	14	0.57		
𐤁𐤀𐤎𐤐𐤄	H622	3	0.67		
𐤄𐤎𐤅𐤎𐤉𐤌	H5483	33	0.24		
𐤉𐤍𐤄𐤂	H5090	6	0.67		
𐤌𐤔𐤅𐤈	H7751	5	0.20	H4880	0.0
𐤄𐤋𐤔𐤅𐤍	H3956	12	0.33		
𐤊𐤋𐤁𐤄𐤌𐤄	H929	3	0.67	H3605	0.3333333333333333
𐤋𐤊𐤁𐤔𐤄	H3532	4	0.00		
𐤁𐤑𐤋𐤌	H6754	5	0.60		
𐤅𐤒𐤋𐤋𐤄	H7045	3	0.33		
𐤄𐤌𐤏𐤉𐤍	H4599	9	1.00		
𐤌𐤕𐤅𐤒𐤉𐤌	H4966	7	0.57		
𐤌𐤌𐤅𐤑𐤀	H4161	10	0.70		
𐤆𐤉𐤕𐤉𐤌	H2132	3	0.67		
𐤌𐤋𐤅𐤇𐤉𐤌	H3899	3	0.33		
𐤅𐤌𐤕𐤅𐤒𐤉𐤌	H4966	3	0.67		
𐤅𐤍𐤁𐤅𐤍	H995	8	0.88		
𐤁𐤃𐤓𐤊𐤅	H1870	18	0.83		
𐤀𐤕𐤌𐤏𐤔𐤉𐤅	H4639	3	1.00	H853	0.3333333333333333
𐤄𐤉𐤑𐤓	H3335	5	0.00		
𐤅𐤌𐤋𐤀𐤄	H4393	6	0.33	H4390	0.6666666666666666
𐤅𐤋𐤁	H3820	20	0.70		
𐤄𐤌𐤋𐤇𐤌𐤅𐤕	H4421	26	0.58		
𐤕𐤔𐤉𐤂𐤅	H5381	4	1.00		
𐤌𐤒𐤁𐤋𐤉𐤌	H6903	13	0.92	H4519	0.15384615384615385
𐤁𐤓𐤏𐤄	H7451	28	0.71	H7452	0.35714285714285715
𐤀𐤉𐤁𐤕	H342	3	0.67	H341	0.6666666666666666
𐤁𐤒𐤍𐤀𐤄	H7068	5	0.40		
𐤅𐤋𐤏𐤍𐤅𐤉𐤌	H6035	3	1.00		
𐤄𐤕𐤉𐤑𐤁𐤅	H3320	21	0.67		
𐤌𐤐𐤍𐤉𐤊𐤌	H6440	5	1.00		
𐤓𐤇𐤑𐤅	H7364	3	0.00		
𐤄𐤕𐤏𐤍𐤅	H6031	3	0.67		
𐤅𐤄𐤕𐤀𐤁𐤋𐤅	H56	3	1.00		
𐤋𐤀𐤁𐤋	H60	11	0.55		
𐤋𐤉𐤂𐤅𐤍	H1588	4	0.00		
𐤉𐤓𐤉𐤌	H7311	7	0.57	H3384	0.2857142857142857
𐤄𐤌𐤇𐤓𐤐	H2778	7	0.57		
𐤅𐤃𐤍	H1835	11	0.27	H2051	0.18181818181818182
𐤌𐤇𐤓𐤐	H2778	8	0.62	H2779	0.125
𐤁𐤊𐤅	H1058	19	0.63		
𐤕𐤁𐤀𐤍𐤄	H935	19	0.74		
𐤏𐤔	H6211	3	0.67	H6213	0.6666666666666666
𐤅𐤀𐤊𐤋𐤄	H398	12	0.75	H3615	1.0
𐤒𐤑𐤉𐤓	H7105	9	0.44		
𐤅𐤑𐤏𐤒𐤕	H6818	4	0.50		
𐤄𐤒𐤅𐤑𐤓𐤉𐤌	H7114	3	0.67		
𐤍𐤏𐤍𐤄	H6031	18	0.44	H6030	0.5
𐤕𐤁𐤅𐤀𐤕	H8393	9	1.00	H935	0.7777777777777778
𐤄𐤔𐤅𐤐𐤈	H8199	33	0.27		
𐤄𐤎𐤁𐤋	H5449	5	0.40		
𐤌𐤀𐤔𐤓𐤉𐤌	H833	6	0.50		
𐤀𐤉𐤅𐤁	H347	27	0.00		
𐤅𐤇𐤍𐤅𐤍	H2587	7	0.14	H2586	0.5714285714285714
𐤅𐤕𐤐𐤋𐤕	H8605	3	0.33		
𐤏𐤅𐤍𐤅𐤕𐤉𐤊𐤌	H5771	3	0.00		
𐤕𐤐𐤋𐤕	H8605	10	0.70		
𐤐𐤔𐤏𐤉𐤌	H6586	4	0.25	H6588	0.25
𐤅𐤄𐤅𐤋𐤉𐤃	H3205	6	0.67		
𐤁𐤄𐤒𐤌𐤕	H6965	5	1.00		
𐤅𐤋𐤊𐤁𐤅𐤃	H3519	11	0.82		
𐤅𐤋𐤕𐤐𐤀𐤓𐤕	H8597	13	0.54		
𐤅𐤏𐤑𐤅𐤌𐤄	H6099	7	0.57		
𐤄𐤕𐤔𐤅𐤏𐤄	H8668	12	0.83		
𐤅𐤃𐤓𐤔𐤅	H1875	12	0.50		
𐤄𐤔𐤌𐤅𐤓	H8104	5	0.40		
𐤄𐤅𐤃𐤉𐤏𐤄	H3045	8	1.00		
𐤄𐤔𐤋𐤅𐤇	H7971	10	0.80		
𐤋𐤄𐤔𐤒𐤉𐤐	H8259	8	0.38		
𐤇𐤂𐤓𐤅	H2296	17	0.41	H2290	0.0
𐤌𐤕𐤍𐤉	H4982	4	0.00	H4975	0.25
𐤅𐤒𐤅𐤅	H6960	5	0.60		
𐤉𐤁𐤅𐤀𐤊𐤌	H935	4	0.50		
𐤕𐤒𐤓𐤀𐤅	H7121	5	0.60		
𐤄𐤍𐤅𐤃𐤏	H3045	4	0.75		
𐤁𐤔𐤌𐤏𐤊𐤌	H8085	3	1.00		
𐤅𐤀𐤄𐤁𐤕𐤌	H157	5	0.80		
𐤍𐤔𐤇𐤕	H7843	8	0.88		
𐤉𐤁𐤔	H3001	22	0.59	H3003	0.5454545454545454
𐤑𐤉𐤑	H6731	4	0.50	H6732	0.5
𐤅𐤉𐤒𐤓𐤄	H3368	5	0.60	H3367	0.4
𐤇𐤉𐤅𐤕	H2423	38	0.58	H2416	0.9210526315789473
𐤍𐤁𐤇𐤓	H977	16	0.56		
𐤌𐤌𐤋𐤊𐤕	H4467	34	0.97		
𐤕𐤄𐤋𐤅𐤕	H8416	6	0.33		
𐤓𐤇𐤌𐤅	H7356	3	1.00	H7355	0.6666666666666666
𐤀𐤄𐤅𐤁𐤉𐤌	H158	7	0.29		
𐤃𐤓𐤊𐤊𐤌	H1870	3	0.67		
𐤉𐤁𐤉𐤈𐤅	H5027	7	0.86		
𐤇𐤓𐤐𐤅	H2778	22	0.68		
𐤄𐤐𐤒𐤃𐤄	H6486	16	0.88		
𐤋𐤔𐤋𐤅𐤇𐤉𐤌	H7971	6	0.67		
𐤀𐤅𐤋𐤕	H200	12	0.25		
𐤍𐤄𐤂𐤅	H5090	17	0.59		
𐤀𐤕𐤄𐤌𐤋𐤊	H4428	4	1.00	H853	0.0
𐤅𐤄𐤔𐤀𐤉𐤓	H7604	23	0.87		
𐤇𐤓𐤐𐤕𐤅	H2781	4	0.25		
𐤃𐤉𐤍𐤅	H1777	7	0.29		
𐤁𐤇𐤁𐤓𐤕𐤅	H2279	3	0.00		
𐤅𐤃𐤁𐤓𐤉𐤌	H1697	12	0.83		
𐤌𐤁𐤇𐤅𐤑	H2351	5	0.80		
𐤅𐤏𐤃𐤉	H5704	4	0.50		
𐤁𐤏𐤋𐤉𐤄𐤍	H5921	10	0.80	H1167	0.7
𐤊𐤔𐤓𐤄	H8283	4	0.50		
𐤁𐤕𐤁𐤅𐤍𐤄	H8394	6	0.33		
𐤁𐤍𐤇𐤋𐤕	H5159	14	0.29		
𐤅𐤎𐤅𐤐	H5488	7	0.00		
𐤅𐤐𐤍𐤉	H6440	12	0.83		
𐤉𐤁𐤔𐤅	H954	4	0.50	H3001	0.75
𐤋𐤒𐤓𐤁	H7126	76	0.67	H7128	0.5526315789473685
𐤄𐤅𐤌𐤕	H4191	14	0.79		
𐤁𐤀𐤓𐤊	H753	4	0.75	H875	0.0
𐤁𐤄𐤏𐤔𐤅𐤕	H6213	4	0.75		
𐤄𐤕𐤁𐤄	H8392	16	0.75		
𐤄𐤒𐤌𐤕	H6966	4	0.50	H6965	1.0
𐤅𐤉𐤊𐤍𐤏𐤅	H3665	7	0.57		
𐤁𐤌𐤇𐤔𐤁𐤄	H4284	16	0.75		
𐤄𐤌𐤏𐤍𐤄	H4617	4	0.25		
𐤌𐤇𐤈𐤅𐤀	H2398	6	0.83		
𐤁𐤃𐤓𐤊𐤉	H1870	50	0.56		
𐤁𐤆𐤌𐤄	H2154	3	0.33		
𐤅𐤉𐤇𐤉𐤅	H2421	6	0.67		
𐤅𐤏𐤓𐤉𐤌	H5892	9	0.89		
𐤕𐤊𐤎𐤄	H3680	4	0.75		
𐤏𐤆𐤓𐤕𐤅	H5833	13	0.15		
𐤅𐤄𐤏𐤆	H5756	7	0.00		
𐤊𐤅𐤓	H3564	13	0.08		
𐤍𐤇𐤄	H5117	18	0.89	H5148	0.3333333333333333
𐤁𐤐𐤒𐤃𐤕	H6486	4	0.50		
𐤄𐤌𐤌𐤓𐤉𐤌	H4784	5	0.40		
𐤄𐤆𐤒𐤍	H2205	39	0.62	H2206	0.05128205128205128
𐤓𐤏𐤅	H7466	15	0.00	H7462	0.4666666666666667
𐤅𐤇𐤂𐤓𐤅	H2296	6	0.33		
𐤍𐤐𐤔𐤊𐤌	H5315	31	0.94		
𐤄𐤇𐤆𐤒𐤄	H2389	17	0.76		
𐤊𐤀𐤓𐤉𐤄	H738	7	0.57	H744	0.5714285714285714
𐤅𐤌𐤁𐤒𐤔	H1245	9	0.44		
𐤍𐤂𐤃𐤅	H5048	57	0.93		
𐤋𐤊𐤁𐤅𐤃𐤅	H3519	6	0.83		
𐤉𐤔𐤋𐤉𐤌	H7999	5	0.60		
𐤁𐤁𐤁𐤋	H894	39	0.28	H895	0.28205128205128205
𐤁𐤑𐤃𐤒𐤕	H6666	5	0.60		
𐤅𐤇𐤉𐤋𐤅	H2428	19	0.58		
𐤅𐤉𐤒𐤓𐤅𐤕	H3368	6	0.67		
𐤌𐤊𐤋𐤉𐤅𐤍	H3627	3	0.67	H4519	0.0
𐤋𐤓𐤅𐤇𐤄	H7307	4	0.00		
𐤄𐤌𐤁𐤅𐤀	H3996	13	0.85		
𐤅𐤋𐤄𐤏𐤉𐤓	H5892	3	0.00		
𐤁𐤌𐤔𐤊𐤍	H4908	8	0.75		
𐤆𐤊𐤓𐤅𐤍	H2146	10	0.40		
𐤄𐤅𐤃𐤏𐤍𐤅	H3045	10	1.00		
𐤌𐤀𐤉𐤓	H215	4	0.75		
𐤀𐤐𐤋	H652	4	0.50	H5307	1.0
𐤅𐤆𐤓𐤇	H2224	6	0.33	H2226	0.5
𐤊𐤅𐤊𐤁	H3556	15	0.80		
𐤍𐤔𐤀𐤌	H5387	3	0.33		
𐤕𐤅𐤏𐤁𐤅𐤕𐤌	H8441	3	0.00		
𐤅𐤁𐤃𐤁𐤓𐤉	H1697	9	1.00	H1696	0.8888888888888888
𐤌𐤔𐤐𐤈𐤌	H4941	19	0.79		
𐤉𐤕𐤌𐤄𐤌𐤄	H4102	6	0.50		
𐤁𐤊𐤁𐤋𐤉	H1097	5	0.40	H3525	0.0
𐤅𐤉𐤔𐤌𐤓	H8104	12	0.83		
𐤁𐤄𐤁𐤉𐤀𐤅	H935	11	0.82		
𐤀𐤕𐤄𐤌𐤁𐤅𐤋	H3999	4	0.75	H853	0.5
𐤋𐤀𐤐𐤓	H665	7	0.43		
𐤁𐤌𐤄𐤐𐤊𐤄	H2015	3	0.67	H4519	0.0
𐤅𐤉𐤔𐤉𐤌𐤌	H7760	8	0.75		
𐤅𐤉𐤑𐤋	H5337	11	0.27		
𐤆𐤌𐤕𐤌	H2154	4	0.50		
𐤄𐤉𐤔𐤓𐤄	H3477	17	0.71		
𐤅𐤁𐤔𐤌𐤏𐤅	H8085	14	1.00		
𐤓𐤔𐤏𐤌	H7563	4	1.00		
𐤌𐤍𐤎𐤉𐤅𐤍	H5510	5	0.20	H4480	1.0
𐤂𐤌𐤅𐤋𐤌	H1576	5	0.80		
𐤀𐤕𐤄𐤌𐤌𐤔𐤋𐤄	H4910	12	1.00	H853	0.8333333333333334
𐤏𐤆𐤉	H5797	5	0.60	H5813	0.4
𐤁𐤔𐤓𐤉𐤓𐤅𐤕	H8307	11	0.18		
𐤉𐤇𐤓𐤃𐤅	H2729	3	0.33		
𐤊𐤁𐤄𐤌𐤅𐤕	H929	6	0.50		
𐤏𐤅𐤋𐤕𐤌	H5930	3	0.00		
𐤌𐤋𐤀𐤅𐤕	H226	18	0.11	H4390	0.8333333333333334
𐤄𐤌𐤀𐤓𐤄	H3994	3	0.00		
𐤁𐤋𐤏𐤌	H1109	63	0.11		
𐤕𐤅𐤊𐤇𐤕	H8433	6	0.83		
𐤅𐤕𐤏𐤑𐤓	H6113	4	0.75		
𐤄𐤒𐤎𐤌	H7081	4	0.00		
𐤁𐤀𐤓𐤅𐤕	H881	24	0.25	H877	0.0
𐤏𐤁𐤉𐤌	H5645	4	1.00	H5646	0.0
𐤁𐤎𐤏𐤓𐤄	H5591	7	0.71		
𐤕𐤅𐤏𐤄	H8442	5	0.40	H8582	0.4
𐤇𐤓𐤅𐤕	H2801	21	0.19	H2734	0.38095238095238093
𐤄𐤊𐤋𐤁	H3611	6	0.67		
𐤋𐤑𐤉𐤌	H3887	5	0.40		
𐤅𐤍𐤎𐤕𐤓	H5641	3	0.33		
𐤅𐤁𐤌𐤉𐤌	H4325	5	1.00		
𐤔𐤌𐤅𐤓𐤉𐤌	H8104	5	0.60		
𐤊𐤀𐤋𐤐	H505	18	0.89	H441	0.6666666666666666
𐤅𐤀𐤋𐤐	H505	25	0.76		
𐤋𐤀𐤇𐤅𐤓	H268	16	0.69		
𐤁𐤀𐤁𐤃	H6	3	0.67		
𐤉𐤇𐤋𐤐𐤅	H2498	4	0.75		
𐤉𐤁𐤏𐤓𐤅	H1197	3	0.67		
𐤅𐤄𐤌𐤏𐤔𐤉𐤌	H4639	7	0.43		
𐤉𐤔𐤓𐤐𐤅	H8313	10	0.60		
𐤅𐤋𐤀𐤓𐤑	H776	3	1.00		
𐤋𐤄𐤌𐤑𐤀	H4672	3	0.67		
𐤌𐤐𐤔𐤏	H6588	9	0.22		
𐤉𐤄𐤐𐤊𐤅	H2015	5	0.80		
𐤅𐤓𐤁𐤅	H7235	15	0.93	H7240	0.8
𐤊𐤕𐤁𐤉𐤌	H3789	7	0.57		
𐤇𐤈𐤀𐤍𐤅	H2398	20	0.50		
𐤋𐤊𐤆𐤁	H3577	6	0.67		
𐤉𐤇𐤈𐤀	H2398	13	0.77		
𐤏𐤋𐤇𐤈𐤀𐤕𐤉𐤍𐤅	H2403	3	1.00	H5921	0.3333333333333333
𐤀𐤕𐤌𐤑𐤅𐤕𐤉𐤅	H4687	6	1.00	H853	0.3333333333333333
𐤄𐤀𐤅𐤌𐤓	H567	19	0.00		
𐤅𐤁𐤇𐤔𐤊	H2822	4	1.00		
𐤄𐤁𐤇𐤅𐤓𐤉𐤌	H970	12	0.50		
𐤄𐤄𐤅𐤍	H1969	3	0.00		
𐤅𐤄𐤏𐤔𐤄	H6213	4	0.50		
𐤑𐤓	H6862	69	0.57	H6887	0.5652173913043478
𐤓𐤁𐤅	H7235	35	0.91	H7239	0.6857142857142857
𐤑𐤓𐤉	H6862	6	0.33	H6875	0.3333333333333333
𐤄𐤌𐤔𐤇𐤄	H4888	6	0.67		
𐤕𐤒𐤅𐤌𐤅	H6965	3	1.00		
𐤄𐤌𐤕𐤏𐤉𐤌	H8582	4	0.50		
𐤋𐤌𐤃𐤄	H4060	11	0.45		
𐤅𐤍𐤄𐤉𐤄	H1961	8	1.00		
𐤅𐤄𐤓𐤂	H2026	12	0.92	H2027	0.5
𐤅𐤌𐤃𐤅𐤏	H4069	19	0.05		
𐤅𐤌𐤏𐤔𐤉	H6213	9	0.89	H4640	0.0
𐤅𐤒𐤐𐤑	H7092	8	0.50		
𐤅𐤋𐤐𐤍𐤉𐤅	H6440	5	1.00		
𐤉𐤓𐤔𐤉𐤏	H7561	4	0.25		
𐤌𐤋𐤁𐤁𐤍𐤅	H3824	4	1.00		
𐤅𐤍𐤏𐤔𐤄	H6213	23	0.91		
𐤍𐤁𐤉𐤀𐤉	H5030	13	0.92	H5029	0.9230769230769231
𐤍𐤊𐤉𐤓	H5236	5	0.00		
𐤍𐤓𐤀𐤕𐤄	H7200	30	0.80		
𐤀𐤄𐤁𐤍𐤅	H157	3	1.00		
𐤅𐤀𐤄𐤁𐤕𐤅	H157	4	1.00		
𐤍𐤒𐤅𐤌	H6965	6	0.67		
𐤅𐤄𐤏𐤌𐤃	H5975	3	1.00		
𐤁𐤀𐤉𐤌𐤄	H367	6	0.83		
𐤍𐤔𐤌𐤓	H8104	18	0.83		
𐤌𐤍𐤑𐤇	H6703	6	0.33	H4480	0.5
𐤄𐤌𐤍𐤑𐤇	H5331	14	0.50		
𐤅𐤁𐤃𐤌	H1818	7	0.86		
𐤁𐤏𐤃𐤅𐤕	H5712	4	0.00		
𐤍𐤔𐤉𐤂	H7734	4	0.00		
𐤔𐤀𐤋𐤍𐤅	H7592	3	0.67		
𐤅𐤄𐤓𐤏	H7489	7	1.00	H7451	1.0
𐤄𐤏𐤌𐤃𐤕	H5975	6	0.83	H5976	0.0
𐤌𐤁𐤍𐤉𐤊	H1121	3	1.00		
𐤊𐤌𐤑𐤅𐤄	H6680	4	1.00		
𐤄𐤂𐤁𐤉𐤓𐤄	H1377	3	0.33		
𐤅𐤑𐤓	H6862	7	0.57		
𐤀𐤇𐤅𐤕𐤊	H269	6	0.67		
𐤅𐤕𐤇𐤆𐤒	H2388	9	0.33		
𐤀𐤆𐤊𐤉𐤓	H2142	11	0.91		
𐤁𐤎𐤐𐤓𐤅	H5612	14	0.71		
𐤁𐤌𐤊𐤕𐤁	H4385	9	0.89		
𐤕𐤋𐤇𐤌𐤅	H3898	9	0.56		
𐤋𐤀𐤌𐤅𐤍𐤄	H530	3	0.33		
𐤄𐤕𐤂𐤍𐤁𐤅	H1589	4	0.50		
𐤅𐤊𐤐𐤓𐤉𐤌	H3715	7	0.86		
𐤔𐤌𐤓𐤌	H7311	3	0.00	H8104	0.3333333333333333
𐤅𐤄𐤏𐤓𐤉𐤌	H5892	11	0.36		
𐤉𐤇𐤓𐤐𐤅	H2778	3	0.00		
𐤅𐤁𐤃𐤁𐤓𐤉𐤌	H1697	15	1.00		
𐤁𐤄𐤌𐤄	H929	39	0.56	H1992	0.358974358974359
𐤉𐤔𐤇𐤉𐤕𐤅	H7843	10	0.20		
𐤒𐤉𐤍	H7014	52	0.23	H8423	0.038461538461538464
𐤒𐤓𐤇	H7141	18	0.50	H7140	0.16666666666666666
𐤑𐤅𐤓𐤉	H6697	6	0.33	H6696	0.6666666666666666
𐤅𐤁𐤒𐤋𐤅𐤕	H6963	3	0.00		
𐤏𐤍𐤍𐤉𐤌	H6051	3	0.67	H6049	0.3333333333333333
𐤁𐤔𐤕𐤌	H1322	3	1.00		
𐤑𐤐𐤅𐤍	H6828	42	0.76	H6845	0.5952380952380952
𐤒𐤃𐤔𐤉𐤅	H6944	6	1.00	H6918	1.0
𐤓𐤔𐤏𐤕𐤌	H3573	20	0.35		
𐤏𐤕𐤒	H6277	6	0.17	H6276	0.0
𐤄𐤐𐤓𐤔𐤉𐤌	H6571	31	0.68		
𐤅𐤔𐤌𐤓𐤕𐤌	H8104	4	0.50		
𐤁𐤓𐤇𐤌𐤉𐤌	H7356	12	0.92		
𐤅𐤋𐤄𐤏𐤌𐤉𐤃	H5975	9	1.00		
𐤁𐤔𐤔𐤅𐤍	H8342	7	0.86		
𐤕𐤌𐤉𐤌𐤉𐤌	H8549	7	0.29		
𐤅𐤄𐤌𐤌𐤔𐤋𐤄	H4475	3	0.67		
𐤊𐤎𐤀𐤅	H3678	29	0.31		
𐤅𐤏𐤋𐤉𐤅𐤍	H5945	6	0.17		
𐤋𐤌𐤋𐤊𐤉𐤌	H4428	25	1.00		
𐤅𐤊𐤄𐤍𐤉𐤌	H3548	6	0.83		
𐤄𐤕𐤅	H8420	4	0.25		
𐤅𐤄𐤀𐤇𐤓𐤅𐤍	H314	6	0.67		
𐤅𐤔𐤋𐤇𐤄𐤅	H7971	3	1.00		
𐤌𐤍𐤓𐤅𐤕	H7327	4	0.00	H4501	1.0
𐤄𐤌𐤍𐤓𐤅𐤕	H4501	4	1.00		
𐤅𐤇𐤂𐤅𐤓	H2289	3	0.00		
𐤀𐤆𐤅𐤓	H232	8	0.38	H247	0.625
𐤅𐤔𐤏𐤓𐤅	H8175	4	0.50		
𐤒𐤋𐤋	H7043	8	0.75	H7044	0.25
𐤁𐤊𐤅𐤓	H1060	25	0.36	H3564	0.12
𐤊𐤅𐤊𐤁𐤉𐤌	H3556	14	0.43		
𐤅𐤌𐤐𐤉𐤅	H6310	3	1.00		
𐤉𐤅𐤑𐤀𐤕	H3318	6	0.67		
𐤇𐤃𐤄	H2298	5	0.60	H2299	0.8
𐤉𐤃𐤉𐤌𐤉𐤍𐤅	H3225	3	1.00	H3027	1.0
𐤅𐤌𐤅𐤕	H4194	16	0.69		
𐤀𐤕𐤌𐤏𐤔𐤉𐤊	H4639	7	1.00	H853	0.5714285714285714
𐤏𐤆𐤁𐤕	H5800	5	0.80		
𐤌𐤌𐤒𐤅𐤌𐤄	H4725	4	0.75		
𐤕𐤔𐤍𐤀	H8133	6	0.00	H8130	0.3333333333333333
𐤀𐤔𐤓𐤀𐤆𐤍	H241	7	1.00	H834	0.0
𐤕𐤍𐤎𐤅	H5254	4	0.50	H5127	0.75
𐤅𐤀𐤕𐤍𐤄	H5414	8	0.50	H859	0.0
𐤔𐤁𐤕𐤊	H3427	4	1.00		
𐤅𐤕𐤃𐤁𐤒	H1692	5	0.20		
𐤍𐤌𐤑𐤀𐤅	H4672	134	0.77		
𐤌𐤐𐤕𐤇	H6607	13	0.38	H6605	0.5384615384615384
𐤀𐤉𐤆𐤁𐤋	H348	12	1.00		
𐤀𐤕𐤏𐤁𐤃𐤉	H5650	3	0.33	H853	0.3333333333333333
𐤆𐤌𐤍	H2165	201	0.62	H2166	0.6218905472636815
𐤌𐤌𐤏𐤔𐤉𐤄𐤌	H4639	10	0.80		
𐤅𐤄𐤓𐤂𐤕𐤉	H2026	3	0.67		
𐤊𐤐𐤓𐤉	H6529	7	0.14	H3715	0.8571428571428571
𐤅𐤋𐤔𐤀𐤓	H7605	7	1.00		
𐤄𐤇𐤆𐤉𐤒𐤅	H2388	49	0.80		
𐤅𐤔𐤌𐤓	H8104	11	0.82		
𐤁𐤓𐤆𐤋	H1270	37	0.59		
𐤊𐤊𐤋𐤉	H3627	5	0.60		
𐤅𐤔𐤁𐤏𐤕	H7651	14	0.93	H7655	0.9285714285714286
𐤅𐤉𐤕𐤄𐤋𐤊𐤅	H1980	8	0.75		
𐤍𐤐𐤕𐤇	H6605	9	0.89		
𐤅𐤕𐤔𐤌𐤓	H8104	4	0.75		
𐤔𐤌𐤓𐤕	H8104	5	0.60	H8119	0.0
𐤀𐤕𐤉𐤔𐤁𐤉	H3427	4	1.00	H853	0.0
𐤋𐤏𐤌𐤅𐤃	H5975	126	0.59	H5982	0.10317460317460317
𐤅𐤊𐤕𐤁𐤕𐤉	H3789	8	0.25		
𐤁𐤓𐤉𐤀𐤕	H1254	8	0.00	H1277	0.0
𐤒𐤓	H7023	8	0.38	H7120	0.75
𐤀𐤉𐤏𐤑𐤊	H3289	3	0.67		
𐤁𐤔𐤕	H1322	23	0.78	H954	0.5652173913043478
𐤋𐤒𐤅𐤋𐤉	H6963	6	0.17		
𐤅𐤐𐤕𐤇	H6607	5	0.60	H6605	0.8
𐤏𐤋𐤊𐤎𐤀𐤉	H3678	3	1.00	H5921	0.6666666666666666
𐤅𐤄𐤒𐤅𐤋	H6963	6	0.50		
𐤅𐤀𐤓𐤀𐤊	H7200	3	0.33		
𐤏𐤋𐤄𐤊𐤎𐤀	H3678	11	1.00	H5921	0.7272727272727273
𐤅𐤒𐤔𐤕	H7198	3	0.33		
𐤋𐤊𐤎𐤀	H3678	20	0.65		
𐤁𐤓𐤒𐤕	H7535	4	0.50	H1304	0.75
𐤅𐤎𐤁𐤉𐤁	H5439	9	1.00		
𐤉𐤅𐤑𐤀𐤉𐤌	H3318	26	0.96		
𐤁𐤓𐤒𐤉𐤌	H1300	10	0.60		
𐤅𐤓𐤏𐤌𐤉𐤌	H7482	7	1.00		
𐤅𐤔𐤁𐤏𐤄	H7651	45	0.87	H7655	0.8666666666666667
𐤋𐤐𐤉𐤃𐤉	H3940	4	1.00		
𐤄𐤊𐤎𐤀	H3678	21	0.81	H3677	0.42857142857142855
𐤄𐤒𐤓𐤇	H7140	6	0.50		
𐤅𐤃𐤌𐤅𐤕	H1823	8	0.38		
𐤅𐤄𐤇𐤉𐤄	H2416	9	1.00	H2421	0.5555555555555556
𐤌𐤏𐤅𐤐𐤐	H5774	7	0.29		
𐤄𐤇𐤉𐤅𐤕	H2416	55	0.84	H2421	0.38181818181818183
𐤊𐤍𐤐𐤉𐤌	H3671	14	0.79		
𐤋𐤉𐤔𐤁	H7725	4	0.50		
𐤅𐤀𐤓𐤁𐤏𐤄	H702	55	0.84	H703	0.7272727272727273
𐤅𐤄𐤔𐤕𐤇𐤅𐤅	H7812	6	0.50		
𐤋𐤇𐤉	H883	9	0.44	H2416	1.0
𐤏𐤅𐤋𐤌𐤉	H5769	5	1.00		
𐤅𐤏𐤆	H5797	10	0.60	H5795	0.1
𐤁𐤓𐤀𐤕	H7200	9	0.67	H1254	0.0
𐤁𐤓𐤑𐤅𐤍𐤊	H7522	5	1.00		
𐤅𐤀𐤇𐤅𐤓	H268	6	0.67		
𐤁𐤔𐤁𐤏𐤄	H7651	8	0.88	H7621	0.25
𐤀𐤁𐤉𐤓	H46	3	1.00	H47	1.0
𐤄𐤎𐤐𐤓	H5612	79	0.56	H5608	0.3670886075949367
𐤅𐤀𐤁𐤊	H1	3	0.00		
𐤆𐤊𐤄	H2134	15	0.20		
𐤅𐤋𐤒𐤓𐤀	H7121	16	0.75		
𐤄𐤀𐤓𐤉𐤄	H738	8	0.75	H745	0.25
𐤅𐤀𐤓𐤁𐤏	H702	65	0.74	H703	0.6461538461538462
𐤒𐤓𐤍𐤉𐤌	H7161	10	0.60	H6255	0.1
𐤄𐤔𐤄	H7716	19	0.89	H5382	0.0
𐤅𐤉𐤔𐤉𐤓𐤅	H7891	9	0.11		
𐤔𐤉𐤓	H7892	22	0.27		
𐤅𐤋𐤔𐤅𐤍	H3956	9	0.33		
𐤅𐤉𐤌𐤋𐤊𐤅	H4427	5	1.00		
𐤅𐤋𐤇𐤉𐤅𐤕	H2423	14	0.07	H2421	0.9285714285714286
𐤅𐤋𐤆𐤒𐤍𐤉𐤌	H2205	3	1.00		
𐤌𐤎𐤐𐤓𐤌	H4557	34	0.79		
𐤋𐤔𐤄	H7716	3	0.67		
𐤅𐤁𐤓𐤊𐤄	H1294	6	0.00	H1293	0.3333333333333333
𐤅𐤋𐤔𐤄	H7716	3	1.00		
𐤅𐤀𐤁𐤉𐤈	H5027	5	0.60		
𐤎𐤅𐤎	H5483	25	0.52		
𐤅𐤄𐤓𐤊𐤁	H7393	4	0.00		
𐤏𐤈𐤓𐤄	H5851	7	0.14	H5849	0.2857142857142857
𐤉𐤍𐤑𐤇	H5331	6	0.17		
𐤅𐤊𐤐𐤕𐤇𐤅	H6605	5	1.00		
𐤄𐤇𐤅𐤕𐤌	H2850	6	0.00		
𐤀𐤕𐤄𐤇𐤅𐤕𐤌	H2368	3	1.00	H859	0.0
𐤔𐤇𐤓	H7837	5	0.20	H7838	0.4
𐤌𐤀𐤆𐤍𐤉𐤌	H3976	7	0.71		
𐤄𐤓𐤁𐤉𐤏𐤉	H7243	74	0.64		
𐤄𐤇𐤌𐤉𐤔𐤉	H2549	79	0.75		
𐤋𐤌𐤆𐤁𐤇	H4196	9	0.78		
𐤔𐤌𐤋𐤅𐤕	H8071	6	0.17		
𐤋𐤍𐤅𐤇	H5117	18	0.83		
𐤅𐤀𐤇𐤉𐤄𐤌	H251	4	0.50		
𐤍𐤄𐤐𐤊	H2015	27	0.63		
𐤌𐤔𐤅	H4185	6	0.17		
𐤅𐤀𐤉	H335	14	0.07		
𐤌𐤌𐤒𐤅𐤌𐤌	H4725	13	0.77		
𐤅𐤌𐤋𐤊𐤉	H4428	11	0.82	H4442	0.8181818181818182
𐤄𐤕𐤇𐤁𐤀𐤅	H2244	10	0.30		
𐤁𐤌𐤏𐤓𐤅𐤕	H4631	13	0.77		
𐤏𐤁𐤓𐤕𐤅	H5678	3	0.67		
𐤊𐤍𐤐𐤅𐤕	H3671	5	1.00		
𐤅𐤉𐤏𐤑𐤓𐤅	H6113	3	0.33		
𐤌𐤌𐤆𐤓𐤇𐤔𐤌𐤔	H8121	3	0.33	H4217	1.0
𐤅𐤁𐤉𐤃𐤅	H3027	13	0.77		
𐤋𐤇𐤁𐤋	H2254	7	0.57		
𐤏𐤋𐤌𐤑𐤇𐤅𐤕𐤌	H4696	5	1.00	H5921	0.6
𐤇𐤕𐤅𐤌𐤉𐤌	H2856	13	1.00		
𐤋𐤔𐤁𐤈	H7626	18	0.94		
𐤓𐤀𐤅𐤁𐤍	H7205	54	0.35		
𐤂𐤃	H1410	25	0.56	H1171	0.4
𐤌𐤍𐤔𐤄	H4519	51	0.35		
𐤉𐤔𐤔𐤊𐤓	H3485	20	0.35		
𐤅𐤄𐤌𐤔𐤐𐤇𐤅𐤕	H4940	3	0.67		
𐤅𐤄𐤏𐤌𐤉𐤌	H5971	7	0.71		
𐤌𐤋𐤁𐤔𐤉𐤌	H3847	3	0.33		
𐤅𐤊𐤐𐤅𐤕	H3709	3	0.33		
𐤌𐤍𐤄𐤑𐤓𐤄	H6862	3	0.67	H4480	0.3333333333333333
𐤁𐤄𐤉𐤊𐤋𐤅	H1964	10	0.50		
𐤌𐤔𐤊𐤍𐤅	H3653	5	0.00	H4908	0.4
𐤉𐤓𐤏𐤌	H7481	3	0.33	H7462	0.6666666666666666
𐤅𐤌𐤇𐤄	H4229	5	0.80		
𐤅𐤉𐤍𐤕𐤍𐤅	H5414	3	1.00		
𐤔𐤅𐤐𐤓𐤅𐤕	H7782	3	0.67		
𐤏𐤋𐤌𐤆𐤁𐤇	H4196	7	0.71	H5921	0.5714285714285714
𐤒𐤅𐤋𐤅𐤕	H6963	6	0.83		
𐤅𐤁𐤓𐤒𐤉𐤌	H1300	5	0.80		
𐤋𐤕𐤒𐤏	H8628	4	1.00		
𐤕𐤒𐤏	H8628	18	0.94	H8629	0.5
𐤅𐤕𐤔𐤓𐤐	H8313	6	0.83		
𐤍𐤔𐤓𐤐	H8313	15	0.27		
𐤁𐤌𐤓𐤅𐤌	H4791	12	0.58		
𐤄𐤓𐤒𐤉𐤏	H7549	8	0.50		
𐤄𐤕𐤄𐤅𐤌	H8415	24	0.62		
𐤊𐤏𐤔𐤍	H6227	4	0.50		
𐤊𐤁𐤔𐤍	H8127	8	0.00	H3536	0.375
𐤄𐤁𐤀𐤓	H875	16	0.56	H953	0.5625
𐤋𐤄𐤌𐤉𐤕𐤌	H4191	19	0.95		
𐤉𐤊𐤄𐤅	H5221	3	1.00		
𐤉𐤁𐤓𐤇	H1272	6	0.33		
𐤄𐤀𐤓𐤁𐤄	H697	4	0.50		
𐤎𐤅𐤎𐤉𐤌	H5483	28	0.29	H2702	0.21428571428571427
𐤅𐤐𐤍𐤉𐤄𐤌	H6440	10	0.90		
𐤅𐤔𐤏𐤓	H8179	8	0.75	H8177	0.125
𐤊𐤍𐤐𐤉𐤄𐤌	H6310	4	0.75	H3651	1.0
𐤌𐤓𐤊𐤁𐤅𐤕	H4818	6	1.00	H1024	0.16666666666666666
𐤄𐤓𐤑𐤉𐤌	H7323	6	0.67		
𐤏𐤒𐤓𐤁𐤉𐤌	H4610	9	0.11	H6137	0.1111111111111111
𐤅𐤌𐤋𐤀𐤊	H4397	7	1.00		
𐤀𐤁𐤃𐤅𐤍	H11	5	0.80		
𐤁𐤏𐤁𐤓𐤉𐤕	H5679	3	0.67		
𐤇𐤋𐤐𐤄	H2500	6	0.00	H2498	0.16666666666666666
𐤒𐤓𐤍𐤅𐤕	H7161	6	0.67		
𐤄𐤕𐤓	H5425	4	0.00		
𐤏𐤋𐤄𐤍𐤄𐤓	H5104	3	0.67	H5921	0.6666666666666666
𐤅𐤋𐤉𐤅𐤌	H3117	3	1.00		
𐤅𐤋𐤇𐤃𐤔	H2320	8	0.12		
𐤓𐤁𐤅𐤀	H7239	67	0.99		
𐤅𐤕𐤊𐤋𐤕	H8504	3	1.00		
𐤌𐤐𐤉𐤄𐤌	H6310	16	0.94		
𐤓𐤀𐤔𐤉𐤌	H7218	35	0.89	H7326	0.0
𐤍𐤄𐤓𐤂𐤅	H2026	29	0.76		
𐤅𐤍𐤇𐤔𐤕	H5178	3	0.67		
𐤉𐤄𐤋𐤊𐤅	H1980	3	1.00		
𐤌𐤃𐤓𐤊𐤌	H1870	14	0.50		
𐤋𐤓𐤑𐤇	H7523	11	1.00		
𐤅𐤁𐤒𐤓𐤀𐤅	H7121	3	0.33		
𐤄𐤓𐤏𐤌𐤉𐤌	H7482	9	0.78		
𐤅𐤊𐤃𐤁𐤓	H1697	10	1.00		
𐤀𐤋𐤄𐤔𐤌𐤉𐤌	H8064	7	0.57	H413	0.42857142857142855
𐤋𐤕𐤒𐤅𐤏	H8628	5	1.00		
𐤅𐤍𐤔𐤋𐤌	H5394	3	0.00		
𐤅𐤒𐤇	H3947	16	0.38		
𐤄𐤐𐤕𐤅𐤇	H6607	3	0.33		
𐤌𐤕𐤅𐤒	H4966	3	0.67		
𐤊𐤃𐤁𐤔	H1706	3	1.00		
𐤁𐤈𐤍𐤉	H990	5	0.40		
𐤋𐤄𐤍𐤁𐤀	H5012	6	0.67		
𐤅𐤂𐤅𐤉𐤌	H1471	4	0.75		
𐤄𐤌𐤔𐤕𐤇𐤅𐤉𐤌	H7812	4	1.00		
𐤅𐤌𐤀𐤕𐤉𐤌	H3967	23	0.91		
𐤅𐤔𐤔𐤉𐤌	H8346	43	0.77		
𐤁𐤔𐤒𐤉𐤌	H8242	3	1.00		
𐤅𐤕𐤅𐤊𐤋	H3201	3	1.00		
𐤁𐤓𐤇𐤅𐤁	H7339	16	0.38		
𐤄𐤍𐤒𐤓𐤀𐤕	H7121	57	0.96		
𐤅𐤌𐤑𐤓𐤉𐤌	H4714	16	0.38	H4713	0.5
𐤅𐤇𐤑𐤉	H2677	30	0.83	H2680	0.8666666666666667
𐤌𐤍𐤅𐤕	H4490	10	0.40	H4487	0.3
𐤄𐤊𐤀𐤉𐤁𐤅	H3511	5	0.40		
𐤁𐤓𐤏𐤔	H7494	6	0.67		
𐤏𐤆𐤊	H5797	4	1.00		
𐤅𐤕𐤌𐤋𐤊	H4427	4	1.00		
𐤒𐤑𐤐𐤅	H7110	10	0.80		
𐤅𐤋𐤄𐤔𐤇𐤉𐤕	H7843	7	0.57		
𐤁𐤓𐤉𐤕𐤅	H1285	47	0.53		
𐤅𐤁𐤓𐤃	H1259	6	0.67	H1258	0.6666666666666666
𐤋𐤁𐤅𐤔𐤄	H3830	3	0.33	H3831	0.0
𐤅𐤕𐤆𐤏𐤒	H2199	6	0.67		
𐤕𐤍𐤉𐤍	H8577	3	0.33	H8568	0.3333333333333333
𐤊𐤕𐤓𐤉𐤌	H8449	3	0.00		
𐤎𐤇𐤁	H5498	4	0.25		
𐤅𐤉𐤔𐤋𐤉𐤊𐤌	H7993	6	0.33		
𐤄𐤕𐤍𐤉𐤍	H8577	10	0.80		
𐤁𐤓𐤇𐤄	H1272	6	0.33		
𐤌𐤉𐤊𐤀𐤋	H4317	6	0.00		
𐤅𐤌𐤋𐤀𐤊𐤉𐤅	H4397	3	1.00		
𐤄𐤕𐤇𐤆𐤒𐤅	H2388	16	0.88		
𐤌𐤒𐤅𐤌𐤌	H4725	22	0.55		
𐤄𐤒𐤃𐤌𐤅𐤍𐤉	H6931	5	0.60		
𐤄𐤅𐤈𐤋	H2919	10	0.00		
𐤅𐤌𐤌𐤔𐤋𐤕	H4910	4	0.75	H4519	0.0
𐤌𐤔𐤉𐤇𐤅	H4899	3	0.33		
𐤄𐤅𐤓𐤃	H3381	3	0.67		
𐤅𐤉𐤌	H3220	7	0.71		
𐤒𐤑𐤓𐤄	H7114	20	0.50		
𐤅𐤉𐤓𐤃𐤐	H7291	21	0.90		
𐤊𐤍𐤐𐤉	H3671	4	1.00		
𐤄𐤍𐤔𐤓	H5404	18	0.89		
𐤋𐤏𐤅𐤐	H5775	3	0.33	H5774	0.3333333333333333
𐤀𐤕𐤐𐤉𐤄	H6310	4	1.00	H853	0.25
𐤅𐤕𐤁𐤋𐤏	H1104	5	0.60		
𐤐𐤒𐤅𐤃𐤉	H6485	4	1.00	H6490	1.0
𐤅𐤐𐤉𐤄	H6310	3	0.67		
𐤌𐤌𐤔𐤋𐤄	H7887	19	0.16	H4475	0.8421052631578947
𐤋𐤇𐤉𐤄	H2416	11	1.00	H3895	0.0
𐤀𐤆𐤍	H241	20	0.40	H240	0.2
𐤋𐤔𐤁𐤉	H7628	6	1.00		
𐤁𐤔𐤁𐤉	H7628	66	0.83		
𐤄𐤓𐤂	H2026	77	0.84	H2027	0.5584415584415584
𐤉𐤄𐤓𐤂	H2026	9	1.00		
𐤊𐤒𐤓𐤍𐤉	H7161	4	0.50		
𐤀𐤅𐤕𐤅𐤕	H226	31	0.55		
𐤄𐤀𐤅𐤕𐤅𐤕	H226	27	0.56		
𐤁𐤀𐤌𐤓𐤄	H559	10	1.00		
𐤅𐤕𐤇𐤉	H2421	8	0.50		
𐤅𐤏𐤔𐤕𐤄	H6213	5	1.00		
𐤋𐤑𐤋𐤌	H6755	3	1.00		
𐤋𐤌𐤒𐤈𐤍	H6996	3	0.67		
𐤕𐤅	H8420	5	0.80		
𐤕𐤁𐤅𐤍𐤄	H8394	17	0.65		
𐤄𐤍𐤔𐤀𐤉𐤌	H5375	7	1.00	H5387	0.2857142857142857
𐤅𐤊𐤒𐤅𐤋	H6963	3	1.00		
𐤅𐤀𐤓𐤁𐤏𐤕	H702	7	0.57		
𐤍𐤒𐤍𐤅	H5352	3	0.67		
𐤅𐤌𐤔𐤐𐤇𐤄	H4940	6	0.33		
𐤅𐤌𐤏𐤉𐤍𐤅𐤕	H4599	4	1.00		
𐤁𐤊𐤅𐤎	H3563	6	0.50		
𐤅𐤏𐤔𐤍	H6228	3	0.33	H6227	1.0
𐤉𐤍𐤅𐤇𐤅	H5117	6	0.83		
𐤁𐤄𐤉𐤓	H925	6	0.17		
𐤌𐤋𐤈𐤔	H3913	3	0.67		
𐤌𐤍𐤄𐤄𐤉𐤊𐤋	H1964	6	1.00	H4480	0.3333333333333333
𐤅𐤉𐤆𐤏𐤒	H2199	11	0.64		
𐤅𐤁𐤑𐤓	H6862	4	0.25		
𐤅𐤉𐤁𐤑𐤓	H1219	9	0.89		
𐤂𐤐𐤍	H1612	14	0.93		
𐤄𐤌𐤊𐤅𐤕	H4347	16	0.25		
𐤊𐤉𐤌	H3220	3	0.67		
𐤁𐤋𐤅𐤋	H1101	6	0.67		
𐤅𐤔𐤉𐤓𐤕	H7892	3	1.00		
𐤅𐤍𐤐𐤋𐤀𐤉𐤌	H6381	4	0.75		
𐤃𐤓𐤊𐤉𐤊	H1870	9	0.33		
𐤑𐤃𐤒𐤊	H6664	3	0.67	H6663	0.6666666666666666
𐤁𐤃	H906	11	0.91	H905	0.9090909090909091
𐤅𐤑𐤇	H6703	3	1.00		
𐤒𐤏𐤓𐤕	H7086	3	0.67		
𐤀𐤕𐤒𐤏𐤓𐤕𐤅	H7086	7	1.00	H853	0.42857142857142855
𐤁𐤀𐤍𐤔𐤉𐤌	H376	28	0.89		
𐤊𐤃𐤌	H1818	3	0.33		
𐤅𐤉𐤄𐤉𐤄	H1961	22	0.86		
𐤅𐤍𐤁𐤉𐤀𐤉𐤌	H5030	5	1.00		
𐤔𐤐𐤊𐤅	H8210	10	0.80		
𐤌𐤔𐤐𐤈𐤉𐤊	H4941	13	0.46		
𐤅𐤉𐤂𐤃𐤐𐤅	H1442	3	1.00		
𐤄𐤌𐤌𐤔𐤋𐤄	H4475	131	0.92		
𐤅𐤕𐤇𐤔𐤊	H2821	5	0.60		
𐤌𐤋𐤊𐤅𐤕𐤄	H4437	3	1.00		
𐤌𐤊𐤀𐤁	H3511	8	0.50	H3510	0.625
𐤌𐤎𐤋𐤄	H4546	6	0.00		
𐤅𐤌𐤐𐤉	H6310	3	1.00		
𐤃𐤅𐤌𐤅𐤕	H1819	7	0.86		
𐤅𐤕𐤁𐤋	H8422	5	0.00	H8398	0.8
𐤋𐤌𐤋𐤇𐤌𐤕	H4421	12	0.75		
𐤄𐤑𐤁𐤀𐤅𐤕	H6635	10	0.80	H6633	0.6
𐤌𐤍𐤄𐤊𐤎𐤀	H3678	3	0.67	H4480	0.6666666666666666
𐤅𐤄𐤏𐤉𐤓	H5892	40	0.78		
𐤋𐤔𐤋𐤔𐤄	H7969	19	0.95		
𐤅𐤄𐤄𐤓𐤉𐤌	H2022	9	0.78		
𐤄𐤁𐤓𐤃	H1259	7	0.29		
𐤅𐤉𐤔𐤊𐤓𐤅	H7936	6	0.00	H7937	0.16666666666666666
𐤔𐤊𐤍𐤉	H7931	3	1.00	H7934	0.6666666666666666
𐤅𐤐𐤍𐤉𐤍𐤉𐤌	H6443	3	1.00		
𐤕𐤅𐤏𐤁𐤅𐤕	H8441	17	0.29		
𐤄𐤔𐤕𐤅𐤌𐤌𐤕	H8380	3	0.00		
𐤄𐤓𐤀𐤔𐤉𐤌	H7218	24	1.00		
𐤅𐤏𐤔𐤓𐤕	H6235	21	0.86		
𐤄𐤒𐤓𐤍𐤉𐤌	H7161	3	1.00		
𐤉𐤔𐤕𐤅𐤌𐤌𐤅	H8074	3	0.67		
𐤉𐤋𐤇𐤌𐤅	H3898	20	0.60		
𐤅𐤄𐤔𐤄	H7716	4	1.00		
𐤅𐤌𐤋𐤊	H4428	58	0.72	H4427	0.8448275862068966
𐤂𐤁𐤓𐤕	H1404	4	0.25	H1369	0.25
𐤄𐤀𐤉𐤓𐤄	H215	4	0.50		
𐤍𐤅𐤄	H5116	3	1.00	H5000	0.3333333333333333
𐤄𐤏𐤔𐤉𐤓𐤅	H6224	3	0.00		
𐤄𐤂𐤉𐤏𐤅	H5060	49	0.82		
𐤌𐤎𐤊𐤄	H4541	7	0.14	H4537	0.14285714285714285
𐤄𐤕𐤓𐤅𐤌𐤌𐤄	H7311	6	0.50		
𐤅𐤀𐤁𐤋	H56	12	0.75	H60	0.75
𐤌𐤋𐤊𐤄	H4428	21	0.48	H4410	0.5238095238095238
𐤓𐤂𐤏	H7281	12	0.33	H7280	0.5
𐤅𐤌𐤓𐤇𐤅𐤒	H7350	5	1.00		
𐤀𐤉𐤌𐤕	H367	10	0.70		
𐤊𐤉𐤁𐤔𐤏𐤄	H8159	3	1.00	H3588	0.0
𐤌𐤔𐤐𐤈𐤊	H4941	6	0.50		
𐤅𐤌𐤕𐤀𐤁𐤋𐤉𐤌	H56	4	0.75		
𐤅𐤁𐤅𐤑	H948	3	1.00		
𐤅𐤀𐤓𐤂𐤌𐤍	H713	17	0.76		
𐤅𐤌𐤔𐤉	H4187	3	0.00	H4897	0.6666666666666666
𐤅𐤊𐤋𐤊𐤋𐤉	H3605	3	1.00		
𐤔𐤍𐤄𐤁𐤉𐤌	H8143	4	1.00		
𐤅𐤊𐤋𐤉	H3627	35	0.71	H3596	0.0
𐤅𐤁𐤓𐤆𐤋	H1270	10	0.50		
𐤅𐤒𐤈𐤓𐤕	H7004	3	0.67		
𐤎𐤌𐤉𐤌	H5561	5	0.40		
𐤅𐤔𐤌𐤍	H8081	20	0.50	H8082	0.15
𐤅𐤌𐤒𐤍𐤄	H4735	10	0.20		
𐤅𐤎𐤅𐤎𐤉𐤌	H5483	8	0.25		
𐤅𐤌𐤓𐤊𐤁𐤅𐤕	H4818	3	1.00		
𐤌𐤇𐤌𐤃	H4261	4	0.50		
𐤀𐤆𐤋𐤅	H236	9	0.00	H235	0.8888888888888888
𐤕𐤌𐤑𐤀𐤌	H4672	3	0.67		
𐤄𐤌𐤊𐤎𐤄	H3680	7	0.43		
𐤊𐤏𐤉𐤓	H5892	4	0.75		
𐤅𐤉𐤆𐤓𐤒𐤅	H2236	7	0.00		
𐤄𐤇𐤓𐤁𐤄	H2724	9	0.22	H2717	0.8888888888888888
𐤁𐤊𐤍𐤅𐤓	H3658	5	0.40		
𐤁𐤇𐤑𐤑𐤓𐤅𐤕	H2689	3	1.00		
𐤍𐤊𐤁𐤃𐤉	H3513	19	1.00		
𐤄𐤋𐤋𐤅𐤉𐤄	H3915	5	0.00		
𐤌𐤉𐤃𐤄	H3027	4	1.00		
𐤓𐤏𐤌𐤉𐤌	H7482	8	0.62		
𐤅𐤍𐤕𐤍𐤄	H5414	9	0.78		
𐤋𐤋𐤁𐤔	H3847	4	1.00		
𐤁𐤅𐤑	H948	13	0.54		
𐤅𐤇𐤁𐤓	H2268	7	0.29	H2266	0.8571428571428571
𐤄𐤔𐤕𐤇𐤅𐤄	H8459	11	0.36	H7812	0.9090909090909091
𐤅𐤑𐤁𐤀𐤅𐤕	H6635	3	0.33		
𐤅𐤁𐤔𐤓	H1320	12	0.50		
𐤏𐤋𐤄𐤎𐤅𐤎	H5483	3	1.00	H5921	1.0
𐤅𐤍𐤁𐤉𐤀	H5030	12	0.42		
𐤄𐤔𐤋𐤊𐤅	H3212	5	0.60	H7993	0.4
𐤅𐤉𐤕𐤐𐤔	H8610	16	0.38		
𐤋𐤀𐤋𐤐	H505	6	0.67		
𐤏𐤃𐤊𐤋𐤅𐤕	H3615	4	0.75	H5704	1.0
𐤅𐤍𐤐𐤔𐤅𐤕	H5315	7	1.00		
𐤄𐤄𐤓𐤅𐤂𐤉𐤌	H2026	33	0.73		
𐤅𐤏𐤋𐤉𐤃𐤌	H3027	4	1.00	H5921	1.0
𐤊𐤋𐤅𐤕	H3615	19	0.68	H3616	0.05263157894736842
𐤋𐤄𐤃𐤉𐤇	H5080	5	0.60		
𐤅𐤌𐤂𐤅𐤂	H4031	4	0.25		
𐤅𐤕𐤓𐤃	H3381	12	0.33		
𐤅𐤉𐤎𐤓𐤅	H5493	4	0.50	H3256	0.25
𐤅𐤎𐤐𐤓𐤉𐤌	H5612	6	0.67		
𐤅𐤉𐤔𐤐𐤈𐤅	H8199	5	0.80		
𐤁𐤎𐤐𐤓𐤉𐤌	H5612	24	0.92		
𐤉𐤄𐤉𐤄𐤏𐤅𐤃	H5750	4	0.75	H1961	0.75
𐤅𐤊𐤀𐤁	H1	7	0.57	H3511	0.7142857142857143
𐤄𐤓𐤀𐤔𐤅𐤍𐤅𐤕	H7223	25	0.88		
𐤀𐤌𐤕𐤉𐤌	H520	3	0.33		
𐤅𐤍𐤀𐤌𐤍𐤉𐤌	H539	7	0.71		
𐤅𐤄𐤎𐤅𐤐	H5488	3	0.00		
𐤌𐤌𐤏𐤉𐤍	H4583	3	0.33		
𐤅𐤄𐤌𐤊𐤔𐤐𐤉𐤌	H8205	3	0.00		
𐤌𐤔𐤁𐤏𐤕	H7651	3	0.67	H4519	0.0
𐤄𐤌𐤋𐤀𐤅𐤕	H3808	3	0.33	H4519	0.0
𐤅𐤂𐤁𐤄	H1363	7	0.71	H1361	0.8571428571428571
𐤅𐤉𐤓𐤀𐤍𐤉	H7200	10	0.50		
𐤊𐤀𐤁𐤍	H68	9	0.33		
𐤇𐤅𐤌𐤄	H2346	54	0.93		
𐤅𐤂𐤁𐤄𐤄	H3011	3	0.67		
𐤊𐤕𐤅𐤁𐤉𐤌	H3789	30	0.47		
𐤌𐤑𐤐𐤅𐤍	H6828	21	0.67		
𐤌𐤍𐤂𐤁	H5045	6	0.83		
𐤅𐤔𐤏𐤓𐤉𐤌	H8184	3	0.33	H8179	1.0
𐤌𐤌𐤏𐤓𐤁	H4628	12	0.75		
𐤅𐤏𐤋𐤉𐤄𐤌	H5921	23	0.96		
𐤇𐤅𐤌𐤕𐤄	H2346	6	1.00		
𐤌𐤓𐤁𐤏	H7251	3	1.00		
𐤅𐤀𐤓𐤊𐤄	H753	6	1.00	H754	0.8333333333333334
𐤄𐤌𐤃𐤄	H4060	25	0.88		
𐤀𐤓𐤊𐤄	H753	31	0.68	H752	0.41935483870967744
𐤅𐤓𐤇𐤁𐤄	H7342	14	0.50	H7341	0.6428571428571429
𐤅𐤒𐤅𐤌𐤕𐤄	H6967	3	0.67		
𐤀𐤌𐤅𐤕	H520	78	0.73	H4191	0.5
𐤁𐤌𐤃𐤕	H4061	9	0.00		
𐤇𐤅𐤌𐤕	H2346	68	0.78		
𐤌𐤔𐤁𐤑𐤅𐤕	H4865	4	0.75		
𐤉𐤄𐤋𐤌	H1984	3	0.33	H3095	1.0
𐤕𐤓𐤔𐤉𐤔	H8659	15	0.40	H8658	0.2
𐤄𐤕𐤔𐤉𐤏𐤉	H8671	13	0.77		
𐤐𐤈𐤃𐤄	H6357	3	1.00		
𐤄𐤏𐤔𐤉𐤓𐤉	H6224	43	0.84		
𐤍𐤐𐤊	H5306	4	1.00		
𐤄𐤔𐤏𐤓𐤉𐤌	H8179	62	0.94	H7778	0.016129032258064516
𐤅𐤓𐤇𐤅𐤁	H7340	3	0.00		
𐤅𐤄𐤉𐤊𐤋	H1964	5	0.80		
𐤄𐤉𐤊𐤋𐤄	H3201	5	0.20		
𐤄𐤀𐤉𐤓	H216	14	0.86	H215	0.5
𐤊𐤁𐤅𐤃𐤌	H3519	7	0.86		
𐤅𐤔𐤒𐤓	H8267	4	0.75		
𐤍𐤇𐤋	H5158	37	0.46	H2490	0.6756756756756757
𐤌𐤊𐤎𐤀	H3678	7	0.43		
𐤅𐤊𐤎𐤀	H3678	3	0.67		
𐤅𐤏𐤁𐤃𐤉𐤅	H5650	26	0.19		
𐤉𐤔𐤓𐤕𐤄𐤅	H8334	4	0.25		
𐤋𐤇𐤌𐤎	H2555	4	1.00	H3903	0.25
𐤅𐤄𐤑𐤃𐤉𐤒	H6662	3	1.00		
𐤌𐤌𐤔𐤋𐤕𐤌	H4475	9	0.78		
𐤅𐤌𐤇𐤅𐤑	H2351	6	0.83		
𐤅𐤏𐤔𐤄𐤅	H6213	4	1.00		
𐤄𐤊𐤕𐤅𐤁𐤅𐤕	H3789	3	0.33		
𐤅𐤌𐤏𐤉𐤓	H5892	3	0.67		
𐤅𐤇𐤎𐤓𐤉	H2638	4	0.75		
𐤄𐤁𐤉𐤍𐤅𐤕𐤉	H1323	3	0.67		
𐤅𐤀𐤔𐤀	H5375	3	0.67		
𐤌𐤔𐤌𐤉	H4310	3	0.00	H8064	0.6666666666666666
𐤉𐤇𐤕𐤅	H2865	5	0.60	H5181	0.2
𐤌𐤉𐤓𐤀𐤄	H4758	7	0.71		
𐤅𐤐𐤇𐤃	H6343	35	0.89	H6342	0.7714285714285715
𐤅𐤓𐤏𐤃𐤄	H7461	4	0.25		
𐤒𐤑𐤅𐤕	H7098	14	0.21	H7117	0.7142857142857143
𐤅𐤄𐤂𐤁𐤏𐤅𐤕	H1389	3	0.67		
𐤕𐤁𐤒𐤏	H1234	3	0.33		
𐤁𐤒𐤏𐤄	H1237	13	0.15	H1234	0.46153846153846156
𐤁𐤓𐤅𐤊𐤉𐤌	H1288	4	0.25		
𐤁𐤓𐤁𐤁𐤅𐤕	H7233	3	0.67		
𐤅𐤋𐤄𐤀𐤁𐤉𐤃	H6	4	0.75		
𐤁𐤓𐤔𐤏	H7562	10	0.40	H1306	0.8
𐤄𐤒𐤔𐤅𐤕	H7184	5	0.00		
𐤇𐤋𐤅𐤒𐤕	H2513	7	0.14		
𐤁𐤇𐤅𐤃𐤔	H2320	52	0.63		
𐤋𐤀𐤌𐤅𐤓	H559	427	0.67		
𐤋𐤅𐤇𐤅𐤕	H2421	52	0.29		
𐤋𐤄𐤅𐤓𐤅𐤕𐤌	H3384	5	0.20		
𐤄𐤀𐤋𐤅𐤄𐤉𐤌	H430	16	0.50		
𐤅𐤉𐤔𐤊𐤅𐤍	H7931	5	0.40		
𐤀𐤅𐤊𐤋𐤕	H398	5	0.40		
𐤁𐤏𐤋𐤅𐤕𐤅	H5927	7	0.86		
𐤅𐤉𐤅𐤓𐤄𐤅	H3384	4	0.50		
𐤅𐤉𐤋𐤌𐤃𐤄𐤅	H3925	9	0.33		
𐤄𐤎𐤊𐤕	H5521	3	0.33	H5535	0.0
𐤃𐤅𐤁𐤓	H1696	19	0.89		
𐤏𐤆𐤁𐤕𐤉	H5800	6	0.33		
𐤁𐤉𐤍𐤉	H996	17	0.71	H997	0.7058823529411765
𐤅𐤁𐤉𐤍𐤉𐤊	H996	7	0.43		
𐤏𐤅𐤓𐤐𐤌	H6203	3	0.00		
𐤄𐤒𐤔𐤄	H7186	39	0.38	H7185	0.6666666666666666
𐤍𐤔𐤁𐤏𐤕𐤉	H7650	12	0.42		
𐤄𐤑𐤉𐤋𐤅	H5337	18	0.83		
𐤑𐤓𐤕𐤌	H6869	16	0.50		
𐤉𐤔𐤊𐤇𐤅	H7911	7	0.57		
𐤌𐤑𐤅𐤅𐤕𐤉	H4682	6	0.17		
𐤅𐤏𐤁𐤃𐤅	H5647	7	0.86	H5650	0.5714285714285714
𐤀𐤅𐤉𐤁𐤉𐤄𐤌	H341	84	0.24		
𐤅𐤌𐤅𐤏𐤃𐤉	H4150	5	0.80		
𐤄𐤒𐤃𐤔𐤕𐤉	H6942	4	0.50		
𐤌𐤑𐤁𐤅𐤕	H4676	5	0.20		
𐤋𐤇𐤈𐤅𐤀	H2398	9	0.78		
𐤉𐤕𐤂𐤓𐤅	H1624	4	0.50		
𐤅𐤄𐤌𐤉𐤕𐤅𐤌	H4191	11	0.73		
𐤕𐤅𐤓𐤕𐤉	H8451	5	0.40		
𐤅𐤀𐤍𐤅𐤊𐤉	H578	9	0.00		
𐤅𐤍𐤕𐤕𐤉𐤌	H5414	3	1.00		
𐤋𐤌𐤅𐤒𐤔	H4170	8	0.25		
𐤇𐤅𐤃𐤔	H2320	25	0.40		
𐤌𐤔𐤌𐤓𐤕	H4931	26	0.38		
𐤅𐤁𐤒𐤔𐤅	H1245	38	0.55		
𐤀𐤈𐤄	H5186	4	1.00		
𐤌𐤉𐤔𐤓𐤉𐤌	H4339	7	0.57	H3474	0.5714285714285714
𐤋𐤁𐤓𐤊𐤄	H1293	16	0.38		
𐤌𐤒𐤃𐤔𐤉	H4720	11	0.55	H6944	0.8181818181818182
𐤅𐤉𐤐𐤅𐤋	H5307	47	0.57		
𐤀𐤋𐤅𐤄𐤉	H433	41	0.07		
𐤕𐤏𐤆𐤅𐤁	H5800	5	0.20		
𐤋𐤌𐤔𐤅𐤋	H4910	16	0.75		
𐤇𐤎𐤃𐤊	H2617	21	0.57		
𐤉𐤌𐤔𐤅𐤋	H4910	6	0.50		
𐤋𐤄𐤈𐤅𐤕𐤌	H5186	3	0.67		
𐤐𐤍𐤉𐤊	H6440	25	0.76		
𐤐𐤃𐤉𐤕	H6299	3	0.33		
𐤁𐤊𐤅𐤇	H3581	6	0.50		
𐤄𐤌𐤑𐤓𐤉𐤌	H4713	111	0.81	H4712	0.036036036036036036
𐤌𐤓𐤉	H4805	6	0.17	H4751	0.3333333333333333
𐤅𐤍𐤐𐤔𐤌	H5315	3	0.67		
𐤕𐤃𐤁𐤒	H1692	5	0.40		
𐤀𐤋𐤅𐤄𐤉𐤌	H430	84	0.26		
𐤀𐤅𐤃𐤉𐤏𐤊	H3045	9	0.67		
𐤄𐤉𐤅𐤁𐤋𐤉𐤌	H3104	3	0.33		
𐤀𐤓𐤃	H3381	3	0.00	H714	0.3333333333333333
𐤅𐤑𐤉𐤅𐤍	H6726	6	0.00		
𐤒𐤅𐤃𐤔	H6944	25	0.64		
𐤌𐤇𐤍𐤄	H4264	99	0.77	H4265	0.5151515151515151
𐤄𐤔𐤁𐤅𐤏𐤉𐤌	H7620	3	0.67		
𐤅𐤄𐤉𐤅𐤁𐤋𐤉𐤌	H3104	4	0.25		
𐤅𐤑𐤁𐤀	H6635	14	0.86		
𐤅𐤋𐤁𐤓𐤊𐤄	H1293	4	0.25		
𐤁𐤔𐤔𐤕	H8337	5	0.40		
𐤊𐤉𐤋𐤄	H3605	5	0.00		
𐤅𐤉𐤒𐤃𐤔𐤄𐤅	H6942	5	0.60		
𐤅𐤄𐤌𐤉𐤌	H4325	27	0.81		
𐤄𐤏𐤅𐤌𐤃𐤉𐤌	H5975	95	0.66		
𐤄𐤏𐤌𐤒𐤉𐤌	H6010	5	0.60		
𐤄𐤀𐤁𐤉𐤁	H24	11	0.36		
𐤄𐤇𐤅𐤓𐤐	H2741	6	0.00		
𐤄𐤇𐤅𐤔𐤊	H2822	6	0.17		
𐤕𐤁𐤅𐤍𐤕𐤅	H8403	8	0.00		
𐤁𐤕𐤅𐤅𐤊	H8432	3	0.33		
𐤄𐤌𐤋𐤀𐤊𐤄	H4399	65	0.74		
𐤄𐤉𐤁𐤔𐤄	H3004	31	0.58		
𐤋𐤌𐤉𐤌	H4325	11	0.91		
𐤅𐤉𐤒𐤅𐤅	H6960	4	0.50		
𐤕𐤄𐤅𐤌𐤅𐤕	H8415	12	0.83		
𐤋𐤌𐤒𐤅𐤄	H4723	5	0.80		
𐤌𐤉𐤌𐤉𐤄𐤌	H4325	8	0.50		
𐤄𐤀𐤂𐤌𐤉𐤌	H98	4	0.50		
𐤈𐤋	H2919	11	0.55	H2920	0.5454545454545454
𐤅𐤄𐤏𐤑𐤉𐤌	H6086	5	0.40		
𐤏𐤅𐤔𐤉	H6213	33	0.91		
𐤅𐤏𐤑𐤉	H6086	10	0.80		
𐤄𐤏𐤃𐤍	H5750	8	0.25		
𐤄𐤂𐤃𐤅𐤋𐤅𐤕	H1419	34	0.79		
𐤁𐤓𐤒𐤉𐤏	H7549	9	0.11		
𐤅𐤄𐤋𐤉𐤋𐤄	H3915	4	1.00		
𐤅𐤋𐤄𐤁𐤃𐤉𐤋	H914	3	0.67		
𐤇𐤅𐤔𐤊	H2820	6	0.50		
𐤕𐤒𐤅𐤐𐤅𐤕	H8622	6	0.33		
𐤅𐤉𐤐𐤓𐤄	H6509	3	0.33		
𐤔𐤋𐤅𐤔𐤕	H7969	55	0.35		
𐤄𐤌𐤉𐤍𐤉𐤌	H1995	11	0.09		
𐤄𐤔𐤅𐤓𐤑	H8318	4	0.50		
𐤉𐤏𐤅𐤐𐤐	H5774	5	0.00		
𐤊𐤍𐤐	H3671	17	0.82		
𐤅𐤉𐤆𐤓𐤇	H2224	3	0.33		
𐤓𐤌𐤔	H7431	3	0.00	H7430	0.3333333333333333
𐤄𐤓𐤅𐤌𐤔	H7431	7	0.29		
𐤌𐤉𐤍𐤉𐤌	H4488	6	0.67		
𐤄𐤔𐤉𐤔𐤉	H8345	15	0.53		
𐤅𐤁𐤇𐤅𐤔𐤊	H2820	4	0.25		
𐤍𐤔𐤌𐤅𐤓	H8104	3	1.00		
𐤀𐤉𐤕𐤅	H383	75	0.21		
𐤌𐤐𐤋𐤄	H4654	6	0.00		
𐤄𐤏𐤌𐤉𐤌	H5971	123	0.76		
𐤉𐤇𐤅𐤂𐤅	H2287	5	0.60		
𐤅𐤁𐤓𐤊𐤕𐤉	H1288	3	0.33	H1293	0.6666666666666666
𐤁𐤆𐤓𐤏	H2220	5	0.00	H2234	0.4
𐤉𐤔𐤁𐤕𐤅	H7673	6	0.33		
𐤏𐤁𐤅𐤃𐤕𐤌	H5656	31	0.45		
𐤅𐤋𐤁𐤓𐤊	H1288	6	0.33		
𐤅𐤋𐤇𐤅𐤂	H2329	3	0.00		
𐤉𐤇𐤃𐤉𐤅	H3162	14	0.36		
𐤔𐤍𐤉𐤉𐤌	H8147	22	0.27		
𐤅𐤔𐤍𐤉𐤉𐤌	H8147	4	0.25		
𐤌𐤁𐤅𐤓𐤊	H953	10	0.10		
𐤅𐤆𐤓𐤏𐤅	H2233	15	0.60	H2220	0.5333333333333333
𐤒𐤃𐤅𐤔𐤉	H6918	3	0.67		
𐤒𐤉𐤃𐤔	H6942	3	0.33		
𐤅𐤁𐤓𐤊	H1288	6	0.67		
𐤉𐤌𐤅𐤕𐤅	H4191	26	0.69		
𐤑𐤅	H6680	17	0.65	H6673	0.47058823529411764
𐤋𐤒𐤃𐤔𐤅	H6942	4	0.50	H6944	0.75
𐤄𐤏𐤅𐤔𐤄	H6213	23	0.70		
𐤉𐤊𐤓𐤕𐤅	H3772	16	0.56		
𐤅𐤉𐤔𐤁𐤅𐤕	H3427	4	0.50		
𐤏𐤁𐤅𐤃𐤕𐤅	H5647	19	0.68		
𐤅𐤁𐤀𐤓	H884	4	0.00	H875	0.25
𐤋𐤁𐤋	H1097	226	0.65		
𐤅𐤋𐤄𐤁𐤉𐤀	H935	23	0.87		
𐤄𐤉𐤅𐤁𐤋	H3104	14	0.57		
𐤁𐤔𐤍𐤅𐤕	H8141	4	0.75		
𐤀𐤅𐤆𐤍	H241	7	0.57		
𐤋𐤔𐤁𐤅𐤕	H3427	11	0.73		
𐤅𐤁𐤅𐤓𐤀	H1254	5	0.20		
𐤄𐤉𐤒𐤅𐤌	H3351	20	0.10		
𐤁𐤅𐤓𐤀	H1254	11	0.27		
𐤅𐤋𐤕𐤄𐤋𐤄	H8416	4	0.25		
𐤌𐤅𐤓𐤔𐤄	H4181	3	0.00		
𐤇𐤅𐤒𐤕	H2708	7	0.57		
𐤇𐤉𐤕	H2416	14	0.71	H2421	0.21428571428571427
𐤄𐤓𐤌𐤔	H7431	4	0.00	H7430	0.25
𐤋𐤌𐤉𐤍𐤉𐤄𐤌	H4327	14	0.57		
𐤁𐤔𐤋𐤉𐤔𐤉	H7992	5	1.00		
𐤁𐤓𐤁𐤉𐤏𐤉	H7243	4	0.75		
𐤁𐤔𐤌𐤅𐤕𐤉𐤄𐤌	H4194	4	0.25		
𐤋𐤌𐤑𐤅𐤀	H4672	37	0.81		
𐤏𐤆𐤓	H5826	39	0.08	H5827	0.48717948717948717
𐤊𐤍𐤂𐤃𐤅	H5048	6	0.67		
𐤌𐤑𐤋𐤏𐤅𐤕𐤉𐤅	H6763	3	0.67		
𐤅𐤉𐤎𐤂𐤅𐤓	H5462	4	0.25		
𐤌𐤁𐤔𐤓𐤉	H8269	8	0.75	H1320	0.375
𐤀𐤔𐤕𐤉	H802	23	0.52		
𐤉𐤏𐤆𐤅𐤁	H5800	11	0.45		
𐤅𐤁𐤔𐤁𐤅𐤏	H7620	11	0.91		
𐤋𐤁𐤕	H1323	8	0.88	H3820	0.625
𐤅𐤉𐤋𐤃𐤄	H3205	5	0.60		
𐤅𐤈𐤌𐤀𐤄	H2930	3	0.33		
𐤄𐤔𐤁𐤅𐤏	H7620	5	0.80		
𐤅𐤔𐤋𐤅𐤔𐤉𐤌	H7970	36	0.19		
𐤅𐤔𐤋𐤅𐤔𐤕	H7969	8	0.75		
𐤔𐤁𐤅𐤏𐤉𐤉𐤌	H7657	3	0.67		
𐤅𐤔𐤉𐤔𐤉𐤌	H8346	17	0.24		
𐤁𐤊𐤅𐤋𐤌	H3627	3	0.33		
𐤔𐤌𐤅𐤍𐤉𐤌	H8084	46	0.52		
𐤄𐤀𐤉𐤔𐤄	H802	42	0.33		
𐤕𐤉𐤂𐤏	H3021	5	0.00		
𐤋𐤔𐤌𐤅𐤓	H8104	134	0.78		
𐤅𐤁𐤓𐤀𐤔𐤉𐤕	H7225	5	0.80		
𐤁𐤂𐤍	H1588	9	0.33		
𐤏𐤃𐤍	H5731	21	0.33	H5732	0.23809523809523808
𐤋𐤏𐤁𐤃𐤄	H5656	3	0.67	H5647	0.6666666666666666
𐤋𐤔𐤏𐤅𐤕	H7775	3	0.00		
𐤋𐤏𐤁𐤅𐤃	H5647	57	0.72		
𐤅𐤉𐤔𐤌𐤅𐤓	H8104	9	0.89		
𐤅𐤇𐤉𐤕	H2416	4	0.75		
𐤅𐤄𐤁𐤄𐤌𐤄	H929	8	0.38		
𐤅𐤄𐤍𐤅𐤕𐤓	H3498	6	0.17		
𐤅𐤋𐤀𐤔𐤕𐤅	H802	5	1.00		
𐤋𐤐𐤒𐤃𐤅𐤍	H6487	4	0.25		
𐤋𐤔𐤁𐤕𐤅	H1323	4	0.50	H3427	1.0
𐤅𐤋𐤁𐤋	H1077	20	0.40		
𐤀𐤊𐤋𐤊𐤌	H398	3	0.00		
𐤉𐤅𐤃𐤏𐤉	H3045	12	0.83		
𐤍𐤇𐤌𐤃	H2530	9	0.33		
𐤐𐤓𐤉𐤅	H6529	5	0.40		
𐤅𐤕𐤊𐤎	H3680	3	0.67		
𐤅𐤕𐤕𐤍	H5414	34	0.79		
𐤇𐤂𐤅𐤓𐤄	H2290	5	0.40	H2296	0.8
𐤏𐤓𐤅𐤅𐤕𐤅	H6172	3	0.00		
𐤅𐤉𐤒𐤋𐤋	H7043	6	0.33		
𐤁𐤏𐤑𐤁	H6089	4	0.00	H6090	0.25
𐤀𐤉𐤔𐤊	H376	6	0.17		
𐤀𐤓𐤅𐤓𐤄	H779	3	0.00		
𐤁𐤆𐤏𐤕	H2188	3	0.00		
𐤔𐤅𐤁𐤊	H7725	4	0.75	H7731	0.5
𐤄𐤏𐤐𐤓	H6083	6	0.67		
𐤅𐤉𐤋𐤁𐤉𐤔𐤌	H3847	3	0.00		
𐤌𐤂𐤍	H4043	27	0.37	H4042	0.37037037037037035
𐤒𐤈𐤅𐤓𐤕	H7004	9	0.33		
𐤋𐤁𐤅𐤍𐤄	H3828	11	0.45	H3829	0.18181818181818182
𐤁𐤁𐤅𐤒𐤓	H1242	60	0.57		
𐤊𐤑𐤀𐤕	H3318	7	0.57		
𐤅𐤐𐤉	H6310	4	0.25	H6364	0.0
𐤄𐤌𐤒𐤅𐤌𐤅𐤕	H4725	61	0.80		
𐤍𐤅𐤏𐤃𐤅	H3259	14	0.57		
𐤅𐤁𐤄𐤌𐤄	H929	7	0.43		
𐤄𐤋𐤅𐤇𐤅𐤕	H3871	8	0.50		
𐤅𐤁𐤓𐤀𐤔	H7218	29	0.62		
𐤄𐤇𐤅𐤃𐤔	H2320	36	0.61		
𐤍𐤁𐤓𐤀𐤅	H1254	13	0.15		
𐤔𐤍𐤕	H8141	64	0.78	H8140	0.765625
𐤀𐤃𐤌𐤕𐤅	H127	5	0.60		
𐤋𐤉𐤅𐤁𐤋	H1097	33	0.18		
𐤀𐤕𐤄𐤁𐤋	H1892	4	0.00	H853	0.25
𐤌𐤉𐤃𐤅	H3027	59	0.81		
𐤅𐤉𐤔𐤐𐤅𐤈	H8199	7	0.29		
𐤍𐤏	H5128	9	0.56		
𐤅𐤍𐤃	H5110	6	0.17		
𐤅𐤄𐤇𐤓𐤉𐤔	H2790	5	0.80		
𐤔𐤁𐤅𐤏𐤉𐤌	H7657	15	0.20		
𐤅𐤁𐤔𐤍𐤄	H8141	65	0.72		
𐤋𐤔𐤁𐤅𐤏	H7648	73	0.05		
𐤁𐤕𐤅	H1323	91	0.78		
𐤀𐤕𐤀𐤇𐤅𐤕𐤅	H269	3	1.00	H853	1.0
𐤀𐤕𐤇𐤍𐤅𐤊	H2585	4	0.00	H853	0.5
𐤍𐤁𐤍𐤅	H1129	13	0.54		
𐤕𐤔𐤏𐤄	H8672	20	0.30	H8159	0.55
𐤅𐤁𐤉𐤅𐤁𐤋	H2986	16	0.12		
𐤀𐤇𐤅𐤕𐤅	H259	63	0.73		
𐤍𐤏𐤌𐤄	H5279	8	0.38	H5276	0.25
𐤒𐤉𐤍𐤍	H7018	18	0.72		
𐤁𐤉𐤅𐤁𐤋	H894	11	0.00		
𐤌𐤄𐤋𐤋𐤀𐤋	H4111	9	0.22		
𐤁𐤓𐤊𐤀𐤋	H1292	3	0.33		
𐤄𐤔𐤉𐤔𐤉𐤕	H8345	18	0.39		
𐤁𐤉𐤌𐤉𐤅	H3117	36	0.92		
𐤔𐤅𐤌𐤓𐤉𐤌	H8104	34	0.82		
𐤅𐤌𐤉𐤔𐤓𐤉𐤌	H4339	3	0.00		
𐤋𐤏𐤔𐤅𐤕𐤌	H6213	12	0.92		
𐤄𐤏𐤔𐤕𐤉	H6249	3	0.67		
𐤄𐤉𐤋𐤅𐤃𐤉𐤌	H3205	8	0.88		
𐤋𐤉𐤌𐤃	H4058	5	0.00		
𐤀𐤕𐤄𐤊𐤕𐤁	H3791	4	0.25	H853	0.25
𐤁𐤌𐤎𐤐𐤓𐤌	H4557	19	0.63		
𐤅𐤉𐤅𐤃𐤉𐤏𐤌	H3045	6	0.67		
𐤀𐤕𐤉𐤌𐤉	H853	3	0.33		
𐤅𐤉𐤏𐤓𐤅𐤊	H6186	19	0.53		
𐤄𐤅𐤀𐤉𐤋	H2974	14	0.50		
𐤄𐤓𐤀𐤉𐤍𐤅	H7200	21	1.00		
𐤁𐤇𐤋𐤅𐤌𐤅	H2472	10	0.40		
𐤅𐤄𐤁𐤉𐤍	H995	15	0.93		
𐤋𐤊𐤋𐤁𐤍𐤉	H1121	3	0.67	H3605	0.3333333333333333
𐤄𐤔𐤍𐤉𐤌𐤏𐤔𐤓	H6240	8	0.50	H8141	0.625
𐤌𐤕𐤅𐤔𐤋𐤇	H4968	55	0.02		
𐤅𐤉𐤓𐤀𐤅𐤄𐤅	H3372	7	0.86		
𐤁𐤁𐤍𐤅𐤕	H1323	5	0.80		
𐤋𐤄𐤕𐤏𐤓𐤁	H6148	8	0.38		
𐤋𐤑𐤌𐤉𐤕𐤅𐤕	H6783	3	0.00		
𐤓𐤏𐤕	H7451	28	0.57	H7462	0.4642857142857143
𐤉𐤅𐤑𐤀𐤉	H3318	8	1.00		
𐤇𐤋𐤑𐤉	H2502	3	0.33	H2504	0.0
𐤅𐤁𐤏𐤁𐤅𐤓𐤅	H5668	4	0.75		
𐤋𐤏𐤓	H6147	3	0.67		
𐤄𐤃𐤅𐤓𐤅𐤕	H1755	16	0.75		
𐤌𐤒𐤅𐤌𐤅𐤕	H6965	49	0.63	H4725	0.6938775510204082
𐤅𐤄𐤄𐤓	H2022	3	0.67		
𐤁𐤁𐤓𐤉𐤀𐤄	H1278	4	0.50		
𐤅𐤌𐤊𐤋	H3605	59	0.59		
𐤄𐤀𐤓𐤁𐤏𐤄	H702	9	0.44		
𐤋𐤌𐤊	H3929	30	0.30		
𐤄𐤇𐤌𐤔𐤄	H2568	10	0.40		
𐤄𐤕𐤔𐤏𐤄	H8668	6	0.00		
𐤄𐤌𐤉𐤕	H4191	84	0.69	H1998	0.023809523809523808
𐤌𐤅𐤌	H3971	12	0.42		
𐤋𐤓𐤅𐤁	H7230	23	0.70	H7378	0.34782608695652173
𐤅𐤁𐤍𐤅𐤕	H1323	13	0.62		
𐤉𐤅𐤋𐤃𐤅	H3205	22	0.95		
𐤈𐤅𐤁𐤅𐤕	H2896	68	0.94		
𐤅𐤕𐤋𐤃𐤍𐤄	H3205	4	0.75		
𐤅𐤄𐤇𐤌𐤎	H2555	3	0.67		
𐤄𐤔𐤇𐤉𐤕	H7843	15	0.67		
𐤄𐤔𐤇𐤉𐤕𐤅	H7843	21	0.57		
𐤎𐤃𐤓𐤌	H5468	3	0.33		
𐤋𐤈𐤓𐤅𐤐	H2963	4	0.50		
𐤋𐤌𐤇𐤅𐤕	H4229	9	0.44		
𐤅𐤍𐤅𐤇	H5117	10	0.70	H5118	0.4
𐤇𐤓𐤄	H2734	56	0.66	H2787	0.4107142857142857
𐤌𐤀𐤅𐤃	H3966	579	0.46		
𐤋𐤄𐤔𐤌𐤉𐤃𐤌	H8045	10	0.20		
𐤁𐤌𐤏𐤌𐤒𐤉	H4615	4	0.75		
𐤃𐤕	H1881	12	0.75	H1882	0.4166666666666667
𐤅𐤋𐤊𐤋𐤅𐤕𐤌	H3615	6	1.00		
𐤉𐤌𐤉𐤅	H3117	42	0.98		
𐤅𐤍𐤔𐤌𐤃𐤅	H8045	4	0.25		
𐤓𐤅𐤀𐤅𐤕	H7200	12	0.75		
𐤏𐤍𐤅𐤔	H6064	3	0.00		
𐤉𐤏𐤍𐤔𐤅	H6064	5	0.60		
𐤃𐤓𐤊𐤉𐤄𐤌	H1870	11	0.82		
𐤏𐤋𐤉𐤋𐤅𐤕𐤉𐤄𐤌	H5949	3	0.00		
𐤍𐤅𐤕𐤓	H3498	21	0.62		
𐤓𐤏𐤕𐤌	H7451	9	0.67		
𐤅𐤍𐤊𐤅𐤍	H3559	13	0.69		
𐤉𐤇𐤈𐤀𐤅	H2398	10	0.70		
𐤅𐤇𐤓𐤅𐤕	H2801	7	0.00		
𐤉𐤍𐤑𐤋	H5337	9	0.78		
𐤁𐤂𐤉𐤀	H1516	4	0.25		
𐤋𐤊𐤅𐤋𐤌	H3605	12	0.67		
𐤉𐤔𐤐𐤅𐤈	H8199	9	0.44		
𐤔𐤅𐤇𐤃	H2298	6	0.33		
𐤋𐤔𐤐𐤅𐤈	H8199	16	0.75		
𐤅𐤇𐤓𐤅𐤑	H2742	3	0.33		
𐤉𐤐𐤍𐤅	H6437	6	0.83		
𐤏𐤅𐤅𐤍𐤌	H5869	6	1.00		
𐤐𐤔𐤏𐤉𐤅	H6588	9	0.56		
𐤉𐤑𐤓𐤌	H3335	9	0.22		
𐤄𐤑𐤉𐤋	H5337	46	0.80		
𐤍𐤐𐤒𐤃	H6485	5	0.00		
𐤄𐤇𐤌𐤉𐤔𐤉𐤕	H2549	23	0.61		
𐤄𐤁𐤀𐤍𐤅	H935	3	1.00		
𐤄𐤕𐤉𐤁𐤄	H8392	52	0.06		
𐤋𐤄𐤌𐤈𐤉𐤓	H4305	5	0.20		
𐤌𐤏𐤉𐤉𐤍𐤅𐤕	H4599	3	0.00		
𐤅𐤉𐤂𐤁𐤓𐤅	H1396	11	0.36		
𐤂𐤁𐤓𐤅	H1396	23	0.74		
𐤄𐤂𐤁𐤅𐤄𐤉𐤌	H1364	9	0.56		
𐤇𐤅𐤃𐤔𐤉𐤌	H2320	18	0.17		
𐤇𐤌𐤉𐤔𐤉𐤌	H2572	28	0.32		
𐤄𐤓𐤉	H2022	27	0.56		
𐤀𐤓𐤓𐤈	H780	6	0.17		
𐤅𐤁𐤇𐤅𐤃𐤔	H2320	5	0.40		
𐤌𐤏𐤉𐤍𐤅𐤕	H4599	27	0.67		
𐤕𐤄𐤅𐤌	H8415	15	0.60		
𐤕𐤇𐤕𐤉𐤕	H8482	3	0.33		
𐤅𐤁𐤔𐤁𐤏𐤄	H7651	3	0.00		
𐤋𐤇𐤅𐤃𐤔	H2320	61	0.43		
𐤄𐤎𐤉𐤓	H5493	46	0.85	H5518	0.021739130434782608
𐤌𐤕𐤅𐤊𐤄	H8432	12	0.50		
𐤔𐤏𐤉𐤓	H8165	101	0.05	H8163	0.0891089108910891
𐤓𐤊	H7390	21	0.19	H7401	0.23809523809523808
𐤅𐤉𐤊𐤐𐤓	H3722	5	1.00		
𐤀𐤔𐤌𐤕	H819	13	0.38	H816	0.8461538461538461
𐤁𐤕𐤉𐤁𐤄	H8392	10	0.10		
𐤐𐤓	H6499	16	0.69		
𐤅𐤀𐤉𐤋	H352	12	0.75		
𐤅𐤌𐤋𐤇	H4417	4	0.25	H4416	0.25
𐤅𐤉𐤓𐤇	H3394	6	0.33	H7306	0.0
𐤅𐤉𐤊𐤓𐤅𐤕	H5234	11	0.27		
𐤌𐤁𐤅𐤋	H3999	6	0.50		
𐤅𐤇𐤅𐤌	H2345	4	0.00		
𐤒𐤉𐤑	H7019	6	0.83		
𐤐𐤓𐤅	H6509	8	0.38		
𐤅𐤌𐤋𐤀𐤅	H4390	13	0.69	H4393	0.6153846153846154
𐤀𐤃𐤓𐤅𐤔	H1875	4	0.50		
𐤔𐤅𐤐𐤊	H7780	3	0.00	H8210	0.6666666666666666
𐤍𐤔𐤁𐤏𐤅	H7650	23	0.57		
𐤃𐤅𐤓𐤅𐤕	H1755	23	0.61		
𐤃𐤉𐤁𐤓	H1696	89	0.60		
𐤅𐤄𐤁𐤀𐤕	H935	9	0.67		
𐤅𐤕𐤆𐤓𐤅𐤒	H2236	3	0.00		
𐤋𐤃𐤅𐤓𐤅𐤕	H1755	28	0.61		
𐤅𐤍𐤊𐤓𐤕	H3772	3	0.67		
𐤅𐤆𐤓𐤏𐤌	H2233	7	0.57		
𐤀𐤋𐤅𐤄𐤉𐤍𐤅	H413	24	0.54		
𐤅𐤄𐤇𐤅𐤒	H2436	3	0.00		
𐤉𐤌𐤅𐤔	H4185	3	0.00		
𐤅𐤔𐤌𐤓𐤅	H8104	15	0.47		
𐤅𐤁𐤏𐤓𐤁	H6153	4	1.00		
𐤋𐤁𐤍𐤉𐤅	H1121	35	0.94		
𐤒𐤔𐤕𐤅	H7198	4	0.50		
𐤄𐤇𐤅𐤒	H2436	4	0.00		
𐤅𐤔𐤍𐤄	H8141	20	0.65	H8138	0.5
𐤉𐤅𐤁𐤋𐤉𐤌	H3104	10	0.50		
𐤅𐤇𐤌𐤔𐤄	H2568	62	0.82		
𐤅𐤔𐤁𐤅𐤏	H7646	3	0.33		
𐤋𐤇𐤅𐤒	H2706	11	0.45		
𐤋𐤔𐤕𐤉	H8147	6	0.83		
𐤋𐤆𐤊𐤅𐤓	H2143	10	0.30		
𐤇𐤃𐤔𐤉	H8483	3	0.00	H2320	0.3333333333333333
𐤉𐤌𐤉𐤌𐤄	H3117	12	0.75	H3224	0.25
𐤆𐤉𐤊𐤓𐤅𐤍	H2146	5	0.20		
𐤋𐤌𐤅𐤏𐤃𐤉	H4571	3	0.00		
𐤅𐤇𐤌𐤉𐤔𐤉𐤌	H2549	23	0.00		
𐤇𐤅𐤒	H2710	9	0.44	H2706	0.4444444444444444
𐤉𐤏𐤁𐤅𐤓	H5674	34	0.71		
𐤅𐤔𐤋𐤅𐤔	H7969	19	0.26		
𐤄𐤅𐤏𐤃	H5750	5	0.80	H5749	0.6
𐤅𐤆𐤌𐤍	H2165	9	0.22		
𐤅𐤄𐤔𐤍𐤉𐤌	H8141	8	0.62		
𐤌𐤌𐤒𐤅𐤌𐤍	H4725	3	0.67		
𐤄𐤔𐤁𐤕𐤅𐤕	H7676	13	0.69		
𐤌𐤅𐤏𐤃𐤉	H4150	4	0.75	H4151	0.5
𐤁𐤌𐤅𐤏𐤃𐤉	H4150	3	0.67		
𐤄𐤂𐤅𐤉𐤉𐤌	H1471	74	0.61		
𐤄𐤆𐤌𐤍𐤉𐤌	H2165	19	0.84		
𐤅𐤉𐤒𐤃𐤉𐤌	H6915	3	0.33		
𐤉𐤁𐤃𐤉𐤋	H914	3	0.33		
𐤇𐤅𐤋	H2344	15	0.33	H2342	0.6666666666666666
𐤌𐤅𐤕𐤊	H8432	5	0.00		
𐤁𐤍𐤉𐤊	H1121	46	0.78	H1129	0.6521739130434783
𐤉𐤎𐤐𐤓𐤅	H5608	9	0.56		
𐤔𐤋𐤅𐤔	H7969	56	0.45		
𐤅𐤁𐤇𐤂	H2282	4	0.50		
𐤂𐤐𐤍𐤉𐤌	H1612	3	1.00		
𐤋𐤅𐤁𐤓	H1250	3	0.00		
𐤅𐤔𐤏𐤉𐤓	H8163	7	0.86	H8165	0.0
𐤁𐤍𐤉𐤅	H1121	377	0.93		
𐤄𐤔𐤏𐤉𐤓	H8163	7	0.86		
𐤄𐤐𐤓	H6499	16	0.31	H6565	0.5625
𐤄𐤀𐤉𐤋	H352	20	0.65	H354	0.05
𐤁𐤔𐤓𐤌	H1320	48	0.40		
𐤌𐤍𐤇𐤅𐤕𐤉𐤄𐤌	H2333	4	0.00	H4480	0.5
𐤀𐤋𐤄𐤉𐤅	H430	24	0.58		
𐤀𐤄𐤋𐤄	H170	4	0.00	H168	0.75
𐤁𐤔𐤍𐤕𐤅	H8141	16	0.62		
𐤔𐤌𐤋𐤕𐤅	H8071	3	0.33		
𐤅𐤉𐤐𐤕	H3315	21	0.57	H6601	0.5238095238095238
𐤔𐤊𐤌𐤌	H7926	11	0.18		
𐤀𐤇𐤅𐤓𐤍𐤉𐤕	H322	17	0.59		
𐤅𐤉𐤊𐤎𐤅	H3680	4	0.50		
𐤏𐤓𐤅𐤅𐤕	H6172	3	0.00		
𐤐𐤅𐤍𐤉𐤌	H6440	5	0.60		
𐤅𐤉𐤒𐤑	H3364	9	0.00	H6973	0.0
𐤏𐤅𐤁𐤃	H5744	29	0.21		
𐤋𐤉𐤐𐤕	H3303	3	0.33	H3315	0.6666666666666666
𐤁𐤀𐤄𐤋𐤉	H168	4	0.25		
𐤒𐤉𐤋𐤋	H7043	3	0.67		
𐤁𐤊𐤅𐤔	H3568	3	0.67		
𐤉𐤐𐤕	H3303	34	0.38	H3315	0.38235294117647056
𐤅𐤉𐤒𐤍𐤀	H7065	12	0.25		
𐤁𐤀𐤇𐤉𐤅	H251	45	0.78		
𐤅𐤍𐤇𐤋𐤕	H5159	4	0.00	H2490	0.75
𐤍𐤂𐤁𐤄	H5045	8	0.62		
𐤉𐤌𐤄	H3220	14	0.14		
𐤏𐤉𐤋𐤌	H5867	37	0.54		
𐤀𐤔𐤅𐤓	H804	92	0.62	H7789	0.40217391304347827
𐤀𐤓𐤐𐤊𐤔𐤃	H775	16	0.69		
𐤅𐤀𐤓𐤌	H758	7	0.57		
𐤅𐤋𐤅𐤃	H3865	8	0.50		
𐤂𐤅𐤌𐤓	H1586	5	0.60		
𐤅𐤌𐤃𐤉	H4074	41	0.20		
𐤌𐤔𐤊	H4900	31	0.74	H4902	0.3870967741935484
𐤅𐤕𐤉𐤓𐤎	H8494	3	0.33		
𐤄𐤔𐤌𐤅𐤍𐤄	H8082	6	0.17		
𐤁𐤁𐤍𐤉𐤅	H1121	7	0.86		
𐤅𐤋𐤊𐤎𐤅𐤕	H3680	4	1.00		
𐤋𐤀𐤄𐤅𐤁	H157	9	0.78		
𐤅𐤋𐤔𐤌𐤅𐤓	H8104	22	0.86		
𐤅𐤈𐤅𐤌𐤀𐤄	H2931	5	0.20		
𐤋𐤌𐤅𐤓𐤕	H4812	4	0.25		
𐤇𐤅𐤒𐤉	H2710	4	0.00	H2706	0.0
𐤄𐤈𐤅𐤌𐤀𐤄	H2931	4	0.25		
𐤅𐤁𐤍𐤉𐤄𐤌	H1121	27	0.89		
𐤄𐤍𐤐𐤉𐤋𐤉𐤌	H5303	3	0.67		
𐤀𐤇𐤉𐤄𐤌	H251	156	0.68		
𐤄𐤏𐤍𐤒	H6061	4	0.25		
𐤅𐤄𐤏𐤋𐤉𐤅𐤍	H5945	5	0.40		
𐤅𐤋𐤔𐤐𐤅𐤊	H8210	7	0.43		
𐤇𐤌𐤎	H2555	58	0.64	H2554	0.3620689655172414
𐤅𐤉𐤌𐤇	H4229	3	0.67		
𐤄𐤔𐤌𐤉𐤃	H8045	16	0.31		
𐤍𐤔𐤀𐤓𐤍𐤅	H7604	5	0.40		
𐤓𐤅𐤀𐤄	H7200	19	0.53		
𐤌𐤅𐤕𐤉	H4194	21	0.67	H4191	0.6666666666666666
𐤉𐤔𐤌𐤃	H8045	6	0.50		
𐤄𐤀𐤅𐤊𐤋	H3201	16	0.75	H398	0.375
𐤍𐤉𐤍	H5209	4	0.75	H3238	0.0
𐤁𐤅𐤓	H953	10	0.40	H3565	0.3
𐤁𐤌𐤂𐤐𐤄	H4046	7	0.29		
𐤊𐤎𐤅	H3680	17	0.65		
𐤁𐤏𐤐𐤓	H6083	8	0.50		
𐤄𐤔𐤅𐤐𐤊	H8210	4	0.50		
𐤔𐤅𐤐𐤊𐤅	H7780	3	0.00		
𐤅𐤑𐤃𐤒𐤄	H6666	14	0.43		
𐤕𐤋𐤊𐤅	H3212	11	0.55		
𐤅𐤓𐤀𐤔𐤉𐤕	H7225	12	0.83		
𐤉𐤅𐤁𐤀	H935	12	0.83		
𐤒𐤅𐤍𐤄	H7069	7	0.29		
𐤄𐤇𐤋𐤁	H2459	8	0.62	H2461	0.0
𐤅𐤕𐤄𐤉𐤅	H1961	5	0.80		
𐤑𐤉𐤅𐤅𐤄	H6716	12	0.00		
𐤅𐤌𐤕𐤅𐤔𐤋𐤇	H4968	6	0.17		
𐤅𐤋𐤌𐤊	H3929	4	0.25		
𐤑𐤉𐤅𐤅	H6716	6	0.00		
𐤅𐤄𐤏𐤉𐤃	H5749	5	0.60		
𐤅𐤋𐤁𐤍𐤉	H1121	18	0.67		
𐤔𐤅𐤔𐤍𐤄	H8141	15	0.27	H7799	0.13333333333333333
𐤕𐤊𐤍𐤉𐤕	H8508	3	0.33		
𐤌𐤓𐤊𐤁𐤕	H4818	6	0.33		
𐤄𐤔𐤋𐤅𐤔𐤉𐤌	H7970	3	0.33		
𐤌𐤏𐤊𐤄	H4601	8	0.88	H1038	0.375
𐤊𐤔𐤃	H7701	9	0.00	H3777	0.1111111111111111
𐤐𐤋𐤂	H6389	11	0.82	H6388	0.45454545454545453
𐤄𐤔𐤋𐤅𐤔𐤄	H7969	3	0.00		
𐤍𐤇𐤋𐤕𐤌	H5159	18	0.50	H5157	0.7222222222222222
𐤊𐤐𐤉𐤄𐤌	H6310	8	0.88	H3709	0.25
𐤌𐤇𐤉𐤒	H2436	3	0.00		
𐤕𐤅𐤊	H8432	78	0.47	H8496	0.038461538461538464
𐤋𐤍𐤇𐤋𐤕𐤅	H5159	6	0.50		
𐤅𐤋𐤆𐤓𐤏𐤌	H2233	3	0.67		
𐤋𐤐𐤀𐤕	H6285	19	0.63		
𐤌𐤉𐤏𐤅𐤈	H4592	3	0.00		
𐤇𐤉𐤒	H2436	4	0.00		
𐤄𐤐𐤅𐤍𐤄	H6437	14	0.93		
𐤅𐤏𐤁𐤓	H5674	43	0.77	H5677	0.3023255813953488
𐤊𐤕𐤐	H3802	7	0.29	H8596	0.0
𐤅𐤄𐤋𐤊𐤄	H1980	3	1.00		
𐤁𐤅𐤀𐤊𐤄	H935	8	1.00		
𐤄𐤍𐤔𐤒𐤐	H8259	3	0.67		
𐤌𐤅𐤋	H4136	74	0.82	H4135	0.32432432432432434
𐤂𐤉𐤇𐤅𐤍	H1521	7	0.29		
𐤅𐤕𐤀𐤓	H8388	6	0.17		
𐤋𐤇𐤅𐤐	H2348	6	0.67		
𐤋𐤂𐤍	H1588	3	0.00		
𐤕𐤉𐤌𐤍𐤄	H8486	3	0.67		
𐤅𐤒𐤃𐤌𐤄	H6924	4	0.75	H6929	0.5
𐤅𐤍𐤎𐤁	H5437	5	0.20		
𐤒𐤃𐤌𐤕	H6926	4	0.25	H6927	0.25
𐤕𐤉𐤍𐤄	H5414	5	0.60		
𐤅𐤋𐤁𐤍𐤉𐤅	H1121	26	0.73		
𐤅𐤉𐤆𐤊𐤅𐤓	H2142	20	0.60		
𐤅𐤌𐤔𐤊𐤍	H4908	5	0.20		
𐤅𐤄𐤓	H2022	4	0.75		
𐤈𐤁𐤅𐤓	H2872	4	0.50		
𐤔𐤋𐤅𐤔𐤕𐤌	H7969	4	0.25		
𐤍𐤅𐤊𐤇	H3198	43	0.53		
𐤌𐤁𐤅𐤓𐤊𐤕	H1288	4	0.50		
𐤁𐤇𐤁𐤋	H2256	14	0.64		
𐤄𐤒𐤃𐤌	H6924	9	0.78		
𐤄𐤋𐤁𐤍𐤅𐤍	H3844	28	0.36		
𐤊𐤐𐤕𐤅𐤓	H3731	4	0.25	H3730	0.25
𐤄𐤓𐤓𐤉	H2042	4	0.75	H2043	0.0
𐤑𐤐𐤅𐤍𐤄	H6828	18	0.28	H6845	0.3888888888888889
𐤅𐤓𐤇𐤁𐤕	H7342	4	0.25		
𐤉𐤃𐤉𐤉𐤌	H3027	4	0.75		
𐤅𐤄𐤕𐤀𐤅𐤄	H6914	5	0.00		
𐤍𐤄𐤓	H5104	83	0.52	H5103	0.4457831325301205
𐤏𐤋𐤕𐤄	H5927	53	0.83	H5766	0.09433962264150944
𐤋𐤓𐤔𐤕𐤄	H3423	13	0.54		
𐤑𐤐𐤅𐤍𐤉𐤕	H6845	3	0.33		
𐤀𐤓𐤑𐤅	H776	73	0.75		
𐤅𐤋𐤊𐤕𐤐	H3802	4	0.00		
𐤋𐤏𐤅𐤌𐤕	H5980	11	0.45		
𐤌𐤆𐤓𐤇𐤄	H4217	11	0.45		
𐤀𐤉𐤉𐤌	H339	8	0.50	H338	0.375
𐤁𐤉𐤓𐤊𐤕𐤉	H3411	3	0.67		
𐤀𐤌𐤍𐤄	H546	6	0.00	H545	0.5
𐤋𐤊𐤍𐤏𐤍	H3669	12	0.33		
𐤌𐤏𐤓𐤁	H6153	16	0.19	H4628	0.75
𐤋𐤍𐤄𐤓	H5104	12	0.33		
𐤔𐤅𐤔𐤍	H7800	6	0.67	H7802	0.0
𐤄𐤊𐤔𐤃𐤉𐤌	H3778	26	0.69		
𐤐𐤓𐤕	H6578	60	0.48	H6509	0.3333333333333333
𐤅𐤀𐤌𐤍𐤄	H548	3	0.33		
𐤄𐤀𐤓𐤑𐤅𐤕	H776	48	0.81		
𐤂𐤁𐤅𐤋𐤉	H1366	19	0.68		
𐤄𐤍𐤅𐤈𐤄	H5186	5	1.00		
𐤋𐤁𐤍𐤉𐤄𐤌	H1121	9	0.78		
𐤁𐤔𐤁𐤅𐤏𐤕	H7621	3	0.67		
𐤋𐤊𐤁𐤅𐤔	H3533	60	0.40		
𐤅𐤊𐤅𐤋𐤌	H3605	16	0.56		
𐤅𐤀𐤌𐤍	H543	8	0.12		
𐤅𐤋𐤁𐤍𐤉𐤄𐤌	H1121	8	0.75		
𐤏𐤅𐤍𐤅𐤕𐤉𐤄𐤌	H5771	7	0.14		
𐤄𐤈𐤌𐤀𐤉𐤌	H2931	13	0.85		
𐤋𐤄𐤇𐤈𐤉𐤀	H2398	3	1.00		
𐤋𐤐𐤕𐤅𐤕𐤌	H6626	3	0.00		
𐤅𐤋𐤄𐤔𐤉𐤁𐤌	H7725	3	0.67		
𐤃𐤊𐤀	H1793	8	0.00	H1792	0.25
𐤀𐤅𐤃𐤅𐤕	H182	61	0.49		
𐤄𐤇𐤈𐤉𐤀𐤅	H2398	3	0.33		
𐤁𐤓𐤇𐤌𐤉𐤊	H7356	9	0.56		
𐤍𐤕𐤕𐤍𐤉	H5414	3	1.00		
𐤌𐤔𐤇𐤉𐤕𐤉𐤌	H7843	4	0.75		
𐤓𐤇𐤌𐤉𐤊	H7356	12	0.67		
𐤉𐤌𐤔𐤋𐤅	H4910	8	0.75	H4911	0.125
𐤅𐤍𐤌𐤋𐤀	H4390	5	0.60		
𐤕𐤇𐤕𐤉𐤄	H8478	18	0.61	H8482	0.2777777777777778
𐤔𐤋𐤈𐤅𐤍	H7983	39	0.15		
𐤋𐤀𐤎𐤅𐤓	H631	9	0.44		
𐤀𐤃𐤅𐤍𐤉	H136	146	0.45	H113	0.4589041095890411
𐤊𐤅𐤇	H3581	12	0.58		
𐤋𐤄𐤔𐤇𐤉𐤕	H7843	25	0.44		
𐤅𐤕𐤔𐤏	H8672	31	0.61		
𐤉𐤃𐤅𐤕	H3027	4	0.75	H3034	0.5
𐤄𐤓𐤐𐤅𐤀𐤅𐤕	H7505	4	0.25		
𐤅𐤍𐤏𐤔	H6213	5	1.00		
𐤕𐤏𐤋𐤄	H5927	17	0.76	H8585	0.47058823529411764
𐤄𐤂𐤃𐤍𐤅	H5046	15	0.73		
𐤄𐤅𐤓𐤉𐤍𐤅	H2029	4	0.75		
𐤌𐤓𐤐𐤀	H4832	10	0.50	H7503	0.6
𐤄𐤌𐤊𐤕𐤁𐤉𐤌	H3789	15	0.27	H1992	0.7333333333333333
𐤕𐤔𐤏	H8672	68	0.57	H3467	0.38235294117647056
𐤋𐤉𐤌𐤉	H3117	12	0.92		
𐤔𐤍𐤏𐤓	H8152	23	0.13		
𐤄𐤓𐤏𐤅	H7489	20	0.75	H7321	0.2
𐤉𐤆𐤌𐤅	H2161	9	0.44		
𐤅𐤉𐤔𐤓𐤐𐤅	H8313	13	0.38		
𐤄𐤋𐤁𐤍𐤄	H3842	5	0.20	H3843	0.2
𐤌𐤏𐤉𐤍𐤉	H5869	33	0.67	H4599	0.15151515151515152
𐤅𐤉𐤁𐤍𐤅	H1129	54	0.70		
𐤄𐤁𐤄	H3051	28	0.21		
𐤍𐤓𐤃𐤄	H3381	3	0.00		
𐤔𐤐𐤕𐤌	H8193	4	0.50		
𐤅𐤉𐤐𐤅𐤑𐤅	H6327	9	0.11		
𐤁𐤀𐤓𐤑𐤅𐤕	H776	21	0.71		
𐤌𐤋𐤄	H4405	5	0.20	H4406	0.4
𐤁𐤋𐤔𐤅𐤍𐤌	H3956	4	0.25		
𐤅𐤄𐤌𐤂𐤃𐤋	H4026	4	0.75		
𐤁𐤋𐤋	H1101	4	0.00		
𐤍𐤐𐤅𐤑𐤅	H6327	38	0.50		
𐤋𐤋𐤔𐤅𐤍𐤅𐤕𐤌	H3956	3	0.00		
𐤌𐤂𐤃𐤋𐤌	H4026	3	0.67		
𐤋𐤁𐤍𐤅𐤍	H3844	7	0.43		
𐤋𐤀𐤓𐤊𐤅	H753	3	0.67		
𐤅𐤊𐤅𐤔	H3568	4	0.75		
𐤍𐤀𐤇𐤆𐤕	H270	3	0.67		
𐤍𐤐𐤅𐤋	H5307	3	0.33		
𐤁𐤇𐤅𐤆𐤒	H2392	5	0.00		
𐤌𐤂𐤅𐤓𐤉	H4033	8	0.25	H4032	0.0
𐤅𐤀𐤓𐤅𐤓	H779	3	0.33		
𐤍𐤔𐤁𐤏𐤍𐤅	H7650	3	0.33		
𐤁𐤒𐤅𐤋𐤌	H6963	15	0.13		
𐤅𐤉𐤃𐤓𐤅𐤔	H1875	8	0.62		
𐤅𐤀𐤓𐤐𐤊𐤔𐤃	H775	4	0.25		
𐤌𐤅𐤔𐤁𐤅	H4186	16	0.81		
𐤔𐤓𐤅𐤂	H8286	9	0.00		
𐤋𐤄𐤉𐤋𐤇𐤌	H3898	89	0.28		
𐤅𐤋𐤄𐤌𐤉𐤕	H4191	13	0.85		
𐤅𐤋𐤀𐤊𐤅𐤋	H398	5	0.40		
𐤁𐤑𐤅𐤓𐤅𐤕	H6697	12	0.50	H1219	0.8333333333333334
𐤅𐤇𐤅𐤌𐤅𐤕	H2573	3	0.00		
𐤋𐤄𐤕𐤍𐤔𐤀	H5375	3	1.00		
𐤅𐤋𐤄𐤓𐤏	H7451	6	1.00	H7489	0.8333333333333334
𐤋𐤋𐤊𐤅𐤃	H3920	5	0.20		
𐤅𐤋𐤌𐤊𐤅𐤓	H4376	4	0.50		
𐤅𐤔𐤐𐤇𐤅𐤕	H8198	11	0.18		
𐤅𐤁𐤔𐤌	H8034	11	0.82		
𐤐𐤎𐤉𐤋𐤉𐤌	H6459	3	0.00	H6456	0.0
𐤄𐤕𐤀𐤌𐤑	H553	9	0.78		
𐤏𐤋𐤉𐤋𐤅𐤕	H5949	40	0.50		
𐤌𐤌𐤔𐤋𐤕𐤅	H4475	39	0.87	H4474	0.48717948717948717
𐤅𐤐𐤔𐤏	H6588	4	0.25	H6586	0.25
𐤋𐤀𐤋𐤉𐤋𐤉𐤌	H457	7	0.57		
𐤄𐤔𐤔𐤄	H8337	5	0.40		
𐤍𐤇𐤅𐤓	H5152	35	0.23		
𐤏𐤕𐤉𐤃𐤅𐤕	H6264	11	0.18		
𐤕𐤓𐤇	H8646	88	0.18		
𐤏𐤅𐤓𐤁𐤉𐤌	H6148	6	0.17		
𐤍𐤆𐤓𐤏	H2232	3	1.00		
𐤁𐤌𐤇𐤓𐤔𐤄	H2789	3	0.33	H4519	0.3333333333333333
𐤄𐤏𐤅𐤓𐤁𐤉𐤌	H6153	8	0.25		
𐤄𐤓𐤏𐤁	H7458	94	0.50	H7457	0.30851063829787234
𐤁𐤉𐤌𐤉𐤄𐤌	H3117	5	0.80		
𐤏𐤃𐤍𐤄	H5730	13	0.00	H5728	0.38461538461538464
𐤀𐤁𐤓𐤌	H87	267	0.02		
𐤍𐤕𐤏𐤅	H5421	3	0.00		
𐤁𐤔𐤅𐤀	H7723	3	0.67	H7721	0.3333333333333333
𐤄𐤐𐤎𐤉𐤋𐤉𐤌	H6456	4	0.75		
𐤋𐤊𐤕𐤅𐤁	H3789	40	0.60		
𐤄𐤁𐤅𐤓𐤀	H1254	6	0.33		
𐤇𐤁𐤋𐤅	H2256	5	0.80	H2255	0.0
𐤊𐤏𐤍𐤍	H6051	3	0.67		
𐤋𐤒𐤓𐤀𐤕𐤌	H7125	92	0.50	H7122	0.30434782608695654
𐤕𐤓𐤃𐤅	H3381	3	0.33		
𐤅𐤉𐤆𐤓𐤏𐤅	H2232	6	0.33		
𐤀𐤃𐤌𐤕𐤌	H127	18	0.83		
𐤕𐤁𐤅𐤀𐤕𐤌	H8393	3	0.33		
𐤇𐤓𐤔𐤉	H2790	5	0.40	H2796	0.6
𐤄𐤏𐤅𐤔𐤉𐤌	H6213	12	0.83		
𐤄𐤌𐤇𐤓𐤔𐤄	H2789	3	0.67	H4519	0.0
𐤏𐤅𐤁𐤃𐤉𐤌	H5650	26	0.19		
𐤕𐤏𐤁𐤃𐤅	H5647	5	0.60		
𐤅𐤋𐤇𐤓𐤐𐤄	H2781	6	0.83		
𐤕𐤏𐤕𐤅𐤏𐤉𐤌	H8595	9	0.00		
𐤀𐤂𐤋𐤄	H1540	4	1.00		
𐤀𐤐𐤌	H639	32	0.62		
𐤅𐤉𐤃𐤅𐤌	H3027	6	0.17		
𐤄𐤀𐤓𐤁𐤏𐤉𐤌	H705	17	0.53		
𐤄𐤓𐤍	H2039	29	0.34	H1028	0.3448275862068966
𐤅𐤉𐤔𐤓𐤅𐤐	H8313	12	0.50		
𐤅𐤕𐤋𐤄𐤈	H3857	3	0.33		
𐤄𐤋𐤄𐤁𐤄	H3852	24	0.58		
𐤅𐤉𐤔𐤓𐤐	H8313	15	0.33		
𐤅𐤉𐤒𐤁𐤓𐤅	H6912	29	0.10		
𐤌𐤀𐤅𐤓	H218	16	0.12	H216	0.5
𐤇𐤓𐤍	H2771	8	0.50	H1032	0.375
𐤄𐤁𐤅𐤒𐤓	H1241	20	0.30		
𐤅𐤀𐤅𐤕𐤅𐤕	H226	3	0.67		
𐤁𐤌𐤇𐤔𐤁𐤅𐤕	H4284	7	0.86		
𐤉𐤎𐤉𐤓𐤅	H5493	4	0.50		
𐤆𐤓𐤏𐤉	H2220	4	0.25	H2233	1.0
𐤌𐤀𐤇𐤓𐤉𐤊	H310	3	0.67		
𐤄𐤍𐤇𐤄	H3240	5	0.80	H2010	0.0
𐤅𐤋𐤄𐤕𐤐𐤋𐤋	H6419	4	0.00		
𐤅𐤏𐤑𐤅𐤌	H6099	28	0.57		
𐤅𐤀𐤁𐤓𐤊𐤊	H1288	5	0.60		
𐤅𐤋𐤁𐤍𐤉𐤊	H1121	6	1.00		
𐤅𐤔𐤌𐤓𐤕𐤉𐤊	H8104	3	1.00		
𐤅𐤐𐤒𐤇	H6492	3	0.67		
𐤅𐤀𐤇𐤋	H2490	11	0.91		
𐤎𐤐𐤓𐤉	H5608	45	0.44	H5609	0.4666666666666667
𐤋𐤋𐤌𐤅𐤃	H3925	19	0.53		
𐤄𐤌𐤈𐤓	H4306	11	0.45		
𐤌𐤇𐤓𐤍	H2771	10	0.20		
𐤌𐤏𐤂𐤋	H4570	3	0.00		
𐤓𐤅𐤀𐤉𐤊	H7200	4	0.50		
𐤅𐤉𐤏𐤁𐤅𐤓	H5674	34	0.68		
𐤀𐤋𐤅𐤍	H436	5	0.20	H437	0.2
𐤓𐤌	H7311	22	0.55	H7313	0.2727272727272727
𐤅𐤉𐤏𐤕𐤒	H6275	8	0.00		
𐤏𐤑𐤉	H6086	26	0.69		
𐤊𐤅𐤋𐤄	H3605	38	0.79		
𐤇𐤁𐤓𐤅𐤍	H2275	52	0.37		
𐤅𐤉𐤂𐤓	H1481	7	0.71	H5064	0.42857142857142855
𐤅𐤉𐤍𐤂𐤏	H5060	5	0.40		
𐤁𐤍𐤂𐤏𐤉𐤌	H5061	6	0.67		
𐤅𐤀𐤁𐤓𐤌	H87	15	0.00		
𐤁𐤑𐤀𐤍	H6629	3	0.33		
𐤅𐤁𐤂𐤌𐤋𐤉𐤌	H1581	3	0.67		
𐤅𐤁𐤊𐤎𐤐	H3701	8	1.00		
𐤅𐤁𐤆𐤄𐤁	H2091	6	0.50		
𐤄𐤔𐤉𐤁𐤄𐤅	H7725	10	0.90		
𐤅𐤋𐤅𐤈	H3876	5	0.00		
𐤍𐤔𐤁𐤄	H7617	9	0.33	H7725	1.0
𐤅𐤍𐤂𐤁𐤄	H5045	4	0.25		
𐤋𐤌𐤍𐤅𐤕	H4487	10	0.40		
𐤉𐤌𐤍𐤄	H3232	9	0.44	H4487	0.3333333333333333
𐤋𐤀𐤓𐤊𐤄	H753	5	0.80		
𐤅𐤋𐤓𐤇𐤁𐤄	H7341	4	0.50		
𐤋𐤆𐤓𐤏𐤊	H2233	18	0.72		
𐤇𐤁𐤓𐤅𐤍𐤄	H2275	19	0.26		
𐤀𐤋𐤎𐤓	H5493	3	0.33	H495	0.0
𐤏𐤌𐤅𐤓𐤄	H6017	4	0.25		
𐤐𐤑𐤅𐤏𐤉𐤌	H6482	5	0.80		
𐤅𐤉𐤎𐤏𐤅	H5265	38	0.26		
𐤄𐤐𐤋𐤉𐤈	H6412	4	0.50		
𐤋𐤀𐤁𐤓𐤌	H87	19	0.00		
𐤅𐤁𐤒𐤓	H1241	26	0.35	H1242	0.3076923076923077
𐤊𐤄𐤍𐤉𐤅	H3548	3	0.67		
𐤄𐤑𐤋𐤕	H5337	14	0.86		
𐤅𐤄𐤔𐤋𐤋	H7998	3	0.33		
𐤄𐤓𐤉𐤌𐤅𐤕𐤉	H7311	4	0.25		
𐤀𐤔𐤊𐤅𐤋	H812	4	0.25	H811	0.25
𐤅𐤌𐤌𐤓𐤀	H4471	4	0.00		
𐤕𐤕𐤍	H5414	31	0.87		
𐤏𐤓𐤉𐤓𐤉	H6185	5	1.00		
𐤅𐤁𐤍	H1121	27	1.00	H1130	0.6666666666666666
𐤌𐤔𐤒	H8242	3	0.33	H4945	0.3333333333333333
𐤔𐤐𐤇𐤕𐤉	H8198	4	0.00		
𐤀𐤋𐤉𐤏𐤆𐤓	H3270	44	0.25	H413	0.38636363636363635
𐤉𐤅𐤓𐤔	H3423	14	0.93		
𐤄𐤁𐤈	H5027	6	0.83		
𐤅𐤎𐤐𐤅𐤓	H5612	3	0.00		
𐤊𐤅𐤊𐤁𐤉	H3556	9	0.78		
𐤋𐤎𐤐𐤅𐤓	H5608	6	0.50		
𐤅𐤄𐤀𐤌𐤉𐤍	H517	8	0.50		
𐤄𐤅𐤑𐤀𐤕𐤉𐤊	H3318	3	1.00		
𐤄𐤊𐤍𐤏𐤍𐤉	H3669	35	0.26		
𐤋𐤀𐤇𐤅𐤆𐤕	H272	14	0.43		
𐤏𐤂𐤋𐤄	H5699	13	0.23	H5697	0.46153846153846156
𐤌𐤔𐤅𐤋𐤔𐤕	H8027	4	0.50		
𐤁𐤀𐤋𐤅𐤍𐤉	H436	7	0.29		
𐤌𐤌𐤓𐤀	H4471	9	0.00		
𐤅𐤉𐤔𐤇𐤈	H7819	5	0.20		
𐤅𐤉𐤔𐤐𐤅𐤊	H7779	5	0.20		
𐤁𐤕𐤓	H1334	3	0.67	H870	1.0
𐤋𐤍𐤂𐤅𐤏	H5060	4	0.75		
𐤅𐤕𐤐𐤅𐤋	H5307	3	0.67		
𐤇𐤔𐤊𐤄	H2825	8	0.25	H2821	0.375
𐤍𐤅𐤐𐤋𐤕	H5307	8	0.88		
𐤅𐤏𐤉𐤍𐤅	H5869	5	0.20		
𐤁𐤓𐤊𐤅𐤔	H7399	4	0.75		
𐤁𐤔𐤉𐤁𐤄	H7872	6	0.50		
𐤏𐤅𐤅𐤍	H5771	9	0.00		
𐤄𐤀𐤌𐤅𐤓𐤉	H567	67	0.21		
𐤅𐤄𐤔𐤌𐤔	H8121	7	0.71		
𐤄𐤓𐤐𐤀𐤉𐤌	H7497	8	0.50	H7495	0.5
𐤄𐤇𐤅𐤉	H2340	4	0.00		
𐤅𐤍𐤎𐤊𐤉𐤄𐤌	H5262	3	0.00		
𐤅𐤉𐤇𐤃𐤔	H2318	7	0.43		
𐤅𐤋𐤇𐤅𐤒	H2706	3	0.33		
𐤄𐤌𐤑𐤓𐤉𐤕	H4713	6	0.33		
𐤕𐤏𐤔𐤉	H6213	5	0.40		
𐤉𐤔𐤌𐤏𐤀𐤋	H3458	127	0.69		
𐤁𐤉𐤊𐤅𐤓𐤉	H1060	4	0.00		
𐤄𐤕𐤁𐤅𐤀𐤄	H8393	18	0.44		
𐤋𐤏𐤅𐤋𐤄	H5930	27	0.37	H5927	0.7037037037037037
𐤄𐤌𐤅𐤔𐤋	H4910	23	0.83		
𐤅𐤀𐤓𐤁𐤄	H7235	3	1.00		
𐤁𐤌𐤀𐤅𐤃	H3966	11	0.55		
𐤅𐤄𐤒𐤉𐤌𐤅𐤕𐤉	H6965	8	0.62		
𐤋𐤃𐤅𐤓𐤅𐤕𐤌	H1755	5	0.80		
𐤕𐤔𐤌𐤅𐤓	H8104	4	0.75		
𐤅𐤆𐤓𐤏𐤊	H2233	7	0.43	H2220	0.0
𐤉𐤋𐤉𐤃	H3211	11	0.45		
𐤅𐤌𐤒𐤍𐤕	H4736	3	0.67		
𐤄𐤌𐤅𐤋	H4135	3	0.33		
𐤉𐤌𐤅𐤋𐤅	H4135	5	0.60		
𐤄𐤁𐤕	H1323	11	0.82	H1324	0.2727272727272727
𐤕𐤔𐤏𐤉𐤌	H8673	28	0.50		
𐤋𐤉𐤔𐤌𐤏𐤀𐤋	H3458	8	0.62		
𐤁𐤓𐤊𐤕𐤉	H1293	5	0.40	H1288	0.8
𐤅𐤄𐤓𐤁𐤉𐤕𐤉	H7235	7	0.86		
𐤍𐤔𐤉𐤀𐤉𐤌	H5387	4	0.25		
𐤌𐤒𐤍𐤕	H4736	5	0.60		
𐤏𐤓𐤋𐤕𐤌	H6190	8	0.25	H6188	0.25
𐤃𐤕𐤅	H1881	3	1.00		
𐤄𐤇𐤅𐤒𐤄	H2708	10	0.50		
𐤅𐤁𐤇𐤓	H977	18	0.61		
𐤅𐤏𐤑𐤅𐤌𐤉𐤌	H6099	15	0.73		
𐤋𐤉𐤌𐤉𐤍𐤌	H3225	7	0.71		
𐤉𐤇𐤃𐤋𐤅	H2308	20	0.80		
𐤉𐤍𐤉𐤇𐤅	H3240	7	0.71		
𐤋𐤌𐤇𐤅𐤋	H4234	3	0.00		
𐤌𐤔𐤓𐤄	H8269	9	0.89	H4951	0.2222222222222222
𐤃𐤉𐤁𐤓𐤍𐤅	H1696	5	0.80		
𐤍𐤇𐤓𐤕	H5170	5	0.00		
𐤅𐤍𐤊𐤕𐤁	H3789	8	0.25		
𐤅𐤏𐤌𐤅𐤓𐤄	H6017	12	0.00		
𐤅𐤉𐤔𐤓𐤐𐤌	H8313	4	0.50		
𐤁𐤀𐤐	H639	7	0.57		
𐤅𐤁𐤍𐤅𐤕𐤉𐤅	H1323	4	1.00		
𐤁𐤋𐤅𐤇𐤅𐤕	H3871	5	0.60		
𐤄𐤔𐤀𐤉𐤓	H7604	96	0.77		
𐤄𐤐𐤒𐤅𐤃𐤄	H6486	10	0.70		
𐤌𐤇𐤁𐤓𐤅𐤍	H2275	8	0.38		
𐤁𐤄𐤓𐤉	H2022	6	0.67		
𐤂𐤓𐤓	H1642	11	0.36		
𐤅𐤁𐤇𐤑𐤉	H2677	3	0.33		
𐤁𐤁𐤀𐤓	H884	12	0.17		
𐤋𐤔𐤓𐤄	H8283	9	0.11		
𐤏𐤅𐤁𐤃𐤉	H5650	5	0.20		
𐤎𐤂𐤅𐤋𐤄	H5459	6	0.50		
𐤋𐤌𐤌𐤋𐤊𐤄	H4428	6	0.33	H4467	0.5
𐤌𐤂𐤅𐤓𐤉𐤅	H4033	4	0.25		
𐤎𐤅𐤊𐤅𐤕	H5521	7	0.43		
𐤅𐤋𐤏𐤁𐤃𐤉𐤅	H5650	4	0.25		
𐤐𐤓𐤉𐤌	H6499	22	0.55	H6529	0.6363636363636364
𐤔𐤏𐤉𐤓𐤉	H8163	5	0.60		
𐤀𐤉𐤋𐤉𐤌	H352	21	0.57	H879	0.14285714285714285
𐤏𐤂𐤋𐤉𐤌	H5695	5	0.40	H5882	0.4
𐤅𐤌𐤅𐤓	H4753	3	0.00		
𐤔𐤇𐤅𐤒	H7814	7	0.29	H7832	0.7142857142857143
𐤁𐤅𐤓𐤀𐤅	H1254	3	0.33		
𐤄𐤎𐤅𐤊𐤅𐤕	H5521	12	0.58		
𐤄𐤉𐤌𐤉𐤍	H3225	11	0.73	H3117	0.7272727272727273
𐤁𐤎𐤅𐤊𐤅𐤕	H5521	5	0.20		
𐤏𐤈𐤓𐤅𐤕	H5852	6	0.17	H5854	0.3333333333333333
𐤏𐤍𐤐	H6057	3	0.33		
𐤏𐤓𐤁𐤄	H6160	13	0.31	H6161	0.46153846153846156
𐤏𐤁𐤅𐤕	H5645	4	0.50	H5688	0.5
𐤅𐤁𐤁𐤅𐤒𐤓	H951	10	0.10		
𐤅𐤄𐤅𐤃𐤄	H1936	6	0.33		
𐤋𐤀𐤋𐤅𐤄𐤉𐤅	H433	4	0.00		
𐤅𐤉𐤔𐤌𐤏𐤀𐤋	H3458	19	0.42		
𐤅𐤕𐤒𐤍𐤀	H7065	5	0.00		
𐤁𐤉𐤔𐤌𐤏𐤀𐤋	H3458	3	0.33		
𐤌𐤌𐤔𐤐𐤇𐤕𐤊	H8198	4	0.25		
𐤅𐤇𐤌𐤕	H2573	9	0.11	H2534	0.4444444444444444
𐤅𐤉𐤔𐤋𐤇𐤄	H7971	5	0.80		
𐤊𐤌𐤈𐤇𐤅𐤉	H2909	3	0.33		
𐤔𐤀𐤉	H5375	5	1.00	H7722	0.0
𐤒𐤅𐤋𐤊	H6963	5	0.40		
𐤏𐤉𐤍𐤉𐤄	H5869	8	0.88		
𐤐𐤀𐤓𐤍	H6290	13	0.00	H364	0.0
𐤓𐤅𐤁𐤄	H7227	3	0.33		
𐤍𐤁𐤉𐤅𐤕	H5032	8	0.25		
𐤀𐤅𐤄𐤁	H157	79	0.75		
𐤀𐤌𐤅𐤓	H559	10	0.60		
𐤅𐤀𐤋𐤅𐤄𐤉𐤌	H433	3	0.00		
𐤄𐤐𐤂𐤏𐤉𐤌	H6293	8	0.62		
𐤍𐤉𐤎𐤄	H5254	3	0.00		
𐤁𐤏𐤅𐤔𐤓	H6224	7	0.43		
𐤅𐤄𐤏𐤋𐤄𐤅	H5927	3	1.00		
𐤅𐤉𐤇𐤁𐤅𐤔	H2280	3	0.00		
𐤍𐤏𐤓𐤉𐤅	H5288	7	0.43		
𐤁𐤔𐤋𐤅𐤔𐤄	H7969	4	0.25		
𐤄𐤀𐤕𐤅𐤍	H860	3	1.00		
𐤅𐤄𐤉𐤋𐤃	H3206	3	1.00		
𐤄𐤌𐤀𐤊𐤋𐤕	H3979	7	0.43		
𐤋𐤔𐤇𐤅𐤈	H7819	14	0.86		
𐤉𐤏𐤔	H6213	3	1.00		
𐤕𐤔𐤋𐤇	H7971	6	1.00		
𐤕𐤏𐤔	H6213	5	0.40		
𐤇𐤔𐤊𐤕	H2820	6	0.33	H2824	0.16666666666666666
𐤁𐤊𐤅𐤓𐤊	H1060	5	0.20		
𐤅𐤊𐤋𐤉𐤌𐤄	H3639	4	0.25		
𐤊𐤎𐤕𐤄	H3680	7	0.57		
𐤀𐤉𐤋	H352	13	0.54	H354	0.07692307692307693
𐤍𐤀𐤇𐤆	H270	5	0.80		
𐤁𐤒𐤓𐤍𐤉𐤅	H7161	4	0.25		
𐤁𐤓𐤀𐤔𐤉	H7218	11	0.91		
𐤅𐤉𐤉𐤓𐤔	H3423	7	0.57		
𐤀𐤅𐤉𐤁𐤉𐤅	H341	69	0.28		
𐤄𐤔𐤍𐤉𐤉𐤌	H8141	3	1.00		
𐤁𐤇𐤁𐤓𐤅𐤍	H2275	38	0.47		
𐤇𐤕	H2845	26	0.00	H2865	0.2692307692307692
𐤋𐤒𐤁𐤅𐤓	H6912	22	0.18		
𐤄𐤌𐤊𐤐𐤋𐤄	H4375	19	0.16		
𐤁𐤀𐤓𐤁𐤏𐤉𐤌	H705	6	0.83		
𐤔𐤒𐤋	H8255	35	0.57	H8254	0.6571428571428571
𐤍𐤉𐤕𐤍	H5414	24	0.88		
𐤇𐤉𐤍𐤌	H2600	10	0.30		
𐤐𐤏𐤌𐤉𐤉𐤌	H6471	7	0.57		
𐤁𐤌𐤏𐤓𐤕	H4631	13	0.23		
𐤍𐤅𐤎𐤄	H5254	3	0.00		
𐤁𐤉𐤒𐤔	H1245	10	0.40		
𐤓𐤁𐤒𐤄	H7259	68	0.37		
𐤁𐤕𐤅𐤀𐤋	H1328	17	0.41		
𐤒𐤈𐤅𐤓𐤄	H6989	10	0.20	H6988	0.0
𐤌𐤉𐤋𐤉𐤃𐤉	H3206	8	0.75		
𐤆𐤌𐤓𐤍	H2175	5	0.20		
𐤀𐤅𐤄𐤋𐤉𐤌	H168	3	0.00		
𐤑𐤉𐤃	H6718	22	0.41	H6720	0.18181818181818182
𐤁𐤉𐤏𐤒𐤁	H3290	9	0.11		
𐤋𐤓𐤁𐤒𐤄	H7259	7	0.43		
𐤀𐤅𐤄𐤁𐤕	H157	3	1.00		
𐤌𐤏𐤔𐤅	H4639	5	0.20		
𐤕𐤇𐤕𐤉	H8478	4	0.50		
𐤉𐤁𐤇𐤓	H977	17	0.47	H2984	0.058823529411764705
𐤄𐤓𐤅𐤀𐤅𐤕	H7200	4	0.50		
𐤁𐤁𐤍𐤊	H1121	3	1.00		
𐤄𐤁𐤓𐤊𐤅𐤕	H1293	13	0.85		
𐤅𐤇𐤍𐤅𐤊	H2585	11	0.00		
𐤅𐤌𐤄𐤋𐤋𐤀𐤋	H4111	3	0.00		
𐤅𐤔𐤕	H8352	4	0.75		
𐤅𐤉𐤔𐤒	H5401	13	0.00	H8248	0.0
𐤉𐤒𐤉𐤓𐤉	H3357	5	0.00		
𐤉𐤁𐤓𐤊𐤊	H1288	6	0.33		
𐤓𐤒𐤉𐤏	H7549	6	0.33		
𐤕𐤁𐤅𐤀𐤕𐤄	H8393	5	0.80	H935	0.6
𐤅𐤁𐤆𐤓𐤏𐤊	H2233	4	0.75	H2220	0.25
𐤀𐤋𐤅𐤄𐤉𐤊	H430	3	0.33		
𐤋𐤀𐤋𐤅𐤄𐤉𐤌	H430	10	0.40		
𐤁𐤊𐤅𐤓𐤅	H1060	17	0.41		
𐤅𐤕𐤀𐤄𐤁	H157	4	0.25		
𐤋𐤁𐤁𐤄	H3824	6	0.50	H3825	0.16666666666666666
𐤌𐤋𐤇𐤌𐤕𐤌	H4421	25	0.56		
𐤅𐤋𐤌𐤅𐤋	H4136	3	0.67		
𐤉𐤌𐤉𐤍	H3225	27	0.59	H3117	0.7037037037037037
𐤅𐤔𐤌𐤀𐤋	H8040	14	0.36		
𐤅𐤋𐤄𐤔𐤌𐤓	H8104	3	0.67		
𐤅𐤋𐤄𐤓𐤇𐤉𐤒	H7368	4	0.50		
𐤈𐤅𐤌𐤀𐤄	H2931	9	0.56		
𐤉𐤊𐤓𐤕	H3772	12	0.17		
𐤍𐤔𐤐𐤈𐤅	H8199	4	1.00		
𐤌𐤑𐤅𐤅𐤕𐤉𐤅	H4682	12	0.17		
𐤀𐤋𐤉𐤋𐤉𐤄𐤌	H457	5	0.60		
𐤄𐤁𐤅𐤈𐤇𐤉𐤌	H982	5	0.80		
𐤉𐤁𐤅𐤔𐤅	H954	7	0.57		
𐤁𐤈𐤇𐤅	H982	29	0.41		
𐤀𐤓𐤑𐤊	H776	9	0.56		
𐤑𐤀𐤍𐤊	H6629	3	0.33		
𐤏𐤓𐤁𐤉𐤌	H6148	10	0.30	H6163	0.6
𐤅𐤉𐤑𐤅𐤅𐤄𐤅	H6680	7	0.57		
𐤆𐤊𐤓𐤕𐤉	H2142	5	0.60		
𐤅𐤁𐤒𐤔𐤕𐤉	H7198	3	0.00	H1246	0.3333333333333333
𐤐𐤅𐤒𐤃	H6485	7	0.71		
𐤄𐤏𐤅𐤁𐤓𐤉𐤌	H5680	12	0.08		
𐤇𐤅𐤒𐤕𐤅	H2708	3	1.00		
𐤅𐤌𐤔𐤐𐤈𐤅	H4941	5	0.60		
𐤔𐤐𐤅𐤊	H8210	4	0.50		
𐤎𐤅𐤋𐤕	H5560	7	0.71		
𐤍𐤎𐤊𐤉𐤌	H5262	4	0.50		
𐤄𐤊𐤋𐤉𐤅𐤕	H3629	6	0.67		
𐤌𐤍𐤇𐤕𐤌	H4503	3	0.67		
𐤒𐤓𐤁𐤍𐤅	H7133	5	1.00		
𐤐𐤉𐤂𐤅𐤋	H6292	5	0.40		
𐤕𐤔𐤁𐤉𐤕	H7673	3	0.67		
𐤌𐤒𐤇𐤕	H3947	3	0.33		
𐤔𐤒𐤌𐤄	H6965	3	0.67		
𐤊𐤅𐤐𐤓	H3724	5	0.60		
𐤅𐤀𐤋𐤅𐤍	H356	4	0.75	H437	0.25
𐤕𐤏𐤓𐤅𐤊	H8593	3	0.00		
𐤓𐤒𐤁	H7538	6	0.00		
𐤃𐤔𐤍	H1880	6	0.50	H1878	0.6666666666666666
𐤓𐤉𐤇𐤅	H7381	3	0.00		
𐤈𐤏𐤌𐤅	H2940	9	0.56	H2938	0.2222222222222222
𐤌𐤔𐤋𐤇	H7971	8	0.50	H4916	0.625
𐤁𐤔𐤓𐤊	H1320	6	0.67		
𐤅𐤓𐤂𐤋𐤉𐤌	H7272	21	0.90		
𐤕𐤒𐤓𐤁	H7126	6	0.33	H7127	0.16666666666666666
𐤒𐤁𐤅𐤓	H6912	8	0.25		
𐤕𐤒𐤇	H3947	14	0.43		
𐤉𐤍𐤒𐤄	H5352	11	0.27		
𐤌𐤏𐤋𐤋𐤉	H4611	8	0.50		
𐤅𐤄𐤍𐤌	H2005	7	0.14	H2009	0.14285714285714285
𐤕𐤇𐤈𐤀	H2398	4	0.25		
𐤉𐤎𐤕𐤉𐤓	H5641	4	0.25		
𐤅𐤄𐤊𐤓𐤉𐤕	H3772	3	0.33		
𐤉𐤌𐤇𐤄	H4229	7	0.71		
𐤅𐤄𐤉𐤔𐤓	H3477	7	0.57		
𐤌𐤁𐤀𐤓	H884	13	0.15	H877	0.0
𐤌𐤒𐤍𐤄𐤅	H4735	10	0.30		
𐤅𐤉𐤆𐤁𐤇	H2076	16	0.81		
𐤅𐤓𐤁𐤒𐤄	H7259	11	0.45		
𐤏𐤅𐤂𐤅𐤕	H5692	4	0.50		
𐤔𐤅𐤍𐤀	H8130	27	0.48		
𐤂𐤁𐤓𐤄	H1369	30	0.67		
𐤉𐤏𐤁𐤃𐤅𐤊	H5647	3	0.67		
𐤂𐤁𐤉𐤓	H1376	5	0.00		
𐤅𐤃𐤓𐤊𐤉	H1869	5	0.00		
𐤍𐤔𐤅𐤀	H5375	11	0.91		
𐤁𐤔𐤂𐤂𐤄	H7684	4	0.50	H7683	0.75
𐤕𐤆𐤊𐤅𐤓	H2142	4	0.75		
𐤅𐤔𐤌𐤅𐤓	H8104	6	0.50		
𐤌𐤏𐤔𐤌	H4639	5	0.80		
𐤅𐤕𐤅𐤏𐤁𐤄	H8441	6	0.33		
𐤆𐤁𐤇𐤉𐤄𐤌	H2077	9	0.67		
𐤉𐤆𐤁𐤇𐤅	H2076	5	0.80		
𐤅𐤀𐤋𐤅𐤄𐤉	H433	6	0.00		
𐤄𐤐𐤋𐤉𐤈𐤄	H6413	4	0.00		
𐤄𐤅𐤋𐤊𐤉	H1980	7	0.71		
𐤍𐤊𐤓𐤕𐤄	H3772	10	0.60		
𐤂𐤉𐤀	H1516	9	0.89		
𐤍𐤊𐤇𐤃𐤅	H3582	3	0.33		
𐤍𐤑𐤇𐤉𐤌	H5331	14	0.71		
𐤋𐤑𐤅𐤅𐤕	H6680	21	0.43		
𐤅𐤉𐤔𐤊𐤁𐤅	H7901	4	0.00		
𐤅𐤁𐤋𐤁𐤅	H3820	6	0.67		
𐤄𐤅𐤑𐤀𐤕	H3318	12	0.75		
𐤅𐤋𐤄𐤒𐤉𐤌	H6965	18	0.72		
𐤋𐤀𐤅𐤓𐤊	H216	10	0.80		
𐤕𐤏𐤆𐤁𐤄𐤅	H5800	4	0.25		
𐤐𐤕𐤅𐤇𐤅𐤕	H6605	4	0.75		
𐤍𐤇𐤋𐤕𐤊	H5159	6	0.00		
𐤅𐤇𐤃𐤔	H2320	6	0.50		
𐤁𐤓𐤉𐤕𐤊	H1285	7	0.14		
𐤀𐤑𐤁𐤏𐤅𐤕	H676	9	0.78		
𐤋𐤀𐤋𐤅𐤄𐤉	H428	3	0.33		
𐤅𐤉𐤐𐤔𐤅𐤈	H6584	4	0.00		
𐤔𐤅𐤊𐤁	H7901	14	0.57		
𐤊𐤒𐤓𐤇	H7141	3	0.00		
𐤅𐤉𐤕𐤌𐤅	H8552	4	0.50		
𐤔𐤋𐤅𐤔𐤄	H7969	51	0.37		
𐤌𐤌𐤎𐤐𐤓	H4557	13	0.77		
𐤕𐤔𐤏𐤕	H8672	8	0.62		
𐤄𐤑𐤓𐤅𐤕	H6869	35	0.40		
𐤆𐤒𐤍𐤕𐤌	H2204	4	0.75		
𐤇𐤊𐤌𐤕𐤌	H2451	9	0.56		
𐤄𐤀𐤓𐤉𐤊	H748	8	0.12		
𐤌𐤓𐤁𐤉𐤕	H4768	5	0.40		
𐤌𐤊𐤀𐤅𐤁𐤉𐤌	H4341	5	0.60		
𐤅𐤏𐤌𐤋	H5999	3	1.00	H6000	0.0
𐤌𐤇𐤋𐤄	H4244	19	0.21	H2470	0.6842105263157895
𐤁𐤈𐤍	H990	5	0.40	H991	0.2
𐤅𐤒𐤓𐤇	H7140	5	0.00	H7141	0.8
𐤅𐤔𐤋𐤂	H7950	3	0.67		
𐤏𐤅𐤍𐤔	H6064	36	0.92		
𐤄𐤀𐤓𐤉𐤊𐤅	H748	6	0.17		
𐤅𐤇𐤉𐤅	H2421	5	0.60		
𐤏𐤅𐤔𐤉𐤌	H6213	51	0.90		
𐤕𐤅𐤓𐤕𐤅	H8451	9	0.33		
𐤔𐤌𐤀𐤋	H413	4	0.75	H8040	0.75
𐤅𐤉𐤌𐤉𐤍	H3226	6	0.50	H3225	0.3333333333333333
𐤉𐤓𐤏𐤅	H7462	6	0.67	H7489	0.8333333333333334
𐤉𐤎𐤅𐤐𐤅	H5486	6	1.00		
𐤌𐤓𐤏𐤕	H7451	7	0.86		
𐤅𐤍𐤋𐤇𐤌𐤅	H3898	16	0.69		
𐤁𐤓𐤏𐤄𐤅	H7453	29	0.79		
𐤄𐤇𐤅𐤃𐤔𐤉𐤌	H2320	3	0.33		
𐤌𐤓𐤏𐤕𐤌	H7451	3	0.67		
𐤄𐤅𐤍	H1952	19	0.47		
𐤋𐤇𐤓𐤁	H2719	7	0.57	H2721	0.14285714285714285
𐤅𐤏𐤅𐤓𐤓	H5782	4	0.00		
𐤉𐤇𐤅𐤎𐤅	H2347	11	0.45		
𐤔𐤏𐤓𐤌	H8184	4	0.00		
𐤌𐤔𐤉𐤁𐤄	H4878	4	0.50		
𐤅𐤉𐤋𐤃	H3206	4	0.50	H3205	0.25
𐤅𐤒𐤅𐤌𐤕𐤌	H6967	3	0.00		
𐤋𐤏𐤆𐤅𐤁	H5800	53	0.51		
𐤅𐤋𐤃𐤓𐤅𐤔	H1875	12	0.42		
𐤄𐤌𐤑𐤅𐤅𐤕	H4682	36	0.50		
𐤅𐤌𐤉𐤅𐤌	H3117	9	0.89		
𐤉𐤒𐤓𐤁𐤅	H7126	6	0.33		
𐤅𐤉𐤁𐤋𐤅	H1086	3	0.00		
𐤌𐤔𐤇𐤉𐤕	H7843	12	0.25	H4889	0.16666666666666666
𐤉𐤓𐤐𐤀	H7495	5	0.80		
𐤅𐤇𐤆𐤅	H2372	3	0.67		
𐤔𐤋𐤅𐤕	H7997	3	0.00	H7962	0.3333333333333333
𐤅𐤓𐤃𐤐𐤅	H7291	9	0.78		
𐤁𐤀𐤅𐤉𐤁𐤉𐤄𐤌	H341	17	0.18		
𐤅𐤏𐤑𐤌𐤅𐤕𐤉𐤄𐤌	H6106	3	0.00		
𐤅𐤓𐤅𐤇𐤌	H7307	7	0.86		
𐤉𐤔𐤉𐤔	H7797	7	0.43	H3453	0.14285714285714285
𐤏𐤅𐤔𐤄	H6213	57	0.86		
𐤅𐤏𐤅𐤔𐤄	H6213	8	0.75		
𐤀𐤅𐤄𐤁𐤉𐤅	H157	6	0.50		
𐤍𐤆𐤊𐤓	H2142	6	0.83		
𐤄𐤍𐤆𐤉𐤃	H5138	4	0.50		
𐤁𐤊𐤅𐤓𐤄	H1063	3	0.00	H1061	0.0
𐤋𐤏𐤔𐤅	H6215	20	0.50		
𐤄𐤁𐤊𐤅𐤓𐤄	H1067	22	0.09		
𐤀𐤃𐤅𐤌	H123	133	0.47	H5654	0.2932330827067669
𐤉𐤕𐤓𐤅	H3503	8	0.38	H3499	0.25
𐤐𐤋𐤔𐤕𐤉𐤌	H6430	40	0.20		
𐤂𐤓𐤓𐤄	H1642	8	0.25		
𐤀𐤁𐤉𐤌𐤋𐤊	H40	80	0.24		
𐤅𐤁𐤓𐤉𐤕	H1285	11	0.82		
𐤁𐤂𐤓𐤓	H1642	6	0.17		
𐤄𐤍𐤅𐤂𐤏	H5060	10	0.80		
𐤑𐤀𐤍	H6629	51	0.51		
𐤅𐤂𐤌𐤋𐤉𐤌	H1581	10	0.40		
𐤅𐤏𐤁𐤅𐤃𐤄	H5656	5	0.00		
𐤄𐤁𐤀𐤓𐤅𐤕	H884	4	0.25		
𐤇𐤐𐤓𐤅	H2658	8	0.12	H2659	0.0
𐤏𐤑𐤌𐤕	H6105	12	0.67	H6109	0.3333333333333333
𐤅𐤉𐤇𐤐𐤓𐤅	H2659	7	0.00	H2658	0.0
𐤁𐤍𐤇𐤋	H5158	9	0.33		
𐤏𐤔𐤒	H6231	7	0.43	H6233	0.2857142857142857
𐤓𐤇𐤅𐤁𐤅𐤕	H7342	8	0.50		
𐤄𐤓𐤇𐤉𐤁	H7337	8	0.12		
𐤋𐤐𐤋𐤔𐤕𐤉𐤌	H6430	10	0.80		
𐤋𐤀𐤁𐤉𐤌𐤋𐤊	H40	4	0.25		
𐤑𐤁𐤀𐤅	H6635	166	0.90	H6633	0.8373493975903614
𐤄𐤐𐤋𐤔𐤕𐤉𐤌	H6430	87	0.94		
𐤉𐤕𐤍𐤌	H5414	3	0.67		
𐤋𐤋𐤏𐤂	H3933	3	0.33		
𐤄𐤀𐤅𐤉𐤁𐤉𐤌	H341	365	0.63		
𐤉𐤊𐤓𐤉𐤕	H3772	4	0.50		
𐤀𐤅𐤉𐤁𐤉𐤌	H341	30	0.27		
𐤅𐤐𐤋𐤉𐤈	H6412	3	0.00		
𐤅𐤄𐤊𐤓𐤕	H3772	4	0.75		
𐤏𐤅𐤆𐤅	H5797	4	0.75		
𐤉𐤎𐤕𐤓	H5641	8	0.25		
𐤉𐤏𐤍𐤔	H6064	21	0.67		
𐤄𐤀𐤅𐤓𐤁𐤉𐤌	H693	3	0.00		
𐤒𐤓𐤀𐤄	H7121	17	0.59		
𐤅𐤕𐤄𐤉𐤉𐤍	H1961	3	0.33		
𐤅𐤁𐤍𐤉𐤊	H1121	10	0.70		
𐤒𐤓𐤁𐤕𐤉	H7126	8	0.62		
𐤀𐤆𐤊𐤅𐤓	H2142	3	0.67		
𐤒𐤇𐤕	H3947	7	0.57		
𐤄𐤊𐤉𐤍𐤅𐤕𐤉	H3559	5	0.80		
𐤑𐤅𐤅𐤄	H6680	7	0.43		
𐤁𐤏𐤅𐤋	H5766	7	0.43		
𐤅𐤋𐤌𐤓𐤅𐤕	H4784	5	0.80		
𐤌𐤔𐤕𐤉	H8147	25	0.92	H4185	0.76
𐤍𐤔𐤉	H802	47	0.34	H5389	0.2127659574468085
𐤕𐤉𐤓𐤀𐤉	H3372	8	0.38		
𐤐𐤉𐤄	H6310	19	0.79	H3304	0.0
𐤉𐤃𐤉𐤄	H3027	9	0.78	H3042	0.0
𐤅𐤀𐤅𐤕𐤊	H853	4	0.75		
𐤇𐤉𐤉𐤊	H2416	12	0.92		
𐤋𐤌𐤎𐤐𐤓	H4557	11	0.64		
𐤅𐤉𐤐𐤓𐤅	H6509	13	0.15	H6565	0.38461538461538464
𐤅𐤉𐤓𐤁𐤅	H7235	26	0.73		
𐤌𐤇𐤅𐤋	H2344	3	0.00	H4235	0.0
𐤅𐤋𐤆𐤓𐤏	H2233	3	0.00		
𐤇𐤉𐤉𐤄	H2416	15	0.87		
𐤒𐤓𐤁𐤉	H7130	4	0.75		
𐤅𐤐𐤓𐤑𐤕	H6555	4	0.25		
𐤉𐤏𐤌𐤅𐤃	H5975	20	0.75		
𐤉𐤔𐤊𐤅𐤍	H7931	7	0.29		
𐤌𐤒𐤃𐤔𐤅	H4720	5	0.20	H6942	0.4
𐤊𐤋𐤁	H3612	15	0.20	H3611	0.5333333333333333
𐤅𐤕𐤊𐤋	H3615	6	0.33		
𐤊𐤋𐤉𐤊	H3627	3	0.67		
𐤌𐤈𐤏𐤌𐤉𐤌	H4303	22	0.23		
𐤅𐤄𐤁𐤉𐤀𐤌	H935	3	1.00		
𐤅𐤀𐤅𐤊𐤋𐤄	H398	3	0.67		
𐤅𐤍𐤐𐤔𐤉	H5315	8	1.00		
𐤔𐤅𐤌𐤏𐤕	H8085	4	1.00		
𐤅𐤋𐤕𐤐𐤅𐤔	H8610	5	0.80		
𐤅𐤄𐤁𐤉𐤀𐤄	H935	4	1.00		
𐤂𐤃𐤉𐤉	H1423	7	0.14		
𐤋𐤀𐤁𐤉𐤊	H1	10	0.50		
𐤀𐤌𐤍𐤏	H4513	5	0.40		
𐤉𐤊𐤉𐤓	H5234	8	0.62		
𐤅𐤏𐤔𐤉𐤕𐤉	H6213	9	0.56		
𐤅𐤄𐤁𐤀𐤕𐤉	H935	4	1.00		
𐤒𐤋𐤋𐤄	H7045	9	0.00		
𐤄𐤇𐤌𐤅𐤃𐤅𐤕	H2532	5	0.20		
𐤅𐤕𐤋𐤁𐤔	H3847	8	0.12		
𐤀𐤑𐤋𐤄	H681	14	0.29	H6740	0.0
𐤏𐤅𐤓𐤅𐤕	H5787	5	0.20		
𐤄𐤏𐤆𐤉𐤌	H5795	3	0.00		
𐤄𐤌𐤈𐤏𐤌𐤉𐤌	H4303	13	0.00		
𐤅𐤔𐤁𐤄	H7725	7	1.00	H7617	0.42857142857142855
𐤌𐤑𐤉𐤃𐤉	H6718	3	0.00		
𐤕𐤁𐤓𐤊𐤍𐤉	H1288	3	0.67		
𐤌𐤄𐤓𐤕	H4116	7	0.71		
𐤄𐤒𐤓𐤄	H7136	5	1.00	H6979	0.2
𐤍𐤎𐤁𐤄	H5252	3	0.00	H5437	0.3333333333333333
𐤊𐤉𐤃	H3027	8	0.50	H3589	0.125
𐤄𐤂𐤉𐤔𐤄	H5066	3	1.00		
𐤅𐤓𐤅𐤁	H7378	3	0.33		
𐤃𐤂𐤍	H1715	9	0.67	H1016	0.3333333333333333
𐤅𐤉𐤑𐤄𐤓	H3323	4	0.25	H3324	0.25
𐤌𐤑𐤉𐤃𐤅	H6718	6	0.50		
𐤇𐤓𐤃𐤄	H2731	14	0.57	H2729	0.7142857142857143
𐤑𐤃	H6654	21	0.52	H6655	0.9047619047619048
𐤅𐤕𐤐𐤔	H8610	15	0.33		
𐤅𐤀𐤅𐤊𐤋	H3201	6	0.17		
𐤁𐤓𐤊𐤍𐤉	H1288	3	0.67		
𐤁𐤊𐤅𐤓𐤕𐤉	H1062	4	0.50		
𐤌𐤔𐤌𐤍𐤉	H4480	3	0.33	H4924	0.6666666666666666
𐤕𐤏𐤁𐤅𐤃	H5647	7	0.29		
𐤏𐤅𐤋𐤅	H5766	7	0.14		
𐤑𐤅𐤀𐤓𐤊	H6677	3	0.00	H6676	0.0
𐤅𐤉𐤒𐤑𐤅𐤐	H7107	13	0.08		
𐤄𐤒𐤈𐤅𐤍	H6996	3	0.00		
𐤅𐤁𐤓𐤇	H1272	19	0.79		
𐤅𐤀𐤂𐤉𐤃𐤄	H5046	7	0.71		
𐤋𐤅𐤒𐤇	H3947	13	0.46		
𐤐𐤃𐤍𐤄	H6307	9	0.22		
𐤋𐤒𐤄𐤋	H6951	3	0.33		
𐤁𐤓𐤊𐤅𐤕	H1293	12	0.67	H1295	0.3333333333333333
𐤁𐤍𐤎𐤅𐤏	H5265	3	0.00		
𐤅𐤁𐤔𐤋𐤅𐤌	H7965	8	0.88		
𐤉𐤑𐤋𐤉𐤇	H6743	23	0.61		
𐤇𐤓𐤍𐤄	H2771	13	0.38		
𐤀𐤁𐤍𐤉	H68	32	0.22		
𐤅𐤉𐤇𐤋𐤅𐤌	H2492	7	0.14		
𐤌𐤂𐤉𐤏	H5060	15	0.80		
𐤏𐤅𐤋𐤉𐤌	H5769	17	0.65	H5927	0.8823529411764706
𐤅𐤉𐤅𐤓𐤃𐤉𐤌	H3381	4	0.75		
𐤍𐤉𐤑𐤁	H5333	3	0.33		
𐤅𐤑𐤐𐤅𐤍𐤄	H6828	3	0.33		
𐤀𐤓𐤑𐤅𐤕	H776	26	0.77		
𐤌𐤓𐤅𐤌	H4791	22	0.50	H4792	0.0
𐤌𐤑𐤁𐤄	H4676	7	0.43	H6678	0.0
𐤋𐤅𐤆	H3870	5	0.60	H3869	0.0
𐤅𐤔𐤁𐤕𐤉	H7725	9	0.67	H3427	0.5555555555555556
𐤁𐤓𐤇𐤋	H7354	7	0.29		
𐤁𐤍𐤅𐤕𐤉𐤅	H1323	16	0.31		
𐤋𐤀𐤄	H3812	48	0.23		
𐤆𐤋𐤐𐤄	H2153	8	0.00		
𐤔𐤐𐤇𐤕𐤅	H8198	5	0.20		
𐤁𐤋𐤀𐤄	H3812	3	0.00		
𐤋𐤃𐤓𐤊𐤉	H1870	6	0.50		
𐤓𐤊𐤅𐤕	H7390	8	0.00		
𐤕𐤅𐤀𐤓	H8389	35	0.40		
𐤁𐤀𐤓𐤑𐤍𐤅	H776	14	0.79		
𐤄𐤑𐤏𐤉𐤓𐤄	H6810	8	0.38		
𐤄𐤁𐤊𐤉𐤓𐤄	H1067	7	0.29		
𐤄𐤌𐤔𐤕𐤄	H4960	40	0.78		
𐤋𐤋𐤀𐤄	H3812	4	0.25		
𐤉𐤏𐤁𐤅𐤃	H5650	3	0.33		
𐤋𐤓𐤇𐤋	H7354	4	0.25		
𐤁𐤋𐤄𐤄	H1090	19	0.53	H1091	0.10526315789473684
𐤋𐤔𐤐𐤇𐤄	H8198	8	0.50		
𐤅𐤓𐤇𐤌	H7355	11	0.45	H7356	0.45454545454545453
𐤔𐤍𐤅𐤀𐤄	H8130	4	0.25		
𐤅𐤓𐤇𐤋	H7354	7	0.14		
𐤀𐤄𐤅𐤁𐤄	H157	3	0.67		
𐤓𐤁𐤉𐤏𐤉	H7243	5	0.40	H7244	0.4
𐤁𐤇𐤌𐤉𐤔𐤄	H2568	5	0.20		
𐤌𐤍𐤏𐤕𐤉	H4513	6	0.17		
𐤁𐤇𐤌𐤉𐤔𐤉	H2549	4	0.75		
𐤌𐤋𐤃𐤕	H3205	3	1.00		
𐤔𐤐𐤇𐤕𐤄	H8198	9	0.22		
𐤏𐤔𐤕𐤉	H6249	6	0.50	H6213	0.8333333333333334
𐤆𐤁𐤅𐤋𐤅𐤍	H2082	9	0.00		
𐤁𐤔𐤁𐤉𐤏𐤉	H7637	7	0.71		
𐤔𐤊𐤓𐤊	H7939	11	0.27		
𐤅𐤉𐤐𐤓𐤅𐤑	H6555	10	0.10		
𐤅𐤇𐤌𐤅𐤓𐤉𐤌	H2543	6	0.00		
𐤅𐤉𐤕𐤍𐤊𐤋	H5230	6	0.00		
𐤋𐤂𐤆𐤅𐤆	H1494	4	0.75		
𐤀𐤉𐤕𐤊	H854	13	0.38		
𐤍𐤔𐤉𐤅	H802	33	0.67		
𐤄𐤂𐤋𐤏𐤃	H1568	31	0.77		
𐤄𐤎𐤕𐤉𐤓	H5641	10	0.60		
𐤌𐤇𐤔𐤁𐤕𐤅	H4284	22	0.73		
𐤌𐤋𐤁𐤍	H1121	5	1.00	H4404	0.0
𐤂𐤋𐤏𐤃𐤄	H1568	4	0.50		
𐤅𐤉𐤓𐤃𐤅𐤐	H7291	16	0.44		
𐤅𐤁𐤇𐤌𐤉𐤔𐤄	H2568	3	0.00		
𐤅𐤋𐤁𐤍	H3837	10	0.40	H1121	1.0
𐤂𐤋	H1530	4	0.00	H1540	0.75
𐤂𐤋𐤏𐤃	H1568	17	0.53	H1567	0.17647058823529413
𐤅𐤉𐤅𐤋𐤃𐤅	H3205	15	0.93		
𐤄𐤏𐤍𐤒𐤉𐤌	H6062	5	0.00		
𐤔𐤌𐤅𐤍𐤄	H8083	76	0.67		
𐤇𐤓𐤌𐤅𐤍	H2768	5	0.00	H1179	0.2
𐤋𐤀𐤓𐤌	H758	11	0.82		
𐤔𐤀𐤍	H1052	18	0.22		
𐤅𐤇𐤋𐤁	H2461	5	0.20	H2459	0.4
𐤄𐤕𐤌𐤓𐤉𐤌	H8558	5	0.80		
𐤁𐤏𐤌𐤒	H6010	35	0.46		
𐤕𐤒𐤅𐤐𐤕	H8622	8	1.00		
𐤀𐤁𐤉𐤁	H24	3	0.00	H8512	0.0
𐤁𐤌𐤂𐤃𐤋	H4026	13	0.54	H4024	0.6923076923076923
𐤌𐤇𐤋𐤕	H4258	12	0.08	H4246	0.08333333333333333
𐤅𐤉𐤏𐤆𐤅𐤁	H5800	24	0.29		
𐤋𐤄𐤒𐤋	H7043	10	0.70		
𐤉𐤂𐤅𐤍𐤌	H3015	4	0.25		
𐤋𐤔𐤊𐤌	H7927	8	0.38		
𐤇𐤌𐤅𐤓	H2543	44	0.18	H2544	0.045454545454545456
𐤁𐤀𐤍𐤔𐤉	H376	17	0.76		
𐤈𐤉𐤌𐤀𐤅	H2931	3	0.67		
𐤀𐤇𐤅𐤕𐤌	H269	18	0.44		
𐤀𐤉𐤕𐤌	H8552	57	0.37		
𐤅𐤋𐤅𐤉	H3878	42	0.50		
𐤁𐤌𐤊𐤀𐤅𐤁𐤉𐤌	H4341	6	0.50		
𐤋𐤄𐤊𐤓𐤉𐤕	H3772	14	0.71		
𐤋𐤄𐤊𐤓𐤉𐤕𐤌	H3772	3	0.67		
𐤉𐤉𐤏𐤔𐤄	H6213	3	1.00		
𐤉𐤎𐤒𐤋	H5619	3	0.00		
𐤄𐤊𐤓𐤕	H3772	10	0.40	H1971	0.2
𐤋𐤂𐤅𐤉𐤉𐤌	H1471	3	0.67		
𐤕𐤅𐤏𐤁𐤕	H8441	10	0.20		
𐤋𐤃𐤉𐤍𐤄	H1783	4	0.00		
𐤁𐤕𐤍𐤅	H5414	6	0.83	H1323	0.8333333333333334
𐤁𐤕𐤕	H5414	3	0.67		
𐤁𐤒𐤇𐤕	H3947	4	0.50		
𐤄𐤕𐤅𐤏𐤁𐤄	H8441	14	0.07		
𐤌𐤁𐤍𐤅𐤕𐤉𐤅	H1323	4	0.50		
𐤅𐤒𐤋𐤋𐤅𐤕	H7043	3	0.33		
𐤉𐤏𐤋𐤉𐤌𐤅	H5956	3	0.33		
𐤅𐤒𐤈𐤅𐤓𐤕	H7004	3	0.00		
𐤅𐤀𐤉𐤔𐤄	H376	14	0.64		
𐤒𐤍𐤀𐤅	H7067	18	0.00	H7065	0.5
𐤅𐤍𐤒𐤌𐤄	H6965	3	0.67		
𐤍𐤆𐤊𐤅𐤓	H2142	3	0.33		
𐤉𐤐𐤓𐤅	H6565	4	0.00	H6509	0.25
𐤋𐤀𐤅𐤉𐤁𐤉𐤌	H341	32	0.34		
𐤉𐤌𐤇𐤅	H4229	4	0.25		
𐤅𐤉𐤁𐤅𐤆𐤅	H936	15	0.20		
𐤁𐤔𐤊𐤌	H7927	16	0.12		
𐤑𐤀𐤍𐤌	H6629	7	0.43		
𐤁𐤒𐤓𐤌	H1241	4	0.25		
𐤇𐤌𐤅𐤓𐤉𐤄𐤌	H2543	5	0.00		
𐤓𐤊𐤅𐤔𐤌	H7399	56	0.59		
𐤌𐤒𐤍𐤉𐤄𐤌	H4735	10	0.30		
𐤄𐤇𐤓𐤉𐤁𐤅	H2717	16	0.56		
𐤉𐤅𐤔𐤁𐤉	H3427	373	0.78		
𐤎𐤁𐤉𐤁𐤅𐤕	H5439	26	0.69		
𐤀𐤉𐤌𐤕𐤄	H367	3	0.33		
𐤅𐤄𐤇𐤋𐤉𐤐𐤅	H2498	3	0.67		
𐤅𐤍𐤏𐤋𐤄	H5927	6	0.83		
𐤍𐤃𐤓𐤕𐤉	H5087	4	0.50		
𐤁𐤓𐤇𐤕𐤉	H1272	3	0.67		
𐤄𐤍𐤊𐤓	H5236	24	0.92		
𐤅𐤄𐤎𐤉𐤓𐤅	H5493	3	0.67		
𐤂𐤍𐤁𐤄	H1591	3	0.00		
𐤅𐤉𐤈𐤌𐤅𐤍	H2934	3	0.00		
𐤄𐤌𐤑𐤁𐤄	H4676	5	0.60	H4675	0.4
𐤆𐤁𐤇𐤅	H2076	10	0.80	H2077	0.8
𐤅𐤀𐤓𐤀𐤍𐤅	H7200	4	0.50		
𐤌𐤁𐤍𐤉𐤅	H1121	16	0.94		
𐤋𐤍𐤔𐤒	H5401	4	0.25		
𐤁𐤔𐤌𐤏𐤄	H8085	4	0.50		
𐤄𐤁𐤍𐤉𐤊	H1121	3	1.00		
𐤇𐤃𐤓𐤅	H2315	10	0.30		
𐤏𐤉𐤌𐤅	H5857	3	0.00		
𐤅𐤉𐤕𐤌𐤅𐤊	H8551	3	0.00		
𐤑𐤅𐤀𐤓𐤉	H6677	5	0.00		
𐤑𐤅𐤀𐤓𐤉𐤅	H6677	9	0.00		
𐤅𐤉𐤇𐤁𐤒	H2263	10	0.10		
𐤍𐤕𐤅𐤍𐤄	H5414	11	1.00		
𐤕𐤋𐤅𐤄	H3867	3	0.33		
𐤌𐤔𐤍𐤀𐤉𐤊	H8130	4	0.00		
𐤌𐤐𐤍𐤉𐤊	H6440	9	0.89		
𐤅𐤉𐤀𐤁𐤃𐤅	H6	14	0.79		
𐤅𐤋𐤉𐤄𐤅𐤃𐤄	H3063	4	0.75		
𐤁𐤓𐤊𐤉𐤅	H1290	9	0.44		
𐤅𐤉𐤉𐤈𐤉𐤁𐤅	H3190	3	0.67		
𐤋𐤉𐤁𐤌	H3820	6	0.00		
𐤌𐤉𐤌𐤉𐤍𐤅	H3225	4	0.25	H4325	0.0
𐤄𐤑𐤋𐤉𐤇	H6743	43	0.51		
𐤅𐤑𐤃𐤒𐤕𐤅	H6666	7	0.86		
𐤌𐤁𐤍	H1121	16	0.69		
𐤄𐤍𐤃𐤓	H5088	6	0.33	H5087	0.3333333333333333
𐤅𐤊𐤁𐤃	H3515	24	0.29	H3513	0.7083333333333334
𐤑𐤋𐤇	H6743	3	0.33		
𐤍𐤃𐤓𐤕	H5087	5	0.60		
𐤕𐤀𐤇𐤓	H309	8	0.50		
𐤅𐤃𐤁𐤅𐤓𐤄	H1683	6	0.33		
𐤅𐤕𐤁𐤅𐤀𐤍𐤄	H935	7	0.43		
𐤅𐤉𐤃𐤉	H3027	3	0.67		
𐤅𐤉𐤏𐤔𐤓	H6237	4	0.75		
𐤌𐤆𐤄𐤁	H2091	15	0.80		
𐤊𐤋𐤉𐤌	H3627	12	1.00		
𐤅𐤔𐤌𐤋𐤅𐤕	H4135	4	0.00		
𐤅𐤉𐤐𐤒𐤅𐤃	H6485	12	0.67		
𐤅𐤋𐤌𐤏𐤋𐤄	H4605	9	0.67		
𐤅𐤔𐤌𐤅𐤍𐤄	H8083	61	0.59		
𐤏𐤉𐤆𐤉𐤌	H5795	6	0.67		
𐤋𐤀𐤉𐤔𐤄	H376	57	0.39		
𐤍𐤃𐤓𐤅	H5088	7	0.14	H5087	0.14285714285714285
𐤄𐤌𐤏𐤔𐤓	H4643	10	0.80		
𐤅𐤀𐤉𐤋𐤉𐤌	H352	5	0.60		
𐤅𐤏𐤔𐤓𐤄	H6235	25	0.76		
𐤅𐤀𐤍𐤔𐤉𐤅	H376	81	0.54		
𐤋𐤊𐤅𐤄𐤍	H2006	3	0.00		
𐤅𐤉𐤒𐤃𐤔	H6942	6	0.67		
𐤕𐤔𐤅𐤁𐤕	H8666	3	0.67		
𐤄𐤍𐤅𐤕𐤓	H3498	8	0.75		
𐤉𐤔𐤓𐤐	H8313	7	0.71		
𐤄𐤒𐤅𐤃𐤔	H6944	35	0.69		
𐤅𐤋𐤄𐤒𐤉𐤐	H5362	4	0.75		
𐤊𐤐	H3709	18	0.44	H3721	0.0
𐤓𐤂𐤋	H7272	35	0.89	H7270	0.6285714285714286
𐤉𐤌𐤔𐤊𐤅	H4900	4	0.75		
𐤅𐤉𐤓𐤔𐤅	H3423	8	1.00		
𐤁𐤒𐤁𐤓𐤅𐤕	H6913	6	0.67		
𐤅𐤒𐤓𐤀𐤕𐤉	H7121	7	0.43		
𐤅𐤉𐤏𐤑𐤓	H6113	9	0.78		
𐤊𐤉𐤌𐤉𐤌	H4325	3	0.33	H3117	1.0
𐤏𐤑𐤓𐤕	H6116	3	0.00		
𐤅𐤋𐤉𐤌𐤉𐤌	H3117	3	1.00		
𐤋𐤄𐤏𐤔𐤅𐤕	H6213	12	0.83		
𐤅𐤋𐤄𐤅𐤎𐤉𐤐	H3254	6	0.33		
𐤅𐤁𐤋𐤉𐤋	H3915	3	0.67		
𐤅𐤔𐤋𐤅𐤔𐤄	H7969	8	0.50		
𐤃𐤁𐤅𐤓𐤄	H1683	11	0.36	H1682	0.18181818181818182
𐤌𐤉𐤍𐤒𐤕	H3243	3	0.33		
𐤄𐤀𐤋𐤅𐤍	H437	9	0.67		
𐤅𐤊𐤁𐤔𐤉𐤌	H3532	3	0.67		
𐤀𐤉𐤌𐤅	H335	5	0.00		
𐤊𐤁𐤓𐤕	H3530	3	0.00		
𐤁𐤏𐤔𐤉𐤓𐤉	H6224	3	0.67		
𐤅𐤕𐤉𐤒𐤁𐤓	H6912	4	0.00		
𐤀𐤐𐤓𐤕𐤄	H672	3	0.00	H3613	0.3333333333333333
𐤒𐤁𐤅𐤓𐤕	H6900	10	0.20		
𐤅𐤋𐤀𐤄	H3812	3	0.33		
𐤐𐤉𐤋𐤂𐤔	H6370	7	0.71		
𐤁𐤀𐤅𐤄𐤋	H168	8	0.38		
𐤅𐤉𐤌𐤑𐤀𐤄	H4672	7	0.57		
𐤔𐤅𐤊𐤁𐤕	H7901	4	0.75		
𐤄𐤌𐤉𐤈𐤄	H5186	16	0.75		
𐤅𐤕𐤁𐤓𐤇	H1272	3	0.00		
𐤋𐤐𐤒𐤅𐤃	H6485	4	1.00		
𐤇𐤋𐤋𐤄	H2486	4	0.00	H2490	0.5
𐤅𐤔𐤊𐤁	H7901	6	0.67		
𐤂𐤉𐤋𐤄	H1525	3	0.00		
𐤉𐤔𐤊𐤁	H7901	7	0.71		
𐤏𐤓𐤅𐤕	H6172	8	0.12	H6168	0.375
𐤉𐤑𐤅𐤄	H6680	23	0.78		
𐤅𐤇𐤅𐤒	H2710	3	0.67		
𐤋𐤏𐤅𐤅𐤍	H5869	3	0.67		
𐤏𐤔𐤅𐤕𐤌	H6213	10	0.70		
𐤋𐤍𐤐𐤔𐤅𐤕𐤌	H5315	6	0.50		
𐤅𐤇𐤋𐤋	H2491	3	0.00		
𐤅𐤁𐤍𐤉𐤌𐤉𐤍	H1144	22	0.41		
𐤆𐤉𐤋𐤐𐤄	H2153	4	0.00		
𐤅𐤃𐤉𐤍𐤄	H1783	5	0.00		
𐤄𐤔𐤉𐤇𐤉𐤌	H2421	3	1.00		
𐤅𐤍𐤔𐤉𐤄𐤌	H802	32	0.31		
𐤇𐤅𐤓𐤅𐤍	H1032	28	0.25		
𐤄𐤉𐤅𐤔𐤁𐤉𐤌	H3427	129	0.88		
𐤄𐤍𐤎𐤉𐤌	H5127	11	0.64		
𐤕𐤌𐤍𐤕	H8556	4	0.00	H8544	0.0
𐤓𐤃𐤕𐤅	H3381	5	0.20		
𐤌𐤇𐤔𐤁𐤕𐤌	H4284	10	0.80		
𐤄𐤈𐤁𐤇𐤉𐤌	H2876	13	0.46		
𐤅𐤉𐤔𐤇𐤈𐤅	H7819	7	0.57		
𐤊𐤕𐤅𐤍𐤕	H3801	9	0.33		
𐤓𐤅𐤇𐤌	H7307	82	0.72		
𐤅𐤉𐤕𐤀𐤁𐤋𐤅	H56	10	0.60		
𐤋𐤍𐤇𐤌𐤅	H5162	6	0.33		
𐤄𐤀𐤁𐤋	H60	12	0.83	H180	0.16666666666666666
𐤒𐤁𐤓𐤅	H6912	21	0.05	H6913	0.09523809523809523
𐤅𐤉𐤕𐤀𐤁𐤋	H56	9	0.33		
𐤔𐤀𐤅𐤋𐤄	H7585	10	0.10		
𐤁𐤔𐤏𐤉𐤓	H8165	6	0.00		
𐤁𐤏𐤔𐤅𐤓	H6218	3	0.33		
𐤄𐤐𐤊𐤅	H2015	16	0.81		
𐤐𐤔𐤏𐤉𐤄𐤌	H6588	11	0.36		
𐤏𐤃𐤄	H5711	14	0.14	H5710	0.42857142857142855
𐤄𐤊𐤍𐤏𐤍𐤉𐤕	H3669	6	0.00		
𐤌𐤉𐤋𐤊𐤄	H4428	4	0.00		
𐤔𐤅𐤏	H4444	3	0.00	H7771	0.0
𐤌𐤀𐤓𐤌	H758	10	0.60		
𐤔𐤍𐤉𐤄	H8128	10	0.00	H8133	0.0
𐤊𐤀𐤇𐤉𐤅	H251	4	0.50		
𐤄𐤇𐤌𐤉𐤔𐤄	H2568	4	0.50		
𐤅𐤕𐤑𐤅𐤄𐤅	H6680	9	0.56		
𐤄𐤅𐤋𐤃𐤉	H3205	3	1.00		
𐤄𐤓𐤀𐤉𐤕𐤉𐤊	H7200	3	0.67		
𐤕𐤄𐤐𐤅𐤊𐤅𐤕	H8419	3	0.33		
𐤁𐤇𐤋𐤅𐤌𐤉	H2472	4	0.25		
𐤌𐤌𐤀𐤄	H3967	4	0.75		
𐤍𐤎	H5127	42	0.71	H3071	0.2857142857142857
𐤁𐤀𐤔𐤓𐤉	H835	3	0.67	H837	0.3333333333333333
𐤉𐤃𐤌𐤅	H1826	10	0.40		
𐤕𐤌𐤅𐤕𐤉	H4191	3	0.33		
𐤕𐤃𐤁𐤓𐤉	H1696	5	0.20		
𐤀𐤉𐤕𐤉	H383	17	0.18	H863	0.11764705882352941
𐤔𐤅𐤀𐤋𐤕	H413	4	0.75		
𐤄𐤔𐤁𐤏	H7647	19	0.16	H7650	0.7894736842105263
𐤐𐤓𐤀	H6501	3	0.00		
𐤌𐤍𐤏𐤅𐤓𐤉𐤅	H5271	8	0.75		
𐤇𐤍𐤉𐤍𐤄	H2594	27	0.00		
𐤌𐤕𐤍𐤇𐤌	H5162	3	0.67		
𐤋𐤌𐤍	H4480	16	0.88		
𐤓𐤊𐤅𐤔𐤊	H7399	3	0.33		
𐤅𐤔𐤀𐤋𐤍𐤅	H7592	3	0.67		
𐤊𐤀𐤉𐤋𐤅	H352	74	0.78		
𐤄𐤇𐤎𐤉𐤃	H2623	4	0.75		
𐤁𐤊𐤁𐤃𐤅	H3515	3	1.00		
𐤅𐤓𐤅𐤀𐤄	H7200	10	0.90		
𐤅𐤇𐤌𐤎	H2555	7	0.14		
𐤕𐤀𐤌𐤓𐤉	H559	3	0.67		
𐤉𐤇𐤐𐤅𐤑	H2654	18	0.50		
𐤔𐤅𐤌𐤓	H8104	32	0.84	H7763	0.34375
𐤅𐤌𐤄𐤅𐤋𐤋	H1984	5	0.80		
𐤁𐤌𐤅𐤕𐤉	H1116	4	0.50	H4191	0.25
𐤉𐤇𐤔𐤅𐤁	H2803	7	0.71		
𐤕𐤑𐤋𐤉𐤇𐤅	H6743	4	0.25		
𐤏𐤑𐤌𐤅𐤕𐤉𐤄	H6106	3	0.67		
𐤏𐤑𐤌𐤅𐤕𐤉𐤊	H6106	3	0.33		
𐤅𐤉𐤇𐤃𐤅	H3162	5	0.20		
𐤌𐤋𐤅𐤊	H4409	6	0.50		
𐤉𐤌𐤋𐤅𐤊	H4427	25	0.72		
𐤅𐤀𐤅𐤕𐤉	H853	5	0.20		
𐤅𐤕𐤑𐤅	H6680	4	0.00		
𐤁𐤏𐤓𐤅𐤁	H6153	4	0.50		
𐤅𐤌𐤁𐤍𐤉	H1121	18	0.50		
𐤅𐤁𐤍𐤉𐤄	H1141	9	0.22	H1121	0.3333333333333333
𐤄𐤌𐤏𐤓𐤄	H4631	20	0.50		
𐤌𐤏𐤅𐤍	H4583	25	0.56	H4585	0.6
𐤄𐤍𐤑𐤇	H5331	3	0.00		
𐤏𐤐𐤓𐤅𐤍	H6085	14	0.50		
𐤄𐤇𐤕𐤉	H2850	8	0.38		
𐤀𐤑𐤅𐤄	H6680	12	0.67		
𐤅𐤀𐤄𐤁𐤅	H157	3	1.00		
𐤄𐤏𐤅𐤁𐤃𐤉𐤌	H5650	6	0.17		
𐤆𐤓𐤏𐤊𐤌	H2233	5	0.80		
𐤋𐤅𐤄𐤈𐤕	H5186	6	0.67		
𐤉𐤊𐤕𐤁	H3789	6	0.50		
𐤁𐤔𐤍𐤀𐤄	H8135	6	0.17		
𐤓𐤊𐤔	H7408	11	0.00	H7399	0.45454545454545453
𐤄𐤉𐤕𐤓𐤅𐤍	H3504	3	0.00		
𐤌𐤊𐤓𐤕𐤉	H3772	4	0.50	H4382	0.25
𐤅𐤉𐤍𐤅𐤇𐤅	H5117	3	0.67		
𐤌𐤈𐤕𐤅	H4296	6	0.17		
𐤌𐤔𐤌𐤀𐤋	H8040	5	0.80		
𐤄𐤕𐤀𐤁𐤋	H56	15	0.93		
𐤅𐤊𐤁𐤃𐤄	H3513	3	1.00		
𐤌𐤐𐤉𐤄	H6310	5	0.80		
𐤌𐤏𐤔𐤉𐤄	H4641	9	0.22	H4639	0.5555555555555556
𐤅𐤉𐤎𐤐𐤅𐤃	H5594	3	0.00		
𐤃𐤓𐤊𐤉𐤍𐤅	H1870	3	0.33		
𐤁𐤒𐤅𐤋𐤊	H6963	3	1.00		
𐤍𐤑𐤀	H3318	7	0.71	H5323	0.2857142857142857
𐤇𐤋𐤅𐤑𐤉	H2502	7	1.00		
𐤅𐤍𐤋𐤇𐤌𐤄	H3898	16	0.38		
𐤕𐤐𐤋𐤅	H5307	7	0.86		
𐤌𐤍𐤏𐤅𐤓𐤉𐤊	H5271	3	0.67		
𐤕𐤈𐤄	H5186	4	1.00		
𐤏𐤌𐤅𐤍	H5983	49	0.90		
𐤄𐤔𐤊𐤉𐤓𐤉𐤌	H7916	7	0.43		
𐤅𐤄𐤇𐤅𐤓𐤉𐤌	H2354	3	0.33		
𐤂𐤉𐤁𐤅𐤓𐤉	H1396	26	0.19		
𐤁𐤇𐤅𐤁𐤅	H2243	3	0.33		
𐤌𐤕𐤀𐤁𐤋	H56	10	0.90		
𐤋𐤒𐤓𐤀𐤕𐤊	H7125	4	0.25		
𐤅𐤍𐤅𐤔𐤀𐤉	H5375	4	0.75		
𐤁𐤀𐤄𐤁𐤕𐤌	H160	10	0.50		
𐤍𐤔𐤁𐤏𐤕	H7650	4	1.00		
𐤌𐤅𐤕𐤌	H4191	18	0.89		
𐤄𐤐𐤓𐤕	H6578	7	0.14		
𐤇𐤓𐤑𐤕	H2782	3	0.33		
𐤉𐤔𐤁𐤏	H7646	8	0.50	H7650	0.5
𐤔𐤁𐤅𐤏𐤕	H6256	10	0.70	H7621	0.9
𐤀𐤅𐤌𐤍	H4480	8	0.50	H176	0.125
𐤔𐤍𐤅𐤀	H8130	6	0.50		
𐤄𐤇𐤆𐤉𐤓	H2386	7	0.43		
𐤔𐤏𐤓𐤅	H8181	13	0.54	H8175	0.7692307692307693
𐤉𐤔𐤋𐤉𐤌𐤅	H7999	5	0.80		
𐤅𐤏𐤅𐤋	H5766	10	0.60		
𐤑𐤅𐤀𐤓	H6677	4	0.25	H6676	0.25
𐤔𐤋𐤅𐤌𐤉	H7965	4	0.75		
𐤕𐤊𐤓𐤕	H3772	3	0.33		
𐤅𐤕𐤌𐤉𐤕𐤄𐤅	H4191	3	0.67		
𐤀𐤍𐤔𐤉𐤅	H376	145	0.66		
𐤌𐤓𐤏𐤉𐤅	H7451	13	0.85		
𐤅𐤄𐤐𐤉𐤋𐤄	H6395	3	0.00		
𐤄𐤔𐤅𐤍𐤀	H8130	9	0.44		
𐤅𐤄𐤌𐤉𐤕𐤄	H4191	5	1.00		
𐤄𐤀𐤅𐤉𐤁	H341	153	0.59		
𐤄𐤕𐤀𐤆𐤓	H247	6	0.33		
𐤁𐤊𐤅𐤇𐤊	H3581	4	1.00		
𐤇𐤆𐤄𐤅	H2370	3	0.67		
𐤄𐤔𐤌𐤀𐤋𐤉	H8042	5	1.00	H8040	1.0
𐤏𐤁𐤃𐤉𐤄𐤌	H5650	12	0.58		
𐤅𐤂𐤃	H1410	5	0.60		
𐤍𐤏𐤓𐤉𐤌	H5288	16	0.69		
𐤐𐤀𐤕	H6285	5	0.60		
𐤄𐤑𐤐𐤅𐤍𐤉𐤕	H6831	4	0.00		
𐤌𐤐𐤀𐤕	H6285	11	0.55		
𐤄𐤌𐤅𐤀𐤁𐤉𐤌	H4124	12	0.75		
𐤅𐤓𐤀𐤅𐤁𐤍	H7205	12	0.33		
𐤅𐤆𐤁𐤅𐤋𐤅𐤍	H2082	11	0.09		
𐤐𐤓𐤑𐤅	H6555	26	0.54		
𐤋𐤅𐤇𐤌𐤉	H3899	4	0.00		
𐤄𐤌𐤏𐤓𐤁𐤉𐤕	H6155	4	0.00	H4519	0.0
𐤄𐤀𐤃𐤅𐤌𐤉𐤌	H130	75	0.05		
𐤄𐤂𐤁𐤏𐤄	H1390	32	0.81	H1389	0.71875
𐤋𐤇𐤑𐤅	H3905	14	0.50		
𐤉𐤌𐤉𐤕𐤅	H4191	6	0.67		
𐤅𐤉𐤔𐤋𐤌𐤅	H7999	6	0.83		
𐤌𐤋𐤊𐤅	H4428	45	0.76	H4427	0.9333333333333333
𐤁𐤀𐤃𐤅𐤌	H123	10	0.40		
𐤅𐤉𐤌𐤋𐤅𐤊	H4427	54	0.76		
𐤁𐤋𐤒	H1111	18	0.83		
𐤁𐤏𐤅𐤓	H5785	26	0.04	H1160	0.8461538461538461
𐤃𐤍𐤄𐤁𐤄	H1838	11	0.00		
𐤉𐤅𐤁𐤁	H3103	21	0.43		
𐤄𐤃𐤃	H1130	60	0.92	H1908	0.9166666666666666
𐤁𐤓𐤃	H1259	13	0.23	H1260	0.3076923076923077
𐤌𐤅𐤀𐤁	H4124	129	0.39	H6355	0.06976744186046512
𐤏𐤌𐤋𐤒	H6002	17	0.47		
𐤏𐤊𐤁𐤅𐤓	H5907	6	0.33		
𐤐𐤅𐤈𐤉𐤐𐤓	H6318	30	0.10		
𐤅𐤉𐤐𐤄	H3303	33	0.52		
𐤅𐤕𐤔𐤀	H5375	7	0.86		
𐤀𐤃𐤅𐤍𐤉𐤅	H136	43	0.47		
𐤋𐤔𐤊𐤁	H7901	12	0.58		
𐤉𐤍𐤀𐤐	H5003	3	0.67		
𐤁𐤏𐤅𐤋𐤕	H1172	3	0.00		
𐤅𐤕𐤇𐤁𐤒𐤄𐤅	H2263	4	0.25		
𐤄𐤌𐤍𐤏𐤅𐤋	H4514	4	0.00		
𐤌𐤐𐤍𐤉𐤄	H6440	8	0.75		
𐤉𐤀𐤁𐤄	H14	11	0.64		
𐤁𐤀𐤃𐤅𐤍𐤉𐤅	H113	6	0.67		
𐤄𐤏𐤁𐤓𐤉	H5680	27	0.15		
𐤄𐤎𐤅𐤄𐤓	H5470	33	0.27		
𐤀𐤎𐤉𐤓𐤉	H615	3	0.67		
𐤂𐤌𐤓	H1586	81	0.47	H1584	0.37037037037037035
𐤔𐤍𐤕𐤉𐤉𐤌	H8141	12	0.67		
𐤎𐤓𐤉𐤎𐤉𐤅	H5631	4	0.25		
𐤄𐤌𐤔𐤒𐤉𐤌	H4945	19	0.26		
𐤄𐤀𐤅𐤐𐤉𐤌	H644	16	0.19		
𐤅𐤉𐤔𐤓𐤕	H8334	6	0.17		
𐤇𐤋𐤅𐤌	H2472	41	0.59	H2492	0.6829268292682927
𐤐𐤕𐤓	H6622	17	0.24		
𐤊𐤍𐤅	H3653	4	0.50		
𐤅𐤉𐤔𐤊𐤇𐤄𐤅	H7911	3	0.00		
𐤇𐤋𐤌	H2492	12	0.75	H2493	0.6666666666666666
𐤇𐤋𐤅𐤌𐤅𐤕	H2492	19	0.58		
𐤄𐤇𐤓𐤈𐤅𐤌𐤉𐤌	H2748	19	0.05		
𐤄𐤇𐤋𐤅𐤌𐤅𐤕	H2472	12	0.67		
𐤀𐤇𐤓𐤉𐤄𐤍	H310	13	0.62		
𐤄𐤐𐤒𐤃	H6485	19	1.00		
𐤁𐤓	H1250	39	0.38	H1247	0.41025641025641024
𐤋𐤐𐤉𐤒𐤃𐤅𐤍	H6487	3	0.00		
𐤌𐤋𐤊𐤅𐤕𐤅	H4438	102	0.80		
𐤁𐤌𐤓𐤊𐤁𐤕	H4818	3	0.00		
𐤄𐤌𐤔𐤍𐤄	H4932	9	0.44		
𐤓𐤁𐤉𐤃	H7242	5	0.40		
𐤑𐤅𐤀𐤓𐤅	H6677	13	0.77		
𐤅𐤉𐤀𐤄𐤁𐤅	H157	8	0.25		
𐤃𐤅𐤓𐤅	H1755	5	0.80		
𐤉𐤅𐤃𐤏𐤉𐤅	H3045	3	0.67		
𐤅𐤌𐤋𐤊𐤅𐤕	H4438	3	0.67		
𐤐𐤏𐤍𐤇	H6847	4	0.50		
𐤐𐤅𐤈𐤉𐤐𐤓𐤏	H6319	5	0.20		
𐤔𐤋𐤅𐤔𐤉𐤌	H7970	37	0.11		
𐤇𐤋𐤅𐤌𐤅	H2472	10	0.00		
𐤅𐤉𐤒𐤁𐤅𐤑	H6908	12	0.42		
𐤌𐤓𐤅𐤁	H7230	20	0.85		
𐤕𐤌𐤓	H8559	21	0.71	H4843	0.38095238095238093
𐤅𐤄𐤒𐤌	H6965	5	0.60		
𐤀𐤅𐤍𐤍	H209	5	0.20		
𐤔𐤋𐤄	H7887	16	0.12	H7956	0.5
𐤋𐤂𐤅𐤆	H1494	5	0.40		
𐤕𐤌𐤍𐤕𐤄	H8553	5	0.40		
𐤅𐤕𐤎𐤓	H5493	7	0.71		
𐤓𐤅𐤏𐤄	H7451	25	0.40	H7462	0.72
𐤌𐤑𐤀𐤄	H4672	68	0.88		
𐤔𐤀𐤋𐤕𐤉	H7596	8	0.25	H7592	0.375
𐤋𐤉𐤄𐤅𐤃𐤄	H3063	21	0.57		
𐤊𐤋𐤕𐤊	H3618	4	1.00		
𐤄𐤈𐤁𐤏𐤕	H2885	5	0.80		
𐤔𐤓𐤐𐤅	H8313	22	0.55		
𐤄𐤏𐤕𐤉𐤓	H6279	7	0.71		
𐤅𐤄𐤕𐤀𐤁𐤋	H56	3	1.00		
𐤇𐤅𐤕𐤍𐤕𐤅	H2859	3	0.67		
𐤄𐤔𐤅𐤊𐤁	H7901	5	0.60		
𐤏𐤅𐤍𐤄	H5771	3	0.33	H6030	0.3333333333333333
𐤁𐤏𐤅𐤍𐤔	H6064	6	0.83		
𐤋𐤔𐤓𐤅𐤐	H8313	12	0.75		
𐤅𐤇𐤌𐤉𐤔𐤄	H2568	8	0.12		
𐤄𐤁𐤑𐤅𐤓𐤕	H6697	6	0.17		
𐤅𐤄𐤀𐤃𐤌𐤄	H127	5	1.00		
𐤒𐤁𐤑	H6908	8	0.50		
𐤕𐤕	H5414	35	0.83		
𐤁𐤔𐤁𐤏	H7651	17	0.76		
𐤄𐤔𐤅𐤁𐤏	H7637	3	0.67		
𐤋𐤔𐤁𐤅𐤓	H7666	36	0.14		
𐤄𐤀𐤅𐤑𐤓𐤅𐤕	H214	15	0.80		
𐤄𐤁𐤓	H1250	18	0.83	H1305	0.2777777777777778
𐤉𐤃𐤏𐤅𐤄𐤅	H3045	3	1.00		
𐤌𐤓𐤂𐤋𐤉𐤌	H7270	20	0.45	H7274	0.3
𐤆𐤄𐤁𐤌	H2091	5	0.00		
𐤁𐤔𐤒𐤉𐤄𐤌	H8242	3	0.67		
𐤋𐤀𐤁𐤉𐤄𐤌	H1	18	0.83		
𐤄𐤒𐤅𐤓𐤅𐤕	H7136	33	0.70		
𐤄𐤁𐤉𐤀𐤌	H935	7	0.86		
𐤉𐤒𐤓𐤀𐤍𐤅	H7122	3	0.67		
𐤀𐤎𐤅𐤍	H611	42	0.21		
𐤔𐤉𐤁𐤕𐤉	H7872	4	0.00		
𐤁𐤉𐤂𐤅𐤍	H3015	11	0.36		
𐤄𐤅𐤔𐤁	H7725	9	1.00	H3427	0.7777777777777778
𐤅𐤄𐤓𐤏𐤁	H7458	13	0.85		
𐤁𐤀𐤅𐤑𐤓𐤅𐤕	H214	12	0.58		
𐤀𐤔𐤉𐤁𐤍𐤅	H7725	3	0.67		
𐤕𐤌𐤉𐤕	H4191	3	0.33		
𐤅𐤇𐤈𐤀𐤕𐤉	H2398	6	0.17	H2403	0.16666666666666666
𐤅𐤌𐤍𐤇𐤅𐤕	H5146	5	0.00	H4519	0.0
𐤄𐤌𐤍𐤇𐤄	H4503	16	0.38		
𐤅𐤕𐤓𐤁	H7235	12	0.92		
𐤌𐤆𐤉𐤌𐤄	H4209	5	0.40		
𐤔𐤒𐤉𐤄𐤌	H8242	4	0.50		
𐤅𐤄𐤔𐤉𐤁	H7725	14	0.86		
𐤂𐤁𐤉𐤏𐤉	H1375	3	0.00		
𐤂𐤁𐤉𐤏	H1375	11	0.55		
𐤄𐤂𐤁𐤉𐤏	H1375	13	0.77		
𐤊𐤃𐤁𐤓𐤉𐤅	H1697	4	0.75		
𐤀𐤃𐤅𐤍𐤉𐤊	H113	6	0.33		
𐤏𐤁𐤃𐤉𐤊	H5650	29	0.28	H5649	0.27586206896551724
𐤁𐤔𐤒𐤅	H6957	4	0.00	H8242	0.25
𐤁𐤊𐤋𐤉𐤄𐤌	H3627	3	0.67		
𐤋𐤀𐤃𐤅𐤍𐤍𐤅	H113	3	1.00		
𐤄𐤓𐤏𐤅𐤕𐤌	H7489	4	0.75		
𐤁𐤂𐤁𐤉𐤏	H1387	3	0.00		
𐤂𐤍𐤁𐤕𐤌	H1589	3	0.67		
𐤁𐤀𐤅𐤆𐤍𐤉	H241	3	0.00		
𐤅𐤏𐤁𐤃𐤊	H5650	5	0.20	H5647	0.2
𐤅𐤄𐤍𐤏𐤓	H5288	8	0.38	H5291	0.125
𐤅𐤄𐤓𐤂𐤍𐤅	H2026	4	0.50		
𐤉𐤏𐤋	H3278	5	0.40	H5927	1.0
𐤏𐤓𐤁𐤕𐤉	H6160	4	0.50	H6164	0.25
𐤅𐤇𐤈𐤀	H2398	5	0.60		
𐤑𐤅𐤀𐤓𐤉𐤄𐤌	H6677	5	0.60		
𐤄𐤊𐤉𐤓𐤅𐤄𐤅	H5234	4	0.75		
𐤓𐤃𐤅	H3381	5	0.40	H7287	0.6
𐤋𐤌𐤇𐤉𐤄	H2416	10	0.60	H4241	0.4
𐤅𐤋𐤀𐤃𐤅𐤍	H113	3	0.33		
𐤄𐤏𐤅𐤔𐤓	H6224	8	0.00		
𐤏𐤂𐤋𐤅𐤕	H5699	6	0.17	H5697	0.5
𐤇𐤌𐤅𐤓𐤉𐤌	H2543	6	0.00		
𐤅𐤌𐤅𐤔𐤋	H4910	7	0.43		
𐤁𐤀𐤓𐤄	H876	6	0.33	H884	0.3333333333333333
𐤄𐤇𐤋𐤅𐤌	H2472	55	0.69	H2492	0.7454545454545455
𐤌𐤓𐤃𐤄	H3381	5	0.60		
𐤅𐤁𐤏𐤋𐤅𐤕	H1175	3	0.33		
𐤁𐤑𐤅𐤓𐤕	H1219	7	0.57		
𐤀𐤔𐤉𐤁𐤊	H7725	3	0.67		
𐤋𐤄𐤒𐤁𐤓	H6913	5	0.60		
𐤉𐤔𐤉𐤕	H7896	9	0.67		
𐤂𐤅𐤔𐤍	H1657	23	0.35		
𐤊𐤓𐤌𐤉	H3754	4	0.00	H3756	0.75
𐤉𐤌𐤅𐤀𐤋	H3223	4	0.00		
𐤉𐤊𐤉𐤍	H3559	10	0.80	H3199	0.7
𐤂𐤓𐤔𐤅𐤍	H1648	4	0.00	H1647	1.0
𐤅𐤌𐤓𐤓𐤉	H4847	4	0.00		
𐤕𐤅𐤋𐤏	H8439	4	1.00	H8438	0.25
𐤎𐤓𐤃	H5624	4	0.00		
𐤅𐤉𐤇𐤋𐤀𐤋	H3177	4	0.00		
𐤁𐤐𐤃𐤍	H6307	4	0.00		
𐤔𐤉𐤔𐤄	H8337	9	0.33		
𐤑𐤐𐤉𐤅𐤍	H6837	4	0.00		
𐤔𐤅𐤍𐤉	H7764	3	0.00	H7765	0.0
𐤏𐤓𐤁𐤉	H6155	4	0.00	H6163	0.5
𐤅𐤀𐤓𐤀𐤋𐤉	H692	4	0.00		
𐤅𐤁𐤓𐤉𐤏𐤄	H1283	4	0.75		
𐤅𐤔𐤓𐤄	H8283	9	0.44		
𐤀𐤅𐤎𐤍𐤕	H621	4	0.25		
𐤂𐤓𐤀	H1617	9	0.89		
𐤁𐤅𐤀𐤌	H935	31	0.77		
𐤉𐤇𐤑𐤀𐤋	H3183	4	0.00		
𐤅𐤔𐤉𐤔𐤄	H5383	7	0.00		
𐤅𐤀𐤅𐤍𐤍	H209	4	0.50		
𐤊𐤌𐤎𐤐𐤓	H4557	23	0.74		
𐤀𐤌𐤅𐤕𐤄	H4191	5	0.60		
𐤓𐤀𐤅𐤕𐤉	H7200	3	0.67		
𐤊𐤋𐤀	H3608	8	0.38	H3606	0.625
𐤁𐤏𐤅𐤃𐤍𐤉	H5750	7	0.71		
𐤅𐤔𐤅𐤕𐤄	H8354	4	0.00		
𐤅𐤋𐤀𐤇𐤉𐤅	H251	13	0.77		
𐤋𐤀𐤇𐤅𐤆𐤄	H272	6	0.83		
𐤂𐤁𐤅𐤋𐤄	H1366	6	0.50		
𐤁𐤌𐤉𐤈𐤁	H4315	6	0.00		
𐤅𐤕𐤋𐤄	H8518	7	0.14	H3856	0.0
𐤁𐤔𐤁𐤓	H7668	4	0.50	H7667	0.25
𐤁𐤄𐤌𐤕𐤌	H929	4	0.25		
𐤅𐤕𐤊𐤋𐤉𐤍𐤄	H3615	3	0.67		
𐤋𐤆𐤓𐤅𐤏	H2233	4	0.50		
𐤄𐤔𐤌𐤉𐤍𐤉𐤕	H8067	4	0.00		
𐤄𐤉𐤀𐤅𐤓	H216	48	0.33		
𐤂𐤃𐤅𐤕𐤉𐤅	H1415	5	0.40		
𐤊𐤓𐤄	H3738	5	0.00	H3740	0.0
𐤎𐤐𐤓𐤉𐤅	H5612	3	0.33		
𐤅𐤉𐤏𐤑𐤌𐤅	H6105	4	0.50		
𐤏𐤑𐤅𐤌	H6099	42	0.64		
𐤅𐤉𐤔𐤅𐤁	H7725	23	0.91		
𐤔𐤏𐤓𐤉	H8179	77	0.75	H7778	0.0
𐤅𐤉𐤅𐤑𐤉𐤀𐤅	H3318	16	0.88		
𐤏𐤌𐤓𐤌	H6019	17	0.29		
𐤁𐤎𐤁𐤋𐤅𐤕	H5450	5	0.00		
𐤔𐤅𐤍𐤀𐤉𐤍𐤅	H8130	16	0.31		
𐤀𐤓𐤑𐤍𐤅	H776	22	0.73		
𐤌𐤎𐤉𐤌	H4522	13	0.69		
𐤌𐤎𐤊𐤍𐤅𐤕	H4543	5	0.00		
𐤐𐤉𐤕𐤅𐤌	H6619	7	0.86		
𐤓𐤏𐤌𐤎𐤎	H7486	23	0.61		
𐤄𐤇𐤅𐤌𐤅𐤕	H2577	54	0.00		
𐤅𐤄𐤒𐤉𐤓𐤅𐤕	H7023	3	0.67		
𐤍𐤄𐤓𐤎𐤅	H2040	6	0.83		
𐤁𐤐𐤓𐤊	H6531	8	0.00		
𐤉𐤐𐤓𐤅𐤑𐤅	H6555	3	0.67		
𐤉𐤋𐤃𐤉𐤄𐤌	H3206	7	0.43		
𐤄𐤉𐤀𐤅𐤓𐤄	H2975	5	0.60		
𐤅𐤕𐤔𐤌	H7760	27	0.78	H3456	0.1111111111111111
𐤁𐤎𐤅𐤐	H5488	4	0.25	H5490	0.0
𐤋𐤓𐤇𐤅𐤑	H7364	11	0.64		
𐤅𐤕𐤔𐤌𐤏	H8085	22	0.68		
𐤁𐤅𐤊𐤄	H1058	6	0.17		
𐤍𐤏𐤓𐤅𐤕𐤉𐤄	H5291	8	0.50		
𐤄𐤏𐤁𐤓𐤉𐤅𐤕	H5680	8	0.38		
𐤉𐤅𐤊𐤁𐤃	H3115	5	0.20		
𐤋𐤂𐤃𐤋	H1431	25	0.88		
𐤋𐤍𐤏𐤓	H5288	9	0.78	H5291	0.4444444444444444
𐤇𐤑𐤓	H2691	24	0.58	H2674	0.3333333333333333
𐤌𐤇𐤑𐤓	H2704	6	0.33	H2691	0.5
𐤌𐤑𐤓𐤉	H4713	17	0.76	H6862	0.35294117647058826
𐤅𐤕𐤊	H5221	9	0.56	H8496	0.0
𐤁𐤇𐤅𐤋	H2344	3	0.33		
𐤌𐤑𐤀𐤕	H4672	14	0.64		
𐤋𐤓𐤔𐤏	H7563	10	0.50		
𐤕𐤊𐤄	H5221	3	0.00	H3543	0.0
𐤅𐤔𐤅𐤐𐤈	H8199	8	0.25		
𐤄𐤇𐤌𐤉𐤔𐤉𐤌	H2572	6	0.17		
𐤊𐤅𐤇𐤅	H3581	19	0.37		
𐤅𐤋𐤄𐤑𐤉𐤋	H5337	13	0.92		
𐤅𐤀𐤑𐤉𐤋	H5337	4	0.75		
𐤅𐤀𐤏𐤔	H6213	10	0.70		
𐤅𐤉𐤊𐤌	H5221	17	0.65		
𐤐𐤅𐤓𐤇	H6524	3	0.67		
𐤄𐤍𐤔𐤀𐤓𐤕	H7604	3	0.33		
𐤁𐤊𐤅𐤓𐤉𐤄𐤌	H1061	7	0.00		
𐤅𐤍𐤅𐤓𐤀𐤉𐤌	H3372	8	0.88		
𐤋𐤍𐤒𐤅𐤌	H5358	27	0.67		
𐤋𐤄𐤉𐤍𐤒𐤌	H5358	3	0.00		
𐤅𐤉𐤏𐤌𐤅𐤃	H5975	24	0.71		
𐤇𐤓𐤈𐤅𐤌𐤉	H2748	4	0.00		
𐤋𐤓𐤃𐤅𐤐	H7291	39	0.72		
𐤓𐤅𐤁	H7378	12	0.08	H7230	0.5833333333333334
𐤅𐤉𐤅𐤋𐤉𐤊	H3212	6	0.83		
𐤉𐤓𐤄	H3384	13	0.62	H3138	0.15384615384615385
𐤋𐤌𐤀𐤄	H3967	4	0.75		
𐤄𐤌𐤅𐤌𐤕	H3971	6	0.00		
𐤄𐤔𐤋𐤉𐤊𐤅𐤄𐤅	H7993	3	1.00		
𐤋𐤇𐤅𐤐𐤔𐤉	H2670	6	0.17		
𐤅𐤉𐤒𐤔𐤄	H7185	4	0.25		
𐤅𐤉𐤕𐤂𐤁𐤓	H1396	4	0.75		
𐤅𐤍𐤇𐤅𐤔𐤕	H5153	8	0.50		
𐤄𐤏𐤓𐤁𐤉𐤌	H6153	99	0.30	H6155	0.0
𐤔𐤅𐤋𐤇𐤅	H7971	4	0.50		
𐤀𐤉𐤋𐤉	H352	5	0.60		
𐤌𐤁𐤊𐤅𐤓	H1060	3	0.00		
𐤄𐤔𐤁𐤉	H7628	18	0.78		
𐤄𐤎𐤂𐤅𐤓𐤉𐤌	H5462	3	0.67		
𐤅𐤁𐤌𐤑𐤓𐤉𐤌	H4714	3	0.67		
𐤄𐤌𐤂𐤐𐤄	H4046	11	0.55		
𐤁𐤌𐤍𐤅𐤇𐤄	H4503	43	0.16		
𐤕𐤇𐤋𐤉𐤐	H2498	6	0.33		
𐤕𐤌𐤉𐤓	H8559	3	0.33		
𐤌𐤅𐤏𐤃𐤅	H4150	3	0.67		
𐤁𐤇𐤋𐤒	H2506	23	0.74		
𐤍𐤕𐤅𐤍𐤉𐤌	H5414	12	1.00	H5411	0.5
𐤅𐤄𐤇𐤋𐤒	H2510	6	0.00		
𐤔𐤓𐤅𐤐	H8313	3	0.33		
𐤉𐤔𐤁𐤓𐤅	H7665	5	0.60	H7663	0.2
𐤀𐤋𐤅𐤄𐤉𐤊𐤌	H430	4	0.25		
𐤀𐤄𐤋	H168	17	0.76	H428	0.5882352941176471
𐤀𐤅𐤄𐤋	H168	16	0.19		
𐤅𐤔𐤇𐤈𐤅	H7819	15	0.33		
𐤅𐤁𐤉𐤌𐤉	H3117	17	0.94		
𐤁𐤍𐤅𐤉	H1131	12	0.08	H1129	0.6666666666666666
𐤁𐤔𐤁𐤏𐤕	H7651	4	0.50	H7621	0.25
𐤁𐤇𐤐𐤆𐤅𐤍	H2649	18	0.28		
𐤁𐤑𐤀𐤕𐤊𐤌	H3318	6	0.67		
𐤏𐤁𐤓𐤊𐤌	H5674	3	0.67		
𐤄𐤅𐤃𐤏𐤕𐤉𐤊	H3045	3	1.00		
𐤔𐤁𐤕𐤅𐤕𐤉𐤄	H7676	3	0.67		
𐤁𐤔𐤁𐤕𐤌	H3427	9	0.78		
𐤌𐤑𐤅𐤅𐤕	H6680	17	0.71	H4687	0.7058823529411765
𐤄𐤌𐤏𐤁𐤓	H5676	10	0.80		
𐤄𐤌𐤋𐤀𐤊𐤅𐤕	H4397	13	0.69		
𐤅𐤁𐤍𐤉𐤊𐤌	H1121	6	0.83		
𐤉𐤇𐤋𐤋	H2490	3	1.00		
𐤄𐤊𐤉𐤍𐤌	H3654	4	0.00		
𐤅𐤋𐤍𐤅𐤇	H5117	4	1.00		
𐤁𐤌𐤅𐤏𐤃	H4150	6	1.00		
𐤉𐤔𐤏𐤄	H8159	3	1.00		
𐤅𐤏𐤅𐤋𐤄	H5766	7	0.29		
𐤁𐤄𐤌𐤕𐤅	H929	5	0.60		
𐤉𐤔𐤇𐤈	H7819	6	0.67		
𐤄𐤏𐤕𐤉𐤒	H6275	11	0.27		
𐤀𐤊𐤕𐤅𐤁	H3789	3	0.33		
𐤃𐤓𐤉𐤅𐤔	H1868	50	0.90	H1867	0.9
𐤐𐤓𐤎	H6539	68	0.87	H6540	0.8676470588235294
𐤊𐤉𐤕𐤉𐤌	H3794	86	0.00		
𐤅𐤉𐤋𐤊𐤃	H3920	48	0.52		
𐤔𐤋𐤋	H7998	77	0.49	H7997	0.6363636363636364
𐤂𐤅𐤉𐤉𐤌	H1471	9	0.89		
𐤅𐤉𐤓𐤅𐤌	H7311	4	0.75		
𐤋𐤌𐤎	H4522	14	0.50	H4523	0.0
𐤔𐤓𐤉𐤅	H8269	42	0.48	H8271	0.21428571428571427
𐤂𐤃𐤋𐤅	H1431	45	0.84	H1433	0.1111111111111111
𐤅𐤉𐤌𐤅𐤕	H4191	19	0.68		
𐤅𐤉𐤉𐤓𐤔𐤅	H3423	6	0.50		
𐤌𐤃𐤉𐤍𐤅𐤕	H4082	12	0.58		
𐤁𐤓𐤀𐤔𐤌	H7218	27	0.81		
𐤅𐤄𐤓𐤏𐤅𐤕	H7451	6	0.67		
𐤔𐤅𐤓𐤔	H8328	7	0.29		
𐤏𐤓𐤅𐤁𐤄	H6160	11	0.64		
𐤅𐤌𐤀𐤄	H3967	46	0.63		
𐤌𐤀𐤇𐤓𐤉𐤄𐤌	H310	11	0.82		
𐤌𐤑𐤀𐤅𐤍𐤅	H4672	6	1.00		
𐤅𐤓𐤏𐤅𐤕	H7469	18	0.11	H7451	0.8333333333333334
𐤅𐤉𐤑𐤅𐤅𐤄	H6680	29	0.38		
𐤅𐤉𐤒𐤉𐤌𐤅	H6965	9	0.78		
𐤌𐤔𐤇𐤒	H7832	6	0.83	H4890	0.16666666666666666
𐤌𐤋𐤅	H4135	10	0.30	H4393	0.3
𐤅𐤉𐤕𐤌𐤊𐤓𐤅	H4376	3	0.00		
𐤊𐤔𐤁𐤕	H1323	5	0.20	H3427	0.8
𐤄𐤌𐤌𐤋𐤊𐤅𐤕	H4467	8	1.00		
𐤅𐤉𐤋𐤇𐤌	H3898	49	0.57		
𐤕𐤋𐤌𐤉	H8526	171	0.22	H8525	0.005847953216374269
𐤅𐤉𐤍𐤅𐤎	H5127	6	0.33		
𐤇𐤋𐤋𐤉𐤌	H2491	74	0.76	H2490	0.6351351351351351
𐤅𐤉𐤋𐤊𐤅𐤃	H3920	19	0.16		
𐤌𐤁𐤑𐤓	H4013	41	0.71	H4014	0.0
𐤅𐤉𐤁𐤅𐤆	H936	9	0.00		
𐤁𐤇𐤉𐤋	H2428	63	0.95	H2429	0.746031746031746
𐤁𐤏𐤆𐤅𐤕	H5797	20	0.70		
𐤌𐤑𐤇	H4696	5	0.20		
𐤊𐤋𐤉𐤄	H3627	8	0.38		
𐤔𐤅𐤋𐤇𐤍	H2581	6	0.17		
𐤄𐤌𐤆𐤓𐤒𐤅𐤕	H4219	3	0.67		
𐤄𐤌𐤎𐤊	H4539	4	1.00		
𐤇𐤌𐤃𐤄	H2532	11	0.36		
𐤅𐤉𐤏𐤁𐤉𐤓𐤌	H5674	5	1.00		
𐤅𐤁𐤅𐤆	H937	16	0.12		
𐤔𐤓𐤉𐤌	H8269	38	0.68	H7891	0.23684210526315788
𐤅𐤆𐤒𐤍𐤉𐤌	H2205	4	0.75		
𐤁𐤇𐤅𐤓𐤉𐤌	H970	16	0.81	H980	0.375
𐤇𐤌𐤓𐤌𐤓𐤅	H2560	3	0.33		
𐤉𐤅𐤔𐤁𐤉𐤄	H3427	68	0.91	H3143	0.08823529411764706
𐤄𐤌𐤎𐤉𐤌	H2003	40	0.00		
𐤅𐤉𐤀𐤎𐤐𐤅𐤄𐤅	H622	4	0.25		
𐤅𐤉𐤑𐤕	H3341	7	0.29		
𐤅𐤉𐤄𐤓𐤅𐤎	H2040	8	0.62		
𐤄𐤁𐤕𐤉𐤌	H1004	53	0.91	H1324	0.20754716981132076
𐤄𐤈𐤐	H2945	14	0.43	H5197	0.5714285714285714
𐤅𐤉𐤍𐤄𐤂	H5090	17	0.24		
𐤁𐤇𐤅𐤌𐤅𐤕	H2534	14	0.07		
𐤂𐤁𐤅𐤄𐤅𐤕	H1365	7	0.00		
𐤁𐤋𐤉𐤉𐤏𐤋	H1100	5	0.60		
𐤅𐤉𐤑𐤁𐤓𐤅	H6651	5	0.40		
𐤅𐤍𐤔𐤒	H5401	9	0.78	H5402	1.0
𐤓𐤊𐤅𐤔	H7399	24	0.38		
𐤄𐤏𐤁𐤉𐤓𐤅	H5674	11	0.82		
𐤄𐤌𐤑𐤅𐤃𐤄	H4686	118	0.52		
𐤕𐤇𐤕𐤌	H8478	21	0.81	H2856	0.23809523809523808
𐤋𐤔𐤌𐤄	H8047	8	0.62		
𐤊𐤁𐤅𐤃𐤄	H3520	6	0.17	H3519	0.6666666666666666
𐤇𐤓𐤐𐤕𐤄	H2781	3	0.67		
𐤑𐤉𐤅𐤄	H6716	69	0.01		
𐤎𐤐𐤓𐤉𐤌	H5612	60	0.68	H5608	0.45
𐤁𐤒𐤅𐤃𐤔	H6944	10	0.60		
𐤅𐤋𐤄𐤐𐤓	H6565	8	0.12		
𐤄𐤊𐤅𐤄𐤍𐤉𐤌	H3548	28	0.36		
𐤇𐤆𐤉𐤓	H2386	4	0.75	H2387	0.5
𐤍𐤐𐤔𐤅𐤕𐤌	H5315	3	0.67		
𐤋𐤄𐤏𐤁𐤉𐤓𐤌	H5674	4	0.75		
𐤌𐤇𐤅𐤒𐤅𐤕	H2708	4	0.50		
𐤉𐤌𐤓𐤄	H4784	9	0.56	H3236	0.0
𐤐𐤒𐤉𐤃𐤉𐤌	H6496	13	0.85		
𐤋𐤆𐤁𐤅𐤇	H2076	16	1.00		
𐤌𐤌𐤑𐤅𐤕	H4687	5	0.80		
𐤅𐤕𐤔𐤇𐤕	H7843	4	0.50		
𐤍𐤅𐤂𐤔𐤉𐤌	H5065	3	0.00		
𐤅𐤉𐤕𐤇𐤁𐤀𐤅	H2244	10	0.10		
𐤌𐤐𐤋𐤈	H4655	11	0.18	H6403	0.6363636363636364
𐤁𐤇𐤌𐤔𐤄	H2568	8	0.25		
𐤊𐤎𐤋𐤅	H3691	8	0.62	H3689	0.25
𐤌𐤔𐤅𐤌𐤌	H8074	3	0.67		
𐤐𐤕𐤇𐤉	H6607	6	1.00	H6605	0.3333333333333333
𐤁𐤉𐤕𐤌	H1004	30	0.93		
𐤄𐤔𐤅𐤌𐤓	H8104	9	0.78		
𐤄𐤉𐤊𐤅	H5221	3	0.33		
𐤁𐤇𐤅𐤃𐤔𐤅	H2320	4	0.00		
𐤄𐤁𐤌𐤄	H1116	16	0.38		
𐤅𐤄𐤍𐤔𐤉𐤌	H802	21	0.57		
𐤁𐤍𐤉𐤄𐤍	H1121	6	0.83		
𐤄𐤅𐤌𐤕𐤅	H4191	8	0.88		
𐤄𐤏𐤅𐤋𐤋𐤉𐤌	H5768	3	0.67		
𐤕𐤋𐤅	H8518	3	0.33	H3867	0.6666666666666666
𐤄𐤌𐤋𐤉𐤌	H4405	7	0.86		
𐤁𐤕𐤉𐤄𐤌	H1004	24	0.71		
𐤄𐤌𐤅𐤅𐤕	H4191	4	1.00		
𐤌𐤕𐤕𐤉𐤄𐤅	H4993	34	0.35		
𐤌𐤅𐤃𐤏𐤉𐤕	H3045	5	0.20		
𐤇𐤌𐤉𐤔𐤄	H2568	15	0.07		
𐤄𐤌𐤊𐤁𐤉	H994	13	0.00		
𐤀𐤋𐤏𐤆𐤓	H499	104	0.40		
𐤅𐤉𐤅𐤍𐤕𐤍	H3129	37	0.92		
𐤄𐤕𐤅𐤏𐤁𐤅𐤕	H8441	10	0.30		
𐤀𐤋𐤅𐤄	H433	15	0.53		
𐤁𐤊𐤐	H3709	23	0.35		
𐤋𐤆𐤓𐤀	H2214	6	0.17		
𐤄𐤅𐤁𐤋𐤅	H1892	5	0.00		
𐤊𐤋𐤕𐤄	H3615	14	0.86	H3618	0.14285714285714285
𐤄𐤃𐤓𐤄	H1926	4	1.00		
𐤍𐤄𐤐𐤊𐤄	H2015	18	0.72		
𐤔𐤃𐤅𐤃	H7703	13	0.69		
𐤅𐤔𐤌𐤌	H8034	3	0.67		
𐤁𐤂𐤃𐤉𐤄𐤌	H899	22	0.77		
𐤅𐤉𐤋𐤁𐤔𐤅	H3847	8	0.25		
𐤔𐤒	H8242	17	0.47		
𐤐𐤒𐤉𐤃𐤉	H6485	21	0.90		
𐤅𐤋𐤆𐤁𐤅𐤇	H2076	5	1.00		
𐤅𐤌𐤕𐤕𐤉𐤄𐤅	H4993	5	0.60		
𐤍𐤂𐤉𐤃	H5057	21	0.95	H5046	0.7142857142857143
𐤅𐤌𐤕𐤍𐤅𐤕	H4979	15	0.40		
𐤋𐤒𐤅𐤋𐤅	H6963	15	0.07		
𐤋𐤄𐤌𐤉𐤓	H4171	6	0.67		
𐤇𐤅𐤒𐤅𐤕	H2708	7	0.57		
𐤅𐤌𐤔𐤐𐤇𐤕𐤉	H4940	3	0.33		
𐤍𐤎𐤅𐤓	H5493	3	0.00		
𐤌𐤌𐤑𐤅𐤅𐤕	H6680	3	0.67	H4519	0.0
𐤃𐤕𐤉	H1881	3	1.00	H1882	0.3333333333333333
𐤄𐤍𐤉𐤑𐤁𐤉𐤌	H5324	3	0.67		
𐤁𐤌𐤅𐤃𐤏𐤉𐤕	H3045	4	1.00	H4519	0.0
𐤅𐤕𐤁𐤏𐤓	H1197	11	0.36		
𐤒𐤍𐤀𐤕𐤅	H7068	3	1.00		
𐤀𐤋𐤅𐤄𐤉𐤅	H1961	6	0.83	H413	1.0
𐤅𐤉𐤓𐤅𐤑	H7323	5	0.40		
𐤐𐤍𐤇𐤎	H6372	16	0.56		
𐤁𐤁𐤓𐤉𐤕𐤅	H1285	15	0.27		
𐤅𐤈𐤐𐤌	H2945	45	0.91		
𐤅𐤌𐤒𐤍𐤉𐤄𐤌	H4735	4	0.50		
𐤄𐤊𐤁𐤉𐤃𐤅	H3513	10	0.80		
𐤐𐤕𐤀𐤅𐤌	H6597	52	0.40		
𐤅𐤑𐤀𐤅	H3318	4	1.00		
𐤅𐤉𐤏𐤓𐤊𐤅	H6186	25	0.48		
𐤋𐤒𐤓𐤀𐤕𐤄	H7125	14	0.50	H7122	0.14285714285714285
𐤄𐤓𐤉𐤌𐤅	H7311	30	0.60		
𐤋𐤉𐤓𐤅𐤕	H3384	15	0.73		
𐤍𐤌𐤅𐤕𐤄	H4191	3	0.67		
𐤁𐤍𐤉𐤒𐤉𐤅𐤍	H5356	3	0.00		
𐤁𐤌𐤏𐤓𐤄	H4631	17	0.18		
𐤅𐤓𐤏𐤉𐤅	H7473	13	0.00		
𐤅𐤉𐤉𐤑𐤓	H3335	10	0.10		
𐤅𐤄𐤔𐤌𐤉𐤃𐤅𐤍𐤅	H8045	3	0.00		
𐤄𐤉𐤋𐤇𐤌	H3899	3	0.00		
𐤀𐤅𐤉𐤁𐤉𐤍𐤅	H341	32	0.16		
𐤊𐤌𐤅𐤕	H4194	9	0.44		
𐤅𐤉𐤕𐤒𐤁𐤑𐤅	H6908	40	0.42		
𐤄𐤌𐤌𐤋𐤈𐤉𐤌	H4422	3	0.00		
𐤁𐤀𐤐𐤌	H639	3	0.33		
𐤅𐤁𐤇𐤌𐤕𐤌	H2574	3	0.33		
𐤄𐤐𐤅𐤔𐤏𐤉𐤌	H6586	6	0.33		
𐤅𐤄𐤍𐤌𐤋𐤈𐤉𐤌	H4422	4	0.50		
𐤄𐤁𐤌𐤅𐤕	H1116	3	0.67		
𐤅𐤕𐤑𐤋𐤇	H6743	7	0.43		
𐤓𐤅𐤃𐤐𐤉𐤄𐤌	H7291	3	1.00		
𐤅𐤌𐤋𐤊𐤉𐤄𐤌	H4428	3	1.00		
𐤍𐤕𐤍𐤅𐤌	H5414	4	1.00		
𐤒𐤓𐤍𐤌	H7161	6	0.33		
𐤅𐤒𐤓𐤁𐤅	H7130	5	0.40	H7126	0.4
𐤅𐤒𐤍𐤀𐤅	H7065	5	0.60		
𐤐𐤉𐤍𐤇𐤎	H6372	10	0.70		
𐤒𐤍𐤀	H7067	13	0.00	H7065	0.5384615384615384
𐤅𐤋𐤍𐤂𐤉𐤃	H5057	3	0.33		
𐤄𐤌𐤋𐤅𐤊𐤄	H4410	306	0.92		
𐤄𐤔𐤌𐤉𐤉𐤌𐤄	H8064	9	0.22		
𐤌𐤉𐤔𐤀𐤋	H4332	4	0.50	H4333	0.0
𐤅𐤏𐤆𐤓𐤉𐤄	H5838	4	0.75	H5839	0.75
𐤅𐤉𐤍𐤑𐤋𐤅	H5337	5	0.60		
𐤄𐤀𐤓𐤉𐤅𐤕	H738	9	0.67		
𐤊𐤏𐤎	H3708	31	0.77	H3707	0.8709677419354839
𐤅𐤇𐤆𐤒𐤅	H2388	5	0.80		
𐤂𐤉𐤁𐤅𐤓	H1396	16	0.12		
𐤄𐤄𐤅𐤋𐤊𐤉𐤌	H1980	25	0.92		
𐤋𐤏𐤆𐤓𐤕𐤅	H5833	31	0.13		
𐤊𐤂𐤁𐤓	H1397	4	0.00		
𐤁𐤇𐤓𐤁𐤅	H2719	17	0.71		
𐤅𐤂𐤃𐤅𐤋𐤄	H1419	11	0.82	H1420	0.6363636363636364
𐤁𐤌𐤋𐤀𐤊𐤕𐤅	H4399	3	0.33		
𐤁𐤉𐤏𐤓	H3293	5	0.80		
𐤋𐤈𐤓𐤐	H2964	5	0.20	H2963	0.4
𐤁𐤆𐤏𐤌	H2195	5	0.40		
𐤍𐤔𐤒𐤅	H5401	14	0.29		
𐤐𐤇𐤃𐤅	H6342	53	0.75	H6343	0.9056603773584906
𐤅𐤓𐤂𐤆𐤅	H7264	5	0.40		
𐤄𐤆𐤃𐤉𐤌	H2086	5	0.00		
𐤌𐤐𐤇𐤃𐤅	H6343	4	1.00		
𐤋𐤀𐤅𐤌𐤉𐤌	H3816	5	0.40		
𐤓𐤔𐤏𐤉	H7563	5	1.00		
𐤄𐤆𐤏𐤉𐤒	H2199	3	1.00		
𐤅𐤌𐤀𐤍𐤔𐤉	H376	7	0.71		
𐤅𐤄𐤔𐤓𐤉𐤃𐤉𐤌	H8300	4	0.50		
𐤁𐤓𐤇𐤅	H1272	61	0.61		
𐤔𐤋𐤋𐤌	H7998	9	0.44		
𐤅𐤉𐤇𐤂𐤅𐤓	H2296	3	0.33		
𐤅𐤉𐤀𐤎𐤅𐤓	H631	5	0.20		
𐤓𐤊𐤁𐤅	H7393	4	0.25	H7392	0.25
𐤅𐤇𐤉𐤋	H2428	18	0.94	H2426	0.7222222222222222
𐤁𐤌𐤕𐤉	H1116	13	0.31	H4962	0.6153846153846154
𐤍𐤏𐤌𐤅𐤃	H5975	6	0.67		
𐤄𐤍𐤅𐤓𐤀	H3372	20	0.65		
𐤄𐤉𐤃	H3027	16	1.00		
𐤕𐤒𐤑𐤓	H7114	3	0.00		
𐤁𐤅𐤈𐤇𐤉𐤌	H982	7	0.14		
𐤄𐤌𐤅𐤍𐤌	H1995	21	0.76		
𐤇𐤉𐤋𐤌	H2428	19	0.95	H2431	0.42105263157894735
𐤍𐤔𐤉𐤍𐤅	H802	10	0.60		
𐤅𐤈𐤐𐤍𐤅	H2945	4	0.75		
𐤅𐤋𐤁𐤅𐤆	H937	10	0.50		
𐤋𐤏𐤉𐤍𐤉𐤍𐤅	H5869	10	0.60		
𐤅𐤉𐤓𐤃𐤐𐤌	H7291	8	0.50		
𐤄𐤏𐤓𐤁𐤄	H6160	7	0.57	H1026	0.0
𐤅𐤕𐤉𐤐𐤅𐤋	H5307	11	0.73		
𐤀𐤆𐤍𐤉	H241	10	0.50	H244	0.1
𐤇𐤌𐤕𐤅	H2534	52	0.62		
𐤀𐤅𐤑𐤓𐤅	H214	5	0.40		
𐤕𐤓𐤅𐤌𐤅𐤕	H8641	4	0.75		
𐤄𐤒𐤃𐤌𐤅𐤍𐤉𐤅𐤕	H6931	6	0.50		
𐤌𐤍𐤔𐤅𐤀	H7723	6	0.33	H4480	1.0
𐤋𐤄𐤓𐤉𐤌	H7311	28	0.75	H2022	0.42857142857142855
𐤋𐤐𐤒𐤉𐤃	H6485	13	0.38		
𐤋𐤂𐤃𐤋𐤅	H1431	7	0.57		
𐤍𐤊𐤓𐤉𐤄	H5237	27	0.70		
𐤅𐤋𐤄𐤔𐤌𐤉𐤃	H8045	6	0.67		
𐤅𐤋𐤄𐤊𐤓𐤉𐤕	H3772	6	0.67		
𐤆𐤊𐤓𐤌	H2143	7	0.86		
𐤋𐤄𐤅𐤔𐤉𐤁	H3427	5	0.80		
𐤇𐤉𐤋𐤅	H2428	190	0.92	H2342	0.8315789473684211
𐤄𐤁𐤉𐤓𐤄	H1002	59	0.32		
𐤄𐤏𐤋𐤉𐤅𐤍𐤅𐤕	H5945	9	0.67		
𐤌𐤍𐤊𐤁𐤃𐤉	H3519	12	0.58	H4480	0.75
𐤋𐤔𐤇𐤕𐤄	H7843	3	0.67		
𐤄𐤌𐤇𐤍𐤄	H4264	132	0.76		
𐤅𐤉𐤇𐤍𐤅	H2583	42	0.60		
𐤁𐤏𐤓𐤁𐤄	H6160	10	0.80		
𐤔𐤁𐤅𐤉𐤉	H942	12	0.08		
𐤁𐤐𐤓𐤑	H6556	10	0.40		
𐤄𐤉𐤉𐤕𐤄	H1961	26	0.23		
𐤔𐤌𐤌𐤄	H8077	20	0.45	H8074	0.85
𐤁𐤌𐤑𐤐𐤄	H4709	4	0.25		
𐤇𐤐𐤔𐤅	H2664	6	0.50		
𐤐𐤎𐤉𐤋𐤉	H6456	4	0.00		
𐤄𐤊𐤄𐤅𐤍𐤄	H3550	60	0.83		
𐤄𐤌𐤏𐤔𐤓𐤅𐤕	H4643	9	0.56		
𐤌𐤒𐤃𐤔𐤊	H4720	3	0.33		
𐤁𐤅𐤔𐤕	H8352	12	0.83		
𐤋𐤊𐤋𐤅𐤕𐤍𐤅	H3615	5	0.80		
𐤍𐤊𐤇𐤃	H3582	6	0.83		
𐤕𐤅𐤔𐤉𐤏𐤍𐤅	H3467	3	0.33		
𐤅𐤉𐤕𐤒𐤏𐤅	H8628	10	0.60		
𐤁𐤔𐤅𐤐𐤓𐤅𐤕	H7782	10	0.50		
𐤁𐤌𐤇𐤍𐤄	H4264	52	0.69		
𐤇𐤍𐤊𐤅	H2596	3	0.00		
𐤀𐤓𐤔	H781	5	1.00		
𐤋𐤒𐤇𐤄	H3947	26	0.58	H3948	0.4230769230769231
𐤇𐤋𐤋𐤅	H2490	11	0.45		
𐤄𐤕𐤒𐤃𐤔𐤅	H6942	4	0.50		
𐤄𐤕𐤒𐤁𐤑𐤅	H6908	11	0.55		
𐤌𐤒𐤃𐤔𐤍𐤅	H4720	12	0.83		
𐤋𐤄𐤕𐤍𐤐𐤋	H5307	5	0.80		
𐤁𐤀𐤌𐤄	H520	3	0.00	H517	0.3333333333333333
𐤁𐤏𐤅𐤃𐤌	H1157	13	0.77		
𐤍𐤎𐤉𐤌	H5127	7	0.86		
𐤅𐤔𐤓𐤉𐤅𐤍𐤅𐤕	H8302	3	0.33		
𐤅𐤇𐤓𐤁𐤅𐤕	H2723	4	0.25		
𐤌𐤇𐤎𐤅𐤓𐤌	H4270	3	0.33		
𐤔𐤓𐤉𐤅𐤍	H8302	11	0.82		
𐤌𐤋𐤅𐤌𐤃𐤉	H3925	4	0.25		
𐤊𐤅𐤇𐤌	H2527	14	0.00		
𐤄𐤑𐤉𐤋𐤌	H5337	8	0.88		
𐤁𐤓𐤊𐤁𐤅	H7393	5	0.60		
𐤑𐤓𐤅𐤕𐤉𐤅	H6869	6	0.17		
𐤍𐤅𐤎𐤏𐤉𐤌	H5265	8	0.38		
𐤁𐤌𐤏𐤓𐤊𐤄	H4634	65	0.77		
𐤕𐤅𐤒𐤏𐤉𐤌	H8628	3	0.67		
𐤄𐤍𐤇𐤔𐤋𐤉𐤌	H2826	7	0.00		
𐤅𐤉𐤃𐤋𐤒𐤅	H1814	5	0.00		
𐤇𐤑𐤓𐤅𐤍	H2696	6	0.67		
𐤀𐤔𐤃𐤅𐤃	H795	16	0.12		
𐤅𐤉𐤁𐤍𐤄	H1129	13	0.69		
𐤊𐤔𐤋𐤅𐤔𐤕	H7969	6	0.33		
𐤌𐤓𐤃𐤅𐤐	H7291	4	0.75		
𐤄𐤉𐤔𐤌𐤓𐤅	H8104	3	0.33		
𐤂𐤃𐤅𐤃	H1416	44	0.82		
𐤏𐤅𐤌𐤃𐤉𐤌	H5975	45	0.80		
𐤏𐤅𐤓𐤐	H6203	26	0.23		
𐤅𐤁𐤂𐤃𐤉	H899	8	0.25		
𐤕𐤊𐤋𐤕	H8504	16	0.94		
𐤅𐤓𐤊𐤅𐤔	H7399	3	0.67		
𐤀𐤓𐤑𐤌	H776	89	0.84	H7521	0.651685393258427
𐤁𐤔𐤉𐤓𐤉𐤌	H7311	5	0.20		
𐤅𐤄𐤂𐤅𐤉𐤉𐤌	H1471	3	0.67		
𐤅𐤉𐤕𐤏𐤋𐤐	H5968	3	0.00		
𐤊𐤔𐤋	H3782	18	0.56		
𐤋𐤕𐤒𐤅𐤐𐤕	H8622	16	0.44		
𐤅𐤇𐤌𐤔𐤕	H2568	16	0.56		
𐤓𐤅𐤊𐤁𐤉𐤌	H7392	5	0.00		
𐤁𐤎𐤅𐤎𐤉𐤌	H5483	5	0.20		
𐤌𐤇𐤍𐤄𐤅	H4264	47	0.83		
𐤅𐤉𐤇𐤍	H2583	42	0.83	H2603	0.6666666666666666
𐤉𐤅𐤍𐤕𐤍	H3129	269	0.94		
𐤊𐤋𐤉𐤅	H3627	26	0.62		
𐤅𐤄𐤌𐤅𐤍𐤌	H1995	3	0.00		
𐤌𐤅𐤓𐤊	H4816	4	0.50		
𐤅𐤄𐤐𐤋	H5307	3	0.67		
𐤉𐤆𐤌𐤓𐤅	H2167	4	0.50		
𐤔𐤉𐤓𐤉	H7892	4	0.25		
𐤅𐤉𐤕𐤂𐤓	H1481	3	0.00		
𐤅𐤉𐤍𐤂𐤐	H5062	14	0.14		
𐤋𐤀𐤎𐤅𐤐	H622	34	0.82		
𐤌𐤁𐤓𐤀𐤔𐤅𐤍𐤄	H7223	15	0.93		
𐤅𐤋𐤑𐤀𐤕	H3318	15	0.93		
𐤍𐤉𐤂𐤐	H5062	3	0.00		
𐤇𐤅𐤋𐤋	H2491	3	1.00		
𐤔𐤓𐤅𐤐𐤅𐤕	H8313	5	0.40		
𐤂𐤁𐤅𐤋𐤅	H1366	7	0.71		
𐤁𐤇𐤑𐤅𐤑𐤓𐤅𐤕	H2689	9	0.67		
𐤅𐤕𐤏𐤋	H5927	19	0.68		
𐤌𐤀𐤍𐤔𐤉𐤅	H376	21	0.81		
𐤍𐤈𐤌𐤀𐤅	H2930	10	0.50		
𐤀𐤋𐤅𐤄𐤉𐤄𐤌	H430	14	0.36		
𐤋𐤈𐤄𐤓	H2891	19	0.74	H2892	0.15789473684210525
𐤅𐤋𐤄𐤔𐤋𐤉𐤊	H7993	3	0.33		
𐤐𐤋𐤅𐤍𐤉	H6423	4	0.00	H6397	0.0
𐤐𐤓𐤑𐤉	H6557	6	0.00	H6558	0.0
𐤅𐤉𐤇𐤈𐤀𐤅	H2398	4	1.00		
𐤅𐤉𐤇𐤃𐤔𐤅	H2318	5	0.60		
𐤄𐤒𐤈𐤅𐤓𐤕	H6999	3	1.00		
𐤄𐤔𐤅𐤋𐤇𐤍	H7979	3	0.33		
𐤄𐤀𐤓𐤅𐤍	H727	55	0.98		
𐤁𐤕𐤇𐤉𐤋𐤄	H8462	12	0.25		
𐤏𐤅𐤋𐤅𐤕	H5930	25	0.76		
𐤈𐤌𐤀𐤅	H2930	4	0.00		
𐤏𐤅𐤆	H5797	40	0.70	H5810	0.3
𐤅𐤕𐤔𐤅𐤏𐤄	H8668	3	0.00		
𐤅𐤉𐤇𐤅𐤂𐤅	H2287	5	0.40		
𐤇𐤍𐤅𐤊𐤕	H2598	6	0.67		
𐤁𐤏𐤈𐤓𐤅𐤕	H5852	3	0.67		
𐤋𐤔𐤊𐤅𐤕	H3957	3	0.33		
𐤇𐤓𐤐𐤕	H2781	15	0.53	H2778	0.4666666666666667
𐤋𐤇𐤅𐤂	H2291	11	0.18		
𐤁𐤄𐤋𐤋	H1984	4	0.25		
𐤂𐤁𐤅𐤄𐤉𐤌	H1354	4	0.00		
𐤊𐤁𐤓𐤀𐤔𐤅𐤍𐤄	H7223	23	0.52		
𐤌𐤑𐤁	H4673	47	0.55	H5324	0.6808510638297872
𐤋𐤌𐤁𐤑𐤓	H6862	7	0.71		
𐤋𐤀𐤃𐤅𐤌	H123	4	0.50		
𐤁𐤉𐤄𐤅𐤃𐤉𐤌	H3064	35	0.00		
𐤁𐤂𐤁𐤅𐤋𐤌	H1366	3	0.67		
𐤅𐤉𐤌𐤉𐤕𐤅𐤌	H4191	7	0.86		
𐤁𐤌𐤏𐤋𐤄	H4608	21	0.57		
𐤇𐤍𐤅	H2583	22	0.86	H2603	0.5
𐤐𐤔𐤏𐤌	H6588	6	0.17		
𐤅𐤉𐤑𐤁𐤀	H6634	4	0.00		
𐤄𐤌𐤂𐤃𐤋𐤉𐤌	H4026	59	0.88		
𐤇𐤌𐤅𐤔𐤉𐤌	H2572	14	0.00		
𐤑𐤁𐤀𐤌	H6635	19	0.74		
𐤁𐤍𐤅𐤕𐤉𐤄	H1323	8	0.25		
𐤁𐤀𐤓𐤑𐤌	H776	34	0.71		
𐤋𐤊𐤋𐤅𐤕𐤌	H3615	4	1.00		
𐤑𐤓𐤉𐤌	H6697	15	0.47	H6862	0.8
𐤄𐤌𐤁𐤑𐤓	H4013	81	0.80		
𐤌𐤀𐤇𐤉𐤍𐤅	H251	6	0.50		
𐤍𐤔𐤉𐤄𐤌	H802	73	0.55		
𐤄𐤅𐤋𐤉𐤊𐤅	H1980	18	0.94		
𐤒𐤅𐤓𐤀𐤉𐤌	H7121	29	0.86		
𐤄𐤌𐤊𐤕𐤁	H4385	46	0.87		
𐤒𐤓𐤅𐤏𐤉𐤌	H7168	5	0.00		
𐤌𐤏𐤊𐤅	H4600	6	0.00		
𐤏𐤆𐤓𐤉𐤄	H5838	14	0.64	H5839	0.6428571428571429
𐤋𐤔𐤌𐤓𐤄	H8104	8	0.75		
𐤔𐤅𐤁𐤉	H7725	6	0.83	H7617	0.3333333333333333
𐤀𐤁𐤉𐤓𐤉	H47	3	0.33		
𐤏𐤊𐤅	H5910	66	0.05		
𐤅𐤉𐤐𐤂𐤔𐤅	H6298	5	0.40		
𐤍𐤁𐤅	H5015	3	0.00	H5562	0.0
𐤅𐤁𐤇𐤔𐤁𐤅𐤍	H2809	3	0.00		
𐤅𐤁𐤑𐤅𐤓𐤅𐤕	H6697	3	0.33		
𐤄𐤌𐤁𐤑𐤓𐤉𐤌	H6862	24	0.38	H4519	0.041666666666666664
𐤁𐤑𐤓	H6862	21	0.52	H1219	0.7619047619047619
𐤆𐤊𐤅𐤓𐤄	H2138	3	0.67		
𐤔𐤋𐤋𐤄	H7998	5	0.40		
𐤄𐤑𐤉𐤕	H3341	5	0.80		
𐤅𐤁𐤏𐤅𐤃	H5750	40	0.93	H1157	0.85
𐤅𐤋𐤕𐤐𐤔𐤅	H8610	7	0.57		
𐤄𐤕𐤓𐤅𐤏𐤄	H8643	3	1.00		
𐤅𐤉𐤏𐤅𐤓𐤓	H6185	3	0.00		
𐤅𐤉𐤇𐤑	H2673	6	0.33		
𐤕𐤒𐤏𐤅	H8628	17	0.82		
𐤅𐤉𐤕𐤂𐤓𐤅	H1624	5	0.20		
𐤌𐤀𐤇𐤅𐤓	H268	14	0.93		
𐤁𐤏𐤒𐤁𐤌	H6119	5	0.00		
𐤋𐤕𐤅𐤓	H8446	13	0.69		
𐤇𐤅𐤍𐤉𐤌	H2600	13	0.38	H2583	0.6923076923076923
𐤉𐤉𐤓𐤀	H3372	9	0.78		
𐤌𐤂𐤔𐤕	H5066	7	1.00		
𐤅𐤕𐤇𐤕𐤉𐤅	H8478	6	0.50		
𐤅𐤉𐤑𐤂	H3322	3	0.00		
𐤔𐤅𐤈𐤓𐤉	H7860	4	0.00		
𐤋𐤄𐤉𐤌𐤋𐤈	H4422	9	0.22		
𐤄𐤉𐤎𐤅𐤃	H3247	26	0.46		
𐤋𐤄𐤕𐤉𐤉𐤑𐤁	H3320	8	0.50		
𐤁𐤂𐤋𐤏𐤃	H1568	5	1.00		
𐤅𐤁𐤑𐤅𐤓𐤄	H6697	7	0.71		
𐤅𐤉𐤎𐤂𐤓𐤅	H5462	8	0.88		
𐤌𐤁𐤅𐤀𐤉	H935	8	0.88	H3996	0.75
𐤏𐤓𐤐𐤌	H6203	9	0.44		
𐤋𐤏𐤓𐤅𐤊	H6186	15	0.53		
𐤌𐤏𐤓𐤊𐤄	H4634	15	0.80		
𐤃𐤂𐤋𐤅	H1714	3	0.00		
𐤅𐤉𐤋𐤇𐤌𐤅	H3898	59	0.44		
𐤕𐤋	H8510	3	0.00	H8518	0.0
𐤐𐤂𐤓𐤉	H6297	11	0.45		
𐤍𐤏𐤃𐤓	H5737	9	0.00		
𐤔𐤅𐤁𐤌	H7725	11	1.00		
𐤍𐤋𐤇𐤌𐤄	H3898	4	0.50		
𐤋𐤄𐤉𐤇𐤋𐤑	H2502	4	0.50		
𐤅𐤉𐤐𐤒𐤃𐤅	H6485	5	0.80		
𐤅𐤂𐤃𐤋𐤄	H1419	7	1.00		
𐤔𐤌𐤏𐤌	H8088	12	0.50		
𐤅𐤉𐤄𐤓𐤎𐤅	H2040	6	0.83		
𐤔𐤅𐤌𐤓𐤅𐤍	H4784	36	0.58		
𐤄𐤌𐤆𐤁𐤇𐤅𐤕	H4196	6	0.67		
𐤋𐤋𐤊𐤃𐤄	H3920	8	0.62		
𐤍𐤆𐤄𐤓𐤅	H2094	5	0.40		
𐤌𐤒𐤅𐤃𐤌	H6924	9	0.78		
𐤅𐤉𐤓𐤃𐤐𐤅𐤄𐤅	H7291	4	1.00		
𐤅𐤆𐤏𐤐	H2198	6	0.17		
𐤊𐤋𐤉𐤋	H3632	58	0.79	H3915	0.4482758620689655
𐤄𐤌𐤇𐤍𐤅𐤕	H4264	18	0.72		
𐤄𐤒𐤉𐤌𐤅𐤕	H6965	3	0.67		
𐤕𐤒𐤅𐤕𐤅	H8615	18	0.72		
𐤌𐤀𐤐𐤎	H657	4	0.75		
𐤔𐤍𐤕𐤉	H8142	4	0.50	H8141	0.0
𐤋𐤌𐤔𐤇𐤉𐤕	H4889	3	1.00		
𐤌𐤇𐤅𐤍𐤍	H2603	3	0.67		
𐤁𐤓𐤅𐤁	H7230	7	0.43		
𐤊𐤅𐤇𐤉	H2425	3	0.00		
𐤑𐤁𐤀𐤅𐤕𐤉𐤉	H6635	3	0.33		
𐤋𐤄𐤔𐤌𐤉𐤃	H8045	26	0.38		
𐤌𐤀𐤅𐤄𐤁𐤉𐤅	H157	12	0.83		
𐤅𐤉𐤌𐤎𐤅𐤓	H4560	5	0.60		
𐤄𐤊𐤕𐤓	H3804	9	0.78		
𐤄𐤋𐤁𐤅𐤔	H3830	5	0.80		
𐤅𐤉𐤐𐤒𐤉𐤃𐤄𐤅	H6485	4	0.75		
𐤅𐤉𐤌𐤋𐤊	H4427	37	0.92	H3230	0.3783783783783784
𐤅𐤉𐤂𐤉𐤔𐤅	H5066	3	0.67		
𐤌𐤐𐤑	H4661	4	0.25	H4660	0.0
𐤅𐤌𐤔𐤇𐤉𐤕	H7843	3	0.67		
𐤁𐤌𐤑𐤅𐤃𐤄	H4686	11	0.64	H4685	0.6363636363636364
𐤋𐤄𐤍𐤒𐤌	H5358	27	0.74		
𐤄𐤍𐤅𐤐𐤋	H5307	7	1.00		
𐤋𐤁𐤆	H957	50	0.68	H962	0.78
𐤁𐤑𐤓𐤅	H6862	5	0.40		
𐤄𐤓𐤊𐤁	H7393	8	0.50	H7392	0.625
𐤄𐤓𐤂𐤋𐤉	H7272	6	0.83		
𐤁𐤔𐤊𐤓	H7941	14	0.14		
𐤅𐤉𐤑𐤁𐤀𐤅	H6633	3	0.67		
𐤅𐤉𐤐𐤓𐤑𐤅	H6555	6	0.83		
𐤌𐤔𐤇𐤉𐤕𐤌	H7843	3	0.00		
𐤅𐤉𐤌𐤔𐤅𐤊	H4902	6	0.17		
𐤌𐤏𐤓𐤊𐤅𐤕𐤉𐤅	H4634	4	0.75		
𐤂𐤃𐤅𐤃𐤉	H1416	29	0.66	H1418	0.0
𐤔𐤓𐤉𐤅𐤍𐤅𐤕	H8302	3	0.67		
𐤍𐤇𐤅𐤔𐤕	H5178	31	0.77		
𐤄𐤅𐤋𐤊𐤉𐤌	H1980	57	0.81		
𐤋𐤌𐤇𐤎𐤄	H4268	14	0.57		
𐤄𐤑𐤉𐤂𐤅	H3322	7	0.29		
𐤌𐤂𐤉𐤍𐤉	H4043	5	0.40		
𐤅𐤄𐤍𐤇𐤅𐤔𐤕	H5153	3	0.33		
𐤅𐤌𐤓𐤀𐤉𐤄𐤌	H4758	4	0.50		
𐤁𐤔𐤐𐤋𐤄	H8219	5	0.40		
𐤑𐤋𐤋𐤅	H6749	5	0.40	H6750	0.6
𐤌𐤒𐤅𐤋	H6963	17	0.18		
𐤅𐤌𐤒𐤅𐤋	H6963	3	0.00		
𐤌𐤌𐤇𐤍𐤄	H4264	9	1.00		
𐤅𐤇𐤓𐤁𐤅	H2719	6	0.50	H2717	0.3333333333333333
𐤅𐤉𐤑𐤓	H6696	52	0.60	H6887	0.46153846153846156
𐤋𐤄𐤔𐤇𐤉𐤕𐤅	H7843	5	0.60		
𐤒𐤋𐤏𐤉𐤌	H7050	3	0.00	H7051	0.0
𐤋𐤌𐤅𐤋𐤌	H4136	4	1.00		
𐤅𐤉𐤕𐤉𐤉𐤑𐤁𐤅	H3320	6	0.50		
𐤄𐤔𐤌𐤈𐤄	H8059	4	0.00		
𐤀𐤆𐤋	H236	4	0.00	H235	0.75
𐤌𐤊𐤋𐤉	H3627	5	0.80		
𐤄𐤍𐤌𐤋𐤈𐤉𐤌	H4422	27	0.52		
𐤅𐤁𐤇𐤅𐤎𐤓	H2640	5	0.40		
𐤋𐤌𐤒𐤅𐤌𐤌	H4725	3	0.67		
𐤅𐤄𐤇𐤆𐤉𐤒	H2388	8	0.62		
𐤁𐤌𐤌𐤋𐤊𐤄	H4467	21	0.95		
𐤅𐤄𐤌𐤒𐤅𐤌	H4725	11	1.00		
𐤊𐤌𐤔𐤐𐤈𐤌	H4941	18	0.61		
𐤅𐤉𐤏𐤍𐤅𐤄𐤅	H5869	10	0.50		
𐤅𐤉𐤐𐤓	H6565	13	0.46	H6509	0.38461538461538464
𐤔𐤋𐤅𐤌𐤅	H8003	8	0.62		
𐤁𐤁𐤉𐤓𐤄	H3384	6	0.50		
𐤅𐤉𐤒𐤇𐤄	H3947	18	0.39		
𐤀𐤃𐤉𐤓	H117	18	0.44		
𐤀𐤋𐤉𐤒𐤉𐤌	H471	17	0.53		
𐤎𐤅𐤐𐤓𐤉𐤌	H5608	7	0.86		
𐤊𐤌𐤉𐤌	H4325	7	0.29		
𐤒𐤅𐤁𐤓	H6912	7	0.14		
𐤅𐤏𐤃𐤕𐤅	H5712	3	0.67		
𐤅𐤉𐤍𐤒𐤌	H5358	5	0.80		
𐤀𐤓𐤁	H693	13	0.15	H7235	0.8461538461538461
𐤁𐤌𐤀𐤓𐤁	H3993	15	0.80		
𐤁𐤑𐤃𐤉𐤄	H6660	4	0.00		
𐤍𐤅𐤃𐤏𐤄	H3045	11	0.91		
𐤕𐤎𐤂𐤉𐤓𐤅	H5462	3	0.67		
𐤁𐤇𐤓𐤉	H2750	6	0.50	H979	0.0
𐤓𐤑𐤉𐤕	H7521	6	0.83		
𐤋𐤏𐤌𐤊	H5971	10	0.50		
𐤍𐤒𐤌𐤕𐤊	H5360	4	0.25		
𐤇𐤓𐤐𐤕𐤌	H2781	8	0.38	H2778	0.125
𐤎𐤍𐤇𐤓𐤉𐤁	H5576	23	0.48		
𐤌𐤋𐤀𐤊𐤊	H4397	3	0.67		
𐤁𐤇𐤉𐤋𐤅	H2428	7	0.86		
𐤊𐤁𐤅𐤃𐤊	H3519	16	0.75		
𐤄𐤍𐤔𐤒	H5402	39	0.74		
𐤂𐤆𐤓	H1507	55	0.13	H1504	0.36363636363636365
𐤁𐤂𐤀𐤅𐤍	H1347	7	0.14		
𐤅𐤕𐤔𐤒𐤅𐤈	H8252	3	0.67		
𐤅𐤍𐤅𐤕𐤍𐤉𐤌	H5414	7	0.86		
𐤄𐤊𐤍𐤉𐤏𐤅	H3665	11	0.45		
𐤄𐤍𐤇𐤅𐤔𐤕	H5178	8	0.62		
𐤄𐤓𐤇𐤅𐤒𐤅𐤕	H7368	3	0.33		
𐤅𐤋𐤁𐤍𐤅	H1121	3	1.00		
𐤅𐤎𐤅𐤎	H5483	8	0.12		
𐤌𐤉𐤈𐤁	H4315	5	0.60		
𐤅𐤉𐤍𐤄𐤂𐤅	H5090	4	0.25		
𐤈𐤐𐤌	H2945	14	0.93		
𐤄𐤔𐤌𐤉𐤃𐤅	H8045	7	0.00		
𐤀𐤉𐤉	H339	6	0.50		
𐤅𐤄𐤓𐤇𐤅𐤒𐤉𐤌	H7350	4	1.00		
𐤐𐤇𐤃𐤌	H6343	9	0.89		
𐤁𐤓𐤉𐤕𐤌	H1285	17	0.47		
𐤅𐤄𐤅𐤒𐤌	H6965	4	0.75		
𐤉𐤁𐤇𐤓𐤅	H977	10	0.90		
𐤋𐤍𐤂𐤉𐤃	H5057	5	1.00		
𐤓𐤂𐤋𐤌	H7272	4	0.50		
𐤁𐤓𐤉𐤕𐤊𐤌	H1285	3	0.67		
𐤊𐤕𐤁𐤅	H3789	49	0.33	H3790	0.2653061224489796
𐤁𐤓𐤊𐤕𐤅	H1293	6	0.00		
𐤅𐤋𐤏𐤌	H5971	12	1.00		
𐤕𐤏𐤁𐤅𐤓	H5674	10	0.70		
𐤀𐤅𐤉𐤁𐤉	H341	10	0.10		
𐤁𐤍𐤔𐤒	H5402	16	0.94		
𐤋𐤏𐤆𐤓𐤕𐤌	H5833	22	0.05		
𐤊𐤇𐤐𐤑𐤌	H2654	3	0.67		
𐤁𐤓𐤉𐤕𐤍𐤅	H1285	9	0.56		
𐤋𐤑𐤏𐤅𐤒	H6817	9	0.44		
𐤌𐤐𐤋𐤕	H4658	24	0.25		
𐤌𐤁𐤇𐤓	H4005	13	0.38	H4006	0.15384615384615385
𐤄𐤂𐤋𐤂𐤋	H1537	7	0.14	H1534	0.0
𐤅𐤉𐤋𐤊𐤃𐤅𐤄	H3920	4	0.25		
𐤍𐤐𐤅𐤑	H6327	9	0.67	H5310	0.6666666666666666
𐤅𐤄𐤌𐤋𐤇𐤌𐤄	H4421	10	1.00		
𐤅𐤉𐤐𐤂	H6313	5	0.00		
𐤃𐤋	H1800	20	0.45	H1817	0.15
𐤅𐤌𐤕𐤍𐤅	H4191	7	0.29		
𐤄𐤒𐤔𐤕	H7198	7	0.29	H7185	0.42857142857142855
𐤅𐤄𐤒𐤋𐤏𐤉𐤌	H7050	5	0.20		
𐤅𐤄𐤐𐤓𐤔𐤉𐤌	H6571	3	0.33		
𐤏𐤁𐤓𐤉𐤄𐤌	H5676	5	0.60		
𐤅𐤕𐤓𐤏𐤔	H7493	9	0.33		
𐤔𐤀𐤅𐤍	H7588	7	0.86		
𐤕𐤅𐤒𐤐	H5362	4	0.75		
𐤄𐤇𐤋𐤋𐤉𐤌	H2491	39	0.82		
𐤂𐤅𐤐𐤕	H1480	7	0.86		
𐤅𐤉𐤒𐤅𐤍𐤍𐤅	H6969	3	1.00		
𐤂𐤁𐤅𐤋𐤅𐤕	H1367	23	0.74		
𐤅𐤉𐤇𐤐𐤔𐤅	H2664	4	0.50		
𐤍𐤄𐤉𐤉𐤕𐤄	H1961	4	1.00		
𐤀𐤅𐤄𐤁𐤉	H157	47	0.70		
𐤌𐤊𐤐	H3709	19	0.16		
𐤃𐤅𐤓𐤔𐤉	H1875	5	0.20		
𐤁𐤇𐤓𐤍𐤅	H2771	3	0.00		
𐤌𐤋𐤇𐤌𐤅𐤕𐤉𐤍𐤅	H4421	3	0.67		
𐤋𐤉𐤅𐤍𐤕𐤍	H3129	18	0.89		
𐤄𐤍𐤋𐤅𐤅𐤉𐤌	H3867	4	0.00		
𐤕𐤒𐤅𐤏	H8620	5	0.60	H8628	1.0
𐤁𐤕𐤐𐤀𐤓𐤕	H8597	12	0.42		
𐤁𐤕𐤅𐤐𐤉𐤌	H8596	5	0.00		
𐤅𐤁𐤍𐤁𐤋𐤉𐤌	H5035	3	0.33		
𐤅𐤁𐤄𐤌𐤅𐤍	H1995	8	0.50		
𐤄𐤌𐤅𐤋𐤄	H1999	4	0.25		
𐤄𐤌𐤀𐤓𐤁	H3993	7	0.43		
𐤅𐤕𐤄𐤐𐤊	H2015	6	0.83		
𐤊𐤕𐤌𐤅𐤋	H8543	5	0.60		
𐤔𐤋𐤔𐤅𐤌	H8032	14	0.64		
𐤌𐤐𐤍𐤉𐤌	H6440	10	1.00		
𐤅𐤌𐤀𐤇𐤅𐤓	H268	6	1.00		
𐤋𐤍𐤅𐤎	H5127	39	0.85		
𐤀𐤅𐤉𐤁𐤉𐤊𐤌	H1	13	0.54		
𐤕𐤌𐤍𐤄	H8553	7	0.14	H4487	0.14285714285714285
𐤅𐤁𐤓𐤉𐤇	H1280	4	0.00	H1282	0.25
𐤋𐤄𐤑𐤓	H6862	4	0.50		
𐤍𐤔𐤉𐤀𐤉	H5387	18	0.83		
𐤅𐤉𐤃	H3027	17	0.82		
𐤁𐤑𐤉𐤓𐤉𐤌	H1219	3	0.00		
𐤅𐤇𐤁𐤋𐤉𐤌	H2256	3	1.00		
𐤋𐤕𐤐𐤅𐤔	H8610	39	0.44		
𐤅𐤕𐤉𐤔𐤀𐤓	H7604	4	0.25		
𐤕𐤐𐤅𐤔	H8610	5	0.80		
𐤁𐤔𐤍	H1316	3	0.00	H8127	0.0
𐤁𐤀𐤅𐤄𐤋𐤉𐤄𐤌	H168	3	0.67		
𐤅𐤉𐤑𐤉𐤕𐤅	H3341	8	0.50		
𐤄𐤔𐤁𐤅𐤉𐤉𐤌	H3427	21	0.52		
𐤐𐤒𐤅𐤃	H6489	6	0.33		
𐤉𐤐𐤒𐤅𐤃	H6485	9	0.56		
𐤄𐤏𐤓𐤅𐤁𐤄	H6160	5	0.40		
𐤅𐤁𐤀𐤆𐤍𐤉	H241	6	1.00		
𐤅𐤉𐤌𐤎	H4549	6	0.33		
𐤋𐤀𐤁𐤅𐤕𐤉𐤄𐤌	H1	14	0.64		
𐤋𐤄𐤒𐤉𐤐	H5362	15	0.80		
𐤂𐤆𐤉𐤕	H1496	9	0.33		
𐤌𐤒𐤅𐤌𐤅	H4725	17	0.71		
𐤄𐤍𐤎𐤅𐤂𐤉𐤌	H5472	3	1.00		
𐤄𐤕𐤋𐤀𐤄	H8513	12	0.33		
𐤄𐤍𐤌𐤑𐤀	H4672	49	0.88		
𐤉𐤒𐤓𐤕	H3368	4	0.25	H3365	0.25
𐤅𐤀𐤅𐤄𐤁	H157	18	0.83		
𐤍𐤆𐤓	H5145	16	0.38		
𐤋𐤃𐤓𐤅𐤔	H1875	17	0.35		
𐤈𐤅𐤁𐤕𐤉	H2896	4	0.75		
𐤁𐤉𐤒𐤓	H3366	7	0.43		
𐤅𐤄𐤎𐤓	H5493	3	0.33		
𐤄𐤇𐤑𐤉	H2678	9	0.00	H2677	0.6666666666666666
𐤅𐤄𐤅𐤎𐤓	H5493	3	0.33		
𐤄𐤍𐤐𐤅𐤕	H5130	6	0.33		
𐤁𐤔𐤅𐤌𐤓𐤅𐤍	H8111	10	0.80		
𐤅𐤁𐤂𐤋𐤉𐤋	H1551	5	0.00		
𐤕𐤓𐤅𐤌𐤄	H8641	10	0.50		
𐤅𐤌𐤏𐤔𐤓	H4643	4	0.50		
𐤉𐤅𐤓𐤌	H3141	19	0.95	H7311	0.7368421052631579
𐤄𐤇𐤂𐤉𐤌	H2282	4	0.75		
𐤁𐤀𐤓𐤑𐤉	H776	9	0.78		
𐤉𐤔𐤁𐤉𐤕	H7673	3	0.33		
𐤉𐤇𐤋𐤑𐤅	H2502	3	0.67		
𐤋𐤇𐤉𐤋𐤉	H2428	4	1.00		
𐤔𐤊𐤓𐤌	H7941	19	0.11		
𐤉𐤔𐤓𐤕𐤅	H8334	6	0.67		
𐤌𐤒𐤓𐤁𐤌	H7130	9	0.33		
𐤔𐤅𐤋𐤌	H8003	3	0.33	H7999	0.6666666666666666
𐤄𐤐𐤒𐤉𐤃𐤉𐤌	H6485	14	1.00		
𐤉𐤔𐤋𐤌𐤅	H7999	14	0.79		
𐤌𐤕𐤁𐤅𐤀𐤕	H8393	5	0.20		
𐤋𐤊𐤅𐤄𐤍𐤉𐤌	H3548	3	0.33		
𐤅𐤋𐤕𐤒𐤍	H8626	4	0.25		
𐤅𐤉𐤉𐤈𐤁𐤅	H3190	6	0.50		
𐤅𐤂𐤁𐤓	H1396	4	0.50	H1397	0.25
𐤀𐤓𐤅𐤊𐤄	H724	9	0.00		
𐤍𐤂𐤐𐤅	H5062	21	0.19		
𐤋𐤇𐤕𐤍	H2859	3	1.00		
𐤅𐤉𐤏𐤍𐤄𐤅	H6030	11	0.27		
𐤌𐤋𐤊𐤅𐤕𐤌	H4438	3	0.67		
𐤋𐤒𐤓𐤀𐤕𐤉	H7125	7	0.57	H7122	0.2857142857142857
𐤋𐤏𐤊𐤅	H5910	15	0.13		
𐤁𐤏𐤊𐤅	H5910	7	0.00		
𐤅𐤋𐤄𐤓𐤀𐤅𐤕	H7200	12	1.00		
𐤋𐤄𐤏𐤁𐤉𐤓𐤅	H5674	3	0.67		
𐤁𐤓𐤇𐤅𐤁𐤅𐤕	H7339	21	0.38		
𐤋𐤌𐤓𐤅𐤕	H4784	24	0.50		
𐤁𐤓𐤀𐤔𐤅	H7218	36	0.92		
𐤊𐤁𐤃𐤄𐤅	H3513	4	0.75		
𐤅𐤉𐤊𐤁𐤃𐤄𐤅	H3513	3	0.67		
𐤋𐤌𐤏𐤍𐤊	H4616	6	0.83		
𐤄𐤌𐤉𐤔𐤅𐤓	H4334	30	0.90		
𐤅𐤊𐤅𐤇	H3581	3	0.67		
𐤁𐤈𐤇𐤕𐤉	H982	4	0.00		
𐤁𐤌𐤉𐤔𐤅𐤓	H4334	22	0.77		
𐤅𐤉𐤌𐤀𐤍𐤅	H3985	6	0.00		
𐤀𐤔𐤃𐤅𐤃𐤄	H795	5	0.20		
𐤍𐤔𐤏𐤍	H8172	11	0.73		
𐤎𐤅𐤎𐤉𐤅	H5483	3	0.67		
𐤐𐤓𐤔	H6566	19	0.68	H6571	0.631578947368421
𐤄𐤊𐤉𐤓	H3595	37	0.54	H5234	0.8918918918918919
𐤁𐤏𐤒𐤁𐤅	H6119	3	0.67		
𐤅𐤉𐤅𐤓𐤅	H3384	6	0.33		
𐤃𐤂𐤅𐤍	H1712	12	0.17	H1016	0.25
𐤀𐤔𐤒𐤋𐤅𐤍	H831	23	0.26		
𐤋𐤊𐤁𐤃𐤅	H3519	6	0.67		
𐤀𐤁𐤍𐤈	H73	3	0.33		
𐤉𐤇𐤂𐤓𐤅	H2296	4	0.75		
𐤏𐤒𐤓𐤅𐤍	H6138	6	0.50		
𐤅𐤕𐤋𐤌𐤉	H8526	26	0.19		
𐤄𐤒𐤄𐤉𐤋	H6951	14	0.64	H6950	0.9285714285714286
𐤊𐤀𐤅𐤄𐤁	H157	8	1.00		
𐤇𐤅𐤕𐤍	H2860	6	0.83		
𐤓𐤂𐤋𐤅	H7272	9	0.56	H7270	0.4444444444444444
𐤄𐤌𐤄𐤐𐤊𐤄	H2015	4	0.50	H4519	0.0
𐤅𐤉𐤇𐤓𐤔	H2790	8	1.00		
𐤅𐤉𐤋𐤉𐤍𐤅	H3885	7	0.71		
𐤁𐤀𐤓𐤑𐤅	H776	15	0.80		
𐤔𐤍𐤀𐤕𐤅	H8130	25	0.40		
𐤅𐤉𐤕𐤍𐤄	H5414	14	0.71		
𐤌𐤓𐤃𐤅	H4775	20	0.00		
𐤇𐤅𐤕𐤍𐤅	H2860	13	0.46		
𐤄𐤏𐤓𐤁𐤉	H6163	28	0.75		
𐤅𐤉𐤊𐤍	H3559	24	0.92		
𐤅𐤔𐤅𐤍𐤀𐤉	H8130	3	0.33		
𐤁𐤉𐤅𐤍𐤕𐤍	H3129	3	1.00		
𐤁𐤌𐤑𐤅𐤓	H4692	50	0.90		
𐤅𐤉𐤕𐤀𐤍𐤐	H599	4	0.25		
𐤄𐤉𐤔𐤌𐤓	H8104	5	0.40		
𐤕𐤋𐤇𐤌	H3898	6	0.33		
𐤕𐤏𐤌𐤅𐤃	H5975	10	0.70		
𐤄𐤑𐤅𐤓	H6697	4	0.75		
𐤁𐤊𐤐𐤅	H3709	24	0.46		
𐤅𐤉𐤍𐤔𐤀𐤄𐤅	H5375	4	0.25		
𐤊𐤉𐤎𐤀𐤅	H3678	4	0.25		
𐤋𐤔𐤒𐤅𐤋	H6963	3	0.67	H8254	0.3333333333333333
𐤊𐤊𐤓	H3603	143	0.98		
𐤂𐤍𐤆𐤉	H1595	8	0.38	H1596	0.375
𐤅𐤓𐤌𐤄	H7415	4	0.25	H7411	0.5
𐤌𐤀𐤃𐤌𐤕	H127	3	1.00		
𐤅𐤄𐤉𐤉𐤕𐤄	H1961	3	0.00		
𐤅𐤌𐤔𐤍𐤄	H4932	4	0.50		
𐤄𐤅𐤀𐤋	H2974	3	0.00		
𐤀𐤍𐤔𐤉𐤊	H376	12	0.67		
𐤌𐤄𐤓𐤏	H7451	4	0.75	H7489	1.0
𐤀𐤔𐤀	H5375	9	0.89	H785	0.2222222222222222
𐤄𐤉𐤈𐤉𐤁	H3190	11	0.82		
𐤁𐤔𐤋𐤇𐤊	H7971	3	1.00		
𐤅𐤌𐤎𐤐𐤓𐤌	H4557	24	0.75		
𐤊𐤏𐤔𐤓𐤉𐤌	H6242	22	0.41		
𐤄𐤀𐤓𐤌𐤅𐤍	H759	15	0.87		
𐤅𐤋𐤉𐤄𐤅𐤃𐤉𐤌	H3064	8	0.00		
𐤌𐤊𐤋𐤉𐤌	H3637	11	0.64	H3627	0.45454545454545453
𐤅𐤉𐤌𐤋𐤉𐤊𐤄𐤅	H4427	4	0.50		
𐤄𐤐𐤉𐤋𐤉𐤌	H5307	11	1.00		
𐤌𐤒𐤉𐤌	H6965	7	0.57		
𐤕𐤎𐤅𐤓	H5493	10	0.30		
𐤋𐤌𐤍𐤇𐤄	H4503	14	0.50		
𐤅𐤋𐤇𐤂𐤅𐤓	H2296	3	0.33		
𐤌𐤇𐤁𐤋	H2256	4	0.50		
𐤅𐤉𐤍𐤄𐤓𐤅	H5104	3	0.00		
𐤔𐤅𐤋𐤐𐤉	H8025	3	0.33		
𐤀𐤔𐤒𐤋𐤅𐤍𐤄	H831	3	0.00		
𐤅𐤉𐤁𐤉𐤀𐤅𐤄𐤅	H935	6	0.33		
𐤏𐤆𐤄	H5804	62	0.19	H5797	0.5
𐤅𐤉𐤁𐤏𐤓	H1197	6	0.50		
𐤒𐤑𐤉𐤍𐤉	H7101	3	0.00		
𐤍𐤑𐤉𐤁𐤉	H5333	6	0.00		
𐤏𐤉𐤌𐤄𐤌	H5973	14	0.36		
𐤏𐤓𐤁𐤅𐤕	H6160	5	0.60		
𐤋𐤌𐤀𐤓𐤁	H693	3	0.67		
𐤁𐤍𐤅𐤎𐤏𐤅	H5265	3	0.33		
𐤄𐤌𐤇𐤁𐤅𐤀𐤉𐤌	H4224	3	0.33		
𐤀𐤁𐤔𐤋𐤅𐤌	H53	48	0.96		
𐤀𐤍𐤔𐤉𐤄𐤌	H376	26	0.77		
𐤌𐤇𐤍𐤉𐤄𐤌	H4264	13	0.62		
𐤁𐤁𐤅𐤀𐤌	H935	38	0.92		
𐤅𐤌𐤃𐤉𐤍𐤄	H4082	6	0.67		
𐤋𐤉𐤅𐤔𐤁𐤉	H3427	36	0.75		
𐤅𐤄𐤊𐤅𐤄𐤍𐤉𐤌	H3548	6	0.50		
𐤋𐤀𐤇𐤉𐤄𐤌	H251	17	0.65		
𐤄𐤑𐤉𐤓	H6697	5	0.40		
𐤌𐤔𐤋𐤅𐤇	H4916	5	0.60		
𐤅𐤋𐤇𐤆𐤒	H2388	10	0.90		
𐤊𐤆𐤓𐤉𐤌	H2230	4	0.00		
𐤅𐤌𐤅𐤏𐤃	H4150	4	0.75		
𐤍𐤋𐤇𐤌𐤍𐤅	H3898	6	0.33		
𐤁𐤌𐤋𐤇𐤌𐤅𐤕	H4421	23	0.70		
𐤅𐤄𐤑𐤉𐤋𐤍𐤅	H5337	5	0.80		
𐤑𐤓𐤉𐤍𐤅	H6862	8	0.62		
𐤅𐤉𐤊𐤍𐤉𐤏𐤌	H3665	11	0.55		
𐤁𐤔𐤋𐤇𐤍𐤅	H7971	3	0.67		
𐤋𐤀𐤇𐤉𐤍𐤅	H251	9	0.67		
𐤕𐤔𐤉𐤁𐤅	H7725	4	1.00	H3427	0.5
𐤋𐤇𐤅𐤍𐤉𐤅	H2581	3	0.00		
𐤅𐤀𐤁𐤓𐤄𐤌	H85	19	0.32		
𐤋𐤔𐤍𐤉𐤄𐤌	H8147	8	0.50	H8127	0.0
𐤅𐤊𐤕𐤁𐤅	H3789	4	0.25		
𐤋𐤊𐤅𐤋𐤍𐤅	H3630	3	0.00		
𐤏𐤅𐤓𐤅	H5785	8	0.25		
𐤅𐤔𐤉𐤌𐤅	H7760	4	0.75		
𐤉𐤓𐤊𐤅	H3409	3	0.33		
𐤑𐤅𐤐𐤉𐤌	H7436	8	0.25	H6688	0.0
𐤅𐤏𐤅𐤌𐤃𐤉𐤌	H5975	7	0.57		
𐤄𐤔𐤉𐤂𐤌	H7686	5	0.60		
𐤌𐤌𐤈𐤄	H4294	6	0.33		
𐤅𐤉𐤋𐤊𐤃𐤄	H3920	12	0.50		
𐤌𐤁𐤑𐤓𐤉	H6862	9	0.11	H4013	1.0
𐤋𐤌𐤊𐤅𐤓	H4376	5	0.40		
𐤍𐤊𐤋𐤉𐤌	H3637	3	0.67		
𐤅𐤋𐤔𐤋𐤅𐤇	H7971	10	0.60		
𐤅𐤉𐤄𐤋𐤋	H1984	9	0.89		
𐤋𐤃𐤁𐤓𐤉𐤅	H1696	49	0.80		
𐤃𐤋𐤕𐤉	H1817	7	0.43		
𐤅𐤏𐤅𐤆𐤓	H5826	5	0.20		
𐤋𐤑𐤁𐤅𐤀	H6635	4	0.75		
𐤍𐤌𐤅𐤂𐤅	H4127	7	0.57		
𐤅𐤌𐤒𐤃𐤔𐤅	H4720	5	0.40		
𐤄𐤕𐤋𐤀𐤅𐤕	H3811	22	0.09		
𐤁𐤔𐤍𐤀𐤕𐤌	H8130	6	0.50		
𐤅𐤏𐤔𐤉𐤍𐤅	H6213	7	0.71		
𐤄𐤇𐤆𐤒𐤕𐤉	H2388	3	0.33		
𐤁𐤀𐤅𐤑𐤓	H214	7	0.43		
𐤁𐤐𐤒𐤅𐤃𐤕	H6489	9	0.11		
𐤀𐤐𐤎𐤄	H657	7	0.86		
𐤐𐤓𐤔𐤉𐤅	H6571	6	1.00		
𐤔𐤋𐤂	H7950	10	0.80		
𐤏𐤌𐤅𐤃𐤉𐤌	H5982	24	0.92		
𐤅𐤉𐤒𐤐	H5362	9	0.89		
𐤅𐤏𐤋𐤉𐤄𐤍	H5921	3	0.67		
𐤌𐤐𐤅𐤕𐤇𐤉𐤌	H6605	5	0.20	H4519	0.0
𐤕𐤁𐤍𐤉𐤕	H8403	21	0.57		
𐤌𐤇𐤅𐤈𐤁𐤅𐤕	H2404	3	0.67		
𐤅𐤋𐤆𐤒𐤍𐤉	H2205	4	0.50		
𐤀𐤃𐤓𐤕	H155	4	0.50		
𐤄𐤁𐤈𐤇𐤕𐤉	H982	12	0.25		
𐤄𐤁𐤑𐤅𐤓𐤅𐤕	H6697	15	0.73		
𐤌𐤏𐤋𐤕𐤌	H4603	5	0.80		
𐤏𐤁𐤅𐤃𐤕𐤉	H5656	5	0.20		
𐤅𐤌𐤀𐤆	H227	14	0.86		
𐤎𐤐𐤓𐤉𐤄𐤌	H5608	3	0.67		
𐤅𐤍𐤔𐤉𐤀	H5387	3	0.33		
𐤄𐤂𐤉𐤔𐤅	H5066	10	0.50		
𐤅𐤈𐤐	H2945	12	0.75		
𐤅𐤉𐤇𐤌𐤅𐤋	H2538	3	0.00		
𐤄𐤌𐤉𐤕𐤌	H4191	8	0.75		
𐤅𐤄𐤋𐤋	H1984	6	0.67		
𐤔𐤅𐤌𐤓𐤉	H4751	67	0.54		
𐤅𐤉𐤅𐤔𐤁𐤉	H3427	24	0.62		
𐤍𐤔𐤁𐤓	H7665	5	0.80		
𐤌𐤓𐤏𐤁	H7458	3	0.33		
𐤌𐤌𐤋𐤇𐤌𐤄	H4421	6	0.83		
𐤁𐤌𐤌𐤔𐤋𐤕𐤅	H4475	9	0.67		
𐤅𐤉𐤇𐤂𐤓𐤅	H2296	15	0.20		
𐤔𐤒𐤈	H8252	14	0.79	H8253	0.0
𐤅𐤁𐤈𐤇𐤄	H982	4	0.25		
𐤅𐤌𐤇𐤓𐤉𐤃	H2729	3	1.00		
𐤏𐤓𐤉𐤑𐤉𐤌	H6184	8	0.50		
𐤄𐤔𐤐𐤋𐤄	H8219	5	0.80	H8217	0.2
𐤒𐤐𐤑𐤅	H7092	23	0.57		
𐤐𐤕𐤔𐤂𐤍	H6572	10	0.40		
𐤎𐤐𐤓𐤅	H5608	30	0.63		
𐤅𐤁𐤕𐤐𐤀𐤓𐤕	H8597	5	0.40		
𐤌𐤔𐤒𐤋𐤅	H4948	8	0.50		
𐤀𐤋𐤅𐤋	H480	7	0.00	H435	0.8571428571428571
𐤔𐤅𐤍𐤀𐤉	H4994	9	0.56		
𐤅𐤉𐤓𐤉𐤌𐤅	H7311	4	0.25		
𐤏𐤌𐤉𐤅	H5971	12	0.42		
𐤁𐤒𐤑𐤄	H7097	18	0.56		
𐤋𐤀𐤅𐤉𐤁	H341	34	0.94		
𐤋𐤌𐤔𐤌𐤓	H8104	5	1.00	H4929	0.6
𐤅𐤄𐤀𐤅𐤉𐤁𐤉𐤌	H341	8	0.38		
𐤇𐤎𐤓𐤄	H2641	13	0.00		
𐤋𐤍𐤔𐤉𐤀	H5387	3	1.00		
𐤄𐤅𐤓𐤉𐤔	H3423	7	0.71		
𐤌𐤀𐤓𐤑𐤍𐤅	H776	5	0.60		
𐤅𐤉𐤔𐤁𐤉𐤕𐤅	H3427	4	0.50		
𐤋𐤄𐤂𐤍	H1588	34	0.03		
𐤄𐤒𐤓𐤉𐤄	H7151	6	0.83		
𐤇𐤅𐤌𐤅𐤕𐤉𐤄	H2346	21	0.71		
𐤋𐤀𐤅𐤄𐤁	H157	7	0.86		
𐤅𐤉𐤔𐤉𐤌𐤅𐤄𐤅	H7760	5	0.60		
𐤅𐤋𐤄𐤐𐤒𐤉𐤃	H6485	4	0.75		
𐤄𐤎𐤐𐤓𐤉𐤌	H5612	51	0.76		
𐤏𐤅𐤍𐤅	H5771	10	0.50		
𐤋𐤌𐤔𐤌𐤓𐤕	H4931	17	0.65		
𐤌𐤊𐤅𐤍𐤄	H4350	11	0.09		
𐤀𐤎𐤐𐤕𐤉	H622	6	0.83		
𐤅𐤉𐤔𐤇𐤉𐤕𐤅	H7843	7	0.29		
𐤌𐤈𐤁𐤏𐤅𐤕	H2885	3	0.00		
𐤁𐤀𐤓𐤑𐤊	H776	7	0.43		
𐤊𐤍𐤐𐤔𐤊	H5315	3	0.33		
𐤁𐤍𐤉𐤕	H1129	3	0.33	H1124	0.0
𐤀𐤎𐤐𐤕	H622	5	1.00		
𐤅𐤄𐤅𐤎𐤐𐤕𐤉	H3254	5	0.40		
𐤍𐤅𐤕𐤓𐤅	H3498	4	0.75		
𐤄𐤌𐤃𐤉𐤍𐤅𐤕	H4082	26	0.54		
𐤇𐤔𐤁𐤍𐤅	H2809	14	0.43		
𐤅𐤏𐤓𐤉𐤄𐤌	H5892	4	0.50		
𐤄𐤏𐤅𐤅	H5753	3	0.33		
𐤋𐤉𐤎𐤓𐤌	H3256	4	0.50		
𐤒𐤓𐤉𐤀𐤄	H7121	4	0.75	H7150	0.0
𐤃𐤀𐤓	H1756	8	0.12	H5874	0.125
𐤋𐤏𐤆𐤓𐤅	H5826	8	0.38		
𐤌𐤒𐤓𐤅𐤁𐤉𐤅	H7138	7	0.86	H4519	0.0
𐤋𐤇𐤓𐤁𐤄	H2723	5	0.00	H2724	0.6
𐤅𐤍𐤕𐤕𐤌	H5414	7	0.86		
𐤄𐤔𐤌𐤅𐤕	H4194	10	0.00	H8074	0.5
𐤋𐤒𐤓𐤀𐤕𐤊𐤌	H7125	5	0.60		
𐤅𐤄𐤊𐤎𐤐	H3701	14	1.00		
𐤑𐤉𐤅𐤄𐤅	H6716	23	0.00		
𐤔𐤁𐤍𐤅	H7725	6	1.00		
𐤔𐤃𐤃𐤅	H7703	7	0.43		
𐤅𐤂𐤆𐤓	H1507	3	0.00		
𐤔𐤒𐤅𐤋	H6963	3	0.33	H8254	0.0
𐤂𐤃𐤅𐤋𐤕𐤅	H1420	4	0.00		
𐤅𐤇𐤌𐤕𐤅	H2534	13	0.23		
𐤋𐤇𐤍𐤅𐤕	H2583	12	0.92		
𐤔𐤏𐤓𐤉𐤄	H8179	12	0.83	H8187	0.0
𐤅𐤓𐤂𐤋𐤉	H7272	9	0.78		
𐤑𐤏𐤉𐤓𐤉𐤌	H6810	13	0.85		
𐤄𐤌𐤏𐤓𐤊𐤄	H4634	41	0.78		
𐤅𐤍𐤇𐤋	H5158	3	0.67	H5157	0.3333333333333333
𐤁𐤏𐤓𐤊𐤅	H6187	5	0.40		
𐤄𐤓𐤂𐤋𐤉𐤌	H7272	29	0.86		
𐤐𐤓𐤔𐤉	H6566	3	0.33	H6571	0.3333333333333333
𐤁𐤏𐤓𐤁𐤅𐤕	H6160	6	0.83		
𐤁𐤔𐤌𐤏𐤅𐤍	H8095	8	0.12		
𐤁𐤌𐤁𐤑𐤓	H4013	15	0.93		
𐤋𐤀𐤓𐤅𐤁	H693	5	0.40		
𐤇𐤓𐤁𐤌	H2719	10	0.70		
𐤇𐤃𐤓	H2315	15	0.53		
𐤏𐤓𐤉𐤄	H5892	7	0.29	H6181	0.0
𐤌𐤓𐤏𐤉𐤌	H7489	4	0.75	H4828	0.0
𐤐𐤋𐤑𐤅𐤕	H6427	9	0.22		
𐤌𐤉𐤄𐤅𐤄	H3068	4	0.00		
𐤓𐤅𐤌	H7312	10	0.50	H7311	0.8
𐤅𐤏𐤌𐤒	H6010	7	0.71	H6013	0.42857142857142855
𐤅𐤂𐤁𐤓𐤄	H1396	3	0.00		
𐤁𐤋𐤁𐤃𐤅	H905	3	0.67		
𐤅𐤎𐤐𐤓𐤄	H5608	3	0.33		
𐤌𐤔𐤌𐤇𐤕	H8057	3	1.00		
𐤅𐤇𐤍	H2580	7	0.71		
𐤀𐤇𐤓𐤉𐤕𐤅	H319	6	0.83		
𐤅𐤁𐤀𐤇𐤓𐤉𐤕	H319	6	0.33		
𐤉𐤕𐤁𐤓𐤊	H1288	5	0.00		
𐤍𐤅𐤑𐤓𐤄	H5341	5	0.20		
𐤄𐤅𐤊𐤍𐤄	H3651	3	0.33		
𐤅𐤌𐤓𐤁𐤄	H7235	3	1.00		
𐤅𐤕𐤔𐤌𐤇	H8055	5	0.40		
𐤅𐤁𐤋	H1077	6	0.50		
𐤕𐤄𐤋𐤕	H8416	10	0.10		
𐤔𐤌𐤏𐤅𐤍𐤉	H8085	7	0.86	H8099	0.0
𐤊𐤂𐤁𐤅𐤓	H1368	6	0.17		
𐤅𐤊𐤀𐤉𐤔	H376	4	1.00		
𐤄𐤆𐤄𐤓	H2094	5	0.00		
𐤕𐤔𐤍𐤄	H5375	3	0.67		
𐤕𐤁𐤉𐤀	H935	20	0.85		
𐤕𐤁𐤄𐤋	H926	3	1.00		
𐤉𐤇𐤆𐤉𐤒	H2388	9	0.78		
𐤀𐤓𐤇𐤅𐤕𐤉𐤊	H734	3	0.00		
𐤅𐤒𐤅𐤄	H6961	8	0.00	H6960	0.5
𐤇𐤊𐤅	H2441	21	0.05	H2442	0.3333333333333333
𐤋𐤇𐤎𐤃𐤅	H2617	6	0.33		
𐤒𐤅𐤅	H6960	51	0.67		
𐤅𐤓𐤐𐤄	H7504	3	0.33		
𐤃𐤓𐤊𐤉𐤌	H1870	16	0.75	H1869	0.125
𐤋𐤋𐤁	H3820	11	0.91		
𐤀𐤅𐤁𐤃𐤉	H6	5	0.80		
𐤁𐤃𐤓𐤊𐤉𐤅	H1870	16	0.69		
𐤅𐤀𐤅𐤄𐤁𐤉𐤅	H157	9	1.00		
𐤉𐤑𐤓𐤅	H3336	15	0.27	H5341	0.6
𐤀𐤓𐤇𐤅𐤕𐤉𐤅	H734	3	0.67		
𐤉𐤊𐤍𐤉𐤏𐤅	H3665	3	1.00		
𐤉𐤋𐤃𐤉𐤄	H3206	4	0.25		
𐤕𐤊𐤐𐤓	H3722	4	0.75		
𐤇𐤈𐤀𐤕𐤅	H2403	5	0.40	H2398	0.6
𐤁𐤒𐤋𐤅𐤍	H7036	14	0.36		
𐤕𐤌𐤇𐤄	H4229	4	0.25		
𐤊𐤐𐤅𐤓	H3713	3	0.33		
𐤋𐤄𐤔𐤁𐤉𐤕	H7673	17	0.59		
𐤎𐤅𐤃𐤅	H5475	11	0.45		
𐤐𐤋𐤀𐤅𐤕	H6382	3	0.67		
𐤅𐤌𐤊𐤎𐤄	H4372	5	0.60		
𐤕𐤇𐤎𐤓	H2637	6	0.33		
𐤕𐤓𐤅𐤑	H7323	4	0.25	H7533	0.0
𐤋𐤑	H3887	5	0.40		
𐤓𐤐𐤅𐤀𐤄	H7495	6	0.50		
𐤍𐤈𐤏𐤅	H5193	3	1.00		
𐤐𐤅𐤏𐤋	H6466	6	0.33		
𐤌𐤔𐤏𐤍	H4937	5	0.20		
𐤕𐤐𐤅𐤇	H8599	20	0.00	H8598	0.35
𐤕𐤕𐤏𐤋𐤌	H5956	3	0.00		
𐤕𐤌𐤍𐤏	H4513	18	0.11	H8555	0.16666666666666666
𐤑𐤅𐤏𐤒	H6817	12	0.67		
𐤌𐤓	H4751	20	0.70	H4843	0.7
𐤁𐤊𐤀𐤁	H1	7	0.43		
𐤑𐤏𐤒𐤕𐤅	H6818	5	0.00		
𐤑𐤅𐤓𐤅	H6697	3	0.67		
𐤄𐤈	H5186	3	1.00		
𐤋𐤏𐤍𐤉	H6041	4	0.50		
𐤀𐤆𐤍𐤊	H241	7	1.00	H240	0.0
𐤌𐤅𐤑𐤒	H3332	8	0.50	H4165	0.25
𐤊𐤀𐤁	H1	24	0.62	H3511	0.5
𐤋𐤀𐤋𐤌𐤍𐤅𐤕	H490	5	0.20		
𐤁𐤇𐤃𐤓𐤉	H2315	3	0.00		
𐤅𐤋𐤐𐤍𐤉𐤌	H6440	7	1.00		
𐤁𐤀𐤎𐤅𐤓𐤉𐤌	H631	5	0.80		
𐤕𐤁𐤅𐤔	H954	5	0.80		
𐤕𐤊𐤔𐤋	H3782	3	0.33		
𐤇𐤊𐤌𐤕𐤊	H2451	6	1.00		
𐤄𐤊𐤍𐤏	H3665	5	0.40		
𐤕𐤀𐤌𐤍	H539	3	0.67		
𐤌𐤅𐤔𐤋𐤉𐤌	H4910	12	0.83		
𐤕𐤔𐤐𐤅𐤈	H8199	3	0.67		
𐤊𐤊𐤋𐤁	H3611	3	0.33		
𐤁𐤕𐤕𐤊	H5414	6	0.67		
𐤇𐤉𐤋𐤊	H2428	3	0.67		
𐤊𐤇𐤊	H3581	3	1.00		
𐤕𐤁𐤈𐤇	H982	7	0.57		
𐤉𐤍𐤅𐤇	H5117	10	0.90	H3239	0.4
𐤕𐤎𐤐𐤄	H5595	3	0.00		
𐤉𐤅𐤏𐤉𐤋𐤅	H3276	11	0.73		
𐤌𐤌𐤄𐤓	H2022	5	0.00	H4116	0.4
𐤐𐤉𐤊	H6310	12	0.92		
𐤅𐤒𐤋𐤅𐤍	H7036	5	0.40		
𐤅𐤔𐤌𐤇𐤕	H8055	6	0.33	H8057	0.3333333333333333
𐤕𐤔𐤉𐤂𐤌	H5381	3	0.00		
𐤅𐤁𐤏𐤋	H1167	15	0.87	H1166	0.8666666666666667
𐤎𐤅𐤃𐤊	H5475	3	0.33		
𐤌𐤀𐤋𐤐	H505	6	1.00		
𐤋𐤁𐤈𐤅𐤇	H983	14	0.71		
𐤌𐤇𐤉𐤓	H4242	19	0.42	H4243	0.10526315789473684
𐤌𐤔𐤒𐤋	H4948	8	0.88		
𐤋𐤈𐤅𐤁𐤕𐤅	H2896	13	0.85		
𐤅𐤊𐤔𐤌𐤅	H8033	3	0.33		
𐤔𐤉𐤁𐤄	H7872	8	0.75		
𐤋𐤄𐤔𐤋𐤉𐤊𐤄	H7993	3	1.00		
𐤁𐤔𐤌𐤄	H8033	5	0.40		
𐤇𐤔𐤁𐤅𐤍𐤅	H2809	4	0.25		
𐤅𐤇𐤒𐤓	H2714	7	0.57	H2713	0.5714285714285714
𐤋𐤕𐤏𐤍𐤅𐤂	H8588	7	0.14		
𐤌𐤊𐤅𐤍	H4349	4	0.50		
𐤅𐤕𐤈	H5186	4	0.75		
𐤔𐤉𐤇𐤄	H7881	3	0.00	H7882	0.0
𐤅𐤌𐤔𐤋	H4910	7	0.57	H4912	0.5714285714285714
𐤕𐤆𐤓𐤏	H2232	3	0.67		
𐤔𐤁𐤏𐤕𐤉𐤌	H7659	8	0.38	H7651	0.5
𐤌𐤀𐤋	H410	10	0.20		
𐤌𐤌𐤋𐤊	H4427	8	1.00	H4428	1.0
𐤆𐤃𐤅𐤍	H2087	45	0.09		
𐤍𐤃𐤉𐤁	H5081	6	0.67		
𐤁𐤏𐤃𐤕	H5712	3	1.00		
𐤋𐤀𐤍𐤅𐤔	H582	7	0.00		
𐤕𐤉𐤔𐤍	H3462	4	0.75		
𐤄𐤔𐤐𐤉𐤋	H8213	7	0.71		
𐤀𐤅𐤐𐤉𐤓	H211	5	0.80		
𐤕𐤌𐤀𐤎	H3988	6	0.17		
𐤌𐤔𐤊𐤋𐤕	H7921	4	0.00	H7919	0.5
𐤅𐤈𐤅𐤁𐤕	H2896	4	1.00		
𐤊𐤍𐤐𐤔	H5315	3	1.00		
𐤇𐤐𐤔	H2665	15	0.00	H2664	0.2
𐤉𐤎𐤓	H3256	11	0.64	H5493	0.6363636363636364
𐤁𐤍𐤏𐤅𐤓𐤉𐤄𐤌	H5271	3	1.00		
𐤄𐤅𐤑𐤀	H3318	9	0.89		
𐤄𐤒𐤃𐤉𐤔	H6942	18	0.72		
𐤄𐤅𐤔𐤉𐤈	H7885	7	0.00		
𐤕𐤀𐤄𐤁	H157	4	0.75		
𐤉𐤔𐤂𐤄	H7685	7	0.29	H7686	0.7142857142857143
𐤀𐤅𐤉𐤋	H191	5	0.20	H192	0.4
𐤉𐤁𐤅𐤆	H936	8	0.38		
𐤔𐤉𐤇𐤕	H7843	3	0.00	H7881	0.3333333333333333
𐤔𐤉𐤇𐤅𐤕	H7882	5	0.00		
𐤔𐤁𐤉𐤌	H7725	7	0.86	H7617	0.42857142857142855
𐤔𐤊𐤋	H7922	40	0.40	H7919	0.625
𐤕𐤑𐤋𐤇	H6743	4	0.50		
𐤕𐤁𐤏𐤓	H1197	6	0.33		
𐤁𐤔𐤁𐤉𐤁	H7725	3	1.00		
𐤏𐤓𐤁𐤕	H6160	6	0.33	H6161	0.16666666666666666
𐤀𐤊𐤆𐤓𐤉	H394	23	0.17		
𐤓𐤏𐤕𐤊	H7451	3	0.33		
𐤍𐤊𐤇	H5227	11	0.73	H5226	0.6363636363636364
𐤐𐤅𐤕𐤄	H6601	4	0.00		
𐤌𐤏𐤋𐤉𐤊	H5921	13	0.85		
𐤕𐤋𐤊𐤃	H3920	5	0.20		
𐤕𐤎𐤁	H5437	4	0.75		
𐤉𐤐𐤉	H3308	30	0.73		
𐤕𐤈𐤏𐤌	H5193	3	0.00		
𐤔𐤊𐤅𐤓	H7910	5	0.20	H7936	0.0
𐤉𐤅𐤌𐤅	H3117	9	0.89		
𐤌𐤑𐤋𐤉𐤇	H6743	8	0.62		
𐤕𐤐𐤇𐤃	H6342	3	1.00		
𐤒𐤓𐤁𐤕	H7126	16	0.69	H7127	0.4375
𐤐𐤇𐤉𐤌	H6341	3	0.00		
𐤓𐤔𐤕	H7568	5	0.40	H3423	0.2
𐤁𐤊𐤇𐤊	H3581	6	0.67		
𐤅𐤁𐤉𐤓𐤀𐤕	H3374	7	0.14		
𐤕𐤐𐤀𐤓𐤕𐤊	H8597	4	0.75		
𐤉𐤅𐤔𐤓	H7891	13	0.38		
𐤁𐤏𐤌𐤅	H5971	13	0.54		
𐤅𐤌𐤔𐤀	H4854	3	0.00	H4853	0.3333333333333333
𐤔𐤓𐤉𐤄	H8304	8	0.50	H8269	0.75
𐤉𐤅𐤔𐤁𐤉𐤅	H3427	3	1.00		
𐤌𐤇𐤅𐤒𐤒	H2712	5	0.40		
𐤅𐤌𐤔𐤍𐤉𐤄𐤌	H8147	11	1.00		
𐤂𐤅𐤉𐤅	H1471	3	0.67		
𐤔𐤌𐤑	H8102	12	0.08		
𐤓𐤅𐤐𐤀	H7495	6	1.00		
𐤉𐤍𐤇𐤋	H5157	5	1.00		
𐤊𐤍𐤉𐤌	H3220	14	0.29	H3651	0.8571428571428571
𐤂𐤀𐤅𐤍	H1347	9	0.33		
𐤏𐤒𐤁𐤅𐤕	H6119	9	0.11		
𐤋𐤁𐤆𐤅𐤕	H957	5	0.00		
𐤄𐤅𐤓𐤌	H7311	4	0.25		
𐤍𐤊𐤁𐤃𐤅	H3513	4	1.00		
𐤉𐤕𐤀𐤅𐤍𐤍	H596	3	0.00		
𐤀𐤁𐤃𐤕	H6	3	0.33	H9	0.0
𐤔𐤊𐤋𐤅	H7922	13	0.54	H7921	0.5384615384615384
𐤏𐤔𐤓𐤅	H6239	11	1.00		
𐤁𐤏𐤔𐤓𐤅	H6239	6	0.83		
𐤁𐤏𐤍𐤉𐤅	H6040	3	0.33		
𐤁𐤕𐤀𐤓𐤅	H8389	4	0.75		
𐤁𐤌𐤓𐤀𐤄𐤅	H4758	5	0.80		
𐤀𐤋𐤉𐤋	H480	3	0.00	H457	0.6666666666666666
𐤌𐤏𐤈𐤄	H4594	10	0.20	H4593	0.0
𐤏𐤈𐤅	H5842	5	0.00	H5844	0.4
𐤑𐤍𐤉𐤐	H6797	4	0.50		
𐤕𐤔𐤉𐤁	H7725	6	1.00		
𐤏𐤑𐤁𐤄	H6089	3	0.33		
𐤆𐤃𐤉𐤌	H2086	3	0.33		
𐤕𐤂𐤉𐤏	H5060	10	0.40		
𐤅𐤓𐤑	H7323	3	0.33		
𐤌𐤉𐤉	H4310	9	0.00		
𐤅𐤔𐤊𐤋	H3605	5	0.40	H7922	0.2
𐤋𐤐𐤅𐤔𐤏𐤉𐤌	H6586	3	0.67		
𐤅𐤏𐤆𐤁𐤅	H5800	16	0.31		
𐤁𐤏𐤅𐤔𐤉	H6213	3	1.00		
𐤁𐤐𐤕𐤏	H6621	3	0.33		
𐤕𐤔𐤊𐤇	H7911	10	0.20		
𐤅𐤀𐤇𐤓𐤉𐤕	H319	7	0.86		
𐤕𐤏𐤍𐤅𐤂	H8588	12	0.17		
𐤉𐤀𐤔𐤓	H833	3	0.33		
𐤀𐤅𐤓𐤁𐤉𐤌	H693	15	0.73		
𐤍𐤅𐤊𐤋𐤉𐤌	H3637	3	0.00		
𐤐𐤑𐤏𐤉	H6482	3	0.00		
𐤏𐤓𐤅𐤄	H6172	3	0.00		
𐤂𐤇𐤋𐤕	H1513	3	0.33		
𐤂𐤀𐤄	H1342	8	0.25	H1343	0.125
𐤐𐤔𐤏𐤉	H6588	6	0.33		
𐤁𐤅𐤑𐤏	H1214	3	0.33		
𐤀𐤅𐤓𐤁	H693	3	0.00		
𐤅𐤉𐤎𐤋𐤐	H5557	3	0.00		
𐤆𐤄𐤉𐤓	H2096	3	0.00		
𐤋𐤑𐤃𐤉𐤒	H6662	5	0.40		
𐤋𐤆𐤓	H2114	3	0.67		
𐤁𐤈𐤅𐤁𐤄	H2896	18	0.94		
𐤁𐤅𐤃𐤃	H909	4	0.25		
𐤀𐤑𐤋𐤊	H5337	4	0.50		
𐤇𐤅𐤁𐤓	H2266	4	0.25		
𐤉𐤇𐤐𐤔	H2664	3	0.33		
𐤋𐤇𐤔	H3908	3	0.33		
𐤉𐤇𐤁𐤓	H2270	4	0.75	H2266	0.75
𐤉𐤉𐤈𐤉𐤁	H3190	10	0.80		
𐤋𐤄𐤕𐤏𐤁𐤓	H5674	3	1.00		
𐤌𐤃𐤏	H4093	5	0.20	H4069	0.2
𐤋𐤇𐤐𐤔	H2670	19	0.32		
𐤔𐤉𐤇𐤅	H7878	4	1.00	H7879	0.75
𐤉𐤇𐤌𐤅𐤋	H2550	10	0.80		
𐤌𐤉𐤍𐤅	H4310	5	0.20		
𐤄𐤃𐤅𐤌𐤄	H1745	8	0.00		
𐤑𐤁𐤅𐤏	H6641	3	0.67		
𐤀𐤓𐤉	H738	7	0.43	H3738	0.42857142857142855
𐤃𐤋𐤉𐤌	H1800	3	0.33		
𐤌𐤅𐤈	H4131	4	0.25	H4132	0.5
𐤅𐤃𐤋	H1800	3	1.00		
𐤍𐤃𐤇𐤄	H5080	4	0.75		
𐤅𐤃𐤁𐤓𐤉𐤅	H1697	6	1.00		
𐤏𐤁	H5645	4	1.00	H5646	0.5
𐤉𐤂𐤉𐤏𐤅	H5060	14	0.50	H3018	0.35714285714285715
𐤔𐤁𐤕𐤄	H7673	4	0.50	H3427	0.5
𐤕𐤅𐤇𐤋𐤕𐤅	H8462	8	0.50		
𐤌𐤅𐤍𐤏	H4513	7	0.00		
𐤓𐤏𐤕𐤅	H7451	9	0.78		
𐤅𐤋𐤅𐤒𐤇	H3947	5	1.00		
𐤌𐤓𐤁𐤄	H7235	19	0.79	H4766	0.47368421052631576
𐤅𐤌𐤏𐤉𐤍	H5869	4	1.00	H4599	0.75
𐤅𐤇𐤒	H2706	4	0.75		
𐤌𐤈𐤅𐤁𐤄	H2896	7	1.00		
𐤉𐤁𐤋𐤄	H1086	5	0.40		
𐤉𐤂𐤅𐤏𐤅	H1478	6	0.33		
𐤊𐤐𐤓𐤇	H6524	3	0.67		
𐤓𐤏𐤍𐤍	H7488	4	0.50	H7487	0.5
𐤔𐤆𐤄	H2088	12	0.83		
𐤉𐤌𐤔𐤊	H4902	3	0.00	H4900	0.0
𐤅𐤁𐤕𐤁𐤅𐤍𐤄	H8394	4	0.25		
𐤉𐤕𐤁𐤅𐤍𐤍	H995	10	1.00		
𐤅𐤄𐤁𐤉𐤀	H935	32	0.81		
𐤅𐤍𐤅𐤈𐤄	H5186	3	1.00		
𐤀𐤄𐤋𐤅	H168	17	0.29		
𐤅𐤍𐤔𐤏𐤍	H8172	4	1.00		
𐤉𐤌𐤅𐤈	H4131	4	0.50		
𐤁𐤐𐤄	H6311	11	0.64	H6310	1.0
𐤀𐤌𐤉𐤑	H533	13	0.85		
𐤌𐤐𐤏𐤋	H6466	4	0.25		
𐤁𐤇𐤉𐤉𐤄𐤌	H2416	14	0.64		
𐤇𐤍𐤐	H2611	8	0.12	H2612	0.125
𐤁𐤂𐤁𐤅𐤓𐤕𐤌	H1369	8	0.50		
𐤇𐤌𐤋	H2550	37	0.73		
𐤄𐤍𐤀𐤎𐤐𐤉𐤌	H622	21	0.90		
𐤌𐤒𐤔𐤄	H4749	3	0.67	H7185	0.3333333333333333
𐤁𐤂𐤆𐤋	H1498	4	0.50		
𐤀𐤅𐤃𐤏	H3045	3	0.67		
𐤅𐤕𐤄𐤅𐤌	H8415	3	0.67		
𐤁𐤄𐤁𐤉𐤈𐤅	H5027	5	1.00		
𐤎𐤕𐤓	H5643	12	0.67	H5641	0.5833333333333334
𐤅𐤕𐤒𐤅𐤕	H8615	3	0.67		
𐤁𐤌𐤔𐤒𐤋	H4948	6	0.50		
𐤀𐤇𐤅𐤄	H2331	5	0.60	H264	0.6
𐤌𐤔𐤈𐤓𐤌	H2962	3	0.67		
𐤌𐤇𐤓𐤉𐤔	H2790	4	1.00		
𐤅𐤍𐤇𐤔𐤁	H2803	7	1.00		
𐤔𐤉𐤇	H7880	6	0.17	H7878	0.3333333333333333
𐤉𐤇𐤓𐤉𐤔	H2790	3	0.67		
𐤉𐤔𐤌𐤅𐤓	H8104	4	0.50		
𐤁𐤌𐤓𐤅𐤌𐤉	H4791	4	0.75		
𐤉𐤊𐤍𐤉𐤏	H3665	7	0.71		
𐤅𐤆𐤒𐤍	H2205	6	0.33		
𐤇𐤅𐤓𐤔	H2790	4	0.75		
𐤁𐤔𐤅𐤓	H7794	3	0.33	H1308	0.0
𐤊𐤓𐤏𐤕	H7451	3	0.67		
𐤁𐤉𐤐𐤉	H3308	7	0.57		
𐤁𐤍𐤏𐤉𐤌𐤉𐤌	H5273	3	0.00		
𐤕𐤑𐤓	H5341	3	0.67	H3334	0.0
𐤔𐤌𐤀	H8037	6	0.17		
𐤔𐤀𐤉𐤍𐤅	H369	19	0.63		
𐤁𐤍𐤏𐤅𐤓𐤉𐤅	H5271	5	0.80		
𐤅𐤁𐤒𐤏	H1234	3	0.33		
𐤊𐤔𐤄𐤅𐤀	H1931	30	0.80		
𐤅𐤍𐤅𐤋𐤃	H3205	4	1.00		
𐤅𐤍𐤂𐤏	H5060	3	0.33	H5061	0.0
𐤏𐤅𐤔𐤓	H6240	20	0.60		
𐤌𐤇𐤉𐤉	H2416	8	0.88		
𐤉𐤓𐤉𐤇𐤅𐤍	H7306	3	0.67		
𐤊𐤍𐤀𐤌𐤍	H543	3	0.67	H3651	0.6666666666666666
𐤋𐤍	H3885	14	0.79		
𐤅𐤃𐤉𐤍	H1779	5	0.20	H1777	0.2
𐤔𐤀𐤓𐤅	H7607	3	1.00		
𐤕𐤐𐤓𐤉𐤏	H6544	4	0.00		
𐤌𐤌𐤅𐤍	H4480	7	1.00		
𐤄𐤐𐤋𐤉𐤀	H6381	11	0.91		
𐤋𐤕𐤐𐤀𐤓𐤕	H8597	11	0.45		
𐤃𐤌𐤏𐤄	H1832	13	0.69		
𐤔𐤔𐤌	H8033	8	0.25		
𐤌𐤊𐤀𐤅𐤁	H4341	8	0.50		
𐤊𐤎𐤉𐤋	H3684	5	0.20	H3686	0.2
𐤄𐤎𐤁𐤄	H5438	51	0.61		
𐤏𐤋𐤉𐤉	H5921	21	0.57		
𐤕𐤁𐤓𐤊	H1288	7	0.71		
𐤉𐤓𐤂𐤆	H7264	3	0.67		
𐤄𐤊𐤔𐤉𐤋	H3782	3	0.00		
𐤕𐤉𐤓𐤅𐤔	H8492	4	0.25		
𐤁𐤅𐤇𐤍	H2580	3	0.00		
𐤋𐤌𐤑𐤅𐤕	H6680	6	0.67	H4519	0.16666666666666666
𐤉𐤔𐤕𐤍𐤅	H8133	6	0.33		
𐤍𐤔𐤕𐤄	H8354	4	0.00	H5405	0.0
𐤅𐤓𐤀𐤉	H7200	12	0.25		
𐤋𐤂𐤉𐤋	H1530	3	0.33		
𐤇𐤌𐤓	H2563	15	0.40	H2560	0.4
𐤋𐤊𐤎𐤉𐤋	H3684	3	0.00		
𐤌𐤇𐤎𐤓	H2638	11	0.91	H2637	0.9090909090909091
𐤐𐤑𐤏	H6482	4	0.75	H6481	0.75
𐤁𐤌𐤔𐤕𐤄	H4960	17	0.65		
𐤁𐤔𐤌𐤇𐤕𐤅	H8057	3	0.67		
𐤁𐤊𐤁𐤅𐤃𐤌	H3519	4	0.50		
𐤊𐤆𐤌𐤍	H2165	4	0.25		
𐤅𐤎𐤐𐤉𐤓	H5601	3	0.67		
𐤉𐤐𐤉𐤌	H3308	9	0.22		
𐤍𐤅𐤏𐤌	H5128	3	0.33		
𐤁𐤇𐤆𐤒	H2392	7	0.43	H2389	0.42857142857142855
𐤅𐤃𐤌𐤄	H1818	3	0.00	H1819	0.6666666666666666
𐤅𐤔𐤓𐤉𐤌	H8269	6	0.67	H7891	0.16666666666666666
𐤁𐤓𐤒	H1301	14	0.36	H1300	0.6428571428571429
𐤃𐤅𐤓𐤔	H1875	30	0.60		
𐤉𐤒𐤅𐤄	H6960	5	0.00		
𐤁𐤕𐤐𐤋𐤕𐤅	H8605	3	0.33		
𐤉𐤈𐤄	H5186	11	0.73	H3194	0.2727272727272727
𐤕𐤅𐤊𐤇𐤅𐤕	H8433	5	0.40		
𐤑𐤓𐤊𐤅	H6862	7	0.29		
𐤁𐤍𐤅𐤎𐤅	H1149	7	0.14		
𐤅𐤍𐤌𐤋𐤈	H4422	9	0.67		
𐤅𐤕𐤅𐤓𐤕𐤅	H8451	4	0.75		
𐤕𐤒𐤑𐤐	H7107	3	0.33		
𐤅𐤁𐤔𐤔𐤅𐤍	H8342	3	0.67		
𐤌𐤔𐤅𐤀	H7723	5	0.20		
𐤌𐤑𐤅𐤒	H4690	3	0.00	H4689	0.0
𐤑𐤏𐤒𐤕	H6818	24	0.08	H6817	0.4166666666666667
𐤉𐤕𐤅𐤌	H3490	4	0.25		
𐤅𐤀𐤍𐤇𐤄	H585	7	0.29		
𐤕𐤌𐤅𐤔	H4185	4	0.25		
𐤉𐤅𐤓𐤉𐤔	H3423	3	0.33		
𐤁𐤉𐤔𐤅𐤏𐤕𐤅	H3444	3	0.00		
𐤇𐤆𐤉𐤆𐤉𐤌	H2385	3	0.00		
𐤁𐤑𐤓𐤕	H1226	6	0.17	H1219	0.16666666666666666
𐤅𐤄𐤓𐤌	H7311	3	0.67		
𐤄𐤓𐤐	H7503	23	0.70		
𐤅𐤀𐤌𐤑	H553	11	0.36	H533	0.36363636363636365
𐤆𐤓𐤅𐤏	H2220	13	0.46	H2221	0.0
𐤅𐤄𐤊𐤍𐤉𐤏	H3665	5	0.20		
𐤄𐤇𐤉𐤔	H2363	9	0.33		
𐤀𐤎𐤅𐤐	H623	4	0.25	H622	0.25
𐤊𐤉𐤌𐤉	H3117	8	0.75		
𐤒𐤃𐤔𐤊	H6944	13	0.77		
𐤉𐤀𐤌𐤍𐤅	H539	13	0.69		
𐤀𐤐𐤎𐤉	H657	5	0.80		
𐤉𐤂𐤁𐤓	H1396	13	0.69		
𐤅𐤌𐤁𐤑𐤓	H6862	3	0.33	H4013	0.3333333333333333
𐤁𐤂𐤃𐤅𐤃	H1416	9	0.78		
𐤉𐤏𐤓𐤁	H6149	8	0.38		
𐤋𐤑𐤓	H6865	3	0.00		
𐤕𐤓𐤌𐤉𐤕	H8649	6	0.33		
𐤌𐤁𐤉𐤈	H5186	4	0.50	H5027	0.5
𐤑𐤍𐤄	H6793	7	0.57	H6792	0.0
𐤇𐤆𐤄	H2370	19	0.58	H2372	0.7368421052631579
𐤌𐤈𐤅𐤁	H2896	8	1.00	H2898	0.5
𐤑𐤓𐤕𐤄	H6869	4	0.00		
𐤅𐤌𐤓𐤃	H4778	4	0.00	H4776	0.0
𐤌𐤋𐤇𐤌𐤕𐤅	H4421	17	0.71		
𐤕𐤕𐤂𐤓	H1624	3	0.33		
𐤌𐤌𐤊𐤓	H4465	3	0.67		
𐤕𐤂𐤌𐤅𐤋	H1580	4	0.50		
𐤅𐤀𐤊𐤆𐤓𐤉	H394	3	0.00		
𐤉𐤂𐤉𐤏	H3018	24	0.33	H5060	0.5416666666666666
𐤄𐤁𐤉𐤍	H995	54	0.94		
𐤉𐤀𐤌𐤍	H539	15	0.73		
𐤕𐤇𐤁𐤅𐤋𐤅𐤕	H8458	11	0.55		
𐤕𐤁𐤇𐤓	H977	6	0.50		
𐤅𐤄𐤍𐤔𐤌𐤓	H8104	4	0.25		
𐤉𐤌𐤀𐤎	H3988	4	1.00		
𐤁𐤇𐤅𐤋𐤉	H2344	3	0.00		
𐤄𐤕𐤐𐤋𐤋	H6419	29	0.62		
𐤏𐤓𐤅𐤊	H6186	10	0.80		
𐤑𐤅𐤓𐤊	H6862	17	0.59		
𐤏𐤕𐤌	H6256	4	0.50		
𐤏𐤅𐤔𐤄𐤅	H6213	5	0.60		
𐤀𐤁𐤋𐤅	H56	4	0.50		
𐤊𐤉𐤅𐤑𐤀	H3318	5	1.00	H3588	0.6
𐤅𐤆𐤊𐤅𐤓	H2142	8	0.62	H2139	0.25
𐤇𐤒𐤅	H2706	3	0.33		
𐤀𐤕𐤌𐤅𐤋	H4136	4	0.75	H865	0.75
𐤋𐤔𐤃𐤃	H7703	4	0.50		
𐤅𐤁𐤓𐤊𐤅	H1288	6	0.50		
𐤋𐤕𐤔𐤅𐤏𐤕𐤅	H8672	5	0.00		
𐤍𐤐𐤋𐤀	H6381	41	0.98		
𐤋𐤆𐤓𐤉𐤌	H2114	12	0.83		
𐤇𐤈𐤄	H2406	4	0.50		
𐤋𐤈𐤅𐤁𐤉𐤌	H2896	7	0.86		
𐤉𐤉𐤈𐤉𐤁𐤅	H3190	6	1.00		
𐤍𐤅𐤑𐤓𐤅	H5341	4	0.50		
𐤂𐤁𐤅𐤓𐤕𐤌	H1369	33	0.55		
𐤍𐤒𐤌𐤅𐤕	H5360	8	0.50		
𐤅𐤋𐤏𐤕	H6256	20	0.85		
𐤉𐤐𐤒𐤃𐤅	H6485	3	1.00		
𐤁𐤑𐤅𐤕𐤅	H6680	5	1.00		
𐤅𐤁𐤊𐤕𐤁	H3789	3	0.00	H3791	1.0
𐤑𐤀𐤕𐤅	H3318	16	0.88		
𐤌𐤉𐤅𐤔𐤁	H3427	3	1.00		
𐤋𐤂𐤁𐤄	H1364	6	0.67		
𐤁𐤅𐤓𐤇	H1272	5	0.60		
𐤔𐤍𐤕𐤌	H8142	7	0.29		
𐤌𐤇𐤉𐤋	H2428	15	0.87		
𐤊𐤍𐤇𐤋	H5158	10	0.30		
𐤀𐤉𐤕𐤍	H386	10	0.30	H387	0.3
𐤊𐤐𐤉𐤌	H3709	5	0.60	H3710	0.2
𐤉𐤂𐤆𐤋𐤅	H1497	4	0.75		
𐤌𐤇𐤌𐤎	H2555	3	0.67		
𐤉𐤏𐤌𐤉𐤃𐤅	H5975	4	1.00		
𐤅𐤍𐤈𐤏	H5193	3	0.33		
𐤅𐤍𐤁𐤋	H5035	4	0.25	H5034	0.5
𐤁𐤓𐤄	H1249	3	0.00	H953	0.0
𐤉𐤍𐤄𐤂𐤅	H5090	10	0.70		
𐤉𐤂𐤃𐤋𐤅	H1431	5	0.60		
𐤍𐤀𐤎𐤐	H622	33	0.82		
𐤁𐤔𐤐𐤋	H8216	4	0.50	H8217	0.0
𐤂𐤍𐤉𐤌	H5873	4	0.00	H1588	0.75
𐤌𐤌𐤈𐤓	H4306	4	0.25		
𐤌𐤔𐤂𐤉𐤇	H7688	6	0.17		
𐤅𐤁𐤒𐤓𐤁𐤅	H7130	4	0.50		
𐤔𐤅𐤒𐤈	H8252	3	0.67		
𐤇𐤒𐤉𐤊	H2706	3	0.33		
𐤀𐤅𐤍𐤉𐤌	H202	8	0.75	H205	0.25
𐤅𐤍𐤊𐤃	H5220	3	0.67		
𐤋𐤔𐤌𐤇𐤕	H8057	6	0.50		
𐤀𐤅𐤋𐤕𐤅	H200	3	0.67		
𐤇𐤊𐤌𐤕𐤅	H2451	25	0.68		
𐤌𐤀𐤁	H4124	8	0.75		
𐤌𐤏𐤃𐤄	H5711	4	0.75	H5710	0.5
𐤌𐤄𐤐𐤓	H6499	4	0.50		
𐤀𐤑𐤉𐤋	H5337	4	0.50		
𐤅𐤌𐤍𐤄	H4481	4	1.00		
𐤌𐤔𐤍𐤅𐤕	H8142	4	0.00		
𐤔𐤇𐤒	H7814	5	0.20	H7832	0.8
𐤋𐤌𐤏𐤈	H4592	5	0.80		
𐤕𐤐𐤒𐤃	H6485	7	1.00		
𐤃𐤁𐤕	H1681	8	0.12		
𐤌𐤁𐤂𐤃	H899	4	0.50		
𐤑𐤁𐤀𐤉𐤅	H6635	5	0.80		
𐤇𐤋𐤉𐤐𐤅𐤕	H2487	24	0.21		
𐤇𐤋𐤐𐤅	H2498	4	0.25		
𐤍𐤅𐤎𐤐	H3254	45	0.78		
𐤅𐤏𐤅𐤌𐤃	H5975	4	1.00		
𐤄𐤃𐤓𐤅	H1926	5	0.20		
𐤌𐤇𐤌	H2416	3	0.67		
𐤅𐤁𐤃𐤁𐤓𐤉𐤅	H1697	3	1.00		
𐤅𐤇𐤐𐤑	H2654	6	0.83	H2656	0.3333333333333333
𐤄𐤒𐤉𐤐𐤄	H5362	12	0.92		
𐤁𐤂𐤁𐤄	H1364	4	0.75	H1363	0.75
𐤅𐤉𐤏𐤐	H5774	4	0.25		
𐤎𐤅𐤐𐤄	H5492	4	1.00		
𐤌𐤏𐤌𐤃	H5975	47	0.74	H4612	0.3191489361702128
𐤑𐤌𐤇𐤉𐤌	H6780	3	0.33		
𐤉𐤅𐤓𐤃𐤉	H3381	5	0.60		
𐤀𐤆𐤍𐤉𐤍𐤅	H241	3	0.33		
𐤅𐤒𐤑	H7093	8	0.50	H6972	0.125
𐤅𐤍𐤐𐤋𐤀𐤅𐤕	H6381	6	0.67		
𐤌𐤂𐤃𐤋𐤉	H1419	10	0.90	H4026	0.9
𐤌𐤓𐤅𐤌𐤉𐤌	H4791	4	0.50		
𐤅𐤂𐤃𐤋𐤅	H1431	6	0.83		
𐤄𐤉𐤅𐤏𐤑𐤉𐤌	H3289	8	0.25		
𐤁𐤌𐤆𐤌𐤕𐤌	H2154	4	0.25	H4519	0.0
𐤇𐤊𐤌𐤉	H2450	17	0.18		
𐤅𐤌𐤅𐤔𐤋𐤉𐤌	H4918	4	0.25		
𐤁𐤌𐤔𐤌𐤓𐤅𐤕𐤌	H4931	4	0.50		
𐤍𐤅𐤔𐤀𐤉	H5375	28	0.86		
𐤕𐤐𐤀𐤓𐤕𐤌	H8597	4	0.25		
𐤅𐤕𐤒𐤅𐤕𐤌	H8615	5	0.80		
𐤕𐤔𐤁𐤕	H7673	3	0.67	H8666	0.0
𐤂𐤅𐤉𐤕𐤌	H1664	4	0.50		
𐤍𐤊𐤓𐤕	H3772	10	0.70		
𐤁𐤁𐤓𐤉𐤕	H1285	38	0.53		
𐤁𐤁𐤓𐤊𐤄	H1293	21	0.38		
𐤁𐤃𐤁𐤓𐤉𐤅	H1697	33	0.97		
𐤅𐤁𐤏𐤍𐤅𐤕𐤅	H6031	3	0.33		
𐤅𐤌𐤔𐤐𐤈𐤉𐤅	H4941	4	0.50		
𐤄𐤅𐤃	H1935	12	0.92	H1936	0.16666666666666666
𐤅𐤓𐤌𐤅𐤍𐤉𐤌	H7416	3	0.67		
𐤀𐤐𐤅𐤃	H646	3	0.33		
𐤕𐤅𐤋𐤏𐤕	H8438	4	0.75		
𐤌𐤍𐤇𐤕𐤅	H4503	4	0.25	H4496	0.25
𐤌𐤑𐤅𐤕𐤉𐤅	H4687	6	0.83		
𐤃𐤕𐤍	H1885	3	1.00	H1886	0.3333333333333333
𐤁𐤏𐤆𐤅𐤆	H5810	3	0.00		
𐤅𐤉𐤊𐤋𐤌	H3615	3	1.00		
𐤁𐤇𐤓𐤅𐤍	H2740	12	0.42		
𐤋𐤀𐤄𐤓𐤍	H175	8	0.50		
𐤀𐤔𐤉	H801	3	0.67	H787	0.0
𐤋𐤀𐤋𐤅𐤄	H433	5	0.40		
𐤋𐤊𐤋𐤊𐤋	H3605	23	0.78	H3557	0.6086956521739131
𐤉𐤔𐤊𐤇	H7911	8	0.50		
𐤍𐤅𐤍	H5126	16	0.25		
𐤋𐤁𐤇𐤉𐤓𐤉𐤅	H972	3	0.67		
𐤍𐤄𐤃𐤓	H1921	9	0.56		
𐤊𐤉𐤃𐤅𐤍	H3591	4	0.00		
𐤁𐤀𐤁𐤍𐤉	H68	6	0.50		
𐤄𐤔𐤋𐤉𐤊	H7993	13	0.54		
𐤑𐤅𐤐𐤄	H6822	6	0.33		
𐤅𐤊𐤋𐤁	H3612	4	0.25		
𐤉𐤐𐤍𐤄	H3312	11	0.45	H6437	0.6363636363636364
𐤅𐤋𐤄𐤔𐤁𐤉𐤕	H7673	3	0.67		
𐤌𐤔𐤔	H8337	5	0.80		
𐤋𐤊𐤋𐤁	H3612	5	0.60	H3611	0.2
𐤅𐤄𐤔𐤅𐤐𐤈𐤉𐤌	H8199	3	0.67		
𐤍𐤎𐤅𐤂	H5472	9	0.89	H5253	0.8888888888888888
𐤏𐤑𐤌𐤅𐤕𐤌	H6106	3	1.00		
𐤅𐤉𐤌𐤔𐤇	H4886	5	0.80		
𐤁𐤌𐤑𐤅𐤕	H4687	31	0.77		
𐤈𐤋𐤄	H2924	3	0.67		
𐤍𐤃𐤓𐤔	H1875	12	0.50		
𐤒𐤋𐤏	H7049	13	0.54	H7050	0.5384615384615384
𐤂𐤋𐤉𐤕	H1555	15	0.60	H1540	0.8
𐤋𐤄𐤃𐤅𐤐	H1920	5	0.60		
𐤅𐤌𐤎𐤁𐤉𐤁	H5439	18	0.72		
𐤄𐤊𐤍𐤉𐤏	H3665	26	0.58		
𐤁𐤐𐤋𐤔𐤕𐤉𐤌	H6430	6	1.00		
𐤄𐤅𐤃𐤅𐤕	H1935	29	0.83	H3034	0.4482758620689655
𐤄𐤅𐤃𐤄	H1935	26	0.62		
𐤅𐤍𐤁𐤋𐤉𐤌	H5035	3	0.67		
𐤐𐤔𐤏𐤅	H6586	18	0.56	H6588	0.4444444444444444
𐤔𐤅𐤊𐤍	H3651	12	0.83		
𐤔𐤋𐤅𐤄	H7962	4	0.75	H7961	1.0
𐤁𐤇𐤊𐤌𐤕𐤊	H2451	7	0.43		
𐤔𐤉𐤓𐤄	H7892	7	0.71		
𐤁𐤔𐤉𐤓	H7892	4	0.50		
𐤇𐤉𐤃𐤄	H2420	3	1.00		
𐤄𐤍𐤊𐤁𐤃	H3513	23	0.83		
𐤔𐤁𐤈𐤉𐤌	H7626	13	0.31		
𐤉𐤐𐤉𐤋	H5307	4	1.00		
𐤌𐤃𐤁𐤓𐤉𐤅	H4057	8	0.50		
𐤉𐤔𐤌𐤉𐤃	H8045	6	0.83		
𐤓𐤇𐤁𐤏𐤌	H7346	17	1.00		
𐤄𐤐𐤓𐤉𐤏	H6544	4	0.25		
𐤉𐤓𐤁𐤏𐤌	H3379	53	1.00		
𐤍𐤁𐤈	H5028	4	0.75	H5027	0.75
𐤄𐤕𐤌𐤊𐤓	H4376	9	0.11		
𐤁𐤅𐤏𐤓	H5892	7	0.57		
𐤏𐤑𐤓	H6113	45	0.82	H6114	0.28888888888888886
𐤉𐤕𐤐𐤀𐤓	H6286	3	0.67		
𐤅𐤍𐤊𐤁𐤃𐤉𐤌	H3513	9	0.67		
𐤆𐤏	H2111	4	0.50		
𐤌𐤀𐤓𐤑𐤌	H776	16	0.81		
𐤅𐤉𐤔𐤀𐤓	H7604	17	0.41		
𐤄𐤐𐤋𐤉𐤀𐤅	H6381	10	0.60		
𐤉𐤇𐤆𐤒𐤉𐤄𐤅	H2396	3	0.67	H3169	0.0
𐤕𐤅𐤊𐤄	H5221	3	0.67		
𐤅𐤉𐤄𐤌𐤌	H2000	3	1.00		
𐤄𐤌𐤄𐤋𐤋	H1984	3	0.67		
𐤉𐤀𐤔𐤉𐤄𐤅	H2977	21	0.71		
𐤕𐤌𐤌	H8552	4	0.75		
𐤏𐤍𐤅𐤄𐤅	H5869	8	1.00		
𐤋𐤍𐤈𐤏	H5193	4	0.75		
𐤌𐤓𐤊𐤁𐤄	H4818	3	0.67		
𐤐𐤓𐤇𐤕	H6524	3	0.33		
𐤆𐤓𐤁𐤁𐤋	H2216	19	0.32	H2217	0.3157894736842105
𐤉𐤄𐤅𐤑𐤃𐤒	H3087	6	0.33		
𐤁𐤌𐤑𐤅𐤒	H4690	5	0.00		
𐤍𐤇𐤌𐤉𐤄	H5166	22	0.50		
𐤅𐤀𐤍𐤅𐤔	H582	3	0.33		
𐤅𐤁𐤉𐤌𐤉𐤅	H3117	11	0.91		
𐤒𐤉𐤓	H7023	7	0.71	H7024	0.0
𐤄𐤐𐤓𐤊𐤕	H6532	5	0.60		
𐤁𐤒𐤁𐤋𐤅	H6903	4	1.00		
𐤀𐤓𐤆𐤉𐤌	H730	16	0.88	H729	0.875
𐤌𐤏𐤓𐤊𐤅𐤕	H4634	21	0.81		
𐤉𐤓𐤉𐤏𐤅	H7321	3	0.67		
𐤄𐤔𐤉𐤓	H7892	6	0.50		
𐤅𐤁𐤓𐤊𐤕	H1293	3	0.33	H1288	0.6666666666666666
𐤄𐤕𐤐𐤀𐤓	H6286	4	0.50		
𐤅𐤉𐤏𐤔𐤄𐤅	H6213	4	1.00		
𐤅𐤄𐤔𐤋𐤉𐤔𐤉𐤕	H7992	9	1.00		
𐤀𐤅𐤐𐤍𐤉𐤌	H212	3	0.33		
𐤅𐤍𐤅𐤕𐤍	H5414	10	0.90		
𐤀𐤁𐤉𐤀	H935	5	0.80		
𐤌𐤏𐤅𐤆	H4581	5	0.40		
𐤊𐤓𐤅𐤁	H3742	5	0.00	H3743	0.0
𐤌𐤓𐤁𐤅𐤕	H4808	4	0.00		
𐤔𐤋𐤄𐤁𐤕	H7957	4	1.00		
𐤕𐤇𐤕𐤉𐤅𐤕	H8482	4	0.25		
𐤏𐤅𐤆𐤓	H5826	17	0.29		
𐤅𐤇𐤎𐤃𐤉𐤅	H2617	5	0.40		
𐤄𐤌𐤑𐤉𐤋	H5337	3	0.67		
𐤔𐤅𐤀𐤄	H7722	15	0.60		
𐤕𐤇𐤍𐤅𐤍𐤉	H8469	4	1.00		
𐤍𐤃𐤇𐤉	H1760	3	0.00	H5080	0.3333333333333333
𐤑𐤃𐤅𐤒	H6659	23	0.87		
𐤋𐤌𐤂𐤍	H4043	5	0.20		
𐤒𐤓𐤅𐤁𐤅	H7126	17	0.71		
𐤀𐤄𐤐𐤊	H2015	3	0.33		
𐤇𐤔𐤒𐤄	H2836	16	0.81		
𐤅𐤋𐤍𐤑𐤇	H5331	7	0.86		
𐤅𐤀𐤋𐤅	H431	20	0.00	H352	0.55
𐤕𐤒𐤍𐤅	H7069	3	0.33		
𐤔𐤍𐤒𐤓𐤀	H7121	9	0.78		
𐤄𐤀𐤅𐤉𐤋𐤉𐤌	H352	3	0.00		
𐤕𐤌𐤋𐤈	H4422	7	0.57		
𐤌𐤇𐤔𐤁𐤅𐤕𐤉𐤅	H4284	6	0.67		
𐤋𐤄𐤔𐤉𐤁𐤌	H7725	11	0.45		
𐤀𐤆𐤍𐤅	H241	18	0.33		
𐤕𐤋𐤅𐤍𐤅𐤕	H8519	6	0.17		
𐤃𐤓𐤊𐤉𐤊𐤌	H1870	4	0.50		
𐤕𐤁𐤉𐤀𐤅	H935	7	0.86		
𐤁𐤀𐤁𐤃𐤍	H13	7	0.71		
𐤋𐤄𐤏𐤌𐤉𐤃𐤌	H5975	4	0.25		
𐤅𐤕𐤁𐤅𐤀𐤕	H8393	3	0.67		
𐤓𐤔𐤏𐤄	H7564	15	0.13	H7563	0.4666666666666667
𐤁𐤃𐤁𐤓𐤉𐤄𐤌	H1697	11	0.91		
𐤊𐤏𐤋	H5921	5	1.00		
𐤌𐤍𐤉	H4480	9	0.89	H4481	0.8888888888888888
𐤁𐤌𐤒𐤓𐤄	H4745	26	0.46		
𐤍𐤅𐤋𐤃𐤍𐤅	H3205	7	1.00		
𐤉𐤊𐤁𐤄	H3518	4	1.00		
𐤕𐤇𐤋𐤒	H2505	4	1.00		
𐤊𐤓𐤅𐤇	H7307	4	0.75		
𐤉𐤆𐤊𐤓𐤅	H2142	15	0.80		
𐤏𐤓𐤐𐤋	H6205	3	0.67		
𐤌𐤇𐤌𐤕𐤅	H2535	5	0.20		
𐤊𐤑𐤋	H6738	3	0.00		
𐤍𐤌𐤋𐤀	H4390	3	1.00		
𐤔𐤅𐤔𐤍𐤉𐤌	H7799	3	0.00		
𐤌𐤌𐤀𐤍	H3985	3	0.00		
𐤔𐤉𐤁𐤕	H7872	5	0.40	H7870	0.2
𐤇𐤉𐤅	H2421	13	0.77	H2416	0.7692307692307693
𐤍𐤁𐤃𐤋𐤅	H914	14	0.50		
𐤉𐤓𐤇𐤒	H7368	4	0.50		
𐤋𐤍𐤐𐤔𐤅𐤕	H5315	6	0.83		
𐤄𐤆𐤊𐤅𐤕	H2135	6	0.00		
𐤁𐤑𐤋𐤌𐤅	H6754	3	0.67		
𐤁𐤂𐤅𐤓𐤋𐤅	H1486	7	0.86		
𐤍𐤏𐤍𐤅	H5128	5	0.60		
𐤕𐤒𐤅𐤕𐤌	H8615	16	0.81		
𐤏𐤉𐤍𐤅	H5869	15	0.73		
𐤅𐤉𐤌𐤔𐤋𐤅	H4910	7	1.00		
𐤅𐤄𐤓𐤔𐤏𐤉𐤌	H7563	13	0.77		
𐤌𐤔𐤐𐤇𐤕𐤌	H4940	8	0.75		
𐤄𐤍𐤐𐤔𐤅𐤕	H5315	15	0.80		
𐤄𐤊𐤏𐤉𐤎	H3707	6	0.50		
𐤊𐤐𐤉𐤅	H3709	16	0.56		
𐤊𐤔𐤓𐤅𐤍	H3788	5	0.60		
𐤋𐤌𐤇𐤕𐤄	H4288	3	0.33		
𐤅𐤓𐤅𐤃𐤐	H7291	3	0.67		
𐤉𐤇𐤆𐤒𐤅	H2388	6	0.83		
𐤂𐤆𐤏𐤌	H1503	5	0.00		
𐤉𐤁𐤈𐤇𐤅	H982	4	0.50		
𐤅𐤐𐤓𐤉𐤌	H6499	6	0.17		
𐤕𐤌𐤔𐤅𐤋	H4910	3	0.67		
𐤕𐤁𐤅𐤍𐤕	H8403	6	0.00	H8394	0.3333333333333333
𐤓𐤅𐤀𐤉𐤌	H7214	30	0.03		
𐤐𐤅𐤔𐤏𐤉𐤌	H6586	3	0.67		
𐤉𐤔𐤇𐤒	H7832	3	1.00	H3446	0.0
𐤉𐤎𐤅𐤃𐤌	H3247	3	0.67		
𐤑𐤓𐤉𐤅	H6862	5	0.60		
𐤉𐤓𐤀𐤅𐤄𐤅	H3372	3	1.00		
𐤓𐤏𐤃	H7461	3	0.00		
𐤋𐤑𐤇𐤅𐤒	H3327	11	0.09		
𐤅𐤌𐤅𐤕𐤅	H4194	4	0.75		
𐤅𐤔𐤌𐤔	H8121	3	0.67		
𐤅𐤀𐤁𐤃𐤅𐤍	H11	3	0.33		
𐤏𐤒𐤋𐤒𐤋𐤅𐤕	H6128	3	0.33		
𐤂𐤋𐤉	H1540	5	0.60	H1530	1.0
𐤍𐤊𐤓𐤅	H5234	5	0.80	H5235	0.0
𐤁𐤊𐤍𐤐𐤉𐤅	H3671	3	1.00		
𐤋𐤌𐤈𐤓𐤄	H4307	9	0.78		
𐤋𐤄𐤈𐤉𐤁	H2895	4	0.25		
𐤌𐤍𐤅	H4487	4	0.25		
𐤀𐤅𐤓𐤇	H734	6	0.67		
𐤕𐤔𐤅𐤏𐤕𐤌	H8668	7	0.86		
𐤉𐤂𐤍	H1598	5	0.80		
𐤉𐤋𐤇𐤌	H3898	26	0.81		
𐤊𐤏𐤌	H5971	4	0.00		
𐤌𐤀𐤅𐤉𐤁𐤉𐤅	H341	7	0.43		
𐤉𐤐𐤂𐤏𐤅	H6293	3	0.67		
𐤁𐤊𐤇	H3581	87	0.76		
𐤄𐤒𐤋𐤏	H7050	17	0.06		
𐤇𐤌𐤅𐤕	H2346	8	0.38	H2534	0.25
𐤁𐤆𐤏𐤐𐤅	H2197	3	0.33		
𐤅𐤍𐤄𐤓𐤅𐤕	H5104	5	0.60		
𐤅𐤄𐤓𐤔𐤏𐤄	H7563	3	0.33		
𐤕𐤔𐤌𐤉𐤃	H8045	4	0.50		
𐤄𐤔𐤅𐤐𐤈𐤉𐤌	H8199	24	0.71		
𐤒𐤑𐤅𐤉	H7099	3	0.33		
𐤄𐤈𐤅	H5186	15	0.47		
𐤄𐤌𐤅𐤔𐤋𐤉𐤌	H4910	25	0.76		
𐤁𐤏𐤌𐤉𐤌	H5971	9	1.00		
𐤇𐤒𐤉𐤅	H2706	5	0.80		
𐤉𐤓𐤇𐤌	H3395	10	0.30	H7355	0.9
𐤅𐤌𐤔𐤂𐤉𐤇	H7688	3	0.33		
𐤀𐤃𐤉𐤓𐤉𐤌	H117	13	0.69		
𐤀𐤃𐤁𐤓𐤄	H1696	3	1.00		
𐤌𐤇𐤎𐤄	H4268	11	0.55		
𐤋𐤌𐤏𐤍𐤄	H4616	7	0.71		
𐤇𐤉𐤔	H2440	37	0.38		
𐤀𐤍𐤔𐤉𐤄	H376	7	0.71		
𐤌𐤇𐤔𐤁𐤅𐤕𐤉𐤄𐤌	H4284	6	1.00		
𐤋𐤌𐤋𐤅𐤊𐤄	H4410	28	1.00		
𐤅𐤔𐤁𐤈	H7626	16	0.75		
𐤕𐤌𐤔𐤋𐤅	H4910	3	0.67	H4911	0.0
𐤀𐤏𐤋𐤉𐤌	H5956	3	0.67		
𐤌𐤅𐤑𐤀𐤄	H4672	5	1.00		
𐤄𐤀𐤆𐤉𐤍𐤅	H238	4	0.25		
𐤄𐤌𐤔𐤊𐤁	H4904	3	0.33		
𐤍𐤐𐤋𐤕𐤉	H5307	4	1.00		
𐤁𐤃𐤀𐤂𐤄	H1674	3	0.67		
𐤁𐤋𐤃𐤕	H3205	8	0.75		
𐤅𐤄𐤅𐤍	H1952	3	0.67		
𐤅𐤀𐤌𐤍𐤌	H551	107	0.40		
𐤋𐤓𐤂𐤋𐤄	H7272	4	0.75		
𐤋𐤌𐤅𐤃𐤉𐤌	H3928	6	0.67		
𐤅𐤋𐤄𐤔𐤉𐤁	H7725	19	1.00		
𐤄𐤍𐤅𐤃𐤏𐤉𐤌	H3045	7	1.00		
𐤄𐤕𐤁𐤅𐤍𐤄	H8394	6	0.83		
𐤕𐤊𐤅𐤍𐤕	H8499	27	0.56	H8498	0.0
𐤄𐤉𐤎𐤅𐤃𐤅𐤕	H3247	9	0.33		
𐤅𐤌𐤇𐤑𐤉𐤕	H4276	3	0.67		
𐤄𐤏𐤍𐤉𐤍	H6045	23	0.48		
𐤋𐤁𐤄𐤌𐤅𐤕	H929	4	0.75		
𐤎𐤏𐤓𐤕	H5591	11	0.27		
𐤄𐤍𐤈𐤏𐤉𐤌	H5196	4	0.75		
𐤄𐤅𐤓𐤍𐤉	H3384	3	0.00		
𐤏𐤍𐤉𐤍𐤉𐤌	H6045	12	0.33		
𐤅𐤀𐤌𐤉𐤑	H533	5	0.20		
𐤌𐤄𐤉𐤓𐤄	H4120	6	0.17		
𐤅𐤉𐤕𐤓𐤅𐤍	H3504	3	0.67		
𐤌𐤂𐤉𐤏𐤄	H5060	4	1.00		
𐤁𐤏𐤆𐤄	H5798	3	0.00	H5804	0.3333333333333333
𐤄𐤒𐤑𐤄	H7097	3	0.67		
𐤁𐤉𐤐𐤉𐤄	H6310	4	1.00		
𐤌𐤔𐤇𐤒𐤕	H7832	6	0.17		
𐤌𐤇𐤊𐤌𐤄	H2451	8	0.75		
𐤉𐤅𐤃𐤏𐤕	H3045	10	1.00		
𐤕𐤒𐤓𐤀𐤍𐤄	H7121	3	0.33	H7122	0.0
𐤅𐤕𐤄𐤉𐤄	H1961	11	0.82		
𐤉𐤕𐤌𐤄𐤅	H8539	3	0.67		
𐤋𐤁𐤀𐤉𐤌	H935	12	0.75		
𐤅𐤇𐤋𐤅	H2342	10	0.90	H2470	0.7
𐤕𐤅𐤂𐤄	H8424	4	0.75		
𐤋𐤄𐤁𐤉𐤀𐤄	H935	7	0.86		
𐤇𐤌𐤃	H2531	12	0.08	H2530	0.9166666666666666
𐤄𐤋𐤊𐤕𐤉	H1980	20	0.75	H3212	0.6
𐤍𐤔𐤂𐤁𐤄	H7682	3	0.67		
𐤇𐤊𐤌𐤕𐤉	H2451	3	0.67	H2449	1.0
𐤄𐤉𐤅𐤔𐤁𐤕	H3427	7	0.71		
𐤀𐤌𐤕𐤊	H519	3	1.00	H571	0.0
𐤕𐤁𐤅𐤍𐤅𐤕	H8394	5	1.00		
𐤅𐤁𐤌𐤔𐤐𐤈	H4941	7	1.00		
𐤁𐤇𐤓𐤕	H977	8	0.12		
𐤅𐤌𐤆𐤁𐤇	H4196	5	1.00		
𐤉𐤓𐤑𐤅	H7521	14	0.64	H7323	0.42857142857142855
𐤕𐤌𐤅𐤕𐤄	H8546	6	0.17		
𐤏𐤑𐤕𐤊	H6098	5	0.20		
𐤅𐤕𐤃𐤏	H3045	10	0.80		
𐤄𐤄𐤐𐤅𐤊𐤄	H2015	3	0.67		
𐤌𐤑𐤁𐤕	H4678	19	0.42	H4676	0.2631578947368421
𐤌𐤆𐤊𐤓𐤕	H2142	4	0.75		
𐤌𐤏𐤍𐤉𐤌	H4586	6	0.67		
𐤁𐤁𐤓𐤇𐤅	H1272	8	0.50		
𐤁𐤏𐤌𐤋𐤅	H5999	3	1.00		
𐤁𐤉𐤂𐤉𐤏	H1478	4	0.25		
𐤊𐤐𐤅	H3709	3	0.67		
𐤀𐤓𐤁𐤅	H693	9	0.67	H696	0.3333333333333333
𐤏𐤆𐤁𐤄	H5800	6	0.17		
𐤄𐤁𐤉𐤀𐤄	H935	27	0.81		
𐤅𐤕𐤅𐤑𐤉𐤀	H3318	5	0.80		
𐤁𐤀𐤅𐤕𐤅𐤕	H226	7	0.71		
𐤂𐤌𐤋𐤄	H1580	3	1.00		
𐤅𐤀𐤅𐤕𐤌	H853	6	1.00		
𐤄𐤏𐤋𐤕𐤄	H5927	6	0.83		
𐤅𐤉𐤁𐤆𐤅	H962	16	0.75	H959	0.1875
𐤐𐤕𐤇𐤄	H6605	6	0.67	H6607	0.6666666666666666
𐤀𐤄𐤋𐤉𐤄𐤌	H168	8	0.75		
𐤅𐤉𐤍𐤒𐤌𐤅	H5358	4	0.00		
𐤑𐤓𐤉𐤄𐤌	H6862	11	0.73		
𐤍𐤅𐤆𐤋𐤉𐤌	H5140	3	1.00		
𐤄𐤅𐤃𐤏𐤕	H3045	4	1.00	H3046	0.75
𐤁𐤌𐤅𐤓𐤃𐤉𐤌	H4174	3	0.00		
𐤁𐤀𐤐𐤊	H639	5	0.40		
𐤊𐤌𐤋𐤊	H4428	11	0.82		
𐤋𐤎𐤐𐤅𐤕	H5595	4	0.00		
𐤄𐤈𐤉𐤁	H3190	11	0.82	H2895	0.2727272727272727
𐤄𐤌𐤐𐤋𐤄	H4654	14	0.21		
𐤁𐤅𐤏𐤓𐤕	H5785	5	0.00		
𐤉𐤔𐤌𐤃𐤅	H8045	4	0.75		
𐤌𐤓𐤀𐤉𐤄𐤌	H4758	5	0.60		
𐤉𐤉𐤁𐤔𐤅	H3001	3	0.33		
𐤋𐤄𐤐𐤋𐤉𐤀	H6381	13	0.85		
𐤁𐤂𐤁𐤅𐤓𐤕𐤊	H1369	6	0.67		
𐤄𐤍𐤅𐤐𐤋𐤕	H5307	3	1.00		
𐤃𐤌𐤉𐤕	H1819	3	0.67		
𐤄𐤀𐤅𐤄𐤁	H157	3	1.00		
𐤄𐤍𐤊𐤔𐤋𐤉𐤌	H3782	3	0.33		
𐤀𐤆𐤍𐤌	H241	7	0.43		
𐤉𐤏𐤆𐤁𐤅	H5800	16	0.75		
𐤁𐤀𐤊𐤆𐤓𐤉𐤅𐤕	H395	17	0.35		
𐤊𐤄𐤍𐤉𐤄𐤌	H3548	3	1.00		
𐤕𐤅𐤏𐤁𐤅𐤕𐤉𐤄𐤌	H8441	13	0.23		
𐤋𐤄𐤔𐤇𐤉𐤕𐤌	H7843	4	0.75		
𐤉𐤑𐤓𐤕	H3335	3	0.33		
𐤄𐤌𐤔𐤂𐤉𐤇	H7688	3	0.00		
𐤁𐤌𐤔𐤐𐤈𐤉𐤊	H4941	3	1.00		
𐤔𐤀𐤕𐤄	H859	15	0.00		
𐤕𐤊𐤋𐤄	H3615	9	0.78	H8502	0.1111111111111111
𐤌𐤔𐤋𐤌	H4918	6	0.67	H7999	0.6666666666666666
𐤂𐤀𐤅𐤕	H1348	8	0.38	H1346	0.375
𐤄𐤏𐤆	H5756	13	0.15	H5810	0.38461538461538464
𐤁𐤇𐤌𐤋𐤄	H2550	5	1.00		
𐤋𐤓𐤇𐤌𐤉𐤌	H7356	10	0.80		
𐤁𐤄𐤌𐤅𐤕	H929	24	0.79	H930	0.16666666666666666
𐤇𐤌𐤕𐤌	H2534	25	0.28		
𐤍𐤕𐤊	H5413	7	0.43		
𐤇𐤅𐤂	H2329	3	1.00		
𐤄𐤌𐤔𐤋𐤉𐤌	H4910	11	1.00	H4911	0.5454545454545454
𐤄𐤔𐤉𐤀𐤌	H5377	3	0.33		
𐤄𐤕𐤐𐤀𐤓𐤕	H8597	5	0.60		
𐤉𐤅𐤑𐤓𐤌	H3335	3	0.00		
𐤌𐤊𐤇	H3581	16	0.75		
𐤅𐤐𐤍	H6435	4	0.75		
𐤅𐤋𐤁𐤀	H935	3	0.67		
𐤕𐤊𐤅𐤍𐤕𐤅	H8499	8	0.12		
𐤍𐤋𐤊𐤃𐤅	H3920	16	0.12		
𐤉𐤊𐤐𐤓	H3722	5	1.00		
𐤄𐤏𐤔𐤅𐤉	H6213	4	1.00		
𐤒𐤃𐤌𐤅𐤍𐤉𐤌	H6931	3	1.00		
𐤋𐤑𐤓𐤊𐤉	H6862	9	0.44		
𐤀𐤓𐤅𐤇𐤕𐤅	H737	3	0.00		
𐤁𐤁𐤓𐤆𐤋	H1270	6	0.67		
𐤌𐤋𐤈	H4422	5	0.60	H4423	0.0
𐤐𐤎𐤋	H6459	9	0.56	H6456	0.5555555555555556
𐤉𐤏𐤕𐤓	H6279	4	0.50		
𐤋𐤌𐤕	H4191	5	0.80		
𐤅𐤌𐤀𐤔𐤓	H834	9	0.44	H836	0.3333333333333333
𐤂𐤋𐤉𐤌	H1530	4	0.75	H1554	0.5
𐤄𐤔𐤊𐤉𐤋𐤄	H7919	4	0.50		
𐤅𐤍𐤕𐤉𐤁	H5410	3	0.67		
𐤔𐤉𐤕𐤍𐤅	H8361	3	0.00		
𐤍𐤔𐤌𐤃𐤅	H8045	7	0.86		
𐤋𐤄𐤔𐤀𐤉𐤓	H7604	26	0.92		
𐤀𐤋𐤉𐤋𐤉	H457	5	0.40		
𐤕𐤇𐤁𐤅𐤋𐤕	H8458	4	0.25		
𐤕𐤁𐤍𐤉𐤕𐤅	H8403	3	0.33		
𐤋𐤀𐤋𐤄𐤉𐤅	H430	6	0.83		
𐤅𐤁𐤓𐤅𐤁	H7230	4	0.75		
𐤄𐤌𐤍𐤄𐤂	H5090	7	0.71		
𐤂𐤓𐤅	H1481	5	0.80	H1616	0.2
𐤀𐤌𐤑𐤄	H556	3	0.00		
𐤌𐤂𐤌𐤕	H4041	4	0.25		
𐤊𐤀𐤃𐤌	H121	5	1.00	H120	0.4
𐤁𐤔𐤌𐤅𐤕	H8034	20	0.60		
𐤁𐤀𐤅𐤋𐤕𐤌	H200	5	0.40		
𐤎𐤁𐤕	H5437	64	0.86		
𐤍𐤅𐤄𐤂𐤉𐤌	H5090	6	0.17		
𐤔𐤕𐤉𐤄𐤍	H8147	11	0.73		
𐤇𐤔𐤁𐤌	H2803	3	0.67		
𐤋𐤄𐤁𐤆𐤅𐤕	H959	3	1.00		
𐤌𐤓𐤔𐤏𐤉𐤌	H7563	6	0.33	H7561	0.0
𐤁𐤑𐤁𐤏𐤉𐤌	H6648	4	0.50		
𐤀𐤅𐤉𐤋𐤉𐤌	H191	3	0.33		
𐤄𐤀𐤅𐤄𐤁𐤉𐤌	H157	5	0.80		
𐤌𐤒𐤑𐤕𐤅	H7098	6	0.00		
𐤅𐤊𐤈𐤅𐤁	H2896	4	1.00		
𐤄𐤓𐤂𐤁𐤉𐤌	H7263	3	1.00		
𐤉𐤇𐤅𐤎	H2347	6	0.67		
𐤄𐤌𐤏𐤈𐤉𐤌	H4592	9	0.67		
𐤔𐤐𐤋𐤄	H8217	7	0.14	H8218	0.7142857142857143
𐤁𐤀𐤐𐤅	H639	3	0.67		
𐤍𐤔𐤌𐤕	H5397	8	0.62	H5396	0.125
𐤁𐤆𐤓𐤅𐤏𐤌	H2220	3	0.00		
𐤏𐤅𐤔𐤌	H6213	4	1.00		
𐤕𐤏𐤔𐤉𐤍𐤄	H6213	8	0.88		
𐤄𐤁𐤄𐤌𐤅𐤕	H929	12	0.67		
𐤋𐤉𐤕𐤓	H3499	18	0.61	H3500	0.4444444444444444
𐤄𐤈𐤅𐤁𐤅𐤕	H2896	92	0.80		
𐤁𐤇𐤉𐤅𐤕	H2416	4	1.00		
𐤅𐤋𐤏𐤌𐤕	H5980	3	0.33		
𐤆𐤓𐤅𐤕	H2114	6	0.83	H2219	0.8333333333333334
𐤄𐤀𐤊𐤆𐤓𐤉𐤌	H393	3	0.67		
𐤔𐤅𐤍𐤀𐤉𐤄𐤌	H8130	40	0.30		
𐤋𐤌𐤑𐤏𐤓	H4705	6	0.83		
𐤕𐤅𐤓𐤕𐤊	H8451	13	0.85		
𐤏𐤆𐤓𐤕𐤌	H5833	5	0.00	H5826	0.0
𐤃𐤁𐤓𐤉𐤊	H1697	26	0.69	H1698	0.0
𐤅𐤋𐤄𐤇𐤉𐤅𐤕	H2421	3	1.00		
𐤁𐤓𐤔𐤏𐤕𐤅	H7564	5	0.80		
𐤋𐤄𐤔𐤉𐤁𐤄	H7725	6	1.00		
𐤄𐤌𐤅𐤓𐤃𐤉𐤌	H4775	115	0.02		
𐤁𐤆𐤓𐤅𐤏	H2220	21	0.52		
𐤋𐤌𐤀𐤊𐤋𐤕	H398	8	0.25	H4519	0.0
𐤅𐤄𐤀𐤔	H784	10	0.90		
𐤋𐤉𐤔𐤏	H3468	3	0.33		
𐤋𐤄𐤁𐤅𐤕	H3852	6	0.33		
𐤁𐤄𐤌𐤕	H929	7	0.57		
𐤌𐤔𐤋𐤇𐤕	H4917	6	0.83		
𐤌𐤔𐤇𐤒𐤉𐤌	H7832	5	0.40		
𐤋𐤁𐤍𐤉𐤊	H1121	7	0.57		
𐤄𐤔𐤋𐤂	H7950	8	0.25		
𐤅𐤄𐤒𐤓𐤇	H7140	3	0.33		
𐤅𐤕𐤀𐤁𐤃	H6	3	0.67		
𐤋𐤔𐤓𐤕𐤊	H8334	4	0.50		
𐤕𐤂𐤓𐤏	H1639	4	0.00		
𐤌𐤔𐤀𐤋𐤅𐤕	H413	5	1.00	H4519	0.2
𐤔𐤅𐤀𐤋	H413	15	0.73		
𐤄𐤌𐤎𐤅	H4549	3	1.00		
𐤅𐤇𐤌	H2526	5	1.00	H2552	1.0
𐤍𐤌𐤎	H4549	6	0.67		
𐤄𐤇𐤓𐤐	H2779	21	0.90		
𐤁𐤁𐤕𐤉𐤄𐤌	H1004	8	0.38		
𐤌𐤎𐤊	H4539	5	0.80	H4538	0.2
𐤔𐤅𐤍𐤅𐤕	H8145	29	0.69		
𐤎𐤁𐤉𐤁𐤅𐤕𐤉𐤄𐤌	H5439	6	0.83		
𐤋𐤄𐤐𐤇𐤉𐤃𐤌	H6342	3	0.33		
𐤏𐤑𐤓𐤄	H6116	15	0.20	H6113	0.9333333333333333
𐤌𐤇𐤕𐤄	H4288	5	0.60	H4229	0.6
𐤇𐤓𐤃𐤅	H2729	19	0.63		
𐤂𐤅𐤏𐤅	H1478	4	0.25		
𐤉𐤃𐤓𐤅𐤔	H1875	3	0.33		
𐤄𐤐𐤇𐤃	H6343	26	0.96		
𐤉𐤌𐤏𐤈	H4591	6	0.67		
𐤄𐤍𐤋𐤊𐤃	H3920	4	0.50		
𐤅𐤀𐤎𐤓	H632	6	0.00		
𐤁𐤇𐤁𐤋𐤉	H2256	5	0.20		
𐤍𐤅𐤐𐤋𐤉𐤌	H5307	24	0.96		
𐤌𐤋𐤀𐤊𐤕𐤌	H4399	13	0.85		
𐤄𐤍𐤅𐤔𐤀𐤉𐤌	H5375	8	1.00		
𐤄𐤊𐤁𐤉𐤃	H3513	6	0.83		
𐤌𐤑𐤓𐤄	H6869	18	0.22	H4694	0.4444444444444444
𐤌𐤎𐤏𐤌	H4551	6	0.83		
𐤉𐤌𐤍𐤏	H4513	13	0.31	H3234	0.07692307692307693
𐤊𐤋𐤀𐤅	H3608	6	0.00	H3607	0.5
𐤔𐤏𐤋	H5921	14	1.00	H8168	0.21428571428571427
𐤄𐤕𐤇𐤊𐤌𐤅	H2449	4	0.00		
𐤌𐤔𐤏𐤓𐤉	H5892	18	0.72	H8179	0.7777777777777778
𐤀𐤁𐤃𐤕𐤌	H6	3	1.00		
𐤅𐤀𐤁𐤃𐤍	H12	4	0.75		
𐤅𐤉𐤋𐤋𐤄	H3215	3	0.33		
𐤍𐤔𐤐𐤈	H8199	7	0.86		
𐤌𐤔𐤐𐤇𐤅𐤕𐤉𐤄𐤌	H4940	4	0.50		
𐤍𐤔𐤌𐤃	H8045	11	0.45		
𐤁𐤇𐤑𐤉𐤅	H2351	3	0.67		
𐤅𐤉𐤁𐤉𐤀	H935	26	0.88		
𐤐𐤂𐤓𐤉𐤌	H6297	9	0.89		
𐤁𐤇𐤋𐤅𐤌𐤅𐤕	H2472	5	1.00		
𐤍𐤅𐤓𐤀𐤅𐤕	H3372	22	0.82		
𐤍𐤂𐤐𐤉𐤌	H5062	4	0.50		
𐤄𐤇𐤕𐤅𐤌	H2856	3	0.00		
𐤄𐤍𐤂𐤐	H5063	4	0.00	H5062	0.0
𐤌𐤂𐤐𐤄	H4046	11	0.36		
𐤅𐤉𐤏𐤑𐤓𐤄𐤅	H6113	8	0.75		
𐤋𐤑𐤓𐤄	H6869	3	0.67		
𐤌𐤔𐤓𐤕𐤊	H8334	3	0.33		
𐤈𐤅𐤓𐤉𐤌	H2905	5	0.60		
𐤁𐤔𐤋𐤇𐤌	H7971	6	0.83		
𐤒𐤁𐤓𐤉	H6913	6	0.50		
𐤁𐤕𐤇𐤍𐤅𐤍𐤉𐤌	H8469	3	0.67		
𐤁𐤅𐤓𐤇𐤉𐤌	H1280	4	0.25		
𐤁𐤇𐤋𐤒𐤅𐤕	H2513	3	0.33	H2514	0.0
𐤅𐤉𐤂𐤋𐤅	H1540	4	0.75		
𐤇𐤅𐤎𐤉𐤌	H2620	3	0.33		
𐤅𐤉𐤃𐤋𐤂𐤅	H1801	6	0.17		
𐤅𐤄𐤍𐤄𐤓	H5104	3	1.00		
𐤔𐤓𐤑	H8318	3	0.33	H8317	0.3333333333333333
𐤑𐤐𐤓𐤃𐤏𐤉𐤌	H6854	5	0.40		
𐤕𐤀𐤅𐤕𐤌	H8378	6	0.50		
𐤄𐤕𐤇𐤅𐤋𐤋	H2342	3	0.33		
𐤒𐤃𐤌𐤅	H6923	21	0.57	H6925	0.5714285714285714
𐤏𐤉𐤍𐤌	H5869	7	0.71	H5879	0.2857142857142857
𐤁𐤎𐤍𐤅𐤓𐤉𐤌	H5575	7	0.43		
𐤋𐤀𐤇𐤃𐤉𐤌	H259	6	1.00		
𐤄𐤏𐤆𐤄	H5804	8	0.12	H5810	0.125
𐤅𐤕𐤇𐤃𐤋	H2308	3	0.33		
𐤁𐤉𐤍𐤉𐤄𐤍	H3050	11	0.18	H996	0.9090909090909091
𐤈𐤅𐤁𐤉	H2898	64	0.20	H2896	0.484375
𐤇𐤍𐤍𐤀𐤋	H2606	4	0.00		
𐤄𐤂𐤅𐤋𐤄	H1473	10	0.60		
𐤔𐤋𐤌𐤍𐤀𐤎𐤓	H8022	10	0.90		
𐤌𐤕𐤅𐤔𐤁𐤉	H8453	5	0.20		
𐤔𐤏𐤔𐤉𐤕𐤉	H6213	3	1.00		
𐤁𐤂𐤅𐤋𐤄	H1473	9	0.89		
𐤁𐤍𐤉𐤍𐤅𐤄	H5210	5	0.80		
𐤌𐤏𐤋𐤅𐤕	H4609	26	0.77	H5927	0.9230769230769231
𐤅𐤔𐤋𐤌𐤉𐤌	H8002	3	0.67		
𐤋𐤉𐤕𐤅𐤌	H3490	3	0.33		
𐤋𐤉𐤓𐤅𐤔𐤋𐤌	H3389	19	0.26	H3390	0.0
𐤑𐤅𐤕𐤄	H6680	21	0.76		
𐤍𐤔𐤀𐤓𐤕𐤉	H7604	6	0.83		
𐤌𐤌𐤔𐤐𐤇𐤕𐤉	H4940	3	1.00		
𐤈𐤅𐤁𐤉𐤄	H2900	56	0.12		
𐤅𐤒𐤓𐤅𐤁𐤉	H7138	8	0.62		
𐤀𐤅𐤊𐤋𐤉𐤌	H400	16	0.38		
𐤁𐤌𐤃𐤉𐤍𐤕	H4083	4	0.25		
𐤊𐤎𐤐𐤉	H3701	7	0.71		
𐤅𐤀𐤋𐤌𐤍𐤅𐤕	H490	3	1.00		
𐤇𐤋𐤋𐤉	H2491	21	0.76		
𐤋𐤇𐤅𐤌𐤕	H2346	3	0.33		
𐤁𐤁𐤔𐤕	H1322	12	0.67		
𐤇𐤓𐤐	H2778	19	0.63	H2779	0.42105263157894735
𐤄𐤂𐤆𐤓𐤄	H1508	22	0.18		
𐤄𐤒𐤁𐤄	H6898	3	0.00		
𐤅𐤌𐤑𐤀𐤕𐤉	H4672	5	0.80		
𐤄𐤔𐤌𐤃𐤕	H4061	3	0.33		
𐤁𐤒𐤏	H1234	4	0.25	H1235	0.0
𐤅𐤔𐤅𐤕𐤉𐤌	H8354	5	0.00		
𐤅𐤔𐤌𐤇𐤉𐤌	H8056	4	0.00		
𐤏𐤌𐤅𐤎	H5986	3	0.33		
𐤅𐤉𐤓𐤅𐤔𐤋𐤌	H3389	13	0.08		
𐤋𐤇𐤅𐤌𐤄	H2346	36	0.67		
𐤄𐤌𐤅𐤌𐤕𐤉𐤌	H4191	4	0.50		
𐤌𐤑𐤀𐤌	H4672	4	1.00		
𐤇𐤅𐤑𐤅𐤕	H2351	7	0.29		
𐤋𐤔𐤋𐤅𐤋	H7998	8	0.12		
𐤅𐤁𐤁𐤊𐤉	H1065	7	0.43		
𐤔𐤇𐤒𐤉𐤌	H7834	6	0.33		
𐤅𐤉𐤄𐤓𐤂𐤅𐤄𐤅	H2026	8	0.38		
𐤉𐤅𐤏𐤑𐤉𐤅	H3289	7	0.00		
𐤉𐤓𐤅𐤔𐤋𐤌	H3389	43	0.42	H3390	0.06976744186046512
𐤅𐤄𐤔𐤌𐤉𐤃	H8045	5	0.20		
𐤇𐤊𐤌𐤉𐤅	H2450	7	0.00		
𐤅𐤉𐤅𐤏𐤑𐤉𐤅	H3289	6	0.50		
𐤄𐤅𐤋𐤉𐤊	H3212	40	0.80		
𐤉𐤕𐤓𐤑𐤄	H7521	4	0.75		
𐤋𐤇	H3892	3	0.00	H3893	0.3333333333333333
𐤄𐤔𐤉𐤁𐤍𐤉	H7725	3	1.00		
𐤅𐤉𐤔𐤉𐤁𐤅	H7725	10	0.60		
𐤋𐤕𐤐𐤔𐤌	H8610	9	0.56		
𐤆𐤏𐤐	H2197	7	0.14	H2196	0.42857142857142855
𐤋𐤈𐤅𐤁𐤉𐤄	H2900	6	0.00		
𐤋𐤒𐤁𐤓𐤅	H6912	3	0.00		
𐤅𐤄𐤐𐤊𐤕𐤉	H2015	3	0.67		
𐤉	H3293	4	0.00		
𐤄𐤇𐤋𐤋	H2491	11	0.36		
𐤁𐤒𐤉𐤓	H7023	8	0.12	H7025	0.125
𐤅𐤍𐤐𐤋𐤄	H5307	5	0.40		
𐤄𐤓𐤅𐤐𐤀𐤉𐤌	H7497	10	0.10		
𐤋𐤓𐤐𐤀𐤕	H7495	3	0.33		
𐤄𐤂𐤃𐤉	H1425	3	0.00	H1423	0.0
𐤂𐤍𐤅𐤁	H1589	6	0.33		
𐤋𐤁𐤏𐤋𐤉𐤅	H1167	5	0.60		
𐤅𐤄𐤉𐤉𐤍𐤅	H1961	8	0.38		
𐤇𐤎𐤃𐤉𐤊	H2617	6	0.50		
𐤑𐤓𐤕𐤊	H6869	5	0.00		
𐤆𐤊𐤓𐤍𐤉	H2142	3	0.00	H2146	0.0
𐤌𐤑𐤅𐤕𐤉𐤊	H4687	3	0.33		
𐤂𐤅𐤌	H1458	8	0.00		
𐤅𐤋𐤌𐤔𐤋	H4910	4	0.50	H4912	0.5
𐤅𐤋𐤔𐤍𐤉𐤍𐤄	H8148	4	0.00		
𐤁𐤃𐤓𐤊𐤉𐤊	H1870	3	0.00		
𐤇𐤓𐤐𐤕𐤉	H2781	6	0.17	H2778	0.16666666666666666
𐤓𐤏𐤅𐤀𐤋	H7467	65	0.49		
𐤌𐤇𐤓𐤐𐤉𐤌	H2778	4	0.25		
𐤅𐤀𐤅𐤌𐤓𐤉𐤌	H559	8	0.75		
𐤔𐤍𐤕𐤍𐤄	H5414	6	0.83		
𐤀𐤔𐤌𐤃𐤉	H8045	4	0.00		
𐤄𐤅𐤓𐤂	H2026	3	0.00		
𐤒𐤅𐤃𐤌	H6924	53	1.00		
𐤏𐤋𐤉𐤕	H5927	6	0.67	H5942	0.0
𐤄𐤁𐤓𐤉𐤅𐤕	H1285	27	0.30		
𐤅𐤁𐤉𐤃𐤊	H3027	5	1.00		
𐤄𐤌𐤓𐤅𐤁𐤄	H7235	3	1.00		
𐤀𐤁𐤅𐤕𐤉𐤄	H1	11	0.82		
𐤓𐤐𐤀𐤋	H3416	15	0.00	H7501	0.06666666666666667
𐤄𐤌𐤌𐤅𐤍𐤄	H4487	4	0.75		
𐤌𐤇𐤋𐤉	H4249	3	0.00	H2483	0.0
𐤅𐤋𐤄𐤎𐤉𐤓	H5493	6	0.67		
𐤕𐤐𐤋𐤕𐤅	H8605	8	0.88		
𐤊𐤊𐤋𐤅𐤕𐤄	H3615	3	1.00		
𐤕𐤌𐤓𐤄	H8559	3	0.33	H8561	0.0
𐤁𐤁𐤈𐤍𐤄	H990	7	0.57		
𐤉𐤏𐤋𐤉𐤌	H3278	5	0.00	H3277	0.2
𐤅𐤀𐤅𐤑𐤓𐤅𐤕	H214	10	0.70		
𐤕𐤑𐤉𐤋	H5337	9	0.56		
𐤀𐤇𐤆𐤄	H2372	21	0.29	H270	0.6666666666666666
𐤅𐤆𐤊𐤓	H2144	14	0.07	H2142	0.8571428571428571
𐤋𐤄𐤕𐤇𐤕𐤍	H2859	3	1.00		
𐤁𐤁𐤍𐤉𐤌	H1121	7	0.71		
𐤔𐤉𐤌	H7760	10	0.80	H7761	0.7
𐤉𐤀𐤍𐤄	H579	7	0.29		
𐤊𐤎𐤄	H3680	18	0.44	H3677	0.6111111111111112
𐤅𐤒𐤁𐤋	H6901	26	0.38		
𐤔𐤉𐤕𐤍	H8361	8	0.00		
𐤉𐤔𐤐𐤉𐤋	H8213	3	0.33		
𐤔𐤉𐤋𐤊𐤅	H3212	3	0.33		
𐤋𐤌𐤃𐤉	H4076	10	0.10	H3928	0.3
𐤀𐤌𐤕𐤇𐤕𐤅	H572	3	0.00		
𐤅𐤁𐤒𐤔	H1245	46	0.61		
𐤋𐤇𐤍	H2580	8	0.50		
𐤅𐤋𐤇𐤎𐤃	H2617	4	0.25		
𐤅𐤋𐤓𐤇𐤌𐤉𐤌	H7356	5	0.40		
𐤁𐤍𐤅𐤉𐤄	H1129	12	0.50		
𐤁𐤇𐤎𐤃𐤊	H2617	9	0.56		
𐤅𐤀𐤂𐤉𐤃	H5046	4	0.75		
𐤅𐤉𐤒𐤓𐤀𐤄𐤅	H7121	5	0.80		
𐤔𐤏𐤅𐤓	H8165	5	0.00		
𐤄𐤂𐤁𐤅𐤋𐤉𐤌	H1366	4	0.75		
𐤌𐤔𐤐𐤇𐤄	H4940	25	0.72		
𐤔𐤋𐤅𐤌𐤉𐤕	H8019	50	0.50		
𐤔𐤀𐤍𐤉	H589	12	0.42		
𐤌𐤌𐤔𐤐𐤇𐤄	H4940	7	1.00		
𐤅𐤌𐤔𐤕𐤇𐤅𐤉𐤌	H7812	4	0.75		
𐤕𐤁𐤅𐤀𐤅	H935	11	1.00		
𐤅𐤉𐤑𐤋𐤉𐤇	H6743	6	0.33		
𐤆𐤒𐤅𐤍𐤉𐤌	H2205	3	0.00		
𐤒𐤓𐤏	H7167	10	0.40		
𐤔𐤌𐤏𐤍𐤉	H8085	6	0.50	H8099	0.0
𐤊𐤕𐤅𐤓𐤕	H8451	6	0.50		
𐤅𐤌𐤕𐤅	H4191	11	0.82		
𐤋𐤒𐤁𐤓𐤌	H6912	3	0.33		
𐤁𐤌𐤅𐤕𐤌	H1116	5	0.20		
𐤑𐤅𐤊	H6680	4	0.50		
𐤁𐤂𐤃𐤉𐤄	H899	9	0.67		
𐤅𐤄𐤕𐤇𐤍𐤍𐤅	H2603	13	0.62		
𐤍𐤒𐤔𐤓𐤄	H7194	3	0.33		
𐤄𐤔𐤁𐤉𐤄	H7633	6	0.33		
𐤅𐤉𐤍𐤔𐤒	H5401	7	0.00		
𐤅𐤉𐤕𐤍𐤍𐤄	H5415	8	0.38		
𐤕𐤕𐤍𐤍𐤄	H5414	3	0.67		
𐤄𐤇𐤃𐤓	H2315	23	0.65		
𐤄𐤉𐤂𐤅𐤍	H1588	8	0.00		
𐤔𐤏𐤁𐤓	H5674	12	0.92		
𐤋𐤕𐤒𐤍	H8626	21	0.33		
𐤅𐤉𐤃𐤅𐤏	H3037	6	0.33	H3045	0.8333333333333334
𐤁𐤉𐤅𐤔𐤓	H1320	5	0.20		
𐤁𐤕𐤅𐤓𐤕𐤊	H8451	6	0.67		
𐤄𐤔𐤐𐤇𐤅𐤕	H8198	9	0.56		
𐤄𐤏𐤃𐤓𐤉𐤌	H5739	8	0.88		
𐤌𐤁𐤉𐤕𐤉	H1004	3	1.00		
𐤇𐤑𐤉	H2677	29	0.83	H2679	0.6896551724137931
𐤔𐤉𐤁𐤅𐤀	H935	5	1.00		
𐤔𐤍𐤔𐤁𐤏	H7650	5	0.80		
𐤀𐤑𐤀	H3318	10	0.90		
𐤄𐤂𐤌𐤋𐤉𐤌	H1581	12	0.42		
𐤁𐤓𐤇𐤌𐤉𐤅	H1280	6	0.00		
𐤌𐤇𐤔𐤁𐤉𐤌	H2803	3	1.00		
𐤔𐤋𐤇𐤅𐤄𐤅	H2332	5	0.20		
𐤅𐤁𐤅𐤊𐤉𐤌	H1058	6	0.33		
𐤌𐤍𐤇𐤌	H4505	18	0.11	H5162	0.2777777777777778
𐤅𐤕𐤌𐤀𐤍	H3985	4	0.00		
𐤃𐤌𐤏𐤅𐤕	H1832	26	0.77		
𐤅𐤋𐤉𐤋𐤅𐤕	H3915	5	0.60		
𐤕𐤌𐤅	H8552	16	0.50	H8537	0.125
𐤇𐤅𐤔𐤁𐤉𐤌	H2803	29	0.90		
𐤌𐤌𐤅𐤍𐤅	H4480	7	0.86		
𐤅𐤍𐤔𐤌𐤏	H8085	4	0.50		
𐤀𐤍𐤔𐤉𐤍𐤅	H376	5	0.80		
𐤉𐤐𐤕𐤇𐤅	H6605	5	0.80		
𐤌𐤏𐤉𐤍𐤉𐤅	H5869	7	0.57		
𐤋𐤏𐤃𐤉	H5703	3	0.33		
𐤅𐤌𐤇𐤉𐤄	H2416	3	0.67	H2421	0.6666666666666666
𐤅𐤇𐤍𐤄	H2584	15	0.13	H2583	0.8666666666666667
𐤅𐤉𐤐𐤋𐤀	H6381	7	0.43		
𐤄𐤓𐤅𐤀𐤉𐤌	H7200	29	1.00		
𐤄𐤏𐤋𐤉𐤕𐤉	H5927	5	0.40		
𐤔𐤁𐤅𐤏𐤅𐤕	H7651	11	0.45		
𐤅𐤄𐤋𐤊𐤕	H1980	8	0.50		
𐤅𐤉𐤔𐤋𐤇𐤅𐤄𐤅	H7971	9	0.78		
𐤉𐤓𐤐𐤅	H7503	5	0.80	H7495	0.6
𐤓𐤁𐤅𐤍	H7240	3	0.00		
𐤅𐤍𐤅𐤓𐤀𐤅𐤕	H3372	4	0.75		
𐤅𐤁𐤁𐤍𐤉𐤍	H1124	4	0.75		
𐤍𐤁𐤅𐤊𐤃𐤍𐤑𐤓	H5020	18	0.61	H5019	0.6111111111111112
𐤁𐤀𐤇𐤌𐤕𐤀	H307	4	0.75		
𐤓𐤇𐤁𐤍	H7341	4	1.00		
𐤂𐤁𐤄𐤌	H1364	6	0.83		
𐤅𐤓𐤇𐤁𐤌	H7341	4	1.00		
𐤄𐤓𐤅𐤊𐤁𐤉𐤌	H7397	49	0.20		
𐤀𐤓𐤉𐤅𐤊	H746	7	0.43	H7301	0.14285714285714285
𐤅𐤃𐤌𐤔𐤒	H1834	5	0.60		
𐤅𐤄𐤋𐤁𐤍𐤅𐤍	H3844	3	0.33		
𐤉𐤆𐤓𐤏𐤀𐤋	H3157	14	0.57		
𐤅𐤋𐤉𐤅𐤔𐤁𐤉	H3427	7	0.71		
𐤅𐤏𐤓𐤉𐤄	H5892	3	0.33	H6181	0.3333333333333333
𐤒𐤃𐤓	H6938	4	0.25	H6937	0.0
𐤋𐤀𐤓𐤑𐤌	H7521	8	0.50	H3808	0.75
𐤅𐤌𐤅𐤀𐤁	H4124	7	0.14		
𐤔𐤁𐤏𐤏𐤔𐤓𐤄	H6240	5	0.80	H7651	0.6
𐤋𐤌𐤋𐤊𐤅	H4427	20	0.80	H4428	0.7
𐤅𐤐𐤓𐤔𐤉𐤅	H6571	3	1.00		
𐤅𐤉𐤊𐤁𐤔	H3533	7	0.57		
𐤇𐤉𐤋𐤉	H2428	13	1.00		
𐤓𐤔𐤏𐤕	H7563	12	0.83	H7564	0.4166666666666667
𐤓𐤉𐤁𐤅𐤀	H7239	3	0.67		
𐤅𐤄𐤍𐤄𐤓𐤅𐤕	H5104	3	0.33		
𐤕𐤇𐤅𐤎	H2347	3	1.00		
𐤐𐤒𐤅𐤃𐤉𐤄𐤌	H6485	5	0.60		
𐤊𐤋𐤉𐤄𐤌	H3627	11	0.45		
𐤅𐤓𐤊𐤁𐤅	H7392	3	0.67		
𐤅𐤉𐤄𐤐𐤅𐤊	H2015	4	0.25		
𐤐𐤅𐤈	H6316	7	0.71		
𐤌𐤍𐤇𐤋	H5158	5	0.60		
𐤀𐤓𐤍𐤅𐤍	H769	4	0.50		
𐤒𐤌𐤕	H7054	3	0.33	H6965	1.0
𐤅𐤉𐤇𐤓𐤌	H2763	7	0.71		
𐤀𐤉𐤌𐤕𐤅	H367	7	0.29		
𐤅𐤉𐤌𐤍𐤄	H3232	3	0.00		
𐤅𐤀𐤔𐤒𐤋𐤅𐤍	H831	3	0.33		
𐤅𐤇𐤓𐤃𐤅	H2729	5	0.60		
𐤄𐤌𐤑𐤅𐤓	H6697	85	0.44	H4692	0.9764705882352941
𐤁𐤍𐤉𐤉𐤔𐤓𐤀𐤋	H3478	10	0.90	H1121	0.9
𐤔𐤓𐤑𐤁𐤀	H6635	9	0.78	H8269	1.0
𐤌𐤍𐤄𐤂𐤅𐤋𐤄	H1473	4	0.75	H4480	0.5
𐤁𐤕𐤅𐤋	H1331	12	0.08	H1329	0.5833333333333334
𐤅𐤉𐤑𐤅𐤌	H6680	42	0.79	H6684	0.07142857142857142
𐤀𐤐𐤓	H665	13	0.69	H666	0.6923076923076923
𐤀𐤋𐤉𐤉	H413	83	0.55		
𐤑𐤏𐤒𐤕𐤌	H6818	8	0.00		
𐤋𐤏𐤔𐤕	H6213	3	0.33		
𐤀𐤊𐤉𐤅𐤓	H5234	9	0.56		
𐤋𐤂𐤅𐤓	H1481	22	0.77		
𐤀𐤕𐤉𐤉	H853	19	0.05		
𐤄𐤅𐤁𐤉𐤔	H3001	3	0.00		
𐤅𐤉𐤇𐤓𐤉𐤌𐤅	H2763	3	1.00		
𐤋𐤀𐤋𐤄𐤉𐤄𐤌	H430	12	0.67		
𐤒𐤃𐤔𐤉𐤄𐤌	H6944	3	1.00		
𐤅𐤍𐤅𐤊𐤋	H3201	3	0.67		
𐤋𐤊𐤋𐤄𐤀𐤓𐤑	H776	4	0.75	H3605	0.5
𐤍𐤉𐤓𐤀	H3372	5	0.60		
𐤅𐤋𐤄𐤋𐤇𐤌	H3899	22	0.05	H3898	0.8181818181818182
𐤅𐤋𐤏𐤉𐤍𐤉	H5869	15	0.80		
𐤉𐤑𐤉𐤋𐤌	H5337	5	0.80		
𐤌𐤉𐤃𐤍𐤅	H3027	3	1.00		
𐤇𐤋𐤋𐤉𐤄𐤌	H2491	5	0.40		
𐤑𐤁𐤀𐤉	H6635	6	0.83		
𐤁𐤀𐤄𐤋	H168	11	0.45		
𐤅𐤉𐤅𐤋𐤉𐤊𐤅𐤄𐤅	H3212	3	0.33		
𐤋𐤏𐤑𐤓𐤌	H6113	6	0.83		
𐤁𐤇𐤁𐤋𐤉𐤌	H2256	9	0.89		
𐤅𐤊𐤓𐤌𐤉	H3756	3	1.00		
𐤁𐤑𐤅𐤀𐤓	H6677	3	0.33		
𐤅𐤋𐤏𐤋𐤅𐤕	H5927	10	1.00		
𐤌𐤔𐤀𐤌	H4853	6	0.00		
𐤁𐤁𐤀𐤓𐤅𐤕	H881	4	0.00		
𐤄𐤑𐤅𐤓𐤉𐤌	H6696	18	0.39		
𐤁𐤑𐤌𐤀	H6772	7	0.71		
𐤅𐤌𐤇𐤍𐤄	H4264	3	1.00		
𐤁𐤌𐤔𐤅𐤓𐤄	H4884	4	0.75		
𐤏𐤑𐤓𐤅	H6113	44	0.68		
𐤏𐤅𐤆𐤉𐤄	H5804	8	0.00		
𐤒𐤔𐤕𐤄	H7185	5	0.80		
𐤉𐤏𐤆𐤁𐤍𐤅	H5800	5	0.40		
𐤏𐤅𐤑	H5780	15	0.20		
𐤇𐤋𐤒𐤉𐤄𐤅	H2518	7	0.57		
𐤀𐤇𐤉𐤈𐤅𐤁	H285	4	0.75		
𐤌𐤌𐤔𐤐𐤇𐤕𐤄	H8198	3	0.00		
𐤔𐤏𐤅𐤓𐤉𐤌	H8184	5	1.00		
𐤁𐤁𐤕𐤅𐤋	H1329	3	0.67		
𐤀𐤋𐤌𐤍𐤅𐤕𐤄	H491	4	0.50		
𐤅𐤁𐤏𐤋𐤄	H5927	3	0.33	H1166	1.0
𐤇𐤎𐤓𐤅	H2637	19	0.89		
𐤕𐤓𐤏𐤅	H7489	3	0.67	H7462	0.3333333333333333
𐤉𐤅𐤔𐤉𐤏𐤍𐤅	H3467	3	0.33		
𐤀𐤅𐤉𐤁𐤍𐤅	H341	3	0.00		
𐤊𐤅𐤋𐤍𐤅	H3605	26	0.50		
𐤁𐤅𐤆	H937	16	0.38	H938	0.5
𐤁𐤔𐤏𐤓𐤉𐤌	H8179	4	0.75		
𐤋𐤌𐤋𐤀𐤅𐤕	H4390	4	0.75		
𐤉𐤎𐤅𐤐	H5486	7	0.71		
𐤄𐤏𐤅𐤌𐤃𐤕	H5975	4	0.50		
𐤋𐤌𐤎𐤅𐤓	H5493	32	0.78		
𐤁𐤔𐤓𐤄	H1309	7	0.00	H1320	0.2857142857142857
𐤅𐤕𐤕𐤇𐤍𐤍	H2603	7	0.71		
𐤄𐤌𐤕𐤄	H4191	3	0.00		
𐤄𐤔𐤒𐤉𐤐𐤄	H8259	5	0.40		
𐤄𐤌𐤅𐤍𐤉	H2001	5	0.00	H1995	1.0
𐤉𐤊𐤉𐤓𐤅	H5234	7	0.71		
𐤏𐤅𐤆𐤌	H5795	8	0.12		
𐤅𐤍𐤐𐤑	H5310	4	0.50		
𐤅𐤋𐤈𐤌𐤀	H2931	3	0.67		
𐤇𐤌𐤕𐤊	H2534	4	0.50	H2573	0.0
𐤄𐤉𐤑𐤅𐤓𐤉𐤌	H6696	5	0.00		
𐤅𐤋𐤍𐤂𐤅𐤏	H5060	3	0.33		
𐤒𐤅𐤃𐤔𐤊	H6944	3	0.33		
𐤄𐤊𐤅𐤇	H3581	4	0.75		
𐤋𐤀𐤌𐤕𐤄	H571	3	0.00		
𐤌𐤑𐤅𐤀	H4672	7	0.86		
𐤅𐤕𐤉𐤒𐤇	H3947	17	0.24		
𐤅𐤕𐤉𐤕𐤍	H5414	21	0.43		
𐤐𐤕𐤇𐤅	H6605	16	0.69	H6607	0.75
𐤋𐤐𐤕𐤅𐤇	H6607	14	0.79		
𐤋𐤓𐤀𐤅𐤕𐤄	H7200	9	0.78		
𐤍𐤅𐤐𐤋	H5307	27	0.81		
𐤀𐤃𐤅𐤍𐤉𐤍𐤅	H113	6	0.50		
𐤁𐤅𐤀𐤉	H935	8	0.88		
𐤅𐤉𐤁𐤉𐤀𐤅𐤄	H935	3	1.00		
𐤄𐤀𐤄𐤋𐤄	H168	7	0.43		
𐤄𐤀𐤄𐤋	H168	13	0.31	H428	0.15384615384615385
𐤄𐤎𐤓𐤉𐤎𐤉𐤌	H5631	10	0.90		
𐤁𐤏𐤌𐤃𐤄	H5975	3	0.67		
𐤇𐤓𐤁𐤉	H2719	4	0.50	H2717	0.5
𐤌𐤓𐤃𐤌	H3381	4	1.00	H4519	0.0
𐤁𐤓𐤇𐤕	H1272	3	0.33	H7371	0.3333333333333333
𐤔𐤐𐤇𐤕𐤊	H8198	5	0.20		
𐤁𐤇𐤊𐤌𐤕𐤅	H2451	26	0.54		
𐤅𐤄𐤇𐤉𐤅𐤕	H2423	5	0.40	H2416	0.8
𐤅𐤏𐤅𐤐𐤅𐤕	H5775	5	0.60		
𐤅𐤇𐤊𐤌𐤕𐤊	H2451	3	1.00		
𐤋𐤏𐤌𐤍𐤅	H5973	9	0.89		
𐤋𐤆𐤒𐤍𐤉	H2205	5	0.20		
𐤇𐤅𐤒𐤅𐤕𐤉𐤅	H2708	3	0.00		
𐤀𐤔𐤌𐤅𐤓	H8104	7	0.43		
𐤉𐤕𐤉𐤉𐤑𐤁	H3320	3	0.33		
𐤉𐤇𐤓𐤑	H2782	3	0.33		
𐤅𐤀𐤔𐤕	H802	9	0.67	H8354	0.4444444444444444
𐤉𐤄𐤅𐤋𐤋	H1984	3	0.33		
𐤊𐤎𐤐𐤅	H3701	15	0.60		
𐤅𐤕𐤔𐤊𐤁	H7901	3	0.33		
𐤅𐤕𐤉𐤔𐤍	H3462	3	0.67		
𐤕𐤏𐤑𐤓𐤅	H6113	4	1.00		
𐤅𐤕𐤕𐤐𐤋𐤋	H6419	6	0.00		
𐤅𐤕𐤑𐤅𐤌	H6680	3	1.00		
𐤁𐤂𐤅𐤀	H1459	4	0.00		
𐤅𐤐𐤕𐤄	H6601	11	0.82		
𐤋𐤔𐤇𐤅𐤒	H7814	6	0.50	H7832	0.8333333333333334
𐤁𐤏𐤉𐤍𐤉𐤄	H5869	6	0.50		
𐤅𐤋𐤄𐤉𐤈𐤉𐤁	H3190	5	1.00		
𐤋𐤐𐤓𐤅𐤔	H6567	5	0.20		
𐤄𐤊𐤓𐤉𐤌	H3733	13	0.69		
𐤁𐤔𐤁𐤕𐤄	H7673	3	0.67		
𐤇𐤔𐤒	H2836	13	0.69	H2837	0.07692307692307693
𐤁𐤅𐤀𐤄	H935	4	0.75		
𐤄𐤊𐤉𐤍𐤄	H3559	6	1.00		
𐤄𐤏𐤌𐤅𐤃	H5982	7	0.71		
𐤁𐤇𐤅𐤆𐤒𐤄	H2394	13	0.00		
𐤍𐤁𐤋𐤕𐤅	H5038	5	0.80		
𐤄𐤉𐤓𐤉𐤏𐤄	H3407	3	0.33		
𐤄𐤔𐤒	H8242	3	0.33	H8248	0.3333333333333333
𐤅𐤕𐤑𐤀𐤍	H3318	3	1.00		
𐤅𐤕𐤏𐤋𐤉𐤍𐤄	H5927	4	0.75		
𐤆𐤓𐤅𐤏𐤅	H2220	5	0.40		
𐤒𐤅𐤋𐤄	H6963	8	0.62		
𐤅𐤉𐤃𐤅	H3027	3	0.67	H3034	0.6666666666666666
𐤋𐤊𐤓𐤅𐤕	H3772	49	0.45		
𐤉𐤆𐤊𐤅𐤓	H2142	3	0.33		
𐤁𐤓𐤀𐤔𐤊𐤌	H7218	3	1.00		
𐤋𐤄𐤏𐤉𐤓	H5892	8	0.50		
𐤌𐤔𐤍𐤕𐤌	H8142	4	0.25		
𐤕𐤓𐤃𐤐𐤅	H7291	3	0.67		
𐤅𐤓𐤅𐤇𐤅	H7307	3	0.67		
𐤌𐤅𐤓𐤃	H3381	8	0.75	H4174	0.25
𐤏𐤓𐤁𐤅	H6149	17	0.12		
𐤒𐤔𐤁	H7182	4	0.50		
𐤒𐤓𐤒𐤏	H7172	3	0.67		
𐤆𐤏𐤒𐤄	H2201	7	0.29	H2199	1.0
𐤄𐤕𐤋	H2048	7	0.00		
𐤅𐤋𐤁𐤌	H3820	9	0.67		
𐤍𐤁𐤅𐤊𐤉𐤌	H943	7	0.00		
𐤅𐤋𐤑𐤅𐤅𐤕	H6680	4	0.50		
𐤅𐤉𐤓𐤃𐤐𐤅𐤌	H7291	5	0.60		
𐤅𐤄𐤍𐤅𐤕𐤓𐤉𐤌	H3498	3	1.00		
𐤄𐤌𐤋𐤒𐤅𐤇	H4455	5	0.20		
𐤉𐤄𐤅𐤉𐤒𐤉𐤌	H3079	17	0.65		
𐤕𐤐𐤀𐤓𐤄	H8597	7	0.57		
𐤋𐤈𐤅𐤁𐤕	H2896	36	0.86		
𐤄𐤐𐤓𐤃𐤉𐤌	H6505	4	0.75		
𐤅𐤁𐤌𐤇𐤅𐤋𐤅𐤕	H4246	6	0.00		
𐤓𐤏𐤅𐤕𐤄	H7468	4	0.50		
𐤅𐤇𐤅𐤂𐤂𐤉𐤌	H2287	3	0.33		
𐤄𐤔𐤉𐤓𐤄	H7892	3	0.33		
𐤌𐤔𐤁𐤉𐤕	H7673	3	0.67		
𐤒𐤓𐤁𐤅𐤕	H7128	8	0.38	H7138	1.0
𐤌𐤄𐤓𐤉	H4121	7	0.29	H2022	0.5714285714285714
𐤂𐤉𐤁𐤅𐤓𐤉𐤅	H1396	6	0.17		
𐤍𐤇𐤋𐤉	H5158	4	0.50		
𐤑𐤅𐤓𐤓	H6872	3	0.00	H6887	0.3333333333333333
𐤌𐤋𐤒𐤅𐤇	H4455	3	1.00		
𐤊𐤁𐤉𐤓	H3524	13	0.62	H3523	0.07692307692307693
𐤐𐤂𐤏𐤅	H6293	19	0.68		
𐤐𐤔𐤈𐤄	H6584	8	0.38		
𐤄𐤓𐤉𐤏𐤅	H7321	13	0.54		
𐤄𐤐𐤉𐤋𐤄	H5307	4	1.00		
𐤁𐤍𐤅𐤎𐤌	H5127	5	1.00		
𐤀𐤔𐤉𐤓𐤄	H7891	3	0.33	H842	0.0
𐤍𐤀𐤃𐤓	H142	3	0.67		
𐤅𐤍𐤀𐤃𐤓	H142	3	1.00		
𐤉𐤊𐤓𐤏	H3766	4	0.25		
𐤉𐤌𐤔𐤅𐤊	H4900	4	0.75		
𐤁𐤏𐤅𐤋𐤅𐤕	H5930	4	0.75		
𐤌𐤓𐤀𐤉𐤌	H3372	5	1.00		
𐤉𐤍𐤂𐤏	H5060	3	0.33		
𐤅𐤍𐤑𐤇	H5331	8	0.75		
𐤅𐤉𐤄𐤅𐤃𐤉𐤕	H3066	3	0.00		
𐤁𐤁𐤉𐤕𐤄	H1004	6	0.83		
𐤆𐤒𐤍𐤕𐤄	H2209	3	0.67	H2204	0.6666666666666666
𐤌𐤅𐤕𐤄	H4191	8	0.88	H4194	0.875
𐤋𐤊𐤃𐤅	H3920	18	0.22		
𐤀𐤕𐤉𐤓𐤅𐤔𐤋𐤌	H3389	5	0.00	H853	0.4
𐤄𐤂𐤁𐤅𐤓𐤉𐤌	H1368	11	0.45		
𐤁𐤍𐤇𐤋𐤒𐤉𐤄	H2518	3	0.67	H1121	1.0
𐤄𐤅𐤑𐤀𐤅	H3318	8	1.00		
𐤑𐤃𐤒𐤉𐤄𐤅	H6667	27	0.63		
𐤍𐤁𐤅𐤊𐤃𐤓𐤀𐤑𐤓	H5019	12	0.92		
𐤌𐤉𐤓𐤅𐤔𐤋𐤌	H3389	7	0.29		
𐤅𐤏𐤔𐤉𐤕𐤌	H6213	7	0.57		
𐤅𐤄𐤏𐤋𐤉𐤕𐤌	H5927	5	0.80		
𐤅𐤄𐤕𐤐𐤋𐤋𐤕𐤌	H6419	3	1.00		
𐤁𐤋𐤔𐤀𐤑𐤓	H1113	3	1.00		
𐤅𐤒𐤓𐤀𐤕𐤌	H7121	3	1.00		
𐤅𐤋𐤀𐤁𐤅𐤕𐤉𐤍𐤅	H1	3	1.00		
𐤊𐤋𐤄𐤔𐤌𐤉𐤌	H8064	3	1.00	H3605	1.0
𐤁𐤉𐤓𐤅𐤔𐤋𐤌	H3389	41	0.17	H3390	0.0
𐤌𐤌𐤇𐤔𐤁𐤅𐤕	H4284	5	0.80		
𐤅𐤉𐤔𐤒𐤃	H8245	5	0.60		
𐤏𐤋𐤄𐤓𐤏𐤅𐤕	H7451	5	0.80	H5921	0.8
𐤀𐤕𐤏𐤌𐤊	H5973	3	0.33	H853	0.3333333333333333
𐤅𐤁𐤊𐤇	H3581	13	0.77		
𐤍𐤈𐤅𐤉𐤄	H5186	24	0.67		
𐤄𐤈𐤄	H5186	33	0.70		
𐤋𐤀𐤁𐤅𐤕𐤉𐤊𐤌	H1	4	1.00		
𐤌𐤋𐤊𐤉𐤍𐤅	H4428	4	0.75		
𐤅𐤁𐤇𐤓𐤁	H2719	3	0.67	H2722	0.3333333333333333
𐤅𐤄𐤔𐤉𐤁𐤅	H7725	7	1.00	H3427	0.7142857142857143
𐤒𐤔𐤅𐤁𐤅𐤕	H7183	5	0.00		
𐤅𐤌𐤓𐤏	H7455	3	0.00	H7489	1.0
𐤅𐤇𐤍𐤍𐤅	H2603	3	0.67		
𐤄𐤇𐤅𐤈𐤀𐤉𐤌	H2400	17	0.41		
𐤏𐤅𐤍𐤅𐤕	H5771	10	0.50		
𐤅𐤆𐤊𐤓𐤕	H2142	3	1.00		
𐤁𐤆𐤌𐤍𐤉𐤌	H2165	3	1.00		
𐤉𐤓𐤀𐤕𐤊	H3374	4	1.00		
𐤔𐤁𐤉𐤍𐤅	H996	3	1.00		
𐤌𐤒𐤅𐤌𐤄	H4725	5	0.60		
𐤌𐤔𐤇𐤒𐤉	H2706	5	0.40		
𐤋𐤌𐤏𐤔𐤉𐤄𐤌	H4639	5	1.00		
𐤁𐤊𐤍𐤏𐤍	H3669	6	0.83		
𐤔𐤅𐤇𐤓𐤉	H7837	5	0.00		
𐤅𐤄𐤌𐤔𐤋𐤉𐤌	H4910	3	1.00		
𐤒𐤍𐤉𐤍𐤅	H7075	12	0.50	H7069	0.5
𐤍𐤁𐤅𐤄	H5011	3	0.67		
𐤎𐤐𐤅	H5595	17	0.82	H5486	0.7647058823529411
𐤄𐤌𐤊𐤉𐤍	H3559	3	1.00		
𐤉𐤒𐤓𐤀𐤄𐤅	H7121	5	1.00		
𐤁𐤓𐤏𐤃𐤄	H7461	3	0.00		
𐤉𐤀𐤉𐤓𐤅	H215	5	0.80		
𐤉𐤃𐤉𐤃𐤅	H3039	6	0.33		
𐤀𐤔𐤓𐤉𐤍𐤅	H838	6	0.00		
𐤔𐤊𐤍𐤅𐤕	H5116	3	1.00	H7934	0.3333333333333333
𐤅𐤁𐤍𐤅𐤕𐤉	H1323	3	1.00		
𐤂𐤃𐤋𐤕𐤉𐤌	H1419	3	0.00		
𐤅𐤏𐤆𐤅𐤁𐤕	H5800	3	1.00		
𐤍𐤔𐤌𐤅𐤕𐤉	H5397	3	0.00		
𐤅𐤇𐤒𐤅𐤕𐤉𐤅	H2708	3	0.67		
𐤅𐤍𐤕𐤉𐤁𐤅𐤕	H5410	3	0.67		
𐤏𐤆𐤐𐤍𐤉𐤌	H6440	3	1.00	H5797	0.0
𐤉𐤑𐤉𐤋	H5337	14	0.64		
𐤔𐤅𐤌𐤌𐤄	H8074	9	1.00		
𐤋𐤁𐤔𐤕𐤉	H8147	3	0.33	H3847	0.0
𐤁𐤀𐤁𐤋	H60	6	0.83	H59	0.5
𐤅𐤁𐤄𐤃𐤓	H1926	3	1.00		
𐤕𐤃𐤓𐤅𐤊	H1869	3	0.33		
𐤋𐤀𐤉𐤃𐤊	H343	3	0.67		
𐤋𐤏𐤓𐤉𐤌	H5892	17	0.65		
𐤏𐤁𐤃𐤅𐤊	H5647	3	0.33		
𐤀𐤁𐤋𐤊	H60	3	0.67		
𐤁𐤓𐤂𐤋	H7272	9	0.89		
𐤌𐤋𐤅𐤊𐤄	H4410	13	0.92	H4427	0.8461538461538461
𐤅𐤉𐤔𐤏	H3467	4	0.50	H8159	0.5
𐤋𐤄𐤂𐤅𐤕	H1898	3	0.00		
𐤁𐤕𐤅𐤓𐤕𐤅	H8451	3	0.67		
𐤅𐤉𐤐𐤔𐤏𐤅	H6586	4	0.25		
𐤒𐤅𐤓𐤁𐤍	H7133	5	0.80		
𐤅𐤍𐤅𐤓𐤀	H3372	16	0.69		
𐤅𐤄𐤏𐤑𐤅𐤌	H6086	4	0.00		
𐤋𐤄𐤒𐤕	H3862	6	0.17		
𐤍𐤎𐤕𐤓𐤄	H5641	7	0.43		
𐤋𐤂𐤆𐤓𐤉𐤌	H1506	3	0.00		
𐤄𐤊𐤓𐤉𐤕	H3772	6	0.83		
𐤏𐤌𐤅𐤒𐤄	H6013	9	0.33		
𐤈𐤌𐤍𐤅	H2934	10	0.10		
𐤋𐤁𐤒𐤔𐤄	H1245	4	0.75		
𐤄𐤅𐤂𐤃	H5046	10	0.60		
𐤋𐤔𐤀𐤅𐤁	H7579	7	0.43		
𐤄𐤒𐤅𐤓𐤁𐤍	H7133	5	0.60		
𐤀𐤋𐤅𐤒𐤉𐤌	H471	113	0.26		
𐤏𐤆𐤅𐤆	H5808	4	0.25	H5810	0.25
𐤅𐤓𐤇𐤅𐤌	H7349	4	0.25		
𐤄𐤐𐤅𐤕𐤇	H6607	3	1.00		
𐤄𐤓𐤇𐤁𐤄	H7342	7	0.29		
𐤐𐤆𐤅𐤓𐤉	H6340	3	0.00		
𐤅𐤐𐤃𐤄	H6299	4	0.25		
𐤊𐤊𐤋𐤅𐤕𐤌	H3615	4	0.50		
𐤅𐤄𐤅𐤃𐤅𐤕	H3034	4	0.50		
𐤄𐤓𐤑𐤐𐤄	H7531	3	0.33		
𐤉𐤐𐤕𐤄	H6601	6	0.67		
𐤄𐤀𐤅𐤄𐤋	H168	11	0.45		
𐤁𐤄𐤕𐤇𐤍𐤍𐤅	H2603	3	1.00		
𐤄𐤔𐤌𐤉𐤉𐤌	H8064	4	1.00		
𐤅𐤄𐤌𐤋𐤊𐤉𐤌	H4428	12	0.83		
𐤁𐤎𐤏𐤓𐤕	H5591	8	0.00		
𐤐𐤃𐤄	H6299	9	0.67	H6301	0.0
𐤋𐤇𐤋𐤑	H2503	4	0.00		
𐤄𐤀𐤑𐤉𐤋𐤉𐤌	H5337	7	0.71		
𐤄𐤍𐤉𐤎𐤅	H5127	11	0.64		
𐤄𐤅𐤒𐤌𐤅	H3351	9	0.22		
𐤋𐤎𐤐𐤓𐤌	H5612	3	0.00		
𐤅𐤉𐤒𐤋	H7043	4	0.75		
𐤁𐤑𐤀𐤕𐤉	H3318	3	0.67		
𐤁𐤁𐤍𐤅𐤕𐤅	H1323	3	0.67		
𐤄𐤈𐤉𐤁𐤅	H3190	3	0.67		
𐤎𐤅𐤐𐤓𐤉	H5612	8	0.62		
𐤅𐤋𐤇𐤒𐤅𐤓	H2713	3	0.33		
𐤀𐤐𐤍𐤄	H212	4	0.00	H6437	0.75
𐤌𐤕𐤅𐤊𐤍	H8432	3	0.00		
𐤍𐤔𐤌𐤓𐤉𐤌	H8104	8	0.62		
𐤅𐤉𐤕𐤀𐤌𐤑𐤅	H553	3	0.67		
𐤋𐤄𐤒𐤓𐤉𐤁𐤌	H7126	3	0.67		
𐤋𐤔𐤋𐤅𐤌𐤅	H7965	8	0.88		
𐤄𐤅𐤐𐤒𐤃	H6485	3	0.67		
𐤀𐤉𐤕𐤍𐤅	H5414	24	0.54		
𐤊𐤉𐤊𐤓	H3603	6	0.50		
𐤅𐤌𐤀𐤕𐤉𐤉𐤌	H3967	7	0.43		
𐤋𐤉𐤁𐤅	H935	18	0.78		
𐤅𐤌𐤀𐤌𐤓𐤅	H559	3	1.00		
𐤏𐤍𐤕𐤄	H6030	12	0.83		
𐤍𐤏𐤅	H5128	4	0.50		
𐤀𐤉𐤅𐤌	H335	3	0.33		
𐤂𐤁𐤅	H1354	3	0.33		
𐤁𐤇𐤅𐤓𐤉	H970	20	0.65	H977	0.35
𐤅𐤉𐤒𐤇𐤅𐤄𐤅	H3947	7	0.14		
𐤅𐤇𐤋𐤔	H2522	4	0.25		
𐤅𐤂𐤁𐤅𐤓𐤕𐤅	H1369	5	1.00		
𐤀𐤃𐤅𐤍𐤉𐤄𐤌	H113	11	0.73		
𐤍𐤏𐤋𐤌𐤅	H5956	14	0.29		
𐤌𐤅𐤐𐤕𐤉	H4159	4	0.25		
𐤔𐤀𐤋𐤄𐤅	H7585	7	0.57		
𐤔𐤅𐤀𐤐	H637	5	0.60	H7602	0.4
𐤋𐤌𐤋𐤊𐤅𐤕𐤊	H4438	3	0.33		
𐤌𐤅𐤊𐤄	H5221	5	0.80		
𐤄𐤔𐤅𐤊𐤍	H7931	6	1.00		
𐤍𐤊𐤎𐤐𐤄	H3700	7	0.71		
𐤋𐤌𐤌𐤔𐤋𐤕	H4475	13	0.77		
𐤅𐤋𐤇𐤆𐤒𐤌	H2388	4	0.75		
𐤄𐤔𐤍𐤀𐤄	H8135	18	0.11		
𐤄𐤌𐤓𐤉𐤁𐤄	H7235	25	0.88		
𐤅𐤉𐤅𐤔𐤁𐤉𐤄	H3427	13	0.92		
𐤅𐤄𐤌𐤌𐤋𐤊𐤄	H4467	5	0.60		
𐤕𐤉𐤕𐤍	H5414	7	0.57		
𐤄𐤇𐤅𐤒𐤉𐤌	H2706	72	0.79		
𐤊𐤇𐤐𐤑𐤅	H2656	3	0.00		
𐤄𐤌𐤔𐤇𐤒	H7832	8	0.88		
𐤅𐤓𐤉𐤒	H7385	4	0.00		
𐤇𐤉𐤒𐤌	H2436	4	0.00		
𐤌𐤁𐤇𐤅𐤓𐤉	H970	8	0.88		
𐤋𐤄𐤕𐤁𐤅𐤍𐤍	H995	17	0.94		
𐤋𐤕𐤋𐤌𐤉	H8526	13	0.15		
𐤅𐤋𐤄𐤆𐤊𐤉𐤓𐤅	H2142	3	1.00		
𐤁𐤇𐤋𐤒𐤕	H2513	7	0.43		
𐤅𐤉𐤔𐤂	H5381	4	0.25		
𐤄𐤏𐤓𐤉𐤑𐤉𐤌	H6184	26	0.69		
𐤈𐤓𐤐	H2964	19	0.32	H2963	0.3157894736842105
𐤅𐤉𐤒𐤔𐤓𐤅	H7194	6	0.67		
𐤐𐤉𐤋𐤂𐤔𐤅	H6370	4	0.50		
𐤋𐤄𐤔𐤒𐤉𐤈	H8252	4	0.75		
𐤅𐤁𐤏𐤓𐤉𐤌	H5892	5	1.00		
𐤅𐤉𐤐𐤕𐤄𐤅	H6601	7	0.71		
𐤁𐤁𐤈𐤍𐤅	H990	6	0.67		
𐤕𐤅𐤌	H8420	6	0.00		
𐤂𐤌𐤅𐤋𐤅	H1576	5	0.60		
𐤁𐤏𐤑𐤕	H6098	37	0.41		
𐤔𐤅𐤃𐤃	H7703	3	0.00		
𐤄𐤌𐤎𐤉𐤕	H4531	3	0.00		
𐤍𐤋𐤊𐤃	H3920	17	0.41		
𐤄𐤌𐤊𐤔𐤋𐤄	H3782	4	0.50		
𐤔𐤅𐤐𐤈𐤉	H8199	3	0.00		
𐤁𐤍𐤃𐤁𐤕	H5071	5	0.60		
𐤇𐤍𐤉𐤕𐤅𐤕	H2595	4	0.50		
𐤅𐤉𐤏𐤕𐤉𐤓𐤅	H6279	3	0.67		
𐤄𐤊𐤅𐤕𐤅	H5221	7	0.86		
𐤁𐤉𐤅𐤔𐤁𐤉	H3427	9	1.00		
𐤈𐤁𐤇	H2874	9	0.33	H2873	0.4444444444444444
𐤁𐤌𐤌𐤔𐤋𐤄	H7887	12	0.33		
𐤁𐤋𐤊𐤃𐤅	H3920	3	0.00		
𐤌𐤍𐤇𐤋𐤕	H5159	8	0.62		
𐤍𐤅𐤊𐤓𐤉𐤄	H5237	3	0.00		
𐤂𐤂𐤅𐤕	H1406	7	0.29		
𐤇𐤌𐤋𐤅	H2550	30	0.63		
𐤄𐤍𐤌𐤊𐤓𐤉𐤌	H4376	3	0.00		
𐤄𐤍𐤄𐤓𐤂𐤉𐤌	H2026	5	0.60		
𐤁𐤓𐤅𐤌	H1297	7	0.57		
𐤋𐤄𐤐𐤅𐤊	H7163	7	0.14		
𐤌𐤀𐤃𐤅𐤍𐤉𐤅	H113	3	0.33		
𐤂𐤓𐤉𐤆𐤉𐤌	H1630	17	0.53		
𐤄𐤕𐤍𐤔𐤀	H5375	3	0.67		
𐤌𐤊𐤅𐤋𐤌	H3637	10	0.60		
𐤅𐤀𐤅𐤉𐤁	H341	6	0.50		
𐤅𐤉𐤕𐤇𐤁𐤀	H2244	7	0.14		
𐤅𐤋𐤏𐤆𐤅𐤁	H5800	4	0.50		
𐤅𐤉𐤔𐤊𐤇	H7911	7	0.29		
𐤄𐤅𐤋𐤃𐤕	H3205	5	0.60		
𐤐𐤓𐤇𐤉𐤌	H6524	4	0.25		
𐤅𐤁𐤏𐤑𐤕	H6098	3	0.33		
𐤉𐤌𐤀𐤍	H3985	6	0.17		
𐤅𐤕𐤒𐤑𐤓	H7114	3	0.33		
𐤅𐤕𐤌𐤑𐤀𐤍𐤄	H4672	3	1.00		
𐤅𐤉𐤏𐤁𐤉𐤓𐤅	H5674	21	0.57		
𐤒𐤅𐤓𐤀𐤉	H7121	5	0.60		
𐤋𐤐𐤔𐤏𐤉	H6588	3	0.00		
𐤋𐤌𐤊𐤉𐤌	H5221	5	0.40		
𐤅𐤋𐤌𐤅𐤕	H4194	5	1.00		
𐤌𐤇𐤉𐤅𐤕	H2423	7	0.29		
𐤀𐤊𐤋𐤕	H398	5	0.20		
𐤓𐤇𐤌𐤉𐤄𐤌	H7356	8	0.62		
𐤋𐤇𐤓𐤐𐤕	H2781	6	0.67		
𐤄𐤉𐤌𐤋𐤈	H4422	3	0.33		
𐤋𐤆𐤒𐤍	H2205	6	0.67		
𐤅𐤕𐤉𐤄𐤐𐤊	H2015	3	0.33		
𐤕𐤏𐤋𐤅𐤌𐤅𐤕	H8587	3	0.00		
𐤁𐤌𐤅𐤕𐤅	H4194	28	0.39		
𐤅𐤉𐤐𐤑𐤓	H6484	13	0.00		
𐤌𐤇𐤍𐤒	H4267	3	0.33	H2614	0.3333333333333333
𐤌𐤎𐤅𐤓	H5493	4	0.50		
𐤋𐤔𐤉𐤌	H7760	54	0.91		
𐤅𐤋𐤒𐤑𐤑	H7112	3	1.00		
𐤇𐤎𐤃𐤉𐤅	H2617	17	0.65		
𐤔𐤏𐤓𐤅𐤕	H8163	6	0.00	H8185	0.5
𐤄𐤃𐤌𐤉𐤌	H1818	5	0.20		
𐤄𐤏𐤑𐤌𐤅𐤕	H6106	7	0.86		
𐤍𐤈𐤔	H5203	3	1.00		
𐤄𐤓𐤀𐤅𐤉𐤄	H7200	4	1.00		
𐤁𐤁𐤈𐤍𐤉	H990	3	0.00		
𐤁𐤋𐤉𐤁𐤅	H3820	7	0.57		
𐤁𐤃𐤁𐤓𐤉𐤄	H1697	7	0.86		
𐤄𐤍𐤔𐤀𐤓	H7604	37	0.78		
𐤋𐤀𐤃𐤅𐤍𐤉	H113	14	0.43		
𐤋𐤐𐤕𐤅𐤕𐤅	H6626	6	0.00		
𐤅𐤁𐤏𐤌𐤋	H5999	6	1.00		
𐤅𐤁𐤏𐤑𐤁	H6089	3	0.33		
𐤄𐤓𐤅𐤑𐤇	H7523	12	0.83		
𐤌𐤔𐤌𐤅𐤏	H8085	7	0.71		
𐤉𐤇𐤓𐤄	H2734	5	0.60		
𐤁𐤏𐤅𐤆	H5797	6	0.50		
𐤌𐤇𐤓𐤅𐤍	H2740	7	0.43		
𐤋𐤇𐤌𐤅𐤋	H2538	12	0.00		
𐤄𐤕𐤏𐤋𐤋	H5953	4	0.25		
𐤌𐤁𐤈𐤇𐤅	H4009	8	0.50		
𐤋𐤀𐤇𐤓𐤅𐤍𐤄	H314	29	0.72		
𐤊𐤔𐤔𐤕	H8337	8	1.00		
𐤋𐤌𐤓𐤌𐤎	H4823	6	0.67		
𐤋𐤂𐤋𐤉𐤌	H1530	4	0.50		
𐤄𐤉𐤅𐤍𐤒𐤉𐤌	H3243	3	0.00		
𐤉𐤏𐤓𐤉𐤌	H7157	4	0.50	H3297	0.5
𐤍𐤇𐤅𐤑	H5169	10	0.10		
𐤌𐤏𐤌𐤉𐤌	H5971	7	0.71		
𐤌𐤊𐤅𐤓	H3564	10	0.00	H4376	0.4
𐤁𐤀𐤋𐤐𐤉𐤌	H505	3	0.67		
𐤐𐤓𐤔𐤕	H6575	16	0.06	H6566	0.3125
𐤋𐤀𐤍𐤔𐤉𐤅	H376	13	0.77		
𐤍𐤐𐤂𐤔𐤅	H6298	5	0.20		
𐤕𐤏𐤓𐤑𐤅	H6206	3	0.33		
𐤁𐤌𐤋𐤇𐤌𐤕	H4421	17	0.82		
𐤋𐤌𐤎𐤏	H4550	6	0.83		
𐤉𐤔𐤏𐤌	H3468	3	0.33		
𐤁𐤐𐤑𐤏𐤉𐤌	H6482	4	0.75		
𐤊𐤎𐤐𐤌	H3701	7	0.57		
𐤅𐤄𐤉𐤕𐤅𐤌𐤉𐤌	H3490	4	0.50		
𐤍𐤇𐤁𐤀	H2244	6	0.33		
𐤊𐤂𐤌𐤅𐤋	H1576	14	0.64		
𐤊𐤍𐤏𐤍𐤉𐤌	H3669	6	0.83		
𐤅𐤋𐤔𐤋𐤇𐤅	H7971	6	0.83		
𐤅𐤉𐤂𐤓𐤔𐤅𐤄𐤅	H1644	3	0.67		
𐤋𐤄𐤇𐤉𐤔	H2440	22	0.36		
𐤇𐤉𐤒𐤅	H2436	3	0.00		
𐤌𐤓𐤊𐤁𐤕𐤅	H4818	11	0.64		
𐤍𐤋𐤀𐤅	H3811	8	0.12		
𐤏𐤉𐤍𐤉𐤉𐤌	H5869	5	0.40		
𐤔𐤇𐤄	H7743	4	0.25	H7811	0.0
𐤋𐤏𐤐𐤓	H6083	6	0.67	H6082	0.0
𐤍𐤋𐤀𐤄	H3811	12	0.08		
𐤉𐤒𐤓𐤅	H3365	9	0.56	H5365	0.1111111111111111
𐤌𐤕𐤅𐤊𐤅	H8432	9	0.33		
𐤌𐤊𐤎𐤐𐤅	H3701	7	0.57		
𐤍𐤌𐤅𐤂	H4127	4	0.50		
𐤕𐤅𐤇𐤋𐤕𐤉	H8431	3	0.33		
𐤍𐤅𐤀𐤔	H2976	14	0.93		
𐤋𐤀𐤓𐤑𐤅𐤕	H776	5	0.60		
𐤔𐤅𐤀𐤐𐤉𐤌	H637	6	0.67		
𐤕𐤀𐤅𐤍𐤄	H8384	8	0.12		
𐤂𐤌𐤋𐤕𐤉	H1580	4	0.75		
𐤌𐤀𐤅𐤃𐤅	H3966	5	0.80		
𐤅𐤄𐤌𐤉𐤕	H4191	44	0.68		
𐤅𐤌𐤉𐤓𐤀𐤕𐤅	H3374	3	0.33	H4519	0.0
𐤄𐤍𐤓𐤅𐤕	H5216	11	0.82		
𐤉𐤎𐤓𐤍𐤅	H3256	5	0.40		
𐤄𐤌𐤇𐤓𐤐𐤉𐤌	H2778	3	0.67		
𐤄𐤏𐤔𐤓𐤉𐤌	H6242	9	0.78		
𐤋𐤉𐤓𐤇	H3394	3	0.33	H3393	0.0
𐤅𐤄𐤅𐤃𐤉𐤄	H1940	3	0.00		
𐤍𐤎𐤐𐤓	H5608	18	0.78		
𐤅𐤉𐤓𐤂𐤋𐤅	H7270	5	0.20		
𐤁𐤅𐤂𐤃	H898	3	0.00		
𐤅𐤉𐤔𐤊𐤅𐤓	H7936	4	0.00		
𐤅𐤉𐤋𐤇𐤑	H2677	3	1.00		
𐤄𐤋𐤅𐤇𐤌𐤉𐤌	H2526	20	0.35		
𐤌𐤂𐤃𐤋𐤉𐤌	H4026	40	0.85	H1431	0.925
𐤄𐤑𐤓𐤉𐤌	H6696	24	0.50	H6697	0.5
𐤁𐤌𐤒𐤇	H3947	3	0.00		
𐤁𐤌𐤂𐤃𐤋𐤉𐤌	H4026	4	0.75		
𐤋𐤀𐤅𐤉𐤁𐤉𐤄𐤌	H1	8	0.12		
𐤁𐤀𐤇𐤉𐤄𐤌	H251	3	1.00		
𐤔𐤒𐤉𐤌	H8242	10	0.70	H7785	0.5
𐤅𐤁𐤈𐤇𐤅	H982	5	0.40		
𐤁𐤇𐤓𐤁𐤅𐤕𐤉𐤄𐤌	H2723	3	0.00		
𐤇𐤑𐤉𐤌	H2671	31	0.77	H2677	0.4838709677419355
𐤅𐤉𐤒𐤋𐤋𐤅	H7043	5	0.00		
𐤒𐤋𐤋𐤅𐤕	H7045	8	0.12		
𐤍𐤌𐤓𐤑𐤅𐤕	H4834	8	0.12		
𐤄𐤉𐤊𐤋𐤉	H1964	4	0.75		
𐤊𐤇𐤌𐤔	H2568	8	0.88		
𐤅𐤈𐤓𐤌	H2962	6	1.00		
𐤓𐤅𐤊𐤁	H7392	6	0.17		
𐤅𐤔𐤓𐤉𐤅𐤍	H8302	4	0.75		
𐤓𐤅𐤊𐤁𐤉	H7392	4	0.50		
𐤌𐤂𐤐𐤕	H4046	3	0.67		
𐤋𐤄𐤊𐤍𐤉𐤏	H3665	10	0.60		
𐤁𐤉𐤍𐤅𐤕𐤉𐤍𐤅	H996	3	0.67		
𐤅𐤀𐤁𐤔𐤋𐤅𐤌	H53	9	0.89		
𐤍𐤒𐤁𐤅	H5344	3	0.33		
𐤁𐤇𐤅𐤒𐤉	H2706	5	1.00		
𐤌𐤔𐤐𐤇𐤅𐤕𐤉𐤊𐤌	H8198	3	0.00		
𐤅𐤉𐤅𐤊𐤋𐤅	H3201	3	0.67		
𐤄𐤒𐤓𐤅𐤁	H7126	30	0.63		
𐤊𐤌𐤀𐤕𐤉𐤉𐤌	H854	7	0.57		
𐤍𐤒𐤌𐤕𐤌	H5360	9	0.56		
𐤊𐤁𐤓𐤅𐤕	H3530	4	0.00		
𐤁𐤕𐤅𐤌	H8537	3	0.67		
𐤓𐤇𐤁𐤕	H7342	7	1.00	H7344	0.14285714285714285
𐤅𐤄𐤐𐤉𐤋	H5307	5	0.60		
𐤁𐤉𐤌𐤅𐤕	H1116	4	0.25		
𐤅𐤌𐤂𐤍	H4043	8	0.62		
𐤌𐤀𐤌𐤑𐤉	H3981	7	0.00		
𐤁𐤉𐤅𐤔𐤁𐤉𐤄	H7872	3	0.33		
𐤍𐤒𐤓𐤀𐤅	H7121	21	0.86		
𐤁𐤑𐤅𐤓𐤄	H1219	24	0.88		
𐤊𐤏𐤔𐤓𐤕	H6235	8	0.75		
𐤅𐤉𐤇𐤋𐤒𐤌	H2505	4	0.50		
𐤋𐤂𐤃𐤅𐤃𐤉𐤌	H1416	6	0.67		
𐤄𐤓𐤅𐤀𐤄	H7200	24	0.96		
𐤊𐤔𐤋𐤅𐤔𐤉𐤌	H7970	5	0.20		
𐤌𐤀𐤁𐤅𐤕𐤉𐤊𐤌	H1	3	0.33		
𐤅𐤉𐤓𐤐𐤅	H7495	4	0.00	H7503	0.5
𐤅𐤓𐤇𐤅𐤒𐤄	H7350	3	1.00		
𐤊𐤔𐤔	H8337	10	0.40		
𐤅𐤉𐤉𐤈𐤉𐤁	H3190	3	0.33		
𐤌𐤂𐤃𐤅𐤃	H1416	4	0.50		
𐤓𐤉𐤁𐤅	H7378	5	0.40		
𐤏𐤃𐤅𐤋𐤌	H5726	5	0.00		
𐤄𐤍𐤁𐤋𐤉𐤌	H5036	11	0.55	H5035	0.5454545454545454
𐤄𐤌𐤓𐤅𐤑	H4793	5	0.20		
𐤄𐤕𐤌𐤉𐤃	H8548	8	0.88		
𐤅𐤕𐤔𐤁𐤏	H7646	3	0.67		
𐤁𐤏𐤆𐤓𐤕𐤌	H5833	5	0.20		
𐤄𐤏𐤌𐤋	H5999	4	0.50		
𐤑𐤉𐤅𐤌	H6716	6	0.00		
𐤏𐤓𐤉𐤄𐤌	H5892	46	0.59		
𐤅𐤉𐤕𐤐𐤔𐤅𐤄𐤅	H8610	5	0.00		
𐤍𐤊𐤆𐤁𐤄	H3576	16	0.50		
𐤄𐤔𐤒𐤉𐤈𐤅	H7007	5	0.00		
𐤅𐤁𐤅𐤀𐤅	H935	4	0.50		
𐤁𐤏𐤁𐤅𐤃𐤕𐤅	H5656	4	0.00		
𐤌𐤏𐤅𐤓𐤓𐤉	H5782	6	0.00	H4519	0.16666666666666666
𐤌𐤃𐤍𐤉𐤌	H4090	11	0.09	H4092	0.0
𐤀𐤁𐤅𐤕𐤉𐤉	H1	3	0.00		
𐤁𐤏𐤁𐤅𐤓𐤌	H5668	18	0.72		
𐤓𐤉𐤒𐤉𐤌	H7386	10	0.50		
𐤅𐤉𐤐𐤃𐤄	H6299	3	0.67		
𐤅𐤋𐤄𐤅𐤋𐤉𐤃	H3205	3	0.67		
𐤉𐤐𐤒𐤃	H6485	10	1.00		
𐤀𐤐𐤅𐤋	H652	3	0.00		
𐤅𐤉𐤐𐤓𐤃𐤅	H6504	6	0.17		
𐤌𐤋𐤌𐤈𐤄	H4295	6	0.50		
𐤁𐤈𐤍𐤅	H990	4	0.75		
𐤅𐤕𐤁𐤒𐤏	H1234	4	0.00		
𐤁𐤇𐤌𐤕	H2534	12	0.33	H2574	0.16666666666666666
𐤊𐤅𐤀𐤁	H1	3	0.00	H3510	0.3333333333333333
𐤅𐤉𐤅𐤑𐤉𐤀	H3318	11	0.82		
𐤌𐤏𐤋𐤅	H4603	3	0.33	H4608	0.6666666666666666
𐤄𐤌𐤇𐤆𐤄	H4236	14	0.00		
𐤅𐤌𐤕𐤇𐤍𐤍	H2604	3	0.33		
𐤕𐤍𐤇𐤅𐤌𐤉𐤌	H8575	10	0.70		
𐤅𐤔𐤀𐤓𐤉	H7607	3	0.00		
𐤌𐤏𐤓𐤊𐤕	H4634	9	0.78	H4635	0.0
𐤅𐤉𐤐𐤓𐤅𐤔	H6566	3	0.33		
𐤇𐤆𐤒𐤉𐤄𐤅	H2396	22	0.95		
𐤏𐤅𐤆𐤊	H5797	3	0.67		
𐤕𐤓𐤅𐤏𐤕	H8643	10	0.90		
𐤅𐤁𐤉𐤃𐤌	H3027	13	0.85		
𐤕𐤔𐤅𐤏𐤕𐤅	H8668	6	1.00		
𐤇𐤎𐤅	H2620	9	0.78		
𐤅𐤋𐤊𐤓𐤅𐤕	H3772	6	0.83		
𐤅𐤁𐤊𐤋𐤅𐤕	H3605	3	0.67		
𐤉𐤊𐤅𐤋𐤕	H3201	16	0.88		
𐤅𐤉𐤓𐤀𐤕	H3372	8	0.75	H3374	0.375
𐤉𐤔𐤓𐤉	H3477	3	0.33		
𐤋𐤔𐤅𐤐𐤈𐤉𐤌	H8199	6	0.83		
𐤌𐤁𐤁𐤋	H894	22	0.18		
𐤄𐤑𐤄𐤓𐤉𐤌	H6672	12	0.75		
𐤋𐤔𐤅𐤇	H7742	3	0.00		
𐤁𐤊𐤓𐤌	H3754	6	0.67		
𐤅𐤉𐤕𐤀𐤅𐤅	H183	7	0.71		
𐤍𐤇𐤕𐤅	H5181	4	0.25		
𐤂𐤉𐤋𐤅	H1523	16	0.62		
𐤅𐤉𐤔𐤒𐤃𐤅	H8245	3	0.67		
𐤅𐤋𐤄𐤁𐤉𐤈	H5027	4	1.00		
𐤋𐤊𐤕𐤌	H8552	5	0.80	H3212	0.8
𐤀𐤉𐤕𐤄	H859	8	0.00		
𐤒𐤇𐤍𐤄	H3947	3	0.67		
𐤄𐤍𐤏𐤓𐤅𐤕	H5291	14	0.57		
𐤁𐤒𐤔𐤄	H1245	15	0.67		
𐤄𐤂𐤉𐤇𐤅	H1520	20	0.35		
𐤌𐤀𐤉𐤕𐤊	H854	7	0.71		
𐤌𐤔𐤐𐤇𐤕𐤄	H6346	9	0.44	H4519	0.3333333333333333
𐤓𐤊𐤄	H7390	4	0.25	H7397	0.25
𐤋𐤁𐤄	H3820	28	0.86		
𐤔𐤍𐤉𐤍𐤅	H8147	5	0.80	H8141	0.6
𐤎𐤂𐤓𐤄	H5462	6	0.33		
𐤄𐤍𐤁𐤋𐤄	H5038	11	0.36	H5039	0.36363636363636365
𐤄𐤏𐤋𐤌	H5769	28	0.82	H5958	0.8571428571428571
𐤄𐤅𐤋𐤊𐤕	H1980	11	0.91		
𐤁𐤃𐤅	H906	4	0.00		
𐤌𐤅𐤑𐤀𐤕	H3318	4	1.00	H4672	1.0
𐤃𐤉𐤁𐤓𐤕	H1696	15	0.93		
𐤌𐤅𐤊𐤉𐤇	H3198	5	0.60		
𐤅𐤀𐤔𐤀𐤋	H7592	5	0.80		
𐤉𐤇𐤅𐤋𐤅	H2342	4	0.50		
𐤓𐤀𐤔𐤊	H7218	8	0.62	H7217	0.625
𐤊𐤍𐤏𐤍𐤉	H6041	4	0.00	H3651	0.5
𐤒𐤋𐤅𐤍	H7036	9	0.33		
𐤆𐤌𐤌	H2161	32	0.62	H2162	0.375
𐤋𐤁𐤅𐤔𐤉𐤌	H3830	6	0.50		
𐤋𐤋𐤅𐤉𐤌	H3881	4	0.00		
𐤋𐤔𐤀𐤕𐤅	H5375	3	1.00		
𐤁𐤊𐤕𐤐	H3802	3	1.00		
𐤄𐤋𐤅𐤉𐤌	H3881	19	0.00		
𐤔𐤇𐤈𐤅	H7819	12	0.50		
𐤌𐤓𐤊𐤅𐤔	H7399	3	0.33		
𐤅𐤋𐤊𐤄𐤍𐤉𐤌	H3548	5	1.00		
𐤅𐤋𐤋𐤅𐤉𐤌	H3881	8	0.00		
𐤇𐤋𐤒𐤉𐤄	H2518	15	0.40		
𐤁𐤄𐤃𐤓	H1926	22	0.77		
𐤅𐤄𐤋𐤅𐤉𐤌	H3881	42	0.02		
𐤁𐤔𐤋𐤅	H1310	3	0.67	H7887	0.0
𐤁𐤎𐤉𐤓𐤅𐤕	H5518	3	0.00		
𐤅𐤋𐤀𐤇𐤉𐤄𐤌	H251	3	0.67		
𐤌𐤏𐤋𐤉𐤌	H5927	7	0.86	H5956	0.14285714285714285
𐤅𐤄𐤌𐤔𐤅𐤓𐤓𐤉𐤌	H7891	5	0.00		
𐤅𐤄𐤔𐤅𐤏𐤓𐤉𐤌	H7778	6	0.83		
𐤅𐤊𐤋𐤉𐤔𐤓𐤀𐤋	H3478	4	0.50	H3605	0.25
𐤌𐤋𐤊𐤌𐤑𐤓𐤉𐤌	H4714	3	0.33	H4428	1.0
𐤅𐤉𐤏𐤓𐤊	H6186	20	0.95		
𐤁𐤁𐤒𐤏𐤕	H1237	10	0.10	H1236	0.1
𐤄𐤉𐤅𐤓𐤉𐤌	H3384	5	0.80		
𐤄𐤕𐤀𐤁𐤋𐤅	H56	6	0.50		
𐤋𐤌𐤋𐤊𐤉	H4428	12	0.67		
𐤅𐤁𐤉𐤍𐤕𐤅	H1323	4	0.75		
𐤅𐤁𐤉𐤓𐤅𐤔𐤋𐤌	H3389	3	0.00	H3390	0.0
𐤅𐤉𐤎𐤉𐤓𐤄𐤅	H5493	3	0.67		
𐤅𐤉𐤏𐤍𐤔	H6064	9	0.89		
𐤅𐤊𐤊𐤓	H3603	4	0.75		
𐤅𐤉𐤀𐤎𐤓	H631	5	0.80		
𐤁𐤌𐤋𐤊𐤅	H4427	13	0.54	H4428	0.5384615384615384
𐤍𐤁𐤅𐤊𐤃𐤍𐤀𐤑𐤓	H5019	36	1.00		
𐤉𐤄𐤅𐤉𐤊𐤉𐤍	H3078	8	1.00		
𐤁𐤉𐤕𐤉𐤉	H1004	7	1.00		
𐤅𐤑𐤃𐤒𐤉𐤄𐤅	H6667	4	0.25		
𐤍𐤊𐤍𐤏	H3665	34	0.74		
𐤅𐤉𐤒𐤔	H7185	3	0.67		
𐤄𐤓𐤔𐤉𐤏𐤅	H7561	7	0.57		
𐤔𐤓𐤉𐤃𐤉	H8300	4	0.75		
𐤄𐤂𐤋𐤅	H1540	7	0.71		
𐤋𐤊𐤅𐤓𐤔	H3566	3	0.67	H3567	0.6666666666666666
𐤊𐤅𐤓𐤔	H3566	51	0.84	H3567	0.8431372549019608
𐤌𐤋𐤊𐤐𐤓𐤎	H6539	7	0.43	H4428	0.5714285714285714
𐤅𐤁𐤍𐤉𐤌𐤍	H1144	3	1.00		
𐤄𐤕𐤏𐤅𐤓𐤓𐤄	H5782	5	0.00		
𐤌𐤕𐤓𐤃𐤕	H4990	13	0.46		
𐤅𐤊𐤋𐤉𐤌	H3627	5	1.00		
𐤄𐤅𐤁𐤀𐤅	H935	21	1.00		
𐤀𐤓𐤕𐤇𐤔𐤔𐤕𐤀	H783	10	0.90		
𐤅𐤔𐤌𐤔𐤉	H8124	5	0.80		
𐤁𐤔𐤌𐤓𐤅𐤍	H8111	20	0.95		
𐤅𐤁𐤔𐤀𐤓	H7606	11	0.82		
𐤀𐤃𐤅𐤍𐤍𐤅	H113	6	0.33		
𐤄𐤒𐤓𐤅𐤕	H6982	12	0.00		
𐤌𐤅𐤏𐤑𐤕𐤌	H6098	4	0.50		
𐤔𐤅𐤐𐤈𐤉𐤌	H8201	15	0.80		
𐤁𐤎𐤐𐤓𐤉	H5612	33	0.73		
𐤌𐤅𐤓𐤃𐤉𐤌	H3381	4	0.25	H4775	0.25
𐤅𐤌𐤏𐤋	H5921	6	1.00		
𐤌𐤏𐤅𐤓𐤓𐤉𐤌	H5782	3	0.00	H4519	0.0
𐤄𐤍𐤊𐤍𐤏𐤉𐤌	H3665	7	0.86		
𐤅𐤐𐤓𐤎	H6540	7	1.00	H6539	1.0
𐤄𐤀𐤇𐤔𐤃𐤓𐤐𐤍𐤉𐤌	H323	8	0.88		
𐤌𐤄𐤃𐤅	H1912	4	0.00		
𐤅𐤃𐤓𐤉𐤅𐤔	H1868	10	0.80		
𐤄𐤌𐤈𐤅𐤕	H4294	13	0.77	H4296	0.38461538461538464
𐤅𐤓𐤁𐤉𐤃	H7242	4	1.00		
𐤋𐤃𐤓𐤉𐤅𐤔	H1867	8	0.88	H1868	0.875
𐤅𐤔𐤋𐤔𐤕	H7969	13	0.85	H8027	0.8461538461538461
𐤂𐤅𐤁𐤓𐤅𐤕	H1404	3	0.00		
𐤅𐤔𐤓𐤉𐤄𐤑𐤁𐤀	H6635	5	0.80	H8269	1.0
𐤋𐤍𐤏𐤓𐤉𐤌	H5288	5	0.60		
𐤄𐤅𐤃𐤉𐤏𐤅	H3045	30	0.97		
𐤁𐤍𐤉𐤇𐤉𐤋	H5158	10	0.00		
𐤉𐤆𐤊𐤓	H2142	14	0.86		
𐤋𐤀𐤅𐤄𐤁𐤉𐤌	H157	3	0.67		
𐤄𐤅	H1930	5	0.00	H1931	0.2
𐤉𐤑𐤅𐤌	H6680	3	0.67	H6684	0.0
𐤅𐤄𐤔𐤇𐤉𐤕𐤅	H7843	7	0.43		
𐤅𐤄𐤌𐤂𐤃𐤋𐤉𐤌	H4026	4	0.50		
𐤅𐤓𐤑𐤇𐤅	H7523	4	1.00		
𐤉𐤁𐤆𐤅	H962	4	0.75	H959	0.25
𐤀𐤕𐤄𐤀𐤃𐤌𐤄	H127	3	0.67	H853	0.0
𐤅𐤄𐤏𐤋𐤅	H5927	5	1.00		
𐤅𐤄𐤊𐤅	H5221	22	0.68		
𐤋𐤄𐤇𐤓𐤉𐤁	H2717	13	0.69		
𐤅𐤄𐤇𐤓𐤉𐤁𐤅	H2717	7	0.71		
𐤉𐤎𐤁	H5437	4	1.00		
𐤍𐤔𐤌𐤏𐤉𐤌	H8085	3	1.00		
𐤅𐤉𐤃𐤌	H1826	4	1.00		
𐤅𐤄𐤔𐤋𐤉𐤔𐤉	H7992	14	0.71		
𐤄𐤔𐤅𐤋𐤈	H7989	3	0.00		
𐤋𐤁𐤍𐤉𐤄𐤀𐤃𐤌	H120	4	0.50	H1121	0.75
𐤂𐤃𐤋𐤄𐤅	H1419	3	0.67		
𐤋𐤂𐤆𐤋	H1497	7	0.86		
𐤅𐤉𐤂𐤆𐤅𐤋	H1469	3	0.00		
𐤁𐤓𐤀𐤔𐤄	H7218	4	0.75	H7217	0.25
𐤑𐤃𐤒𐤅	H6664	11	0.73	H6663	0.6363636363636364
𐤅𐤇𐤆𐤒𐤄	H2389	6	0.67		
𐤅𐤄𐤔𐤋𐤈𐤅𐤍	H7983	4	0.75		
𐤍𐤋𐤒𐤇𐤅	H3947	8	0.62		
𐤅𐤍𐤃𐤓	H5088	5	0.60	H5087	0.6
𐤀𐤓𐤆	H730	7	1.00		
𐤀𐤋𐤉𐤓𐤅𐤔𐤋𐤌	H3389	4	0.25	H413	0.75
𐤄𐤏𐤅𐤋𐤉𐤌	H5927	24	0.83		
𐤉𐤂𐤔𐤅	H5066	4	1.00		
𐤅𐤊𐤋𐤄𐤀𐤓𐤑	H776	4	0.25	H3605	0.25
𐤌𐤌𐤎	H4522	6	0.83		
𐤄𐤌𐤅𐤁𐤀𐤅𐤕	H935	3	0.67	H4519	0.0
𐤊𐤔𐤍𐤄	H8141	3	1.00		
𐤋𐤔𐤁𐤈𐤉𐤄𐤌	H7626	6	0.33		
𐤅𐤏𐤁𐤃𐤉𐤄𐤌	H5652	7	0.43		
𐤁𐤍𐤉𐤔𐤅𐤏	H3442	3	0.67	H1121	1.0
𐤅𐤆𐤊𐤓𐤉𐤄	H2148	7	0.86		
𐤍𐤉𐤎𐤍	H5212	13	0.92		
𐤌𐤔𐤁𐤉	H7628	4	0.75		
𐤌𐤓𐤃𐤊𐤉	H4782	25	0.12		
𐤐𐤓𐤏𐤔	H6551	3	0.00	H6550	0.0
𐤅𐤉𐤅𐤀𐤁	H3097	7	0.86		
𐤄𐤓𐤌𐤄	H7414	11	0.55	H7311	0.6363636363636364
𐤁𐤉𐤕𐤀𐤋	H1328	9	0.56		
𐤅𐤀𐤍𐤅	H578	3	0.00	H202	0.6666666666666666
𐤀𐤋𐤉𐤔𐤉𐤁	H475	6	0.67		
𐤄𐤌𐤔𐤅𐤓𐤓𐤉𐤌	H7891	6	0.00		
𐤄𐤀𐤅𐤓𐤉𐤌	H224	3	0.33		
𐤐𐤓𐤃𐤉𐤌	H6505	4	0.75		
𐤅𐤌𐤓𐤀𐤔𐤉	H7218	3	0.67		
𐤏𐤋𐤌𐤊𐤅𐤍𐤅	H4349	3	0.33	H5921	0.6666666666666666
𐤁𐤊𐤇𐤌	H2527	9	0.00		
𐤁𐤌𐤒𐤅𐤌𐤅	H4725	19	0.74		
𐤄𐤌𐤆𐤓𐤇	H4217	18	0.50		
𐤁𐤍𐤉𐤅𐤑𐤃𐤒	H3136	4	0.50	H1121	1.0
𐤒𐤓𐤁𐤍𐤅𐤕	H7133	71	0.96		
𐤁𐤆𐤌𐤍𐤌	H2165	3	0.67		
𐤅𐤒𐤓𐤁𐤍𐤅𐤕	H7133	4	1.00		
𐤋𐤁𐤅𐤀𐤌	H935	3	0.00		
𐤅𐤉𐤎𐤃𐤅	H3245	5	0.60		
𐤌𐤍𐤑𐤇𐤉𐤌	H5329	7	0.43		
𐤋𐤄𐤋𐤋	H1984	13	0.85		
𐤅𐤄𐤓𐤀𐤔𐤉𐤌	H7218	6	1.00		
𐤌𐤊𐤉𐤓𐤉𐤌	H5234	4	0.75		
𐤏𐤌𐤄𐤀𐤓𐤑	H776	5	0.80	H5973	0.8
𐤅𐤁𐤔𐤍𐤕	H8141	26	0.65		
𐤇𐤂𐤉	H2292	5	1.00	H2291	1.0
𐤏𐤅𐤆𐤓𐤉𐤌	H5828	10	0.10		
𐤔𐤔𐤍𐤉	H7800	6	0.17		
𐤐𐤇𐤕	H6346	12	0.50	H6347	0.5
𐤅𐤔𐤕𐤓	H8370	3	0.00		
𐤁𐤅𐤆𐤍𐤉	H8370	5	0.00		
𐤅𐤇𐤁𐤓𐤉𐤄𐤌	H2270	11	0.36		
𐤄𐤂𐤂	H1406	14	1.00		
𐤅𐤄𐤋𐤊𐤍𐤅	H1980	12	0.75		
𐤌𐤀𐤁𐤍𐤉	H68	9	0.22		
𐤅𐤄𐤌𐤋𐤀𐤊𐤄	H4399	4	0.75		
𐤅𐤄𐤌𐤏𐤔𐤄	H4639	7	0.71		
𐤅𐤋𐤊𐤕𐤁	H3789	3	0.00		
𐤓𐤔𐤉𐤌𐤕	H7560	3	0.67		
𐤋𐤓𐤀𐤔𐤉𐤄𐤌	H7218	3	1.00		
𐤄𐤓𐤂𐤉𐤆𐤅	H7265	5	0.40		
𐤊𐤋𐤉𐤄𐤒𐤃𐤔	H6944	4	0.50	H3627	0.0
𐤄𐤐𐤇𐤄	H6346	4	0.75		
𐤋𐤔𐤉𐤌𐤌	H8064	3	0.00		
𐤔𐤔𐤁𐤑𐤓	H8339	3	0.00	H8340	0.0
𐤁𐤌𐤃𐤉	H1768	5	1.00	H4076	0.8
𐤂𐤁𐤄𐤅	H1361	16	0.94	H1363	0.875
𐤓𐤇𐤁𐤅	H7341	12	0.92		
𐤄𐤌𐤌𐤍𐤉𐤌	H4480	7	0.86	H4519	0.0
𐤁𐤄𐤅𐤑𐤀𐤄	H3318	3	1.00		
𐤋𐤇𐤉𐤉𐤄𐤌	H3895	5	0.00		
𐤅𐤑𐤅𐤄	H6680	131	0.84		
𐤅𐤉𐤕𐤋𐤄	H3494	6	0.17		
𐤅𐤓𐤊𐤅𐤔𐤅	H7399	7	0.57		
𐤐𐤒𐤃𐤅𐤕	H6486	3	0.33		
𐤄𐤈𐤄𐤓𐤅	H2891	4	0.25		
𐤅𐤊𐤋𐤁𐤍𐤉	H1121	4	0.75	H3605	0.25
𐤁𐤌𐤋𐤀𐤊𐤕	H4399	8	0.88		
𐤏𐤆𐤓𐤀	H5830	42	0.40	H5831	0.40476190476190477
𐤇𐤒𐤉𐤌	H2706	5	0.80		
𐤅𐤌𐤔𐤐𐤈𐤉𐤌	H4941	8	0.38		
𐤀𐤋𐤏𐤆𐤓𐤀	H5830	3	0.33	H413	0.0
𐤋𐤏𐤆𐤓𐤀	H5830	5	0.20	H5831	0.2
𐤅𐤉𐤅𐤏𐤑𐤉	H3289	3	0.33		
𐤅𐤀𐤅𐤄𐤁𐤉	H157	7	0.86		
𐤅𐤄𐤆𐤄𐤁	H2091	12	0.67		
𐤕𐤓𐤑𐤄	H7521	10	0.90	H8656	0.6
𐤀𐤋𐤏𐤋𐤉𐤅𐤍	H5945	6	0.33	H413	0.5
𐤏𐤍𐤔	H6066	50	0.90	H6064	0.92
𐤅𐤔𐤓𐤉𐤅	H8269	11	0.55	H8271	0.45454545454545453
𐤀𐤉𐤕𐤌𐤓	H385	5	1.00		
𐤅𐤊𐤓𐤉𐤌	H3733	12	0.08		
𐤉𐤅𐤀𐤁	H3097	76	0.62	H5854	0.6447368421052632
𐤅𐤔𐤌𐤏𐤉𐤄	H8098	5	0.20		
𐤅𐤉𐤓𐤉𐤁	H7378	4	0.25	H3402	0.5
𐤅𐤌𐤔𐤋𐤌	H4918	3	0.33	H7999	0.3333333333333333
𐤅𐤉𐤏𐤕𐤓	H6279	11	0.36		
𐤌𐤀𐤇𐤉𐤄𐤌	H251	15	0.67		
𐤅𐤀𐤌𐤓𐤄	H559	10	0.90		
𐤅𐤄𐤊𐤋𐤉𐤌	H3627	3	0.67		
𐤅𐤉𐤑𐤉𐤋𐤍𐤅	H5337	4	0.75		
𐤌𐤓𐤌𐤅𐤕	H4822	3	0.67	H4820	0.3333333333333333
𐤉𐤅𐤆𐤁𐤃	H3107	3	0.67	H3108	0.6666666666666666
𐤄𐤍𐤔𐤉𐤀𐤉𐤌	H5387	4	0.50		
𐤅𐤊𐤔𐤌𐤏𐤉	H8085	3	0.33		
𐤌𐤔𐤏𐤓	H8179	3	0.33	H8181	0.3333333333333333
𐤅𐤀𐤒𐤅𐤌	H6965	5	0.40		
𐤁𐤀𐤔𐤌𐤄	H819	8	0.50		
𐤅𐤀𐤇𐤉𐤍𐤅	H251	3	0.67		
𐤊𐤄𐤉𐤅𐤌	H3117	3	0.67		
𐤅𐤋𐤕𐤕𐤋𐤍𐤅	H5414	3	1.00		
𐤉𐤕𐤃	H3489	8	0.12		
𐤁𐤍𐤅𐤕𐤉𐤊𐤌	H1323	6	0.83		
𐤏𐤌𐤉𐤄𐤀𐤓𐤑	H776	3	0.67	H5971	0.6666666666666666
𐤅𐤉𐤋𐤃𐤉𐤌	H3206	4	0.25		
𐤍𐤊𐤓𐤉𐤅𐤕	H5237	17	0.59		
𐤂𐤔𐤌𐤉𐤌	H1653	8	0.50		
𐤋𐤐𐤔𐤏	H6588	7	0.43	H6586	0.5714285714285714
𐤋𐤏𐤕𐤉𐤌	H6256	9	1.00		
𐤄𐤋𐤅𐤉	H3881	5	0.20	H3878	0.6
𐤅𐤀𐤋𐤉𐤏𐤆𐤓	H461	4	0.50		
𐤅𐤌𐤏𐤔𐤉𐤄	H4641	3	0.00		
𐤅𐤔𐤌𐤏𐤉	H8096	3	0.33		
𐤌𐤕𐤍𐤉𐤄	H4983	3	0.67	H4975	0.3333333333333333
𐤉𐤓𐤌𐤅𐤕	H3412	3	0.33	H3406	0.6666666666666666
𐤅𐤀𐤋𐤉𐤄	H452	3	0.67		
𐤅𐤇𐤍𐤍𐤉𐤄	H2608	10	0.30		
𐤊𐤋𐤋	H3632	72	0.64	H3636	0.08333333333333333
𐤅𐤌𐤓𐤌𐤅𐤕	H4820	3	0.00		
𐤔𐤋𐤌𐤉𐤄	H8018	3	0.00		
𐤔𐤔𐤉	H8344	3	0.00	H8343	0.0
𐤀𐤌𐤓𐤉𐤄	H568	3	0.00	H561	0.6666666666666666
𐤌𐤕𐤕𐤉𐤄	H4993	15	0.20		
𐤅𐤌𐤔𐤌𐤀𐤋𐤅	H8040	3	0.33		
𐤌𐤋𐤊𐤉𐤄	H4441	5	0.20	H4428	0.6
𐤄𐤅𐤃𐤉𐤄	H1940	4	0.00	H1941	0.5
𐤏𐤔𐤓𐤌	H6239	6	0.83		
𐤓𐤌𐤅	H7311	4	0.75	H7411	0.5
𐤒𐤃𐤔𐤉	H6944	8	0.75	H6942	0.625
𐤁𐤊𐤓	H1060	3	0.67	H3733	0.6666666666666666
𐤌𐤍𐤏𐤕	H6256	3	0.67	H4513	0.6666666666666666
𐤓𐤌𐤎𐤅	H7429	3	0.33		
𐤁𐤔𐤁𐤉𐤄	H7633	12	0.58		
𐤋𐤓𐤔𐤏𐤉𐤌	H7563	11	0.55		
𐤅𐤉𐤓𐤌𐤎𐤅𐤄	H7429	3	0.33		
𐤄𐤅𐤓𐤉𐤃	H3381	12	0.58		
𐤄𐤅𐤎𐤓	H5493	5	1.00		
𐤁𐤁𐤅𐤆	H937	9	0.44		
𐤋𐤄𐤊𐤁𐤉𐤃	H3513	6	0.67		
𐤏𐤋𐤉𐤓𐤅𐤔𐤋𐤌	H3389	4	0.00	H5921	0.5
𐤂𐤀𐤅𐤕𐤅	H1346	5	0.40		
𐤅𐤎𐤂𐤓𐤅	H5462	10	0.70		
𐤍𐤃𐤐	H5086	3	0.00		
𐤂𐤃𐤅𐤋𐤉	H1419	18	0.89		
𐤏𐤒𐤕	H6125	3	0.00		
𐤆𐤌𐤓𐤉	H2174	17	0.41	H2171	0.0
𐤓𐤌𐤉𐤌	H7311	4	0.50	H7421	0.0
𐤅𐤁𐤌𐤎𐤕𐤓𐤉𐤌	H4565	3	0.67		
𐤉𐤔𐤒𐤈	H8252	3	1.00		
𐤅𐤁𐤌𐤇𐤎𐤅𐤓	H4270	4	0.75		
𐤓𐤉𐤒𐤅𐤕	H7385	9	0.33		
𐤔𐤉𐤁𐤕𐤅	H7872	4	0.75		
𐤅𐤉𐤊𐤏𐤉𐤎𐤅	H3707	3	0.00		
𐤋𐤔𐤌𐤊	H8034	7	0.86		
𐤁𐤌𐤀𐤆𐤍𐤉𐤌	H3976	4	0.25		
𐤕𐤊𐤉𐤍	H3559	3	1.00		
𐤋𐤊𐤋𐤇𐤉	H2416	3	0.67	H3605	0.3333333333333333
𐤅𐤏𐤌𐤉𐤌	H5971	5	0.80		
𐤅𐤀𐤁𐤉𐤅𐤍	H34	3	0.33		
𐤌𐤋𐤊𐤍𐤅	H4428	11	0.82		
𐤊𐤅𐤍𐤍𐤅	H3559	6	0.83		
𐤅𐤉𐤇𐤋𐤄	H2341	7	0.57		
𐤍𐤇𐤕𐤌	H5183	5	0.60	H2856	0.2
𐤕𐤓𐤇𐤌	H7355	5	0.80		
𐤉𐤔𐤅𐤏𐤕𐤊	H3444	3	0.67		
𐤏𐤉𐤓𐤄𐤒𐤃𐤔	H6944	6	0.83	H5892	0.5
𐤊𐤔𐤋𐤅	H3782	7	0.43	H7887	0.0
𐤁𐤓𐤊𐤉	H1290	4	0.50	H1288	0.5
𐤓𐤇𐤐𐤅	H7363	6	0.00		
𐤁𐤌𐤔𐤐𐤈𐤉𐤅	H4941	4	0.50		
𐤁𐤆𐤆𐤅	H962	18	0.61		
𐤏𐤅𐤏𐤉𐤌	H5773	7	0.00		
𐤅𐤇𐤅𐤌𐤕	H2346	3	0.67		
𐤄𐤅𐤋𐤉𐤃𐤅	H3205	8	0.62		
𐤁𐤑𐤃𐤒𐤕𐤅	H6666	6	0.83		
𐤅𐤇𐤎𐤉𐤃𐤉	H2623	3	0.33		
𐤁𐤑𐤃𐤒𐤕𐤊	H6666	3	0.67	H6663	0.6666666666666666
𐤄𐤔𐤉𐤁𐤄	H7725	7	0.86		
𐤊𐤍𐤎	H5127	3	0.33	H3664	0.0
𐤅𐤀𐤉𐤐𐤄	H374	5	0.20	H375	0.4
𐤋𐤇𐤅𐤈𐤀𐤉𐤌	H2398	7	0.29		
𐤅𐤔𐤌𐤕	H7760	7	0.29	H7761	0.0
𐤍𐤒𐤅𐤄	H6960	5	0.40		
𐤌𐤃𐤓𐤊𐤅	H1870	11	0.82		
𐤁𐤐𐤒𐤃𐤄	H6485	3	0.33		
𐤉𐤄𐤋𐤋	H1984	5	0.40		
𐤄𐤂𐤁𐤏𐤅𐤕	H1389	4	1.00		
𐤄𐤉𐤏𐤓𐤅𐤕	H3293	3	0.33		
𐤉𐤒𐤌	H5358	5	0.40	H6965	0.6
𐤄𐤑𐤉𐤋𐤄	H5337	3	1.00		
𐤅𐤁𐤋𐤉𐤏𐤋	H1100	3	0.67		
𐤌𐤋𐤔𐤅𐤍	H3956	3	0.67		
𐤌𐤆𐤌𐤕𐤅	H4209	26	0.62		
𐤋𐤊𐤓𐤕	H3772	9	1.00		
𐤋𐤄𐤓𐤂𐤉𐤆	H7264	4	1.00		
𐤄𐤓𐤇𐤉𐤒𐤄	H7368	3	0.67		
𐤔𐤐𐤕𐤉	H8193	5	0.00		
𐤄𐤍𐤓𐤂𐤍𐤉𐤌	H5372	6	0.17		
𐤅𐤌𐤌𐤅𐤕	H4194	3	1.00		
𐤈𐤓𐤐𐤅	H2964	5	0.40		
𐤂𐤓𐤌𐤅	H1633	7	0.29		
𐤍𐤁𐤄𐤋	H926	38	0.50		
𐤍𐤅𐤓𐤀𐤄	H3372	42	0.86		
𐤕𐤁𐤅𐤎𐤕	H8395	6	0.33		
𐤋𐤄𐤅𐤋𐤊𐤉𐤌	H1980	5	0.60		
𐤌𐤈𐤏𐤌	H2942	20	0.50	H2940	0.35
𐤁𐤇𐤁𐤓𐤕	H2279	9	0.00		
𐤂𐤋𐤅𐤉𐤉𐤌	H1540	3	0.67		
𐤄𐤉𐤅𐤕𐤌	H1961	14	0.71		
𐤒𐤅𐤉𐤕𐤉	H6960	4	0.50		
𐤋𐤉𐤔𐤅𐤏𐤕	H3442	3	0.33		
𐤅𐤌𐤍𐤅𐤎	H4498	3	1.00		
𐤊𐤉𐤀𐤅𐤕	H176	17	0.35	H3588	0.9411764705882353
𐤉𐤌𐤋𐤈𐤅	H4422	16	0.62		
𐤐𐤅𐤏𐤋𐤉	H6466	3	0.33		
𐤉𐤕𐤐𐤔𐤅	H8610	10	0.70		
𐤁𐤌𐤔𐤐𐤈𐤅	H4941	3	0.33		
𐤅𐤓𐤔𐤏𐤉𐤌	H7563	3	0.33		
𐤋𐤔𐤏𐤓𐤉	H7778	6	0.00	H8179	0.8333333333333334
𐤊𐤅𐤍𐤍𐤄	H3559	3	1.00		
𐤎𐤌𐤊	H5564	8	0.50		
𐤋𐤔𐤋𐤌𐤄	H8010	18	0.33		
𐤁𐤃𐤅𐤃	H1732	7	0.86	H1731	0.0
𐤁𐤂𐤁𐤄𐤌	H1363	3	0.33		
𐤁𐤒𐤅𐤌	H6965	5	1.00		
𐤌𐤉𐤅𐤔𐤁𐤉𐤄	H3427	5	0.80		
𐤁𐤏𐤅𐤍	H5771	18	0.61		
𐤇𐤆𐤉𐤕	H2370	3	0.00	H2372	0.0
𐤓𐤅𐤆𐤍𐤉	H7332	3	0.00		
𐤅𐤉𐤅𐤊𐤉𐤇	H3198	6	0.83		
𐤉𐤍𐤅𐤃	H5110	5	0.20		
𐤎𐤋𐤄	H5542	3	0.33	H5541	0.6666666666666666
𐤄𐤏𐤉𐤐𐤉𐤌	H3286	6	0.67		
𐤁𐤎𐤅𐤎	H5483	13	0.08		
𐤅𐤁𐤒𐤔𐤕	H7198	3	0.00		
𐤇𐤐	H2643	4	0.25		
𐤀𐤌𐤓𐤅𐤕𐤉𐤅	H559	3	1.00		
𐤀𐤆𐤍𐤉𐤊	H241	3	0.33		
𐤅𐤌𐤄𐤋𐤋	H1984	12	0.75		
𐤅𐤄𐤍𐤊𐤁𐤃	H3513	4	1.00		
𐤂𐤁𐤅𐤓𐤕𐤊	H1369	5	0.60		
𐤀𐤓𐤊𐤀𐤐𐤉𐤌	H639	3	0.33	H753	0.0
𐤅𐤓𐤁𐤇𐤎𐤃	H2617	4	0.25	H7227	0.5
𐤅𐤍𐤇𐤌	H5162	5	0.80		
𐤀𐤕𐤌𐤑𐤅𐤕𐤉𐤊	H4687	3	1.00	H853	0.3333333333333333
𐤔𐤒𐤅𐤑𐤉𐤌	H8251	5	0.20		
𐤄𐤔𐤁𐤉𐤌	H7725	3	1.00		
𐤋𐤃𐤅𐤃	H1732	46	0.91		
𐤄𐤋𐤇𐤌𐤅	H3899	9	0.11	H3898	0.5555555555555556
𐤏𐤃𐤓𐤅	H5739	3	0.33		
𐤅𐤂𐤃𐤅𐤋𐤉𐤌	H1419	11	0.73		
𐤄𐤐𐤋𐤔𐤕𐤉	H6430	6	0.83		
𐤐𐤀𐤓𐤅	H6287	4	0.00		
𐤅𐤕𐤐𐤀𐤓𐤕𐤅	H8597	4	0.25		
𐤅𐤋𐤎𐤐𐤓	H5612	3	0.00	H5608	0.3333333333333333
𐤌𐤐𐤀𐤓	H6287	5	0.20		
𐤅𐤌𐤑𐤉𐤋	H5337	3	0.67		
𐤁𐤅𐤇𐤓	H977	5	0.60		
𐤋𐤉𐤃𐤉𐤍𐤅	H3027	4	0.00		
𐤁𐤆	H957	26	0.27	H962	0.5769230769230769
𐤅𐤉𐤊𐤍𐤎	H3664	3	0.33		
𐤄𐤁𐤆𐤄	H2088	13	0.77	H961	0.7692307692307693
𐤄𐤁𐤍𐤉𐤉𐤍	H995	4	0.25		
𐤌𐤌𐤋𐤊𐤉	H4427	5	0.40		
𐤄𐤍𐤊𐤅𐤍𐤄	H3559	12	0.92		
𐤌𐤅𐤍𐤇𐤉𐤌	H4505	7	0.00		
𐤋𐤒𐤓𐤅𐤕	H7136	6	0.83		
𐤋𐤌𐤃𐤉𐤍𐤄	H4082	3	0.33		
𐤄𐤂𐤉𐤏𐤌	H5060	3	0.67		
𐤅𐤁𐤓𐤀𐤅𐤕	H7200	14	0.64		
𐤁𐤇𐤊𐤌𐤕𐤌	H2451	4	0.75		
𐤅𐤉𐤂𐤉𐤏	H5060	7	0.71		
𐤌𐤄𐤁𐤉𐤕	H1004	5	0.80		
𐤏𐤉𐤓𐤍𐤅	H5892	10	0.90		
𐤎𐤐𐤓𐤃	H5614	3	0.00		
𐤕𐤅𐤎𐤐𐤕	H3254	3	0.33		
𐤌𐤂𐤓𐤏𐤕	H4052	3	0.33		
𐤉𐤒𐤃𐤉𐤌	H3344	6	0.00		
𐤒𐤓𐤀𐤅𐤄𐤅	H7121	11	0.82		
𐤒𐤅𐤓𐤉𐤍	H7161	3	0.00		
𐤔𐤁𐤀𐤅	H7614	8	0.75		
𐤋𐤄𐤕𐤇𐤊𐤌	H2449	3	0.33		
𐤕𐤅𐤓𐤕𐤌	H8451	11	0.27		
𐤋𐤃𐤁𐤓𐤉𐤄𐤌	H1697	19	1.00		
𐤋𐤉𐤃	H3027	13	0.85		
𐤌𐤁𐤅𐤒𐤔𐤅	H1245	7	0.71		
𐤄𐤓𐤂𐤉𐤔𐤅	H7284	7	0.29		
𐤔𐤔𐤋𐤇	H7971	4	0.75		
𐤔𐤉𐤁𐤅𐤀𐤅	H935	4	1.00		
𐤄𐤌𐤅𐤋𐤊	H4428	7	0.71		
𐤅𐤌𐤄𐤏𐤕	H6256	3	0.67		
𐤔𐤉𐤓𐤀𐤄	H7200	6	0.83		
𐤔𐤀𐤉𐤍𐤌	H369	23	0.83		
𐤋𐤌𐤋𐤇𐤌𐤅𐤕	H4421	4	0.50		
𐤄𐤏𐤊𐤅𐤌	H5910	3	0.00		
𐤉𐤕𐤏𐤋𐤄	H5927	11	0.82		
𐤁𐤉𐤀𐤅𐤓	H2975	7	0.43		
𐤅𐤇𐤈𐤀𐤕𐤌	H2403	3	0.33	H2398	0.6666666666666666
𐤐𐤓𐤒	H6561	3	0.00	H6564	0.3333333333333333
𐤅𐤁𐤆𐤄	H2088	70	0.80	H959	0.11428571428571428
𐤁𐤓𐤀𐤅𐤕𐤍𐤅	H7200	6	0.83		
𐤋𐤉𐤃𐤕	H3027	4	0.75		
𐤍𐤌𐤓𐤅𐤃	H5248	70	0.09		
𐤁𐤔𐤌𐤅𐤕𐤌	H8034	6	0.50		
𐤁𐤏𐤍𐤉𐤍	H6045	11	0.27		
𐤄𐤌𐤒𐤓𐤉𐤌	H7119	7	0.14		
𐤅𐤌𐤃𐤉𐤍	H4080	3	0.33		
𐤁𐤁𐤈𐤇𐤌	H982	10	0.40		
𐤆𐤄𐤅	H2088	15	0.93		
𐤄𐤎𐤐𐤅𐤓	H5601	8	0.62		
𐤔𐤓𐤀𐤅𐤉	H7200	4	1.00		
𐤄𐤄𐤂𐤃𐤄	H1410	4	0.25		
𐤔𐤀𐤍𐤅	H5375	5	1.00		
𐤋𐤌𐤑𐤓𐤉𐤌	H4714	47	0.72	H4713	0.723404255319149
𐤉𐤑𐤉𐤀𐤕𐤌	H3318	4	1.00		
𐤔𐤄𐤋𐤊𐤅	H1980	3	1.00		
𐤋𐤔𐤅𐤍𐤅𐤕	H3956	3	0.67		
𐤄𐤔𐤅𐤌𐤏𐤉𐤌	H8085	5	0.60		
𐤄𐤎𐤅𐤇𐤓𐤉𐤌	H5503	7	0.71		
𐤔𐤏𐤔𐤄	H6213	16	0.94		
𐤋𐤉𐤓𐤀𐤕	H7200	11	1.00		
𐤍𐤔𐤏𐤍𐤉𐤌	H8172	4	0.50		
𐤅𐤏𐤆𐤓	H5829	5	0.20	H5827	0.4
𐤄𐤄𐤑𐤋𐤇𐤄	H6743	12	0.67		
𐤁𐤀𐤐𐤉𐤅	H639	4	0.75		
𐤑𐤋𐤏	H6763	8	0.50	H6762	0.125
𐤅𐤉𐤁𐤉𐤀𐤄	H935	12	0.83		
𐤏𐤅𐤌𐤃𐤕	H5975	11	0.91		
𐤅𐤕𐤏𐤁𐤅𐤓	H5674	6	0.50		
𐤅𐤉𐤔𐤊𐤍𐤅	H7931	4	0.75		
𐤀𐤇𐤅𐤆𐤄	H2372	3	0.00		
𐤄𐤇𐤓𐤉𐤔𐤄	H2758	3	0.33		
𐤋𐤒𐤉𐤍	H7014	3	0.33		
𐤄𐤓𐤂𐤕𐤉	H2026	4	0.50		
𐤕𐤌𐤉𐤕𐤍𐤉	H4191	3	0.67		
𐤌𐤓𐤏𐤕𐤅	H7451	4	0.75		
𐤁𐤆𐤒	H137	8	0.62	H966	0.5
𐤅𐤉𐤊𐤄	H5221	29	0.52		
𐤅𐤉𐤁𐤊𐤄	H1058	4	0.75		
𐤂𐤅𐤉𐤉𐤕	H1471	8	0.00		
𐤑𐤅𐤏𐤒𐤉𐤌	H6817	5	0.40		
𐤅𐤕𐤏𐤔𐤄	H6213	3	1.00		
𐤕𐤅𐤎𐤐	H3254	3	1.00		
𐤕𐤑𐤌𐤉𐤇	H6779	3	0.33		
𐤍𐤃	H5067	3	0.00	H5110	0.3333333333333333
𐤊𐤁𐤕𐤇𐤋𐤄	H8462	3	0.67		
𐤋𐤇𐤍𐤅𐤊	H2585	8	0.00		
𐤌𐤕𐤅𐤔𐤀𐤋	H4967	3	0.00		
𐤁𐤃𐤌𐤅𐤕𐤅	H1823	6	0.50		
𐤋𐤐𐤔𐤅𐤏	H6588	5	0.80		
𐤋𐤌𐤓𐤅𐤃	H4775	16	0.25		
𐤅𐤋𐤐𐤔𐤅𐤏	H6588	3	0.67		
𐤑𐤋𐤌𐤉	H6754	18	0.17		
𐤅𐤉𐤏𐤁𐤃𐤅𐤌	H5647	3	0.67		
𐤅𐤉𐤑𐤐	H6823	3	0.33	H6687	0.0
𐤔𐤋𐤉𐤔	H3426	4	0.75	H7991	0.75
𐤇𐤈𐤀𐤌	H2399	3	1.00		
𐤁𐤀𐤅𐤑𐤓𐤅𐤕𐤉𐤅	H214	5	0.00		
𐤄𐤀𐤋𐤅𐤒𐤉𐤌	H471	21	0.24		
𐤅𐤌𐤔𐤍𐤄𐤅	H4932	4	0.25		
𐤅𐤀𐤇𐤉𐤅𐤕𐤉𐤄𐤌	H269	3	0.00		
𐤅𐤑𐤉𐤋𐤄	H6738	3	0.00		
𐤅𐤉𐤕𐤇𐤕𐤍	H2859	3	0.33		
𐤉𐤁𐤋	H2989	3	0.00	H3104	0.6666666666666666
𐤅𐤉𐤔𐤒𐤅	H5401	3	0.00		
𐤋𐤕𐤅𐤏𐤁𐤄	H8441	3	0.33		
𐤉𐤃𐤁𐤒𐤅	H1692	3	0.67		
𐤕𐤅𐤁𐤋	H8423	31	0.03	H2986	0.06451612903225806
𐤅𐤕𐤅𐤁𐤋	H8423	7	0.00		
𐤅𐤒𐤉𐤍	H7014	3	0.67		
𐤋𐤌𐤔𐤅𐤊	H4900	22	0.73		
𐤄𐤇𐤑𐤉𐤌	H2678	20	0.20	H2671	0.8
𐤁𐤊𐤐𐤉𐤅	H3709	3	0.67		
𐤋𐤍𐤔𐤉𐤅	H802	9	0.56		
𐤌𐤆𐤅𐤒𐤍	H2207	4	0.50		
𐤔𐤉𐤔𐤉𐤌	H7760	13	0.62		
𐤔𐤕𐤉𐤉𐤌	H8147	10	0.40		
𐤅𐤔𐤓𐤉𐤄𐤌	H8269	6	0.67		
𐤀𐤐𐤉𐤉𐤌	H639	7	0.14		
𐤅𐤉𐤀𐤁𐤄	H342	12	0.08		
𐤅𐤉𐤌𐤋𐤉𐤊𐤅	H4427	11	0.73		
𐤌𐤀𐤕𐤉𐤉𐤌	H854	9	0.11		
𐤁𐤒𐤁𐤅𐤓𐤕	H6914	3	0.33		
𐤀𐤋𐤅𐤒𐤉𐤅	H7006	26	0.00	H413	0.23076923076923078
𐤋𐤔𐤁𐤏𐤕	H7651	8	0.75		
𐤅𐤋𐤔𐤌𐤅𐤏	H8085	6	0.83		
𐤉𐤊𐤅𐤋𐤅	H3201	3	0.00		
𐤅𐤉𐤕𐤁𐤄𐤋𐤅	H926	6	0.00		
𐤉𐤇𐤉	H2421	18	0.56		
𐤋𐤄𐤌𐤋𐤉𐤊𐤅	H4427	3	0.67		
𐤌𐤀𐤉𐤕𐤊𐤌	H854	3	0.00		
𐤇𐤅𐤒𐤉𐤌	H2706	24	0.50		
𐤅𐤉𐤅𐤓𐤄	H3384	4	0.75		
𐤄𐤎𐤅𐤎	H5483	30	0.37		
𐤌𐤀𐤉𐤕𐤅	H3967	13	0.46		
𐤊𐤔𐤌𐤅𐤍𐤄	H8083	7	0.14		
𐤋𐤀𐤄𐤋𐤉𐤊𐤌	H168	3	1.00		
𐤌𐤀𐤉𐤕𐤉	H383	4	0.25		
𐤅𐤉𐤃𐤁𐤒𐤅	H1692	6	0.17		
𐤅𐤁𐤉𐤍𐤊	H996	6	0.83		
𐤅𐤉𐤇𐤃𐤋	H2308	13	0.31		
𐤁𐤔𐤅𐤁𐤌	H7725	7	0.71		
𐤁𐤏𐤋𐤅𐤕	H5927	12	0.58	H1175	0.5
𐤅𐤉𐤌𐤔𐤇𐤅	H4886	3	0.00		
𐤅𐤉𐤌𐤋𐤉𐤊𐤅𐤄𐤅	H4427	8	0.75		
𐤄𐤅𐤓𐤄𐤅	H3384	4	0.50		
𐤅𐤉𐤂𐤆𐤋𐤅	H1497	6	0.33		
𐤅𐤉𐤌𐤓𐤃𐤅	H4775	8	0.00		
𐤅𐤉𐤔𐤇𐤉𐤕	H7843	5	0.00		
𐤉𐤆𐤓𐤏𐤅	H2232	3	0.67		
𐤅𐤔𐤕𐤉𐤉𐤌	H8147	12	0.17		
𐤃𐤅𐤃𐤅	H1734	23	0.30	H1730	0.782608695652174
𐤌𐤄𐤔𐤇𐤉𐤕	H7843	3	0.67		
𐤌𐤃𐤓𐤊𐤉	H1870	8	0.75		
𐤔𐤅𐤐𐤈𐤉𐤄𐤌	H8199	3	0.00		
𐤅𐤉𐤋𐤌𐤃𐤅𐤌	H3925	3	0.33		
𐤅𐤕𐤔𐤏𐤉𐤌	H8673	18	0.56		
𐤓𐤀𐤅𐤕𐤌	H7200	3	0.67		
𐤀𐤅𐤆𐤍𐤌	H241	3	0.00		
𐤋𐤄𐤅𐤋𐤉𐤃	H3205	5	0.80		
𐤋𐤍𐤇	H5146	4	0.50		
𐤃𐤉𐤁𐤓𐤕𐤉	H1696	8	0.38		
𐤋𐤐𐤍𐤉𐤉	H6440	14	0.79		
𐤒𐤅𐤌𐤕𐤄	H6967	8	0.88		
𐤁𐤑𐤉𐤃𐤄	H6654	4	0.50		
𐤉𐤂𐤅𐤏	H1478	3	0.67		
𐤅𐤁𐤀𐤕	H935	6	0.67		
𐤅𐤄𐤁𐤀𐤕𐤌	H935	8	1.00		
𐤀𐤉𐤕𐤊𐤌	H853	15	0.40		
𐤅𐤁𐤇𐤓𐤕	H977	4	0.00		
𐤍𐤏𐤓𐤅𐤕	H5291	8	0.62		
𐤌𐤔𐤐𐤈𐤄	H4941	4	0.75		
𐤅𐤄𐤁𐤄𐤌𐤅𐤕	H929	4	0.50		
𐤍𐤂𐤃𐤊	H5048	12	1.00		
𐤕𐤉𐤒𐤇	H3947	10	0.30		
𐤅𐤉𐤎𐤅𐤁𐤁𐤅	H5437	7	0.57		
𐤅𐤉𐤓𐤁𐤑𐤅	H7257	3	0.33		
𐤅𐤕𐤏𐤌𐤅𐤃	H5975	5	0.40		
𐤄𐤈𐤄𐤅𐤓	H2889	3	0.33		
𐤋𐤉𐤅𐤔𐤁𐤉𐤄	H3427	5	1.00		
𐤊𐤔𐤁𐤏	H7651	4	0.50		
𐤅𐤕𐤀𐤌𐤓𐤅	H559	4	0.50		
𐤅𐤔𐤁𐤍𐤅	H1121	3	0.00		
𐤅𐤕𐤁𐤅𐤀𐤅	H935	5	1.00		
𐤋𐤎𐤁𐤅𐤋	H5445	23	0.39		
𐤅𐤉𐤊𐤅𐤌	H5221	14	0.57		
𐤅𐤉𐤁𐤓𐤉𐤇𐤅𐤌	H1272	4	0.50		
𐤑𐤏𐤓	H6820	19	0.26		
𐤁𐤑𐤓𐤕𐤌	H6869	7	0.57		
𐤌𐤔𐤁𐤓𐤉	H4867	3	0.67	H7664	0.0
𐤅𐤏𐤑𐤌𐤅	H6105	8	0.62		
𐤅𐤌𐤔𐤊	H4902	8	0.50	H4900	0.875
𐤀𐤋𐤉𐤔𐤄	H473	4	0.50		
𐤋𐤌𐤔𐤐𐤇𐤅𐤕𐤉𐤄𐤌	H4940	10	0.30		
𐤊𐤅𐤔	H3568	105	0.55		
𐤔𐤁𐤀	H7614	19	0.53	H935	0.9473684210526315
𐤅𐤃𐤃𐤍	H1719	4	0.75		
𐤏𐤅𐤍𐤌	H5771	12	0.75		
𐤋𐤄𐤁	H3851	5	0.40		
𐤐𐤕𐤓𐤅𐤎	H6624	7	0.29		
𐤂𐤁𐤋	H1366	4	0.75	H1380	0.25
𐤑𐤉𐤃𐤅𐤍	H6721	10	0.80		
𐤏𐤍𐤓	H6063	3	0.67		
𐤋𐤌𐤔𐤐𐤇𐤅𐤕𐤌	H4940	3	0.33		
𐤊𐤔𐤋𐤅𐤔	H7969	14	0.29		
𐤅𐤋𐤏𐤁𐤓	H5677	4	0.25		
𐤉𐤒𐤈𐤍	H3355	6	0.00		
𐤄𐤃𐤅𐤓𐤌	H1913	3	0.67		
𐤀𐤁𐤉𐤌𐤀𐤋	H39	3	0.33		
𐤇𐤅𐤉𐤋𐤄	H2341	3	0.67		
𐤅𐤍𐤇𐤅𐤓	H5152	5	0.20		
𐤆𐤒𐤍𐤕𐤅	H2209	19	0.74		
𐤄𐤊𐤕𐤍𐤅𐤕	H3801	3	0.00		
𐤌𐤍𐤇	H5146	4	0.00	H3240	0.75
𐤌𐤆𐤁𐤇𐤅𐤕	H4196	7	0.71	H2076	0.7142857142857143
𐤌𐤋𐤇𐤌𐤅𐤕𐤉𐤅	H2552	5	0.20	H4519	0.0
𐤅𐤄𐤑𐤋𐤉𐤇	H6743	5	0.20		
𐤅𐤉𐤑𐤉𐤋𐤌	H5337	3	0.67		
𐤊𐤔𐤌𐤅𐤍𐤉𐤌	H8084	4	0.50		
𐤉𐤍𐤕𐤍𐤅	H5414	6	0.83		
𐤅𐤉𐤔𐤇𐤉𐤕𐤅𐤌	H7843	4	0.50		
𐤍𐤑𐤉𐤁𐤉𐤌	H5333	6	0.17		
𐤋𐤏𐤓𐤁𐤅𐤍	H6162	9	0.44		
𐤌𐤄𐤌𐤋𐤇𐤌𐤄	H4421	22	0.45		
𐤍𐤉𐤑𐤇	H5331	3	0.00		
𐤅𐤔𐤅𐤐𐤈𐤉𐤌	H8199	3	1.00		
𐤅𐤉𐤂𐤃𐤋𐤄𐤅	H1431	4	0.50		
𐤅𐤉𐤕𐤉𐤉𐤏𐤑	H3289	6	0.17		
𐤋𐤌𐤆𐤓𐤇	H4217	6	0.67		
𐤅𐤉𐤋𐤊𐤃𐤌	H3920	4	0.50		
𐤄𐤋𐤔𐤅𐤍𐤅𐤕	H3956	4	0.50		
𐤅𐤉𐤔𐤕𐤇𐤅𐤅𐤄	H7812	9	0.00		
𐤅𐤉𐤌𐤓𐤅𐤃	H4775	3	0.00		
𐤌𐤓𐤃𐤅𐤍	H3383	4	0.00		
𐤄𐤓𐤔𐤉𐤏	H7561	8	0.38		
𐤅𐤕𐤓𐤇	H8646	12	0.08		
𐤅𐤉𐤀𐤄𐤁𐤅𐤄𐤅	H157	4	0.25		
𐤅𐤉𐤁𐤋𐤏	H1104	7	0.43		
𐤋𐤕𐤓𐤇	H8646	4	0.00		
𐤇𐤂𐤂	H2287	4	0.75		
𐤀𐤌𐤔	H570	11	0.82	H4184	0.0
𐤌𐤄𐤌𐤋𐤊	H4428	6	1.00		
𐤐𐤕𐤓𐤅𐤍	H6623	29	0.38		
𐤁𐤌𐤓𐤅𐤑𐤄	H7521	16	0.56		
𐤄𐤉𐤅𐤋𐤃	H3205	3	0.33		
𐤁𐤉𐤋𐤃	H3205	5	0.60	H3206	0.6
𐤅𐤁𐤍𐤉𐤍𐤅	H1129	4	0.50	H1121	0.75
𐤕𐤑𐤌𐤇	H6779	8	0.62		
𐤌𐤇𐤉𐤓𐤅	H4279	7	0.29		
𐤕𐤁𐤍	H8401	6	0.00	H1129	0.0
𐤅𐤌𐤎𐤐𐤅𐤀	H4554	7	0.00		
𐤄𐤇𐤎𐤓	H2638	5	0.40		
𐤉𐤔𐤀𐤉𐤓𐤅	H7604	9	0.67		
𐤌𐤍𐤉𐤒𐤕𐤅	H3243	3	0.67		
𐤅𐤉𐤇𐤁𐤉𐤀𐤌	H2244	4	0.25		
𐤅𐤄𐤓𐤍	H2039	10	0.30		
𐤌𐤄𐤌𐤏𐤓𐤄	H4631	3	0.00		
𐤉𐤑𐤉𐤋𐤅	H5337	4	0.50		
𐤋𐤀𐤋𐤅𐤒𐤉𐤌	H471	4	0.50		
𐤀𐤋𐤅𐤄𐤅𐤕	H1934	3	0.67	H413	1.0
𐤅𐤁𐤕𐤅𐤊𐤄	H8432	3	0.67		
𐤄𐤌𐤔𐤐𐤇𐤅𐤕	H4940	8	0.88		
𐤓𐤇𐤁𐤄	H7341	25	0.40	H7342	0.48
𐤋𐤋𐤁𐤅𐤍	H3837	3	0.00		
𐤅𐤋𐤔𐤓𐤅𐤐	H8313	7	0.86		
𐤁𐤍𐤉𐤉𐤍	H996	3	0.00		
𐤀𐤋𐤅𐤒𐤉𐤍𐤅	H7014	38	0.26	H413	0.47368421052631576
𐤅𐤍𐤊𐤄	H5221	12	0.33	H5223	0.0
𐤅𐤓𐤌𐤇𐤉𐤌	H7420	5	0.00		
𐤉𐤅𐤓𐤃𐤉𐤌	H3381	5	0.40		
𐤇𐤅𐤌𐤓	H2563	8	0.38		
𐤅𐤉𐤐𐤉𐤋𐤌	H5307	3	0.67		
𐤄𐤇𐤋𐤒𐤉𐤌	H2506	6	0.83		
𐤄𐤐𐤉𐤑𐤌	H6327	3	0.00		
𐤋𐤇𐤋𐤒𐤉𐤌	H2506	7	0.14		
𐤋𐤏𐤓𐤉𐤄𐤌	H5892	4	1.00		
𐤋𐤉𐤃𐤄	H3027	4	1.00		
𐤄𐤇𐤅𐤍𐤉𐤌	H2583	6	0.50		
𐤔𐤉𐤇𐤅𐤓	H7883	4	0.25	H7884	0.0
𐤇𐤅𐤓	H2354	10	0.50	H1133	0.2
𐤑𐤅𐤏𐤓	H6686	4	0.00	H6820	0.25
𐤅𐤍𐤌𐤓𐤅𐤃	H5248	6	0.00		
𐤁𐤁𐤍𐤉𐤉𐤍	H1121	7	0.57		
𐤅𐤊𐤋𐤅	H3605	9	0.67		
𐤅𐤂𐤉𐤁𐤅𐤓𐤉𐤅	H1396	3	0.00		
𐤀𐤌𐤓𐤐𐤋	H569	3	0.33		
𐤊𐤃𐤓𐤋𐤏𐤌𐤓	H3540	14	0.07		
𐤁𐤌𐤏𐤌𐤃𐤌	H4612	4	0.00		
𐤁𐤓𐤀𐤍𐤉	H7200	3	0.67		
𐤌𐤀𐤉𐤕𐤌	H8552	14	0.29		
𐤄𐤇𐤉𐤑𐤅𐤍𐤄	H2435	16	0.75		
𐤄𐤅𐤃𐤉𐤏𐤍𐤉	H3045	10	0.90		
𐤁𐤓𐤀𐤊	H1254	3	0.00		
𐤑𐤋𐤌𐤉𐤌	H6754	8	0.38		
𐤅𐤕𐤁𐤉𐤀	H935	4	0.75		
𐤕𐤍𐤅𐤏𐤄	H5128	3	1.00		
𐤂𐤃𐤉𐤉𐤌	H1423	4	0.75		
𐤋𐤁𐤔𐤄	H3847	4	0.25		
𐤁𐤅𐤈𐤇	H982	8	0.50		
𐤄𐤒𐤓𐤃𐤅𐤌𐤅𐤕	H7134	8	0.00		
𐤄𐤀𐤋𐤅𐤄	H428	3	0.00		
𐤕𐤐𐤉𐤋𐤕𐤊	H8605	4	0.00		
𐤄𐤌𐤋𐤈	H4422	7	0.43		
𐤋𐤇𐤅𐤌	H3899	3	0.00	H3894	0.3333333333333333
𐤅𐤕𐤁𐤉𐤀𐤅	H935	3	1.00		
𐤕𐤕𐤏𐤄	H8582	3	0.67		
𐤅𐤋𐤏𐤁𐤅𐤃	H5647	6	0.67		
𐤅𐤄𐤇𐤊𐤌𐤉𐤌	H2450	3	0.33		
𐤉𐤒𐤋𐤋	H7043	3	1.00		
𐤅𐤉𐤁𐤏𐤓𐤅	H1197	3	1.00		
𐤄𐤋𐤁𐤍𐤉𐤌	H3843	11	0.18		
𐤄𐤐𐤇𐤅𐤕	H6346	10	0.60		
𐤄𐤊𐤁𐤔𐤍	H3536	12	0.50		
𐤁𐤀𐤁𐤓𐤌	H87	3	0.00		
𐤄𐤔𐤌𐤏𐤕	H8085	4	0.75		
𐤃𐤉𐤁𐤓𐤅	H1696	15	0.67		
𐤕𐤊𐤇𐤃	H3582	3	0.67		
𐤅𐤉𐤔𐤀𐤅𐤌	H5375	3	0.67		
𐤄𐤕𐤅𐤊	H8432	12	0.83	H2046	0.0
𐤌𐤀𐤎𐤓𐤅	H631	3	0.00		
𐤔𐤓𐤅𐤐𐤄	H8313	3	0.33		
𐤅𐤄𐤅𐤑𐤉𐤀𐤅	H3318	9	1.00		
𐤄𐤋𐤄𐤁	H3851	3	0.33		
𐤅𐤉𐤌𐤑𐤀𐤅𐤄	H4672	3	1.00		
𐤅𐤉𐤈𐤄	H5186	3	0.67		
𐤊𐤉𐤎𐤀	H3678	12	0.00		
𐤔𐤋𐤅𐤐𐤄	H8025	9	0.00		
𐤁𐤓𐤇	H1272	38	0.58	H1281	0.2894736842105263
𐤊𐤁𐤂𐤃𐤉	H899	3	0.00		
𐤊𐤕𐤅𐤀𐤓	H8389	7	0.14		
𐤁𐤁𐤓𐤇𐤌	H1272	5	0.40		
𐤊𐤁𐤕𐤇𐤉𐤋𐤄	H8462	5	0.60		
𐤁𐤁𐤄𐤋𐤄	H928	13	0.08		
𐤀𐤍𐤅𐤒𐤅	H3243	5	0.00		
𐤐𐤕𐤓𐤅𐤍𐤅	H6623	15	0.80		
𐤋𐤓𐤏𐤕	H7451	8	1.00		
𐤌𐤑𐤀𐤅𐤄𐤅	H4672	9	0.67		
𐤉𐤅𐤏𐤑𐤉	H3289	10	0.40		
𐤅𐤆𐤏𐤌	H2194	5	0.40	H2195	0.4
𐤅𐤍𐤒𐤅𐤌𐤄	H6965	3	1.00		
𐤀𐤉𐤔𐤕𐤊	H802	9	0.00		
𐤅𐤍𐤐𐤅𐤑𐤅	H5310	4	0.75		
𐤁𐤂𐤀𐤅𐤄	H1346	9	0.22		
𐤊𐤔𐤁𐤏𐤕	H7651	3	1.00		
𐤁𐤇𐤌𐤔𐤕	H2568	4	0.25		
𐤊𐤔𐤁𐤏𐤉𐤌	H7657	7	0.43		
𐤅𐤒𐤅𐤌	H6965	3	0.33		
𐤀𐤉𐤔𐤕𐤅	H802	66	0.26		
𐤓𐤒𐤉𐤅𐤍	H3420	24	0.00		
𐤌𐤇𐤉𐤉𐤕𐤅	H4229	3	0.33		
𐤏𐤍𐤌	H6030	4	0.75	H6046	0.5
𐤌𐤀𐤓𐤌𐤅𐤍	H759	6	0.83		
𐤄𐤉𐤊𐤋𐤅	H1964	3	0.33	H3615	0.3333333333333333
𐤌𐤒𐤓𐤄𐤅	H4745	4	0.25		
𐤄𐤉𐤓𐤒	H3419	3	0.00		
𐤌𐤊𐤋𐤊𐤋𐤉𐤌	H3605	3	1.00	H4519	0.0
𐤉𐤓𐤒	H3418	5	0.40	H3419	0.6
𐤄𐤔𐤀𐤉𐤓𐤅	H7604	20	0.60		
𐤌𐤏𐤓𐤅𐤕	H6172	4	0.00	H4631	0.75
𐤅𐤉𐤅𐤔𐤁𐤉𐤌	H3427	5	1.00		
𐤉𐤒𐤁𐤓	H6912	6	0.17		
𐤋𐤔𐤌𐤅𐤍𐤄	H8083	4	0.75		
𐤅𐤀𐤁𐤍𐤉	H68	16	0.12		
𐤔𐤅𐤄𐤌	H7718	15	0.00		
𐤄𐤍𐤄𐤉𐤄	H1961	3	0.00		
𐤌𐤌𐤏𐤔𐤄	H4639	8	0.62		
𐤅𐤇𐤊𐤌𐤕𐤅	H2451	7	0.86		
𐤅𐤇𐤊𐤌𐤉𐤄	H2450	3	0.00		
𐤋𐤔𐤍𐤄	H8141	11	1.00		
𐤌𐤊𐤕𐤁	H4385	24	0.79		
𐤉𐤄𐤓𐤂𐤅𐤍𐤉	H2026	3	0.67		
𐤄𐤌𐤑𐤓𐤉𐤉𐤌	H4713	92	0.92		
𐤁𐤔𐤏𐤓𐤉	H8179	36	0.86		
𐤔𐤅𐤏𐤓𐤉	H8165	4	0.00		
𐤌𐤏𐤔𐤓𐤄	H6235	4	0.75		
𐤌𐤀𐤓𐤑𐤅	H776	10	0.80		
𐤕𐤓𐤀𐤉	H7200	5	0.80		
𐤍𐤉𐤂𐤔	H5065	5	0.00		
𐤀𐤉𐤔𐤉	H376	8	1.00	H3448	0.25
𐤄𐤅𐤊𐤄	H3541	3	1.00	H5221	0.3333333333333333
𐤅𐤀𐤄𐤋𐤉𐤌	H168	4	0.25		
𐤌𐤔𐤁𐤕	H3427	4	0.75	H4868	0.25
𐤁𐤔𐤃𐤅𐤕	H7704	8	1.00		
𐤌𐤏𐤋𐤉𐤉	H5921	10	0.80		
𐤅𐤄𐤂𐤃𐤕	H5046	3	0.33		
𐤄𐤌𐤒𐤍𐤄	H4736	18	0.61	H7069	0.3888888888888889
𐤅𐤏𐤆𐤓𐤅	H5826	3	0.00		
𐤌𐤋𐤊𐤉𐤄𐤌	H4428	11	0.64		
𐤅𐤁𐤓𐤔𐤏	H7562	4	0.25		
𐤅𐤉𐤍𐤂𐤐𐤅	H5062	8	0.12		
𐤄𐤇𐤌𐤓	H2563	12	0.50	H2543	0.0
𐤋𐤋𐤅𐤈	H3876	3	0.00		
𐤌𐤏𐤌𐤒	H6010	4	0.25		
𐤌𐤁𐤀𐤓𐤅𐤕	H884	3	0.33	H4519	0.0
𐤌𐤔𐤋𐤋	H7998	6	0.50		
𐤌𐤏𐤁𐤃𐤉𐤄𐤌	H4566	4	0.00		
𐤅𐤀𐤍𐤔𐤉𐤄𐤌	H376	9	0.67		
𐤌𐤄𐤔𐤋𐤋	H7998	6	0.67		
𐤎𐤃𐤅𐤌𐤄	H5467	4	0.00		
𐤄𐤓𐤁𐤉𐤕𐤉	H7235	3	0.67		
𐤏𐤅𐤃𐤍𐤄	H5750	7	0.71		
𐤊𐤓𐤀𐤅𐤕𐤄	H7200	3	0.33		
𐤋𐤉𐤌𐤃𐤄	H4058	3	0.33		
𐤄𐤕𐤐𐤋𐤋𐤕	H6419	4	0.00		
𐤉𐤅𐤋𐤃𐤕	H3205	3	1.00		
𐤀𐤃𐤅𐤍𐤉𐤄	H113	14	0.43	H2899	0.0
𐤁𐤒𐤏𐤕	H1237	4	0.50	H1236	0.5
𐤋𐤅𐤒𐤇𐤉𐤌	H3947	12	0.75		
𐤁𐤍𐤅𐤕𐤌	H1323	3	1.00		
𐤔𐤁𐤅𐤏𐤕𐤌	H7659	5	0.20		
𐤄𐤕𐤇𐤕𐤍	H2859	3	1.00		
𐤔𐤃𐤅𐤕𐤉𐤄𐤌	H7704	7	0.57		
𐤅𐤋𐤄𐤐𐤉𐤋	H5307	5	0.60		
𐤏𐤑𐤌𐤊𐤌	H6106	12	0.58		
𐤅𐤁𐤔𐤓𐤊𐤌	H1320	4	0.25		
𐤀𐤇𐤓𐤉𐤊𐤌	H310	9	0.78		
𐤌𐤋	H4135	7	0.29	H4136	0.42857142857142855
𐤌𐤌𐤔𐤓𐤕𐤉𐤅	H8334	5	0.20		
𐤐𐤕	H6595	9	0.00	H6596	0.0
𐤄𐤏𐤂𐤋	H5695	7	0.14		
𐤊𐤌𐤄𐤋𐤊	H1980	5	0.40		
𐤁𐤀𐤔𐤕	H784	5	0.00		
𐤁𐤁𐤕	H1323	11	1.00	H892	0.09090909090909091
𐤉𐤒𐤍𐤄	H7069	5	0.60		
𐤅𐤂𐤓𐤔𐤅	H1644	10	0.60		
𐤍𐤅𐤔𐤀	H5375	21	0.95		
𐤄𐤑𐤁𐤏	H6648	5	0.20		
𐤅𐤄𐤔𐤌𐤉𐤊𐤄	H8064	3	0.00		
𐤄𐤇𐤌𐤅𐤓	H2543	16	0.44		
𐤄𐤉𐤃𐤅𐤓	H1926	22	0.00		
𐤄𐤀𐤅𐤓𐤇	H732	6	0.00		
𐤄𐤔𐤌𐤉𐤊𐤄	H4318	6	0.00		
𐤋𐤇𐤌𐤅𐤓	H2543	3	0.33		
𐤎𐤏𐤃	H5582	5	0.40		
𐤅𐤋𐤍	H3885	3	0.33		
𐤇𐤌𐤅𐤓𐤅	H2563	6	0.17		
𐤌𐤀𐤉𐤕𐤍𐤅	H386	6	0.00	H4519	0.16666666666666666
𐤃𐤅𐤌	H1826	4	0.25		
𐤑𐤁𐤏	H6648	9	0.00		
𐤇𐤋𐤅𐤌𐤊	H2472	6	0.00		
𐤉𐤀𐤓𐤉𐤊𐤅	H748	4	0.00		
𐤁𐤔𐤊𐤓𐤉	H7941	3	0.00		
𐤔𐤓𐤒	H8321	10	0.20	H8319	0.3
𐤅𐤁𐤊𐤄	H1058	8	0.75		
𐤔𐤒𐤓𐤀	H7121	4	0.50		
𐤁𐤍𐤅𐤉𐤅𐤕	H1131	4	0.00		
𐤁𐤔𐤊𐤁𐤅	H7901	5	0.80		
𐤉𐤄𐤅𐤀	H3058	34	0.47	H1933	0.5588235294117647
𐤅𐤄𐤏𐤁𐤉𐤓𐤅	H5674	5	0.80		
𐤄𐤏𐤍𐤉	H6041	16	0.06		
𐤅𐤉𐤒𐤁𐤓𐤅𐤄𐤅	H6912	15	0.13		
𐤅𐤋𐤓𐤀𐤅𐤕𐤅	H7200	3	0.67		
𐤄𐤎𐤃𐤅𐤌𐤉	H5465	8	0.00		
𐤁𐤀𐤓𐤑𐤊𐤌	H776	4	1.00		
𐤁𐤌𐤑𐤇	H4696	3	0.67		
𐤄𐤅𐤑𐤀𐤕𐤉	H3318	3	0.67		
𐤌𐤔𐤐𐤈𐤊𐤌	H4941	4	0.50		
𐤐𐤋𐤈𐤉𐤕	H6413	7	0.00		
𐤁𐤊𐤃	H3537	3	0.00		
𐤁𐤃𐤁𐤔	H1706	4	0.75		
𐤄𐤃𐤁𐤅𐤓𐤉𐤌	H1697	7	1.00		
𐤄𐤌𐤈𐤉𐤓	H4305	5	0.60		
𐤅𐤕𐤁𐤈	H5027	3	0.67		
𐤄𐤍𐤔𐤀𐤓𐤅𐤕	H7604	8	0.75		
𐤀𐤁𐤉𐤄𐤍	H1	17	0.47		
𐤌𐤀𐤁𐤉𐤄	H1	3	0.33	H4125	0.0
𐤅𐤉𐤋𐤃𐤅	H3205	3	1.00		
𐤐𐤋𐤉𐤔𐤕𐤉𐤌	H6430	9	0.22		
𐤋𐤏𐤁𐤃𐤊	H5650	12	0.42		
𐤄𐤊𐤉𐤎𐤀	H3678	7	0.00		
𐤅𐤄𐤊𐤅𐤕	H5221	6	0.17		
𐤅𐤌𐤇𐤓𐤕𐤅	H2802	3	0.00	H4519	0.0
𐤌𐤅𐤑𐤀𐤌	H4161	9	0.78		
𐤅𐤁𐤁𐤄𐤋𐤄	H928	3	0.00		
𐤕𐤐𐤉𐤋𐤕	H8605	9	0.00		
𐤋𐤆𐤓𐤏𐤅	H2233	3	0.67	H2220	0.3333333333333333
𐤅𐤀𐤁𐤉𐤌𐤋𐤊	H40	6	0.33		
𐤅𐤋𐤔𐤌𐤅𐤇	H8055	4	0.25		
𐤄𐤇𐤑	H2671	4	0.50		
𐤓𐤀𐤉𐤕𐤉𐤅	H7200	4	0.50		
𐤕𐤍𐤉	H5414	7	0.86		
𐤌𐤄𐤃𐤓𐤊	H1926	7	0.57	H4519	0.0
𐤅𐤃𐤉𐤁𐤓𐤕	H1696	4	0.75		
𐤅𐤀𐤊𐤋𐤕	H398	3	0.33		
𐤏𐤉𐤐𐤄	H5889	12	0.25	H5891	0.3333333333333333
𐤅𐤀𐤅𐤑𐤉𐤀	H3318	3	1.00		
𐤋𐤇𐤁𐤓𐤅𐤍	H2275	8	0.75		
𐤅𐤐𐤉𐤊𐤅𐤋	H6369	3	0.00		
𐤂𐤆𐤋𐤅	H1497	13	0.46		
𐤁𐤁𐤂𐤃𐤉𐤌	H899	7	0.57		
𐤅𐤄𐤅𐤃𐤉𐤏𐤅	H3045	10	1.00		
𐤋𐤍𐤇𐤅𐤓	H5152	6	0.33		
𐤐𐤋𐤃𐤔	H6394	4	0.00		
𐤅𐤔𐤅𐤇	H7744	3	0.33		
𐤒𐤌𐤅𐤀𐤋	H7055	3	0.33		
𐤇𐤆𐤅	H2372	5	0.80	H2375	0.0
𐤅𐤏𐤐𐤓	H6083	5	0.80	H6081	0.6
𐤅𐤌𐤅𐤑𐤀	H4161	5	0.80	H4672	1.0
𐤑𐤅𐤁𐤀	H6678	8	0.00		
𐤅𐤍𐤊𐤎𐤉𐤌	H5233	4	0.25		
𐤔𐤇𐤈	H7819	7	0.29		
𐤅𐤎𐤓	H5493	4	1.00		
𐤉𐤇𐤉𐤃𐤊	H3173	5	1.00		
𐤄𐤌𐤅𐤓𐤉𐤄	H4179	5	0.00		
𐤅𐤋𐤃𐤏𐤕	H3045	6	0.50		
𐤅𐤕𐤔𐤒𐤄𐤅	H8248	3	0.00		
𐤅𐤍𐤀𐤄	H4994	7	0.43		
𐤄𐤌𐤑𐤍𐤐𐤕	H4701	4	0.75		
𐤁𐤁𐤊𐤉𐤄	H1065	5	0.40		
𐤔𐤐𐤇𐤅𐤕𐤉𐤄	H8198	3	0.00		
𐤂𐤉𐤓𐤔	H1644	3	0.33		
𐤏𐤍𐤉𐤅	H6041	4	0.00		
𐤕𐤀𐤁𐤄	H14	7	0.43	H8375	0.2857142857142857
𐤄𐤉𐤒𐤓𐤄	H7136	3	0.33		
𐤏𐤅𐤁𐤓𐤉𐤌	H5674	9	0.67		
𐤋𐤓𐤂𐤋𐤉𐤄𐤌	H7272	7	0.57		
𐤌𐤄𐤌𐤉𐤌	H4325	4	0.75		
𐤅𐤉𐤐𐤇𐤃	H6343	3	0.67		
𐤅𐤏𐤍𐤍	H6051	3	0.00		
𐤍𐤓𐤑𐤄	H7521	4	0.50		
𐤁𐤋𐤁𐤊	H3820	9	1.00		
𐤅𐤒𐤔𐤅𐤓	H7194	4	0.50		
𐤕𐤁𐤊𐤄	H1058	3	0.33		
𐤏𐤔𐤅𐤕𐤅	H6213	27	1.00		
𐤌𐤌𐤀𐤎𐤓𐤅	H631	4	0.50		
𐤁𐤊𐤁𐤔	H3532	3	0.00		
𐤌𐤒𐤓𐤉𐤁	H7126	8	1.00		
𐤅𐤉𐤒𐤓𐤉𐤁	H7126	3	1.00		
𐤅𐤁𐤅𐤊𐤄	H3541	12	0.33	H1058	0.5
𐤌𐤋𐤐𐤍𐤉𐤄	H6440	3	0.33		
𐤂𐤃𐤋𐤕𐤉𐤊	H1431	4	0.75		
𐤅𐤉𐤔𐤓𐤉𐤌	H3477	15	0.53		
𐤀𐤋𐤉𐤉𐤊	H413	4	0.25		
𐤌𐤑𐤀𐤅𐤄	H4672	3	1.00		
𐤔𐤃𐤄𐤅	H7704	5	0.80		
𐤅𐤄𐤌𐤏𐤓𐤄	H4631	3	0.00		
𐤅𐤉𐤇𐤕𐤅𐤌	H2856	4	0.00		
𐤏𐤃𐤅𐤍	H5731	4	0.00		
𐤊𐤒𐤁𐤅𐤓	H6913	3	0.33		
𐤅𐤉𐤐𐤉𐤌	H3308	3	0.00		
𐤅𐤀𐤔𐤊𐤅𐤋	H811	3	0.67		
𐤋𐤒𐤇𐤍𐤉	H3947	3	0.67		
𐤄𐤌𐤉𐤌𐤄	H4325	6	0.17		
𐤌𐤌𐤔𐤐𐤇𐤕𐤅	H4940	3	0.67		
𐤌𐤍𐤉𐤒𐤕𐤄	H3243	3	0.33		
𐤅𐤉𐤀𐤄𐤁𐤄	H157	3	0.33		
𐤅𐤉𐤅𐤁	H3102	4	0.00		
𐤅𐤀𐤋𐤉𐤔𐤏	H477	4	0.75		
𐤁𐤋𐤃𐤃	H1085	5	0.00		
𐤁𐤏𐤉𐤓𐤅	H5892	5	0.60	H1197	0.4
𐤅𐤓𐤁𐤏	H7255	3	0.67		
𐤄𐤌𐤃𐤉𐤍𐤉𐤌	H4084	37	0.51		
𐤓𐤉𐤁𐤄	H7378	4	0.00		
𐤌𐤁𐤔𐤌	H8033	3	0.00	H4017	0.3333333333333333
𐤁𐤔𐤌𐤕	H1315	6	0.50	H8034	0.5
𐤇𐤃𐤃	H2301	3	0.00		
𐤕𐤉𐤌𐤀	H8485	3	0.33		
𐤒𐤑𐤌	H7093	8	0.88		
𐤅𐤉𐤊𐤅𐤋	H3201	3	1.00		
𐤋𐤍𐤅𐤊𐤇	H5227	3	1.00		
𐤕𐤀𐤅𐤌𐤉𐤌	H8380	5	0.60		
𐤔𐤉𐤏𐤓	H8165	5	0.40		
𐤅𐤇𐤊𐤌	H2450	7	0.00	H2449	0.14285714285714285
𐤄𐤐𐤉𐤋𐤂𐤔𐤉𐤌	H6370	5	0.20		
𐤇𐤌𐤃𐤕	H2532	3	0.33		
𐤁𐤔𐤌𐤓𐤌	H8104	5	0.80		
𐤌𐤏𐤅𐤃𐤅	H5750	3	0.67	H4519	0.3333333333333333
𐤁𐤀𐤄𐤋𐤅	H168	4	0.75		
𐤄𐤑𐤏𐤒𐤄	H6818	18	0.11		
𐤅𐤉𐤕𐤇𐤊𐤌	H2449	4	0.25		
𐤅𐤕𐤇𐤋𐤒	H2505	5	0.80		
𐤌𐤌𐤔𐤋𐤅𐤕	H4475	3	0.33		
𐤅𐤉𐤒𐤇𐤅𐤌	H3947	3	0.00		
𐤅𐤉𐤋𐤁𐤉𐤔𐤅	H3847	4	0.25		
𐤏𐤃𐤉𐤍𐤄	H5719	5	0.00		
𐤄𐤑𐤃	H6679	13	0.15		
𐤀𐤉𐤋𐤅𐤍	H357	10	0.10	H356	0.1
𐤁𐤌𐤏𐤔𐤉𐤄𐤌	H4639	21	0.76		
𐤔𐤓𐤉𐤓𐤅𐤕	H8307	5	0.20		
𐤀𐤋𐤉𐤐𐤆	H464	49	0.20		
𐤀𐤑𐤅𐤊	H6680	3	0.67		
𐤅𐤇𐤃𐤋	H2308	3	0.33	H2310	0.0
𐤅𐤏𐤆𐤁𐤕	H5800	3	0.33		
𐤅𐤏𐤁𐤃𐤕	H5647	3	0.33	H5656	0.3333333333333333
𐤅𐤁𐤈𐤅𐤁𐤄	H2896	3	0.67		
𐤅𐤀𐤋𐤉𐤐𐤆	H464	5	0.00		
𐤀𐤏𐤁𐤅𐤓	H5674	4	0.75		
𐤋𐤀𐤋𐤉𐤐𐤆	H464	4	0.50		
𐤄𐤓𐤅𐤏𐤉𐤌	H7462	25	0.84		
𐤋𐤀𐤁𐤉𐤄	H1	12	0.58	H29	0.3333333333333333
𐤅𐤁𐤔𐤃𐤄	H7704	3	0.33		
𐤔𐤏𐤉𐤓𐤄	H8165	9	0.00		
𐤑𐤁𐤏𐤅𐤍	H6649	4	0.00		
𐤉𐤏𐤋𐤌	H3281	11	0.00	H5927	0.9090909090909091
𐤄𐤇𐤅𐤓𐤉	H2752	14	0.00		
𐤌𐤔𐤐𐤈𐤍𐤅	H8199	5	0.80	H4519	0.0
𐤄𐤌𐤓𐤏𐤉𐤌	H7451	8	1.00	H4519	0.0
𐤕𐤇𐤍𐤕𐤉	H8467	4	0.00	H8466	0.25
𐤌𐤑𐤀𐤍	H6629	3	0.00	H4672	0.0
𐤏𐤃𐤓𐤉	H5739	9	0.67	H6186	0.4444444444444444
𐤅𐤉𐤐𐤅𐤕	H3303	3	0.33		
𐤁𐤏𐤁𐤃	H5650	4	0.25		
𐤀𐤅𐤌𐤓𐤉𐤌	H559	50	0.96		
𐤅𐤀𐤄𐤉𐤄	H1961	4	1.00		
𐤄𐤕𐤓𐤐𐤉𐤌	H8655	5	0.00		
𐤅𐤌𐤔𐤇𐤅	H4886	3	0.67		
𐤄𐤋𐤅𐤇	H3895	4	0.00		
𐤉𐤃𐤅𐤏𐤅𐤕	H3045	3	1.00		
𐤅𐤃𐤉𐤁𐤓	H1696	5	1.00		
𐤅𐤕𐤂𐤍𐤅𐤁	H1589	3	0.00		
𐤋𐤁𐤓𐤅𐤇	H1272	63	0.68		
𐤁𐤍𐤅𐤕𐤉	H1323	9	1.00	H1129	0.4444444444444444
𐤊𐤔𐤁𐤅𐤉𐤅𐤕	H7617	3	0.00		
𐤅𐤋𐤔𐤋𐤇𐤌	H7971	5	1.00		
𐤄𐤂𐤋	H1530	5	0.40	H1540	1.0
𐤅𐤀𐤑𐤀	H3318	6	1.00		
𐤁𐤄𐤇𐤁𐤀	H2244	6	0.17		
𐤕𐤀𐤅𐤄	H8378	20	0.60	H183	0.85
𐤔𐤅𐤋𐤐	H8025	5	0.20		
𐤕𐤅𐤋𐤃𐤅𐤕𐤉𐤅	H8435	3	0.00		
𐤏𐤓𐤊	H6186	38	0.79	H6187	0.47368421052631576
𐤅𐤋𐤄𐤊𐤅𐤕𐤅	H5221	3	0.67		
𐤁𐤌𐤅𐤑𐤀𐤅	H4161	3	0.67		
𐤁𐤏𐤑𐤕𐤊	H6098	4	0.50		
𐤅𐤄𐤑𐤋𐤕	H5337	3	0.67		
𐤕𐤇𐤍𐤅𐤍𐤉𐤌	H8469	14	0.64		
𐤅𐤉𐤇𐤋𐤐	H2498	4	0.50		
𐤅𐤇𐤌𐤅𐤓	H2543	12	0.08		
𐤅𐤌𐤇𐤎𐤅𐤓	H4270	5	0.60		
𐤌𐤒𐤅𐤌𐤉	H4725	5	0.00		
𐤅𐤀𐤃𐤅𐤌	H122	3	0.00	H123	1.0
𐤄𐤔𐤉𐤁𐤍𐤅	H7725	3	1.00		
𐤄𐤓𐤇𐤅𐤒𐤄	H7350	7	1.00		
𐤋𐤐𐤋𐤉𐤈𐤄	H6413	3	0.67		
𐤀𐤃𐤅𐤍𐤉𐤊𐤌	H113	8	0.75		
𐤐𐤓𐤎𐤄	H6541	4	0.00		
𐤅𐤋𐤀𐤍𐤔𐤉𐤊	H376	3	0.33		
𐤋𐤏𐤔𐤓𐤄	H6240	3	1.00		
𐤅𐤔𐤌𐤕𐤌	H7760	4	0.75		
𐤅𐤔𐤀𐤋𐤅	H7592	3	0.67		
𐤔𐤋𐤅𐤇𐤄	H7971	6	0.83		
𐤁𐤌𐤍𐤇𐤄	H4503	7	0.43		
𐤄𐤄𐤅𐤋𐤊𐤕	H1980	5	0.60		
𐤐𐤍𐤉𐤉	H6440	4	1.00		
𐤅𐤕𐤒𐤏	H3363	3	0.33	H8628	0.6666666666666666
𐤅𐤍𐤔𐤉𐤅	H802	5	1.00		
𐤅𐤄𐤔𐤕𐤇𐤅𐤄	H7812	8	0.75		
𐤅𐤐𐤇𐤃𐤅	H6342	4	0.50	H6343	0.75
𐤅𐤉𐤇𐤁𐤒𐤅𐤄𐤅	H2263	4	0.00		
𐤅𐤕𐤂𐤉𐤏	H5060	4	0.50		
𐤏𐤅𐤃𐤊	H5750	3	0.67		
𐤓𐤊𐤉𐤌	H7390	6	0.00		
𐤅𐤋𐤔𐤀𐤕	H5375	7	0.86	H7613	0.2857142857142857
𐤄𐤓𐤇𐤉𐤒	H7368	6	0.50		
𐤔𐤒𐤋𐤉𐤌	H8255	6	0.33		
𐤋𐤇𐤅𐤋	H2342	3	1.00		
𐤅𐤕𐤉𐤔𐤓	H3474	3	0.33		
𐤅𐤉𐤇𐤁𐤒𐤄	H2263	3	0.33		
𐤁𐤁𐤅𐤀𐤍𐤅	H935	5	0.40		
𐤓𐤅𐤏𐤉𐤌	H7451	19	0.47	H7462	0.5789473684210527
𐤅𐤉𐤇𐤓𐤉𐤔	H2790	3	1.00		
𐤅𐤔𐤊𐤌	H7927	5	0.00	H7928	0.0
𐤇𐤃𐤒𐤌	H2312	8	0.00		
𐤅𐤋𐤁𐤉𐤕𐤅	H1004	4	1.00		
𐤀𐤇𐤅𐤕𐤉𐤍𐤅	H269	6	0.50		
𐤅𐤋𐤀𐤁𐤉𐤅	H1	3	0.67		
𐤃𐤉𐤁𐤓𐤕𐤌	H1696	7	0.71		
𐤅𐤋𐤒𐤇𐤍𐤅	H3947	4	0.50		
𐤍𐤀𐤅𐤕	H4999	6	0.67	H225	0.16666666666666666
𐤍𐤌𐤅𐤋𐤅	H4135	3	0.67		
𐤀𐤌𐤅𐤕𐤌	H520	3	0.00		
𐤄𐤊𐤍𐤏𐤍𐤉𐤌	H3669	63	0.67		
𐤍𐤐𐤔𐤅𐤕𐤉𐤍𐤅	H5315	12	0.83		
𐤍𐤔𐤀𐤉𐤓	H7604	3	0.33		
𐤅𐤉𐤐𐤇𐤃𐤅	H6343	4	0.50		
𐤌𐤃𐤁𐤓𐤉𐤄𐤌	H1697	4	1.00		
𐤁𐤊𐤍𐤏𐤍𐤉	H3669	5	0.00		
𐤌𐤄𐤏𐤉𐤓	H5892	24	0.92		
𐤅𐤄𐤂𐤉𐤏	H5060	20	0.80		
𐤉𐤇𐤓𐤉𐤁𐤅	H2719	4	0.00		
𐤁𐤅𐤊𐤅𐤕	H439	3	0.00		
𐤁𐤏𐤁𐤓𐤉𐤌	H5668	5	0.60		
𐤋𐤏𐤁𐤓𐤉𐤌	H5680	38	0.76	H5674	0.9473684210526315
𐤅𐤏𐤆𐤓𐤅𐤍𐤉	H5826	4	0.00		
𐤌𐤇𐤍𐤅𐤕𐤌	H4264	7	0.00		
𐤄𐤏𐤓𐤋𐤉𐤌	H6189	5	0.00		
𐤌𐤋𐤅𐤁𐤔𐤉𐤌	H3847	4	0.50		
𐤄𐤀𐤓𐤁𐤏	H7153	9	0.00		
𐤁𐤏𐤃𐤉𐤍𐤅	H5704	4	0.75		
𐤅𐤋𐤕𐤕𐤌	H5414	5	1.00		
𐤁𐤍𐤉𐤉	H1121	21	1.00		
𐤂𐤀𐤅𐤕𐤌	H1348	3	0.33		
𐤄𐤍𐤈𐤅𐤉𐤄	H5186	3	0.33		
𐤌𐤔𐤋𐤕	H4910	3	0.67		
𐤋𐤄𐤐𐤍𐤅𐤕	H6438	5	0.00		
𐤅𐤋𐤀𐤅𐤌𐤉𐤌	H3816	3	0.67		
𐤅𐤉𐤕𐤉𐤑𐤁𐤅	H3320	7	0.43		
𐤉𐤅𐤏𐤑𐤉𐤄𐤌	H3289	3	0.00		
𐤁𐤐𐤍𐤉𐤄𐤌	H6440	27	0.96		
𐤌𐤄𐤀𐤔	H784	7	0.86		
𐤌𐤍𐤏𐤅	H4513	13	0.23		
𐤌𐤋𐤏𐤔𐤅𐤕	H6213	7	1.00		
𐤌𐤐𐤃𐤍	H6307	4	0.00		
𐤋𐤄𐤑𐤉𐤋𐤅	H5337	9	0.78		
𐤌𐤄𐤓𐤏𐤄	H7451	4	0.75		
𐤀𐤐𐤓𐤕	H672	3	0.33		
𐤉𐤑𐤅𐤏𐤉	H3326	3	0.33		
𐤋𐤋𐤅𐤉	H3881	4	0.00	H3878	0.25
𐤅𐤉𐤔𐤔𐤊𐤓	H3485	9	0.22		
𐤑𐤐𐤅	H6825	91	0.00	H6822	0.054945054945054944
𐤅𐤒𐤍𐤆	H7073	3	0.33		
𐤄𐤇𐤌𐤅𐤓𐤉𐤌	H2543	10	0.10		
𐤊𐤕𐤐𐤉𐤄𐤍	H3802	3	0.00		
𐤌𐤄𐤇𐤉𐤅𐤕	H2416	4	1.00		
𐤅𐤄𐤀𐤌𐤅𐤓𐤉	H559	4	0.25		
𐤂𐤏𐤔	H1608	24	0.00		
𐤔𐤉𐤋𐤄	H7886	8	0.00		
𐤐𐤓𐤏𐤕𐤅𐤍	H6553	4	0.00	H6552	0.0
𐤇𐤑𐤅𐤓	H2674	19	0.74	H2675	0.5789473684210527
𐤎𐤅𐤎𐤉	H5485	6	0.00	H5483	0.5
𐤌𐤇𐤍𐤉𐤌𐤄	H4266	3	0.33		
𐤌𐤀𐤅𐤉𐤁𐤉𐤄𐤌	H341	7	0.29		
𐤋𐤄𐤊𐤍𐤉𐤏𐤌	H3665	3	0.67		
𐤑𐤁𐤀𐤅𐤕𐤉𐤄𐤌	H6635	4	0.50		
𐤁𐤌𐤀𐤄	H3967	7	0.86		
𐤁𐤈𐤇𐤍𐤅	H982	4	0.50		
𐤌𐤓𐤀𐤔𐤅	H7218	3	1.00		
𐤅𐤋𐤀𐤇𐤓𐤉𐤅	H310	3	0.67		
𐤌𐤂𐤉𐤍𐤅	H4043	4	0.00		
𐤄𐤌𐤂𐤍	H4043	7	0.71		
𐤋𐤔𐤍𐤉𐤉𐤌	H8147	6	0.00		
𐤄𐤉𐤅𐤕𐤓	H3498	5	0.40		
𐤌𐤄𐤀𐤓𐤑	H776	13	1.00		
𐤌𐤊𐤉𐤌	H3220	6	0.00	H5221	0.3333333333333333
𐤁𐤌𐤇𐤍𐤅𐤕	H4264	3	0.00		
𐤄𐤁𐤅𐤓𐤇𐤉𐤌	H1280	47	0.06		
𐤁𐤇𐤑	H2351	4	0.50		
𐤌𐤌𐤒𐤅𐤌	H4725	24	0.83		
𐤌𐤏𐤌𐤃𐤌	H4612	5	0.20		
𐤁𐤌𐤋𐤊𐤉𐤌	H4428	5	1.00		
𐤁𐤒𐤔𐤕	H7198	22	0.41	H1245	0.7727272727272727
𐤅𐤉𐤄𐤓𐤂𐤌	H2026	11	0.55		
𐤇𐤑	H2671	5	0.60		
𐤂𐤉𐤁𐤅𐤓𐤉𐤌	H1368	9	0.11		
𐤏𐤌𐤅𐤒	H5987	7	0.14		
𐤊𐤇𐤌𐤉𐤔𐤉𐤌	H2549	4	0.25		
𐤅𐤓𐤇𐤁𐤅	H7341	17	0.88		
𐤌𐤀𐤇𐤓𐤉𐤄	H310	3	0.33		
𐤅𐤎𐤁𐤁	H5437	4	1.00		
𐤋𐤇𐤑𐤅𐤓	H2691	3	1.00		
𐤂𐤔𐤓	H1650	6	0.00		
𐤅𐤉𐤒𐤑𐤐𐤅	H7107	8	0.38		
𐤓𐤅𐤇𐤁	H7341	9	0.56		
𐤏𐤆𐤁𐤅𐤌	H5800	3	0.00		
𐤅𐤇𐤑𐤉𐤌	H2671	5	0.40	H2677	0.8
𐤂𐤂	H1406	11	0.82		
𐤅𐤇𐤆𐤒𐤉𐤌	H2389	3	0.67		
𐤌𐤄𐤌𐤒𐤅𐤌	H4725	9	0.67		
𐤏𐤑𐤅𐤌𐤄	H6099	4	0.50		
𐤄𐤂𐤉𐤁𐤅𐤓𐤉𐤌	H1368	15	0.00		
𐤄𐤂𐤉𐤁𐤅𐤓	H1397	8	0.00		
𐤅𐤉𐤒𐤇𐤍𐤄	H3947	3	0.00		
𐤍𐤊𐤓𐤕𐤅	H3772	5	0.60		
𐤌𐤂𐤉𐤍𐤉𐤌	H4043	4	0.50		
𐤓𐤁𐤁𐤄	H7233	5	0.80		
𐤌𐤉𐤕𐤓	H3499	24	0.62	H4340	0.0
𐤅𐤋𐤉𐤅𐤔𐤁𐤉𐤄	H3427	4	0.75		
𐤅𐤉𐤊𐤕𐤅𐤌	H3807	3	0.33		
𐤀𐤇𐤅𐤓𐤉𐤄𐤌	H310	4	1.00		
𐤄𐤊𐤅𐤌	H5221	3	1.00		
𐤅𐤀𐤁𐤍𐤉𐤌	H68	16	0.25		
𐤎𐤁𐤁𐤅	H5437	14	0.86		
𐤅𐤌𐤐𐤄	H6311	3	0.67		
𐤅𐤋𐤌𐤋𐤇𐤌𐤄	H4421	3	0.33		
𐤌𐤔𐤊𐤅	H4900	12	0.75		
𐤄𐤇𐤓𐤁𐤅𐤕	H2723	9	0.22	H2720	0.6666666666666666
𐤌𐤂𐤁𐤅𐤓𐤕	H1368	5	0.20		
𐤁𐤌𐤂𐤍	H4043	4	0.25		
𐤅𐤄𐤀𐤁𐤍𐤉𐤌	H68	3	0.00		
𐤁𐤃𐤍	H917	3	0.67	H1835	0.3333333333333333
𐤌𐤄𐤇𐤅𐤌𐤄	H2346	5	0.60		
𐤒𐤐𐤑	H7092	23	0.74		
𐤋𐤐𐤔𐤈	H6584	7	0.43		
𐤄𐤂𐤅𐤉𐤄	H3014	9	0.33		
𐤁𐤇𐤓𐤁𐤌	H2719	5	0.60		
𐤁𐤍𐤅𐤎	H1149	3	0.00		
𐤌𐤉𐤅𐤔𐤁𐤉	H3427	15	0.93		
𐤁𐤇𐤓𐤁𐤅𐤕𐤌	H2719	3	0.33		
𐤁𐤀𐤅𐤓𐤊	H216	10	0.60		
𐤁𐤌𐤏𐤋𐤕	H5930	5	0.20	H4609	0.6
𐤌𐤄𐤀𐤍𐤔𐤉𐤌	H376	15	0.87		
𐤅𐤁𐤄𐤋𐤄	H928	3	0.00		
𐤄𐤍𐤂𐤔𐤉𐤌	H5065	4	0.00	H5066	0.5
𐤅𐤋𐤏𐤓𐤉𐤌	H5892	3	0.67		
𐤅𐤁𐤀𐤕𐤌	H935	6	0.83		
𐤉𐤐𐤉𐤏	H3309	4	0.00		
𐤄𐤂𐤏𐤕𐤅	H5060	3	0.33		
𐤅𐤍𐤃𐤏𐤄	H3045	6	1.00		
𐤁𐤐𐤍𐤉𐤊𐤌	H6440	3	1.00		
𐤅𐤁𐤒𐤓𐤌	H1241	3	0.33		
𐤁𐤌𐤅𐤕𐤄	H4191	4	0.75		
𐤅𐤉𐤕𐤍𐤔𐤀	H5375	3	1.00		
𐤃𐤉𐤁𐤄	H1681	3	0.00		
𐤇𐤋𐤌𐤕𐤉	H2492	7	0.14	H2472	0.14285714285714285
𐤇𐤋𐤌𐤕	H2492	4	0.00		
𐤋𐤌𐤋𐤅𐤊	H4428	17	0.82		
𐤔𐤅𐤍𐤀𐤉𐤌	H8130	16	0.12		
𐤋𐤄𐤔𐤕𐤇𐤅𐤅𐤕	H7812	9	0.89		
𐤄𐤕𐤌𐤄𐤌𐤄𐤅	H4102	5	0.60		
𐤀𐤇𐤉𐤉	H251	9	0.56		
𐤄𐤁𐤅𐤓𐤅𐤕	H1285	4	0.25		
𐤀𐤊𐤋𐤕𐤄𐤅	H398	7	0.29		
𐤕𐤔𐤋𐤇𐤅	H7971	3	0.67		
𐤋𐤔𐤐𐤅𐤊	H8210	33	0.48		
𐤋𐤄𐤔𐤉𐤁𐤅	H7725	7	0.57		
𐤀𐤓𐤇𐤕	H737	6	0.00	H734	0.16666666666666666
𐤄𐤉𐤔𐤌𐤏𐤀𐤋𐤉𐤌	H3459	16	0.00		
𐤅𐤄𐤌𐤕	H4191	3	0.67		
𐤏𐤁𐤃𐤍𐤅	H5650	4	0.00		
𐤅𐤕𐤏𐤋𐤅	H5927	3	0.67		
𐤉𐤔𐤓𐤕	H3477	5	0.60	H8334	0.2
𐤅𐤉𐤔𐤋𐤐𐤅	H8025	4	0.00		
𐤇𐤓𐤁𐤅𐤕𐤉𐤄𐤌	H2719	16	0.88		
𐤁𐤐𐤇𐤃	H6343	20	0.80		
𐤒𐤔𐤉𐤌	H7186	38	0.45		
𐤁𐤊𐤅𐤇𐤌	H2526	3	1.00		
𐤄𐤌𐤇𐤉𐤓	H4242	4	0.50		
𐤌𐤌𐤓	H4751	3	0.33	H560	0.3333333333333333
𐤏𐤅𐤓𐤉	H5782	5	0.00	H5785	0.0
𐤅𐤄𐤒𐤉𐤑𐤉	H6974	3	0.00		
𐤄𐤀𐤊𐤆𐤓𐤉	H394	7	0.14		
𐤕𐤌𐤊𐤓	H4376	3	0.33		
𐤇𐤋𐤅	H2342	6	0.83	H2470	0.3333333333333333
𐤊𐤃𐤁𐤓𐤉𐤄𐤌	H1697	3	0.67		
𐤏𐤅𐤑𐤅	H5780	3	0.33		
𐤄𐤊𐤕𐤅𐤍𐤕	H3801	11	0.27		
𐤅𐤒𐤓𐤏𐤅	H7167	9	0.33		
𐤅𐤔𐤋𐤇𐤕𐤌	H7971	5	1.00		
𐤒𐤓𐤏𐤄	H7167	4	0.00		
𐤀𐤎𐤐𐤍𐤅	H623	4	0.25		
𐤅𐤀𐤃𐤌𐤄	H127	3	0.33	H126	0.6666666666666666
𐤈𐤓𐤅𐤐	H2964	6	0.00	H2963	0.5
𐤅𐤕𐤐𐤔𐤕𐤌	H8610	3	0.00		
𐤅𐤄𐤊𐤉𐤍	H3559	9	1.00		
𐤅𐤌𐤊𐤄	H5221	6	0.33	H4347	0.5
𐤅𐤀𐤁𐤅𐤀	H935	7	0.71		
𐤄𐤌𐤃𐤍𐤉𐤌	H4090	9	0.00		
𐤅𐤊𐤌𐤅𐤄𐤅	H3644	5	0.60		
𐤅𐤕𐤎𐤉𐤕𐤄𐤅	H5496	5	0.40		
𐤄𐤊𐤉𐤍𐤅𐤓	H3658	3	0.00		
𐤌𐤕𐤉𐤓	H5425	3	0.00		
𐤌𐤕𐤀𐤅𐤕𐤅	H8378	3	0.67	H4519	0.0
𐤃𐤋𐤄	H1802	6	0.17	H1803	0.0
𐤄𐤐𐤍𐤅	H6437	12	0.83		
𐤁𐤃𐤌𐤌	H1818	4	0.25		
𐤉𐤃𐤉𐤄𐤍	H3027	3	0.67		
𐤉𐤊𐤅𐤋𐤍𐤅	H3201	3	0.67		
𐤇𐤅𐤋𐤉𐤄	H2342	4	0.50		
𐤌𐤀𐤄𐤁𐤕𐤅	H160	9	0.56		
𐤅𐤉𐤎𐤉𐤓	H5493	3	0.67		
𐤉𐤅𐤓𐤃𐤅𐤕	H3381	3	0.33		
𐤌𐤅𐤓	H4753	3	0.00	H3384	0.3333333333333333
𐤅𐤀𐤄𐤋𐤅𐤕	H174	3	0.00		
𐤅𐤓𐤉𐤇	H7381	4	0.25	H7382	0.25
𐤕𐤐𐤔𐤄	H6581	4	0.00		
𐤄𐤁𐤂𐤃	H899	16	0.62		
𐤍𐤒𐤓𐤏𐤅	H7167	3	0.00		
𐤋𐤍𐤐𐤔𐤄	H5315	3	0.67		
𐤄𐤌𐤊𐤉𐤌	H5221	3	0.33	H4347	0.3333333333333333
𐤅𐤊𐤆𐤁	H3577	5	0.00		
𐤄𐤒𐤓𐤏	H7167	4	0.00		
𐤓𐤃𐤕	H3381	3	0.33		
𐤅𐤔𐤋𐤄	H7956	3	1.00		
𐤒𐤄𐤕	H6955	6	0.00		
𐤅𐤐𐤅𐤄	H6312	3	1.00		
𐤀𐤐𐤋𐤋𐤕	H654	3	0.00		
𐤏𐤅𐤑𐤉𐤕	H6098	4	0.00		
𐤅𐤂𐤅𐤍𐤉	H1476	3	1.00		
𐤅𐤇𐤂𐤉	H2292	3	0.00	H2291	0.0
𐤅𐤀𐤓𐤅𐤃𐤉	H722	3	0.00		
𐤄𐤃𐤅𐤓𐤄	H1926	5	0.00		
𐤅𐤁𐤏𐤋𐤕	H5930	3	0.33	H1191	0.3333333333333333
𐤎𐤓𐤇	H8556	4	0.00	H5629	0.0
𐤅𐤉𐤔𐤅𐤄	H3438	5	0.20		
𐤅𐤉𐤔𐤅𐤉	H3440	4	1.00		
𐤋𐤁𐤍𐤉𐤌𐤉𐤍	H1144	9	0.56		
𐤅𐤁𐤊𐤓	H1071	4	0.75		
𐤅𐤀𐤔𐤁𐤋	H788	4	0.00		
𐤅𐤍𐤏𐤌𐤍	H5283	4	0.75		
𐤌𐤅𐤐𐤉𐤌	H6310	3	0.33	H4519	0.0
𐤅𐤇𐤅𐤐𐤉𐤌	H2650	3	0.00		
𐤆𐤅𐤏𐤐𐤉𐤌	H2196	5	0.20		
𐤅𐤐𐤅𐤕𐤓	H6622	3	0.00		
𐤔𐤓𐤉𐤂𐤉𐤌	H8299	3	0.67		
𐤌𐤔𐤒𐤄𐤅	H4945	5	0.80		
𐤎𐤋𐤉	H5536	3	0.67	H5543	1.0
𐤅𐤄𐤌𐤋𐤊𐤄	H4436	5	0.60		
𐤉𐤋𐤃𐤉𐤅	H3206	8	0.88	H3205	1.0
𐤋𐤌𐤅𐤓𐤀	H4172	3	0.33		
𐤄𐤂𐤏𐤕𐤌	H1609	3	0.00	H5060	0.3333333333333333
𐤄𐤂𐤋𐤅𐤉	H1540	5	0.80		
𐤌𐤊𐤎𐤐	H3701	16	0.62		
𐤉𐤓𐤔𐤅	H3423	14	0.86		
𐤅𐤐𐤓𐤏𐤄	H6547	14	0.71		
𐤁𐤌𐤔𐤊𐤁	H7901	4	1.00	H4904	0.0
𐤐𐤓𐤅𐤕	H6510	9	0.22	H6512	0.0
𐤁𐤓𐤉𐤀𐤅𐤕	H1277	5	0.00		
𐤅𐤈𐤅𐤁𐤅𐤕	H2896	5	0.40		
𐤃𐤒𐤅𐤕	H1851	4	0.25		
𐤅𐤕𐤁𐤋𐤏𐤍𐤄	H1104	3	0.00		
𐤌𐤓𐤀𐤉𐤄𐤍	H4758	3	0.33		
𐤔𐤉𐤁𐤅𐤋𐤉𐤌	H7641	4	0.00		
𐤄𐤒𐤃𐤉𐤌	H6921	24	0.25	H6923	0.7916666666666666
𐤄𐤔𐤉𐤁𐤅𐤋𐤉𐤌	H7641	8	0.00		
𐤄𐤏𐤅𐤋𐤅𐤕	H5930	8	0.50		
𐤐𐤕𐤓𐤅	H6622	4	0.00		
𐤄𐤅𐤑𐤀𐤕𐤌	H3318	3	1.00		
𐤋𐤐𐤕𐤅𐤓	H6622	10	0.20		
𐤄𐤌𐤊𐤔𐤐𐤉𐤌	H3785	4	0.00		
𐤄𐤐𐤓𐤅𐤕	H6510	16	0.31		
𐤊𐤌𐤅𐤕𐤌	H4194	4	1.00		
𐤁𐤁𐤅𐤔𐤕	H3006	4	0.25		
𐤁𐤀𐤐𐤅𐤃	H646	3	0.67		
𐤌𐤑𐤅𐤐𐤄	H4708	5	0.80		
𐤄𐤔𐤅𐤄𐤌	H7718	6	0.00		
𐤄𐤌𐤏𐤋𐤅𐤕	H4609	12	0.83		
𐤇𐤊𐤌𐤉𐤄	H2450	3	0.33		
𐤅𐤀𐤎𐤐𐤓	H5608	11	0.55		
𐤐𐤅𐤕𐤓	H6622	3	0.33		
𐤅𐤌𐤌𐤄𐤓	H2022	5	0.00	H4116	0.6
𐤁𐤀𐤅𐤑𐤓𐤅𐤕𐤉𐤄𐤌	H214	3	0.00		
𐤏𐤑𐤕𐤉	H6098	7	0.29		
𐤔𐤉𐤅𐤋𐤃	H3205	6	0.83		
𐤄𐤌𐤋𐤊𐤄	H4436	60	0.65	H4410	0.8
𐤅𐤄𐤐𐤓𐤕𐤌𐤉𐤌	H6579	3	0.00		
𐤌𐤄𐤓𐤏𐤁	H7458	5	0.00		
𐤋𐤔𐤅𐤍𐤍𐤅	H3956	3	0.67		
𐤅𐤍𐤎𐤄	H5254	18	0.33		
𐤉𐤏𐤑𐤕	H3289	5	0.20		
𐤇𐤅𐤒𐤌	H2706	3	0.67		
𐤈𐤁𐤏𐤕𐤅	H2885	3	0.67		
𐤄𐤌𐤔𐤇𐤒𐤉𐤌	H7832	10	0.70		
𐤆𐤌𐤓	H2174	5	0.20	H2167	0.4
𐤄𐤒𐤅𐤓𐤀𐤉𐤌	H7121	23	0.65		
𐤍𐤆𐤌	H5141	3	0.00		
𐤒𐤔𐤉𐤈𐤄	H7192	3	0.00		
𐤔𐤅𐤌𐤏𐤅	H8085	3	0.67		
𐤅𐤋𐤉𐤅𐤎𐤐	H3130	3	0.67		
𐤌𐤂𐤍𐤉𐤌	H4043	3	0.33		
𐤍𐤋𐤊𐤃𐤄	H3920	16	0.25		
𐤕𐤁𐤅𐤀𐤅𐤕	H8393	8	0.75		
𐤅𐤂𐤃𐤅𐤋𐤉	H1419	5	0.80		
𐤅𐤉𐤔𐤁𐤅𐤓	H7665	3	0.00		
𐤅𐤄𐤓𐤏𐤄	H7451	4	0.50		
𐤅𐤌𐤊𐤓𐤅	H4376	3	0.33		
𐤄𐤔𐤅𐤏𐤓𐤉𐤌	H7778	3	0.00		
𐤅𐤔𐤁𐤓𐤅	H7665	3	0.67	H7666	0.0
𐤕𐤔𐤀𐤉𐤓𐤅	H7604	4	0.50		
𐤄𐤆𐤅𐤍𐤅𐤕	H2181	11	0.09		
𐤂𐤅𐤔𐤍𐤄	H1657	11	0.55		
𐤕𐤅𐤀𐤓𐤅	H8389	3	0.67		
𐤋𐤇𐤐𐤅𐤓	H2658	5	0.40		
𐤍𐤀𐤁𐤃	H6	6	0.50		
𐤅𐤋𐤒𐤇𐤕𐤌	H3947	4	0.25		
𐤕𐤌𐤓𐤅	H4784	3	0.67	H559	1.0
𐤔𐤒𐤅	H8242	5	0.40	H8243	0.0
𐤌𐤎𐤐𐤅𐤀	H4554	3	0.00		
𐤔𐤁𐤓𐤌	H7668	4	0.25	H7665	0.5
𐤅𐤀𐤁𐤉𐤄𐤌	H1	4	1.00		
𐤁𐤊𐤋𐤀	H3608	4	0.50		
𐤅𐤁𐤀𐤉𐤌	H935	10	0.90		
𐤁𐤅𐤊𐤉𐤌	H1058	12	0.58		
𐤅𐤍𐤔𐤁𐤓𐤄	H7666	3	0.00		
𐤅𐤄𐤕𐤁𐤅𐤍𐤄	H8394	4	0.50		
𐤄𐤍𐤏𐤉𐤌	H5280	6	0.17		
𐤅𐤔𐤋𐤇𐤄	H7971	3	1.00		
𐤀𐤁𐤈𐤇	H982	4	0.50		
𐤅𐤉𐤋𐤃𐤉𐤄𐤌	H3206	3	0.33		
𐤊𐤌𐤓𐤂𐤋𐤉𐤌	H7270	3	0.33		
𐤅𐤕𐤅𐤃𐤉𐤏𐤄𐤅	H3045	3	1.00		
𐤄𐤌𐤓𐤂𐤋𐤉𐤌	H7270	13	0.69		
𐤀𐤇𐤋𐤄	H3176	4	0.75		
𐤋𐤈𐤁𐤅𐤇	H2873	3	0.67		
𐤄𐤌𐤅𐤔𐤁	H7725	4	1.00		
𐤓𐤑𐤅𐤐	H7528	3	0.67		
𐤅𐤀𐤐𐤓𐤉𐤌	H669	3	1.00		
𐤌𐤔𐤈𐤓	H4896	6	0.17		
𐤄𐤊𐤋𐤉	H3627	6	0.50		
𐤅𐤑𐤅𐤉𐤕𐤉	H6680	8	0.75		
𐤅𐤋𐤔𐤉𐤌	H8034	8	0.00		
𐤉𐤇𐤓	H2734	9	0.78	H2787	0.7777777777777778
𐤁𐤊𐤇𐤉	H2416	4	0.50	H3581	0.5
𐤀𐤌𐤍𐤅	H518	7	0.86		
𐤋𐤎𐤕𐤅𐤌	H5640	3	0.00		
𐤅𐤋𐤔𐤌	H8034	3	0.33	H8035	0.3333333333333333
𐤁𐤌𐤕𐤍	H4975	6	0.17		
𐤋𐤂𐤍𐤅𐤁	H1590	3	0.00		
𐤅𐤃𐤀𐤂	H1672	4	0.50		
𐤍𐤁𐤏𐤓𐤄	H1197	6	0.50		
𐤄𐤔𐤌𐤀𐤋𐤉𐤕	H8042	7	0.86		
𐤍𐤉𐤕𐤍𐤄	H5414	6	0.83		
𐤄𐤒𐤋𐤉𐤌	H7031	6	0.50		
𐤔𐤅𐤒	H7785	8	0.38	H7784	0.125
𐤄𐤂𐤃𐤅𐤃𐤉𐤌	H1416	16	0.62		
𐤅𐤄𐤐𐤇𐤃	H6343	4	0.75		
𐤁𐤍𐤐𐤋𐤌	H5307	5	0.80		
𐤉𐤋𐤃𐤉𐤄𐤍	H3206	8	0.12		
𐤂𐤁𐤅𐤓𐤕𐤊𐤌	H1369	7	0.71		
𐤅𐤌𐤄𐤉𐤅𐤌	H3117	6	1.00		
𐤁𐤄𐤁𐤉𐤀𐤊𐤌	H935	3	1.00		
𐤏𐤓𐤁𐤕𐤌	H6161	3	0.67		
𐤌𐤊𐤏𐤎𐤅	H3708	3	0.67		
𐤋𐤊𐤕𐤅	H3212	4	1.00		
𐤒𐤓𐤀𐤕𐤉𐤅	H7121	4	0.50		
𐤅𐤋𐤒𐤓𐤅𐤀	H7121	3	0.67		
𐤁𐤀𐤇𐤉	H260	5	0.00		
𐤊𐤌𐤎𐤐𐤓𐤌	H4557	3	0.67		
𐤋𐤍𐤔𐤉	H802	3	1.00		
𐤋𐤏𐤔𐤓𐤕	H6235	3	0.33		
𐤅𐤌𐤆𐤅𐤍	H4203	6	0.50	H4202	0.5
𐤓𐤇𐤑	H7364	3	0.00	H7366	0.3333333333333333
𐤌𐤅𐤋𐤃𐤕𐤉	H4138	11	0.82		
𐤌𐤉𐤅𐤎𐤐	H3130	4	0.50		
𐤄𐤌𐤓𐤊𐤁𐤄	H4818	14	0.57		
𐤅𐤉𐤏𐤌𐤉𐤃𐤌	H5975	4	0.50		
𐤅𐤄𐤓𐤁𐤉𐤏𐤉	H7243	4	0.50		
𐤈𐤌𐤍	H2934	8	0.00		
𐤂𐤅𐤉𐤕𐤉	H1472	3	0.67		
𐤕𐤂𐤓𐤏𐤅	H1639	3	0.00		
𐤅𐤑𐤅𐤅	H6680	6	0.83		
𐤅𐤄𐤑𐤉𐤋	H5337	4	1.00		
𐤅𐤉𐤇𐤍𐤈𐤅	H2590	4	0.25		
𐤌𐤉𐤈𐤕	H4133	3	0.00		
𐤔𐤓𐤁𐤉𐤈	H8275	5	0.20		
𐤅𐤂𐤉𐤁𐤅𐤓𐤉	H1396	3	0.00		
𐤄𐤁𐤅𐤔𐤌	H1314	3	0.33		
𐤅𐤋𐤁𐤊𐤅𐤕	H1058	3	0.33		
𐤁𐤄𐤁𐤉𐤍𐤅	H995	4	1.00		
𐤍𐤇𐤅	H5117	8	1.00		
𐤅𐤑𐤐𐤅	H6822	6	0.00		
𐤅𐤏𐤆𐤓𐤅𐤍𐤅	H5826	4	0.00		
𐤁𐤌𐤋𐤇𐤌𐤕𐤌	H4421	16	0.50		
𐤅𐤉𐤎𐤅𐤁𐤅	H5437	4	0.50		
𐤅𐤉𐤏𐤆𐤓𐤅	H5826	8	0.00		
𐤊𐤀𐤋𐤐𐤉𐤉𐤌	H505	4	0.00		
𐤄𐤇𐤉𐤅	H2421	3	0.67		
𐤄𐤌𐤉𐤕𐤅𐤌	H3490	3	0.00		
𐤅𐤓𐤊𐤅𐤔𐤌	H7399	4	0.50		
𐤅𐤉𐤕𐤉𐤉𐤏𐤑𐤅	H3289	5	0.00		
𐤌𐤇𐤋	H2490	4	0.50	H4234	0.5
𐤍𐤅𐤊𐤓𐤉	H5236	4	0.00		
𐤌𐤂𐤓𐤅𐤍	H1637	4	1.00	H4051	1.0
𐤌𐤄𐤌𐤑𐤓𐤉𐤌	H4713	6	0.83		
𐤇𐤅𐤔𐤌	H2367	3	0.00		
𐤅𐤐𐤋𐤅𐤀	H6396	3	0.33		
𐤅𐤉𐤅𐤊𐤁𐤃	H3115	3	0.00		
𐤅𐤋𐤍𐤒𐤅𐤌	H6965	4	1.00		
𐤋𐤇𐤉𐤋𐤅	H2428	5	1.00		
𐤅𐤉𐤎𐤉𐤕𐤌	H5496	3	0.33		
𐤏𐤅𐤑𐤉	H5780	3	0.33		
𐤉𐤀𐤍𐤉𐤄	H575	8	0.00		
𐤅𐤉𐤀𐤁𐤅	H14	3	1.00		
𐤊𐤕𐤉𐤌𐤄	H3794	10	0.10		
𐤋𐤅𐤒𐤅𐤔	H7027	10	0.00		
𐤅𐤋𐤅𐤒𐤅𐤔	H7027	9	0.00		
𐤁𐤀𐤅𐤍𐤉𐤅𐤕	H591	3	0.00		
𐤁𐤌𐤇𐤅𐤆	H4231	4	0.25		
𐤌𐤇𐤉𐤋𐤅	H4249	3	0.33		
𐤓𐤅𐤌𐤄	H7311	4	1.00	H7316	0.25
𐤁𐤒𐤎𐤌	H7080	3	0.00		
𐤕𐤌𐤅𐤍𐤕	H8544	8	0.50		
𐤐𐤅𐤔𐤈𐤉𐤌	H6584	3	0.00		
𐤁𐤕𐤇𐤕𐤉𐤕	H8482	5	0.40		
𐤄𐤔𐤅𐤓	H7794	5	0.00		
𐤅𐤁𐤌𐤄	H4100	13	0.31		
𐤐𐤅𐤓𐤌𐤄	H6332	3	0.00		
𐤁𐤊𐤋𐤉𐤌	H3627	6	0.67		
𐤒𐤋𐤉𐤌	H7031	8	0.38		
𐤋𐤀𐤋𐤐𐤉𐤌	H505	4	0.75		
𐤋𐤄𐤔𐤒𐤅𐤕	H8248	4	0.50		
𐤅𐤄𐤃𐤃	H1908	4	0.75		
𐤄𐤍𐤅𐤐𐤋𐤉𐤌	H5307	25	0.88		
𐤌𐤌𐤃𐤉𐤍	H4080	4	0.25		
𐤅𐤉𐤓𐤏𐤅	H7321	4	0.25	H7462	0.5
𐤌𐤋𐤅𐤋	H4448	4	0.25		
𐤄𐤍𐤅𐤓𐤀𐤉𐤌	H3372	9	0.67		
𐤋𐤐𐤔𐤅𐤈	H6584	7	0.29		
𐤅𐤉𐤑𐤉𐤋	H5337	5	0.80		
𐤑𐤐𐤍	H1189	3	0.00	H6828	0.3333333333333333
𐤅𐤁𐤋𐤏𐤌	H5971	8	0.25	H1109	0.125
𐤋𐤁𐤋𐤏𐤌	H1109	3	0.33		
𐤁𐤌𐤋𐤇𐤌𐤕𐤅	H4421	11	0.73		
𐤅𐤉𐤔𐤀𐤓𐤅	H7604	4	0.75		
𐤌𐤏𐤓𐤊𐤕𐤌	H4634	3	1.00		
𐤅𐤌𐤑𐤀𐤅	H4672	15	0.80		
𐤀𐤃𐤅𐤌𐤉	H120	4	0.75		
𐤁𐤔𐤅𐤁𐤍𐤅	H1121	3	1.00		
𐤉𐤔𐤌𐤉𐤃𐤅	H8045	3	0.33		
𐤊𐤌𐤑𐤅𐤅𐤕	H4687	3	1.00		
𐤉𐤅𐤔𐤁𐤉𐤄𐤌	H3427	7	1.00		
𐤅𐤄𐤋𐤊𐤕𐤌	H1980	4	1.00		
𐤉𐤁𐤍𐤅	H1129	3	0.67		
𐤌𐤄𐤌𐤑𐤓𐤉𐤉𐤌	H4713	5	1.00	H4519	0.2
𐤅𐤉𐤌𐤍𐤏𐤅	H4513	3	0.00		
𐤅𐤉𐤌𐤉𐤌	H3117	12	0.75		
𐤁𐤇𐤅𐤌𐤓	H2563	3	0.67		
𐤄𐤁𐤅	H3051	4	0.00	H157	0.25
𐤄𐤌𐤉𐤉𐤋𐤃𐤅𐤕	H3205	5	1.00		
𐤄𐤌𐤉𐤉𐤋𐤃𐤕	H3205	3	1.00		
𐤄𐤌𐤑𐤓𐤉𐤅𐤕	H4713	3	1.00		
𐤀𐤄𐤓𐤅𐤍	H175	36	0.03		
𐤉𐤀𐤍𐤉𐤅𐤔	H582	3	0.67		
𐤋𐤉𐤅𐤏𐤑	H6086	6	0.17		
𐤄𐤌𐤀𐤆𐤍𐤉𐤉𐤌	H3976	3	1.00		
𐤅𐤉𐤀𐤎𐤓𐤌	H631	3	0.67		
𐤄𐤇𐤆𐤅𐤍	H2377	11	0.82		
𐤕𐤅𐤇𐤋𐤕𐤌	H8431	7	0.71		
𐤄𐤌𐤃𐤉𐤍𐤉	H4084	9	0.00		
𐤌𐤂𐤓𐤓	H1642	3	0.67		
𐤑𐤌𐤇𐤅	H6780	5	0.00	H6779	0.8
𐤋𐤄𐤅𐤔𐤉𐤁𐤌	H7725	3	1.00		
𐤋𐤀𐤉𐤅𐤁	H347	3	0.00		
𐤐𐤓𐤊	H6499	6	0.33	H6531	0.0
𐤅𐤁𐤁𐤒𐤔𐤅	H1245	5	0.60		
𐤋𐤕𐤁𐤋	H8398	3	0.33		
𐤂𐤃𐤅𐤋𐤌	H1419	5	0.80		
𐤊𐤏𐤔𐤁	H6212	3	0.33		
𐤁𐤁𐤒𐤔𐤌	H1245	5	0.40		
𐤁𐤌𐤑𐤀𐤌	H4672	3	1.00		
𐤄𐤏𐤓𐤉𐤌𐤅	H5892	3	0.33		
𐤇𐤅𐤌	H2345	3	0.00		
𐤄𐤔𐤓𐤁	H7227	5	1.00	H8273	0.6
𐤁𐤕𐤉𐤄	H1332	9	0.00		
𐤄𐤅𐤋𐤊𐤅𐤕	H1980	6	1.00		
𐤌𐤉𐤋𐤃𐤉	H3206	3	0.00	H3211	0.0
𐤄𐤄𐤅𐤋𐤊𐤅𐤕	H1980	3	1.00		
𐤅𐤀𐤄𐤓𐤅𐤍	H175	16	0.00		
𐤂𐤃𐤅𐤓	H1446	7	0.43		
𐤍𐤀𐤒𐤕𐤌	H5009	3	0.00		
𐤌𐤏𐤁𐤅𐤃𐤕𐤅	H5656	4	0.75		
𐤄𐤏𐤈𐤓𐤄	H5850	6	0.50		
𐤄𐤒𐤅𐤎𐤌	H7080	11	0.27		
𐤁𐤏𐤅𐤃𐤅	H1157	8	0.75		
𐤅𐤉𐤓𐤔	H3423	7	0.71		
𐤋𐤄𐤊𐤔𐤉𐤋	H3782	3	0.33		
𐤌𐤇𐤊𐤌𐤉	H2449	3	0.67		
𐤄𐤂𐤇𐤋𐤕	H1513	5	0.00		
𐤅𐤉𐤀𐤓𐤁	H693	3	0.67		
𐤌𐤏𐤁𐤅𐤃𐤕𐤌	H5656	5	0.00		
𐤋𐤀𐤇𐤉𐤄	H251	5	1.00	H281	0.2
𐤋𐤂𐤁𐤅𐤋	H1366	12	0.83		
𐤄𐤎𐤅𐤁𐤁	H5437	3	0.33		
𐤋𐤇𐤈𐤅𐤁	H2404	3	0.33		
𐤅𐤉𐤔𐤀𐤅𐤄𐤅	H5375	3	0.33		
𐤋𐤁𐤇𐤅𐤓	H972	18	0.39		
𐤊𐤌𐤋𐤇𐤌𐤄	H4421	4	0.50		
𐤊𐤓𐤀𐤔𐤅𐤍𐤄	H7223	6	1.00		
𐤄𐤇𐤎𐤉𐤃𐤄	H2624	5	0.00		
𐤀𐤐𐤓𐤅𐤇𐤅	H667	8	0.00		
𐤂𐤃𐤋𐤌	H1419	6	0.83		
𐤄𐤍𐤑	H5322	5	0.00		
𐤅𐤋𐤁𐤔𐤅	H3847	4	0.00		
𐤎𐤅𐤎𐤅	H5483	15	0.93		
𐤁𐤄𐤂𐤉𐤏𐤌	H5060	3	0.33		
𐤄𐤔𐤁𐤉𐤏	H7650	4	1.00	H7646	0.75
𐤕𐤏𐤋𐤕	H8585	4	0.50		
𐤂𐤕	H1661	25	0.56	H1667	0.48
𐤋𐤒𐤁𐤅𐤓𐤄	H6912	9	0.33		
𐤄𐤁𐤒𐤏𐤄	H1237	15	0.80	H1234	0.5333333333333333
𐤅𐤀𐤃𐤅𐤍𐤉𐤄	H113	3	0.00		
𐤁𐤌𐤃𐤉𐤍	H4080	4	0.25		
𐤑𐤉𐤐𐤅𐤓𐤄	H6855	13	0.00		
𐤄𐤍𐤂𐤏	H5061	9	0.00	H5060	0.2222222222222222
𐤏𐤓𐤐𐤅	H6203	4	0.50	H6202	0.25
𐤎𐤓𐤉𐤎𐤉	H5631	3	0.33		
𐤓𐤐𐤅	H7503	7	0.71		
𐤅𐤀𐤎𐤓𐤅	H631	4	0.50		
𐤋𐤏𐤂	H3933	14	0.00	H3932	0.5714285714285714
𐤅𐤂𐤃𐤓	H1447	5	0.20	H1444	0.2
𐤁𐤍𐤐𐤋𐤅	H5307	9	0.89		
𐤀𐤃𐤉𐤒𐤌	H1854	9	0.00		
𐤅𐤆𐤓𐤕	H2239	3	0.33		
𐤅𐤁𐤇𐤓𐤐𐤄	H2781	4	0.25		
𐤁𐤒𐤁𐤓𐤉	H6913	7	0.86		
𐤕𐤓𐤐𐤉𐤍𐤄	H7503	4	0.25	H7495	0.25
𐤌𐤕𐤊𐤅𐤍𐤕	H4971	4	0.00		
𐤍𐤅𐤂𐤔𐤉	H5065	5	0.00		
𐤌𐤏𐤁𐤅𐤃𐤄	H5656	4	0.75		
𐤅𐤉𐤀𐤍𐤇𐤅	H584	3	0.00		
𐤌𐤄𐤏𐤁𐤅𐤃𐤄	H5656	3	0.33		
𐤊𐤋𐤅𐤀	H3607	4	0.25	H3808	0.5
𐤋𐤄𐤏𐤑𐤓	H6113	3	0.67		
𐤁𐤌𐤏𐤁𐤓	H5676	3	0.67		
𐤍𐤈𐤅𐤏	H5193	4	0.00		
𐤍𐤈𐤔𐤅	H5203	4	0.25		
𐤂𐤓𐤔𐤅𐤌	H1647	5	0.40	H1648	0.0
𐤁𐤂𐤆𐤓𐤕	H1510	8	0.38		
𐤁𐤏𐤁𐤅𐤃𐤕𐤌	H5656	7	0.43		
𐤎𐤉𐤍	H5512	19	0.53		
𐤔𐤋𐤈𐤄	H7980	5	0.40		
𐤅𐤉𐤋𐤃𐤉𐤄	H3206	3	0.00		
𐤄𐤊𐤐𐤉𐤓𐤉𐤌	H3715	6	0.00		
𐤌𐤈𐤄𐤅	H4294	5	0.80	H4132	0.2
𐤄𐤆𐤊𐤓𐤅𐤍𐤅𐤕	H2146	7	0.29		
𐤅𐤄𐤊𐤄	H5221	19	0.74		
𐤌𐤌𐤈𐤉𐤓	H4305	3	0.33		
𐤌𐤕𐤌𐤅𐤋	H8543	4	0.50		
𐤅𐤂𐤃𐤅𐤋𐤅𐤕	H1419	7	0.57		
𐤅𐤄𐤁𐤉𐤈	H5027	6	0.33		
𐤄𐤑𐤐𐤓𐤃𐤏𐤉𐤌	H6854	3	0.67		
𐤁𐤈𐤍𐤌	H990	4	0.25		
𐤌𐤔𐤕𐤉𐤄𐤌	H4960	3	0.67		
𐤄𐤊𐤉𐤍𐤉𐤌	H3654	3	0.00		
𐤄𐤏𐤓𐤅𐤁	H6153	3	0.00		
𐤃𐤋𐤒𐤕	H1814	3	0.67	H1816	0.6666666666666666
𐤍𐤌𐤒𐤅	H4743	3	0.33		
𐤕𐤍𐤅𐤁𐤕	H8570	5	0.40		
𐤅𐤓𐤀𐤉𐤕𐤉	H7200	5	0.80		
𐤋𐤀𐤌𐤊	H517	4	0.50		
𐤔𐤁𐤈𐤅	H7626	5	0.60		
𐤄𐤂𐤁𐤓𐤉𐤌	H1368	20	0.25	H1397	0.6
𐤅𐤏𐤌𐤌	H5973	19	0.84		
𐤓𐤅𐤃𐤐𐤉𐤌	H7291	5	0.40		
𐤅𐤄𐤓𐤀𐤔	H7218	7	0.57		
𐤋𐤓𐤀𐤅𐤕𐤌	H7200	3	0.33		
𐤁𐤌𐤈𐤄𐤅	H4294	6	0.67		
𐤁𐤀𐤅𐤓𐤇	H734	10	0.60		
𐤋𐤑𐤀𐤕𐤌	H3318	5	0.40		
𐤌𐤌𐤃𐤁𐤓	H4057	3	0.00		
𐤁𐤓𐤐𐤉𐤃𐤉𐤌	H7508	3	0.00		
𐤌𐤇𐤄	H4229	3	0.33		
𐤇𐤅𐤍𐤄	H2584	5	0.20		
𐤋𐤕𐤕𐤌	H5414	3	0.67		
𐤁𐤅𐤔𐤔	H8337	3	0.00		
𐤌𐤄𐤏𐤌	H5971	7	0.86		
𐤃𐤒	H1851	3	0.33	H1854	0.3333333333333333
𐤋𐤄𐤏𐤋𐤅𐤕𐤌	H5927	5	0.80		
𐤕𐤓𐤅𐤌𐤕	H8641	5	0.80		
𐤋𐤌𐤋𐤀𐤊𐤕	H4399	5	0.60		
𐤍𐤃𐤁	H5070	6	0.83	H5068	0.6666666666666666
𐤁𐤔𐤒𐤋	H8255	5	0.80		
𐤄𐤋𐤅𐤉𐤉𐤌	H3881	19	0.00		
𐤌𐤔𐤀𐤅	H4853	6	0.33		
𐤄𐤊𐤏𐤉𐤎𐤅	H3707	3	1.00		
𐤄𐤀𐤎𐤐𐤄	H622	12	0.92		
𐤕𐤓𐤅	H8446	4	0.75		
𐤉𐤐𐤅𐤍𐤄	H6440	5	1.00		
𐤉𐤓𐤅𐤔𐤄	H3388	4	0.25		
𐤍𐤂𐤏𐤅	H5060	7	1.00	H5061	0.14285714285714285
𐤋𐤉𐤑𐤉𐤀𐤕	H3318	4	1.00		
𐤎𐤉𐤇𐤅𐤍	H5511	33	0.97		
𐤋𐤒𐤋𐤋	H7043	13	0.62		
𐤍𐤄𐤓𐤉𐤉𐤌	H763	3	0.00		
𐤁𐤇𐤔𐤁𐤅𐤍	H2809	5	0.40		
𐤍𐤏𐤁𐤅𐤓	H5674	4	0.75		
𐤏𐤓𐤃	H6166	3	0.00		
𐤅𐤉𐤅𐤔𐤉𐤁𐤅𐤌	H3427	3	1.00		
𐤒𐤃𐤌𐤅𐤕	H6932	9	0.11		
𐤄𐤁𐤔𐤍	H1316	9	0.22		
𐤏𐤅𐤂	H5747	13	1.00		
𐤅𐤏𐤅𐤂	H5747	3	0.67		
𐤉𐤏𐤑𐤄	H3289	5	0.20		
𐤌𐤊𐤅𐤁𐤃	H3519	9	0.89		
𐤅𐤄𐤔𐤌𐤉𐤃𐤅	H8045	4	0.00		
𐤅𐤔𐤍𐤀𐤄	H8130	12	0.25	H8135	0.08333333333333333
𐤕𐤀𐤅𐤓	H8389	4	1.00		
𐤄𐤔𐤉𐤈𐤉𐤌	H7851	3	0.00		
𐤁𐤍𐤅𐤕𐤉𐤄𐤌	H1323	3	0.67		
𐤄𐤉𐤐𐤅𐤕	H3303	3	1.00		
𐤄𐤄𐤍𐤄	H2009	3	0.00	H2007	1.0
𐤄𐤌𐤃𐤉𐤍𐤉𐤕	H4084	3	0.33		
𐤅𐤁𐤀𐤋𐤄	H428	11	0.82		
𐤕𐤔𐤊𐤉𐤋	H7919	3	1.00		
𐤌𐤐𐤍𐤉𐤍𐤅	H6440	5	1.00		
𐤁𐤂𐤋𐤂𐤋	H1537	6	0.50	H1534	0.0
𐤅𐤉𐤓𐤉𐤇𐤅	H3405	3	0.00		
𐤄𐤇𐤓𐤌	H2764	5	0.20	H2763	0.8
𐤅𐤄𐤁𐤓𐤆𐤋	H1270	3	0.33		
𐤄𐤏𐤉	H5857	18	0.00		
𐤅𐤄𐤊𐤓𐤉𐤕𐤅	H3772	3	1.00		
𐤏𐤊𐤍	H5912	11	0.00		
𐤁𐤔𐤋𐤋	H7998	3	0.67		
𐤅𐤋𐤌𐤋𐤊𐤄	H4428	4	0.25		
𐤅𐤔𐤋𐤋	H7998	8	0.88	H7997	0.875
𐤂𐤁𐤏𐤅𐤍	H1391	7	0.14		
𐤋𐤊𐤉𐤔	H3923	4	0.00		
𐤏𐤂𐤋𐤅𐤍	H5700	4	0.75		
𐤅𐤄𐤅𐤔𐤉𐤏𐤍𐤅	H3467	3	0.67		
𐤌𐤒𐤃𐤄	H4719	3	0.33		
𐤁𐤉𐤔𐤅𐤏𐤕𐤊	H3444	3	0.33		
𐤋𐤌𐤂𐤃𐤋	H4029	13	0.31	H4026	0.38461538461538464
𐤏𐤋𐤉𐤌𐤅	H5921	3	0.00		
𐤆𐤏𐤌𐤊	H2195	3	0.00		
𐤀𐤅𐤍𐤌	H208	3	0.00	H202	0.6666666666666666
𐤁𐤓𐤔𐤕	H7568	4	0.00		
𐤄𐤂𐤏𐤕	H5060	3	0.33		
𐤓𐤂𐤆𐤄	H7264	4	0.00	H7269	0.0
𐤕𐤎𐤐𐤓	H5608	3	0.33		
𐤄𐤂𐤋𐤂𐤋𐤄	H1537	7	0.71		
𐤋𐤉𐤄𐤅𐤔𐤏	H3091	5	0.40		
𐤋𐤌𐤋𐤊𐤄	H3212	8	0.62	H4428	0.875
𐤌𐤃𐤅𐤍	H4066	4	0.25	H4068	0.0
𐤎𐤅𐤎𐤉𐤄𐤌	H5483	13	0.38		
𐤕𐤏𐤒𐤓	H6131	4	0.75		
𐤌𐤓𐤊𐤁𐤅𐤕𐤉𐤄𐤌	H4818	3	0.67		
𐤅𐤉𐤔𐤓𐤐𐤄	H8313	5	0.00		
𐤋𐤕𐤔𐤏𐤕	H8672	4	0.50		
𐤅𐤄𐤊𐤍𐤏𐤍𐤉𐤌	H3667	6	0.67		
𐤔𐤒𐤈𐤅	H8252	12	0.83		
𐤇𐤆𐤒𐤅𐤕	H2388	15	0.93		
𐤌𐤌𐤋𐤊𐤕𐤌	H3212	3	0.67	H4519	0.0
𐤁𐤍𐤇𐤋𐤄	H5159	3	0.33		
𐤋𐤍𐤇𐤅𐤋	H5158	3	0.00		
𐤌𐤇𐤋𐤒	H2505	4	1.00		
𐤄𐤍𐤋𐤇𐤌	H3898	9	0.56		
𐤀𐤓𐤅𐤍𐤅𐤕	H727	4	0.50		
𐤁𐤑𐤉𐤃𐤅𐤍	H6721	5	0.80		
𐤄𐤉𐤁𐤅𐤎𐤉	H2983	3	0.67		
𐤎𐤃𐤓𐤉𐤌	H5468	17	0.47		
𐤒𐤑𐤉𐤏𐤄	H7103	4	0.25		
𐤄𐤐𐤅𐤊	H7163	6	0.50	H2015	0.3333333333333333
𐤀𐤎𐤐𐤓	H5608	21	0.62		
𐤏𐤃𐤋𐤀	H3808	4	0.50	H5704	1.0
𐤏𐤋𐤌𐤔𐤊𐤁𐤉	H4904	3	0.33	H5921	0.3333333333333333
𐤅𐤄𐤅𐤃𐤏𐤕𐤉𐤊	H3045	4	1.00		
𐤅𐤀𐤔𐤕𐤇𐤅𐤄	H7812	4	0.25		
𐤉𐤍𐤉𐤀	H5106	3	0.33		
𐤁𐤇𐤓𐤉𐤀𐤐	H637	5	0.40	H2750	0.6
𐤒𐤌𐤕𐤉	H6965	5	0.40		
𐤅𐤀𐤑𐤅	H6680	7	0.71		
𐤋𐤎𐤂𐤓	H5462	5	0.60		
𐤄𐤕𐤇𐤐𐤔	H2664	8	0.25		
𐤋𐤏𐤆𐤁	H5800	28	0.86		
𐤅𐤕𐤕𐤍𐤋𐤅	H5414	3	1.00		
𐤁𐤌𐤓𐤉𐤓𐤅𐤕	H7388	3	0.00	H4519	0.0
𐤊𐤐𐤕	H3709	4	0.25	H3712	0.25
𐤒𐤓𐤍𐤉	H7161	9	0.33	H7162	0.1111111111111111
𐤌𐤔𐤂𐤕	H1661	4	1.00	H5381	0.5
𐤊𐤋𐤁𐤉𐤌	H3611	4	0.25		
𐤔𐤋𐤇𐤍𐤅𐤕	H7979	6	0.33		
𐤓𐤉𐤒𐤄	H7385	7	0.43	H7386	0.42857142857142855
𐤑𐤌𐤃	H6776	6	0.50		
𐤋𐤔𐤋𐤇𐤍	H7979	3	0.33		
𐤄𐤀𐤁𐤉𐤅𐤍𐤉𐤌	H68	3	0.00		
𐤁𐤕𐤕𐤉	H5414	6	1.00		
𐤄𐤑𐤋𐤉𐤇𐤅	H6743	27	0.48		
𐤒𐤅	H6957	3	0.00	H6960	0.6666666666666666
𐤔𐤅𐤈𐤐	H7857	4	0.75		
𐤓𐤁𐤑	H7257	4	0.25	H7258	0.75
𐤍𐤁𐤋𐤉𐤌	H5035	9	0.33	H5036	0.5555555555555556
𐤌𐤉𐤕𐤓𐤉𐤌	H3499	3	0.67		
𐤔𐤓𐤅	H8269	6	0.83		
𐤄𐤆𐤊𐤓𐤕𐤉	H2142	6	0.50		
𐤄𐤂𐤌𐤅𐤋	H1576	15	0.67		
𐤋𐤇𐤌𐤌	H3899	9	0.56	H2552	0.1111111111111111
𐤔𐤓𐤕𐤌	H7791	3	0.00		
𐤏𐤁𐤅𐤃𐤕𐤍	H5656	3	0.67		
𐤋𐤐𐤏𐤌𐤉𐤌	H6471	11	0.91		
𐤅𐤁𐤃𐤁𐤓𐤌	H1696	4	1.00		
𐤀𐤕𐤔𐤀𐤓𐤉𐤕	H7611	3	1.00	H853	0.0
𐤓𐤊𐤅𐤔𐤉	H7408	4	0.25		
𐤅𐤉𐤕𐤇𐤐𐤔	H2664	3	0.00		
𐤄𐤓𐤌	H7311	5	0.40	H1027	0.6
𐤀𐤕𐤓𐤁	H7227	5	0.80	H853	0.0
𐤅𐤊𐤃𐤁𐤓𐤅	H1696	7	0.86		
𐤄𐤍𐤅𐤓𐤀𐤅𐤕	H3372	18	0.72		
𐤊𐤀𐤔𐤄	H802	6	0.67		
𐤇𐤋𐤇𐤋𐤄	H2479	5	0.60		
𐤌𐤁𐤋𐤕𐤉	H1115	7	1.00		
𐤅𐤍𐤁𐤄𐤋	H926	3	0.33		
𐤁𐤕𐤅𐤊𐤄𐤀𐤐𐤓	H665	4	0.00	H8432	0.0
𐤀𐤌𐤎𐤄	H4529	4	0.25		
𐤄𐤍𐤊𐤁𐤃𐤉𐤌	H3513	20	1.00		
𐤐𐤕𐤋𐤇𐤌	H3899	5	1.00	H6595	0.0
𐤒𐤓𐤕𐤄	H7177	8	0.12		
𐤌𐤒𐤓𐤄	H4745	11	0.27	H7136	0.7272727272727273
𐤋𐤔𐤅𐤀	H7723	20	0.55		
𐤏𐤅𐤁𐤃𐤕	H5647	3	1.00		
𐤎𐤐𐤓𐤕𐤉	H5608	14	0.64		
𐤄𐤔𐤕𐤅𐤌𐤌	H8380	6	0.17		
𐤏𐤔𐤅𐤉𐤅𐤕	H6213	13	0.92		
𐤄𐤊𐤓𐤉𐤏	H3766	8	0.38		
𐤄𐤕𐤇𐤕𐤅𐤍	H8481	15	0.73		
𐤌𐤏𐤉𐤋𐤅	H4598	4	0.50		
𐤄𐤉𐤒𐤓𐤅𐤕	H3368	5	0.40		
𐤏𐤉𐤓𐤉	H5892	6	0.50	H5901	0.0
𐤀𐤕𐤔𐤋𐤔𐤕	H7969	4	0.25	H853	0.25
𐤊𐤔𐤋𐤔	H7969	6	1.00		
𐤀𐤎𐤅𐤀	H609	6	0.17		
𐤀𐤋𐤉𐤄𐤅𐤀	H3058	8	0.00	H413	0.5
𐤑𐤏𐤃	H6806	3	0.33	H6805	1.0
𐤅𐤁𐤄𐤉𐤅𐤕𐤌	H1961	14	1.00		
𐤄𐤌𐤌𐤍𐤄	H4480	12	0.83		
𐤋𐤄𐤒𐤃𐤉𐤔	H6942	11	0.55		
𐤕𐤑𐤐𐤄	H6823	3	0.00		
𐤉𐤇𐤋𐤐	H2498	3	0.33		
𐤉𐤏𐤋𐤌𐤅	H3281	4	0.00		
𐤌𐤔𐤊𐤍𐤌	H4908	5	0.60		
𐤕𐤒𐤐𐤅	H5362	11	0.82	H8633	0.6363636363636364
𐤔𐤊𐤇𐤕	H7911	3	1.00		
𐤕𐤔𐤕𐤍𐤄	H8354	3	0.33		
𐤀𐤔𐤀𐤋𐤊	H7592	3	0.00		
𐤀𐤕𐤄𐤍𐤂𐤏𐤉𐤌	H5061	3	0.00	H853	0.0
𐤋𐤂𐤋	H1530	3	0.33		
𐤍𐤇𐤒𐤓	H2713	4	0.00		
𐤋𐤏𐤑𐤓𐤄	H6116	4	0.25		
𐤏𐤑𐤌𐤅𐤕𐤉𐤄𐤌	H6106	10	0.50		
𐤀𐤋𐤒𐤁𐤓	H6913	4	0.25	H413	0.5
𐤏𐤑𐤓𐤕𐤉	H6113	4	0.50	H6116	0.25
𐤁𐤕𐤌𐤄𐤅𐤍	H8541	6	0.17		
𐤊𐤕𐤓𐤅	H3803	3	1.00		
𐤀𐤔𐤓𐤅	H833	8	0.50		
𐤁𐤓𐤇𐤁	H7341	4	0.25	H7339	0.5
𐤅𐤁𐤂𐤃𐤋	H1433	8	0.25		
𐤅𐤄𐤏𐤍𐤍𐤉𐤌	H6051	3	0.00		
𐤅𐤉𐤎𐤋𐤇	H5545	5	0.80		
𐤇𐤈𐤀𐤉𐤍𐤅	H2398	3	0.33		
𐤋𐤀𐤔𐤌	H817	3	0.33		
𐤄𐤋𐤋	H1985	8	0.00	H1984	0.5
𐤋𐤁𐤕𐤅	H1323	4	1.00		
𐤕𐤁𐤅𐤕	H8392	3	0.00		
𐤄𐤀𐤆𐤅𐤓𐤉𐤌	H232	3	0.67		
𐤅𐤉𐤕𐤍𐤋𐤉	H5414	3	0.67		
𐤅𐤄𐤅𐤃𐤉𐤏𐤍𐤉	H3045	3	1.00		
𐤅𐤌𐤄𐤓𐤄	H4120	4	0.25		
𐤄𐤌𐤊𐤀𐤅𐤁𐤉𐤌	H4341	4	0.50		
𐤍𐤔𐤊𐤇𐤅	H7911	4	0.50		
𐤄𐤎𐤏𐤓𐤄	H5591	9	0.78		
𐤕𐤅𐤊𐤋𐤍𐤄	H3615	7	0.57		
𐤓𐤔𐤌	H7560	5	0.20		
𐤀𐤆𐤓𐤄	H2219	3	0.00		
𐤁𐤔𐤉𐤓𐤉	H1320	3	0.33		
𐤄𐤊𐤓𐤅𐤁𐤉𐤌	H3742	7	0.86		
𐤄𐤕𐤄𐤋𐤅𐤕	H8416	3	0.33		
𐤍𐤓𐤉𐤄	H5374	5	0.00		
𐤅𐤀𐤊𐤕𐤁	H3789	7	0.00		
𐤋𐤔𐤋𐤔	H7969	6	1.00		
𐤏𐤍𐤅𐤉	H6035	5	0.40		
𐤀𐤋𐤍𐤐𐤔𐤅	H5315	3	1.00	H413	1.0
𐤌𐤇𐤕𐤕	H4288	3	0.00	H4289	0.3333333333333333
𐤁𐤌𐤓𐤊𐤁𐤄	H4818	4	1.00		
𐤁𐤆𐤓𐤅𐤏𐤅𐤕𐤉𐤅	H2220	3	1.00		
𐤄𐤉𐤕𐤅𐤌𐤉𐤌	H8550	9	0.33		
𐤋𐤇𐤉𐤉𐤅	H2416	11	0.82		
𐤁𐤍𐤍𐤅𐤍	H5126	5	0.60	H1121	0.6
𐤉𐤒𐤉𐤌𐤅	H6965	8	0.75		
𐤅𐤄𐤒𐤓𐤉𐤁𐤅	H7126	4	0.75		
𐤅𐤄𐤏𐤌𐤉𐤃𐤅	H5975	6	0.67		
𐤉𐤓𐤔𐤉𐤏𐤅	H7561	3	0.67		
𐤅𐤊𐤎𐤅	H3680	3	0.67		
𐤅𐤔𐤓𐤐	H8313	7	0.71	H8314	0.2857142857142857
𐤅𐤄𐤂𐤋𐤄	H1540	4	0.75		
𐤅𐤄𐤅𐤋𐤉𐤊𐤌	H3212	3	0.67		
𐤉𐤅𐤋𐤉𐤊	H3212	10	1.00		
𐤀𐤕𐤁𐤓𐤉𐤕𐤊	H1285	3	0.33	H853	0.0
𐤉𐤊𐤇𐤃	H3582	6	0.50		
𐤏𐤅𐤋𐤋𐤅	H5768	7	0.00		
𐤅𐤊𐤓𐤏	H7451	3	1.00	H7455	0.0
𐤄𐤅𐤀𐤋𐤕	H2974	4	0.25		
𐤅𐤔𐤋𐤇𐤌	H7971	4	0.75		
𐤂𐤁𐤅𐤋𐤌	H1366	6	0.67		
𐤄𐤍𐤅𐤏𐤃	H3259	3	0.67		
𐤏𐤑𐤅𐤁𐤉𐤌	H6091	4	0.00		
𐤌𐤒𐤃𐤔𐤌	H6942	10	0.60	H4720	0.8
𐤁𐤌𐤍𐤇𐤅𐤕	H5146	6	0.00	H4519	0.16666666666666666
𐤉𐤈𐤅	H5186	8	0.75		
𐤅𐤂𐤁𐤅𐤋	H1366	7	0.43		
𐤅𐤊𐤄𐤍𐤉	H3548	3	1.00		
𐤅𐤀𐤇𐤓𐤉𐤄𐤌	H310	43	0.93		
𐤅𐤁𐤌𐤒𐤅𐤌𐤅𐤕	H4725	6	0.17		
𐤒𐤑𐤓𐤅𐤕	H7114	5	0.00		
𐤅𐤌𐤔𐤋𐤅	H4910	4	1.00	H4915	0.25
𐤄𐤀𐤅𐤌𐤓𐤉𐤌	H559	15	0.87		
𐤉𐤏𐤉𐤓𐤅	H5782	3	0.33		
𐤅𐤉𐤃𐤉𐤄𐤌	H3027	6	0.83		
𐤄𐤌𐤇𐤆𐤉𐤒𐤉𐤌	H2388	5	0.40		
𐤌𐤏𐤍𐤉𐤄𐤌	H6041	4	0.25	H4519	0.0
𐤁𐤇𐤓𐤐𐤅𐤕	H2778	5	0.80		
𐤄𐤌𐤔𐤐𐤇𐤄	H4940	16	0.88		
𐤊𐤇𐤍𐤅	H2583	3	0.33		
𐤌𐤅𐤕𐤍𐤅	H5414	6	0.83	H4191	0.8333333333333334
𐤅𐤒𐤓𐤍𐤉	H7161	3	0.33		
𐤅𐤍𐤄𐤐𐤊𐤅	H2015	3	0.33		
𐤅𐤔𐤋𐤌𐤅	H7999	5	0.20		
𐤅𐤓𐤀𐤉𐤕	H7200	3	0.67		
𐤊𐤏𐤓𐤊𐤌	H6186	4	0.75		
𐤉𐤊𐤋𐤊𐤋	H3557	4	1.00		
𐤌𐤍𐤄𐤋	H5095	5	0.20		
𐤌𐤔𐤌𐤔	H8121	3	0.67		
𐤅𐤒𐤃𐤔	H6942	3	0.33	H6944	0.6666666666666666
𐤁𐤓𐤇𐤁𐤉	H7339	3	0.00		
𐤄𐤊𐤋𐤉𐤋	H3632	3	0.33		
𐤉𐤎𐤅𐤃𐤅𐤕	H3245	20	0.40		
𐤁𐤋𐤉𐤌𐤃𐤄	H4058	3	0.00		
𐤄𐤒𐤉𐤑𐤅𐤕𐤉	H6974	5	0.00		
𐤌𐤔𐤍𐤕𐤉	H8142	4	0.50		
𐤀𐤋𐤌𐤕𐤅𐤔𐤋𐤇	H4968	6	0.17	H413	0.0
𐤄𐤍𐤐𐤋𐤀𐤉𐤌	H6381	10	1.00		
𐤀𐤋𐤕𐤎𐤅𐤓𐤅	H5493	3	0.67	H413	0.3333333333333333
𐤊𐤊𐤋𐤅𐤕𐤉	H3615	3	1.00		
𐤅𐤉𐤔𐤀𐤅𐤍𐤉	H7582	5	0.00		
𐤀𐤋𐤄𐤓𐤒𐤉𐤏	H7549	6	0.00	H413	0.16666666666666666
𐤅𐤉𐤓𐤀𐤅𐤍𐤉	H7200	6	0.17		
𐤌𐤏𐤅𐤐𐤐𐤉𐤌	H5774	3	1.00		
𐤄𐤈𐤋	H2919	8	0.12		
𐤅𐤁𐤐𐤕𐤇𐤌	H6607	3	1.00		
𐤋𐤂𐤍𐤏𐤃𐤍	H5731	3	0.00	H1588	0.3333333333333333
𐤅𐤊𐤏𐤉𐤍	H5869	3	1.00		
𐤌𐤀𐤉𐤓𐤉𐤌	H758	3	0.33		
𐤄𐤎𐤁𐤅	H5437	6	1.00		
𐤁𐤇𐤌𐤎𐤌	H2555	3	1.00		
𐤄𐤍𐤕𐤏𐤁𐤉𐤌	H8581	3	0.33		
𐤅𐤉𐤒𐤇𐤅𐤍𐤉	H3947	4	0.00		
𐤋𐤔𐤌𐤔	H8121	6	0.83		
𐤁𐤌𐤄𐤉𐤓𐤅𐤕	H4106	5	0.40		
𐤌𐤅𐤋𐤉𐤊𐤉𐤌	H4428	4	0.25		
𐤅𐤍𐤅𐤔𐤀𐤉𐤌	H5375	3	1.00		
𐤒𐤓𐤍𐤉𐤄𐤌	H7161	3	0.67		
𐤄𐤔𐤏𐤅𐤕	H8159	3	0.67		
𐤐𐤕𐤅𐤇𐤉𐤌	H6603	5	0.40		
𐤅𐤁𐤔𐤍𐤉	H8144	3	0.00	H8147	0.6666666666666666
𐤄𐤌𐤏𐤓𐤁	H6153	11	0.27	H4628	0.5454545454545454
𐤉𐤎𐤁𐤅	H5437	5	1.00		
𐤅𐤄𐤔𐤏𐤓𐤉𐤌	H7778	3	0.00	H8184	0.0
𐤁𐤔𐤔𐤉	H8345	3	1.00		
𐤁𐤔𐤌𐤉𐤍𐤉	H8081	4	0.00		
𐤅𐤄𐤔𐤋𐤉𐤌	H7944	3	0.00		
𐤏𐤅𐤁𐤓𐤕	H5678	4	0.00		
𐤅𐤂𐤃𐤋𐤌	H1432	3	0.67		
𐤄𐤏𐤉𐤓𐤉𐤌	H5892	3	0.33		
𐤔𐤐𐤈𐤌	H8201	3	0.00		
𐤊𐤃𐤉𐤍	H1779	36	0.19		
𐤄𐤎𐤅𐤐	H5488	7	0.00		
𐤁𐤃𐤌𐤅𐤕𐤌	H1823	4	0.50		
𐤄𐤊𐤅𐤕𐤁𐤉𐤌	H3789	6	0.67		
𐤊𐤓𐤅𐤁𐤉𐤌	H3742	5	0.60		
𐤋𐤕𐤀𐤓	H8389	9	0.67		
𐤅𐤊𐤋𐤑𐤁𐤀	H6635	3	0.00	H3605	0.3333333333333333
𐤂𐤃𐤅𐤃𐤉𐤌	H1416	23	0.96		
𐤃𐤒𐤉𐤌	H1851	3	0.67		
𐤍𐤎𐤅𐤂𐤉𐤌	H5472	3	0.67		
𐤎𐤓𐤉𐤌	H5493	3	0.67		
𐤅𐤏𐤅𐤔𐤉𐤌	H6213	14	0.86		
𐤌𐤊𐤎𐤉𐤌	H3680	5	0.80		
𐤌𐤏𐤌𐤃𐤉	H5978	4	0.00		
𐤅𐤏𐤌𐤃𐤕	H5975	3	0.67		
𐤅𐤉𐤏𐤌𐤉𐤃𐤍𐤉	H5975	4	0.50		
𐤔𐤀𐤉𐤍𐤄	H369	7	0.71		
𐤅𐤌𐤏𐤌𐤃	H4612	3	0.67		
𐤃𐤅𐤌𐤉𐤄	H1747	4	0.25		
𐤌𐤔𐤕𐤍𐤄	H5414	4	1.00		
𐤀𐤅𐤓𐤉𐤀𐤋	H222	9	0.11		
𐤄𐤏𐤍𐤍𐤉𐤌	H6051	3	0.67		
𐤄𐤌𐤆𐤉𐤍𐤉𐤌	H238	11	0.18		
𐤅𐤐𐤉𐤅	H6310	3	1.00		
𐤀𐤉𐤍𐤅	H335	87	0.18		
𐤊𐤕𐤁𐤕	H3789	6	0.00	H3793	0.0
𐤄𐤅𐤊𐤍𐤅	H3651	6	0.67		
𐤀𐤕𐤄𐤁𐤓𐤉𐤀𐤄	H1277	4	0.00	H853	0.0
𐤅𐤀𐤏𐤌𐤉𐤃	H5975	6	0.17		
𐤌𐤑𐤒	H3332	5	0.80		
𐤏𐤁𐤄	H5666	5	0.40		
𐤒𐤁𐤏𐤕𐤉	H6907	5	0.00		
𐤀𐤕𐤄𐤓𐤒𐤉𐤏	H7549	3	0.67	H853	0.3333333333333333
𐤄𐤁𐤓𐤒	H1301	6	0.00		
𐤇𐤃	H2298	5	0.40		
𐤌𐤀𐤁𐤍	H72	13	0.69	H68	0.7692307692307693
𐤌𐤔𐤌𐤓𐤅𐤕	H4931	11	0.64	H4930	0.0
𐤌𐤌𐤔𐤌𐤓	H4929	3	0.00		
𐤅𐤉𐤆𐤌	H5137	3	0.00		
𐤌𐤆𐤌𐤄	H4209	13	0.85		
𐤁𐤀𐤅𐤉𐤓	H216	5	0.40		
𐤌𐤆𐤉𐤍𐤉𐤌	H2109	28	0.07		
𐤇𐤃𐤅𐤔	H2320	4	0.75		
𐤌𐤆𐤋𐤅𐤕	H2149	3	0.00	H4208	0.6666666666666666
𐤔𐤌𐤅𐤕𐤉𐤄𐤌	H4194	12	0.25		
𐤌𐤀𐤁𐤍𐤉𐤌	H68	13	0.62		
𐤕𐤊𐤅𐤍𐤅𐤕	H8499	10	0.20		
𐤄𐤈𐤏𐤌	H2942	9	0.56		
𐤌𐤀𐤓𐤁𐤏𐤄	H702	4	0.75		
𐤁𐤓𐤑𐤅𐤍𐤉	H7522	9	0.89		
𐤒𐤋𐤋𐤕𐤉	H7045	3	0.67		
𐤄𐤍𐤓𐤀𐤅𐤕	H3372	4	0.50		
𐤇𐤅𐤆𐤓	H2386	3	0.00		
𐤄𐤉𐤇𐤉𐤃𐤄	H2420	4	0.00		
𐤅𐤏𐤅𐤁𐤃𐤉𐤌	H5744	3	0.00		
𐤋𐤌𐤔𐤐𐤇𐤄	H4940	6	0.83		
𐤑𐤁𐤀𐤅𐤕𐤉	H6635	3	0.67		
𐤀𐤇𐤓𐤅𐤍	H314	5	0.80		
𐤐𐤒𐤃𐤕𐤉	H6485	10	0.90		
𐤁𐤌𐤁𐤅𐤋	H3999	3	0.67		
𐤌𐤅𐤔𐤊𐤉𐤌	H7925	6	0.00		
𐤅𐤁𐤏𐤁𐤅𐤃𐤕	H5656	3	0.33		
𐤅𐤔𐤅𐤌𐤓𐤉	H8104	10	1.00		
𐤉𐤓𐤀𐤅𐤌	H7200	3	1.00		
𐤀𐤌𐤅𐤍𐤉𐤌	H529	24	0.08	H539	0.8333333333333334
𐤅𐤄𐤇𐤋𐤅	H2490	10	0.70		
𐤅𐤋𐤄𐤁𐤉𐤍	H995	5	1.00		
𐤅𐤀𐤉𐤌	H335	6	0.00		
𐤅𐤒𐤓	H7120	4	0.50	H7119	0.5
𐤌𐤀𐤉𐤓𐤅𐤕	H215	4	0.75		
𐤄𐤒𐤔𐤉𐤁𐤅	H7181	3	0.67		
𐤀𐤉𐤌	H335	6	0.00	H366	0.16666666666666666
𐤌𐤃𐤅𐤕𐤉	H4060	4	1.00		
𐤅𐤀𐤕𐤄𐤊𐤅𐤊𐤁𐤉𐤌	H3556	3	0.33	H853	0.6666666666666666
𐤓𐤔𐤌𐤕𐤉	H7560	3	0.00		
𐤄𐤇𐤃𐤔𐤉𐤌	H2320	9	0.44	H2319	0.1111111111111111
𐤅𐤇𐤒𐤅𐤕𐤉𐤄𐤌	H2708	3	0.67		
𐤅𐤀𐤁𐤃𐤅	H6	4	0.50		
𐤉𐤎𐤁𐤋𐤅	H5445	9	0.33		
𐤅𐤔𐤅𐤌𐤓𐤉𐤌	H4813	5	0.20		
𐤅𐤄𐤏𐤕𐤉𐤌	H6256	4	0.75		
𐤋𐤀𐤅𐤄𐤁𐤉𐤅	H157	9	0.89		
𐤅𐤌𐤁𐤉𐤀	H935	5	0.60		
𐤁𐤇𐤓𐤃𐤄	H2732	6	0.50		
𐤌𐤃𐤕𐤉	H4060	3	0.33	H4058	0.3333333333333333
𐤍𐤊𐤁𐤃𐤄	H3513	15	1.00		
𐤅𐤋𐤀𐤇𐤃	H259	8	1.00		
𐤁𐤉𐤍𐤕	H998	5	0.60	H996	0.8
𐤍𐤀𐤑𐤄	H5007	3	0.00		
𐤅𐤌𐤔𐤒𐤋	H4948	7	0.29		
𐤕𐤋𐤅𐤉𐤉𐤌	H8518	6	0.33		
𐤅𐤁𐤒𐤓𐤁	H7130	15	0.87		
𐤀𐤉𐤍𐤌𐤎𐤐𐤓	H4557	5	0.40	H369	0.8
𐤍𐤈𐤐𐤉	H5198	4	0.75		
𐤇𐤑𐤁	H2672	3	0.67		
𐤄𐤌𐤃𐤅𐤕	H4060	21	0.67		
𐤅𐤍𐤔𐤁𐤏	H7650	6	0.83	H7646	0.5
𐤋𐤊𐤋𐤍𐤐𐤔	H5315	4	0.75	H3605	0.75
𐤋𐤄𐤎𐤕𐤉𐤓	H5641	11	0.91		
𐤕𐤔𐤀𐤓𐤅	H7604	4	0.50		
𐤕𐤍𐤇𐤋𐤅	H5157	3	1.00		
𐤋𐤒𐤓𐤅𐤁	H7138	3	1.00		
𐤅𐤇𐤓𐤐	H2779	3	0.33		
𐤅𐤋𐤄𐤋𐤋	H1984	4	0.50		
𐤅𐤋𐤇𐤓𐤐	H2778	3	0.67		
𐤄𐤇𐤅𐤔𐤁	H2803	5	0.80		
𐤄𐤌𐤑𐤐𐤄	H4709	4	0.50	H7434	0.5
𐤄𐤒𐤃𐤌𐤅𐤍𐤉𐤌	H6931	6	0.83		
𐤅𐤀𐤁𐤅𐤕𐤉𐤅	H1	4	0.50		
𐤁𐤌𐤃𐤅𐤕	H4060	8	0.75		
𐤉𐤔𐤊𐤍𐤅	H7931	3	0.67	H5391	0.0
𐤄𐤓𐤅𐤑𐤉𐤌	H7323	14	0.50		
𐤅𐤉𐤏𐤔𐤌	H6213	3	1.00		
𐤅𐤄𐤎𐤉𐤓	H5493	3	1.00		
𐤌𐤏𐤌𐤋	H5999	13	0.54		
𐤁𐤎𐤁𐤋𐤅	H5447	4	0.00		
𐤆𐤌𐤍𐤅	H2165	7	0.86		
𐤀𐤓𐤅𐤍𐤄	H728	9	0.44		
𐤊𐤐𐤄	H3709	3	0.00	H3712	0.0
𐤒𐤁𐤏	H6959	23	0.00	H6906	0.08695652173913043
𐤀𐤕𐤄𐤏𐤕𐤉𐤌	H6256	3	1.00	H853	0.0
𐤇𐤈𐤀𐤉𐤅	H2398	4	1.00		
𐤅𐤄𐤈𐤅𐤁	H2896	4	0.75		
𐤀𐤅𐤄𐤁𐤉𐤌	H158	18	0.44		
𐤄𐤑𐤏𐤓	H6820	8	0.12		
𐤉𐤅𐤓𐤔𐤉𐤌	H3423	3	1.00		
𐤕𐤊𐤅𐤍𐤄	H3559	5	0.60	H8498	0.0
𐤄𐤉𐤃𐤅𐤏𐤉𐤌	H3045	5	0.80		
𐤅𐤉𐤐𐤓𐤔	H6566	3	0.33		
𐤍𐤉𐤓	H5216	35	0.00	H5215	0.0
𐤌𐤄𐤐𐤊𐤄	H2015	4	0.50	H4519	0.0
𐤏𐤋𐤀𐤍𐤔𐤉𐤌	H376	3	0.33	H5921	0.3333333333333333
𐤋𐤒𐤑	H7093	26	0.31		
𐤇𐤅𐤈𐤀𐤉𐤌	H2398	3	0.67		
𐤀𐤋𐤍𐤉𐤓	H5216	7	0.00	H413	0.0
𐤅𐤁𐤄𐤕𐤐𐤋𐤋𐤅	H6419	3	0.33		
𐤁𐤔𐤍𐤉𐤄	H8141	5	0.20		
𐤄𐤌𐤔𐤉𐤊	H4897	12	0.17		
𐤅𐤍𐤉𐤓	H5216	9	0.00		
𐤋𐤃𐤕𐤄	H3205	5	0.60		
𐤔𐤇𐤅𐤓𐤉𐤌	H2354	14	0.07		
𐤅𐤌𐤃𐤁𐤓	H1696	4	0.50	H1698	0.0
𐤄𐤔𐤇𐤅𐤓𐤉𐤌	H2354	18	0.06		
𐤅𐤌𐤋𐤊𐤉𐤑𐤃𐤒	H6664	4	0.00	H4428	0.0
𐤁𐤌𐤔𐤐𐤇𐤄	H4940	4	0.50		
𐤁𐤈𐤁𐤅𐤓	H2872	5	0.60		
𐤒𐤁𐤅𐤓𐤄	H6900	17	0.71		
𐤌𐤅𐤋𐤊	H4428	3	0.67		
𐤊𐤃𐤅𐤓	H1754	3	0.67		
𐤕𐤁𐤕	H8392	3	0.33		
𐤄𐤀𐤌𐤅𐤕	H571	5	0.20		
𐤁𐤍𐤍𐤓𐤉𐤄	H5374	4	0.00	H1121	1.0
𐤌𐤏𐤔𐤓𐤕	H6235	4	0.75		
𐤅𐤏𐤌𐤉	H5971	9	0.44		
𐤁𐤓𐤏𐤕	H7451	3	1.00		
𐤀𐤌𐤌𐤑𐤀𐤕𐤉	H4672	4	0.75	H518	0.25
𐤄𐤉𐤔𐤅𐤁	H7725	8	1.00		
𐤊𐤒𐤃𐤌	H6924	5	0.80		
𐤅𐤕𐤊𐤅𐤍𐤕	H3559	4	0.50		
𐤄𐤁𐤍𐤅𐤉	H1129	6	0.67		
𐤏𐤌𐤋𐤁𐤁𐤉	H3824	3	0.67	H5973	0.6666666666666666
𐤄𐤓𐤀𐤉𐤕𐤉𐤅	H7200	4	1.00		
𐤔𐤌𐤅𐤓𐤄	H3384	6	0.00		
𐤀𐤕𐤑𐤉𐤅𐤍	H6726	12	0.08	H853	0.16666666666666666
𐤀𐤋𐤍𐤇𐤋	H5158	3	1.00	H413	0.3333333333333333
𐤏𐤋𐤑𐤉𐤅𐤍	H6726	8	0.00	H5921	0.5
𐤅𐤍𐤀𐤍𐤇	H584	3	0.33		
𐤅𐤋𐤄𐤍𐤉𐤇	H5117	4	1.00		
𐤋𐤌𐤔𐤊𐤍	H4908	5	1.00		
𐤌𐤐𐤒𐤉𐤃	H6485	3	1.00		
𐤄𐤔𐤅𐤍𐤀𐤉𐤌	H8130	70	0.36		
𐤅𐤉𐤓𐤌𐤉𐤄𐤅	H3414	7	0.43		
𐤍𐤕𐤐𐤔	H8610	22	0.23		
𐤀𐤋𐤉𐤓𐤌𐤉𐤄	H3414	3	0.00	H413	1.0
𐤀𐤅𐤉𐤋𐤍𐤅	H436	3	0.33		
𐤄𐤀𐤊𐤓𐤉𐤌	H406	6	1.00		
𐤔𐤌𐤓𐤍𐤅	H8104	7	0.71		
𐤃𐤅𐤄	H1739	4	0.25		
𐤀𐤕𐤄𐤑𐤓𐤄	H6862	3	1.00	H853	0.6666666666666666
𐤁𐤀𐤓𐤊𐤅	H753	3	1.00		
𐤁𐤏𐤕𐤌	H6256	8	1.00		
𐤁𐤈𐤇𐤕𐤌	H2902	3	0.00		
𐤉𐤇𐤉𐤋𐤅	H2342	3	0.00		
𐤔𐤕𐤉𐤕𐤌	H8354	3	0.67		
𐤍𐤏𐤍𐤔𐤅	H6064	7	0.86		
𐤋𐤋𐤀𐤑𐤃𐤒	H6663	3	0.00		
𐤄𐤉𐤈𐤁𐤕𐤉	H2896	3	0.33		
𐤄𐤅𐤃𐤏𐤕𐤍𐤉	H3045	4	1.00	H3046	0.5
𐤄𐤁𐤈𐤇𐤕𐤌	H2902	4	0.00		
𐤉𐤅𐤑𐤓𐤍𐤅	H3335	3	0.00		
𐤀𐤃𐤁𐤓𐤄𐤍𐤀	H4994	4	1.00	H1696	1.0
𐤁𐤌𐤏𐤔𐤉𐤊	H4639	4	1.00		
𐤕𐤒𐤓𐤉𐤍𐤄	H7136	3	1.00		
𐤄𐤒𐤔𐤉𐤁𐤄	H7181	5	0.60		
𐤋𐤌𐤏𐤍𐤌	H6030	11	0.73		
𐤌𐤏𐤈𐤅𐤕	H4592	15	0.93		
𐤉𐤆𐤊𐤄	H2135	6	0.17		
𐤅𐤉𐤒𐤑𐤓	H7105	3	1.00		
𐤁𐤓𐤀𐤔𐤉𐤕𐤅	H7225	3	1.00		
𐤌𐤃𐤏𐤊	H3045	3	1.00		
𐤋𐤀𐤉𐤍𐤌𐤎𐤐𐤓	H4557	26	0.85	H369	0.5769230769230769
𐤄𐤏𐤌𐤃𐤅𐤕	H5975	3	0.67		
𐤉𐤔𐤍𐤌	H3465	13	0.15		
𐤔𐤍𐤄𐤐𐤊	H2015	3	1.00		
𐤉𐤑𐤋𐤉𐤇𐤅	H6743	9	0.78		
𐤉𐤇𐤋	H2490	5	0.80	H3176	0.8
𐤅𐤌𐤒𐤓𐤁	H7130	3	0.33		
𐤅𐤁𐤇𐤋𐤒	H2506	21	1.00		
𐤅𐤋𐤇𐤑	H2677	4	0.50		
𐤕𐤏𐤓𐤁𐤕	H6149	5	0.00		
𐤄𐤀𐤌𐤅𐤓𐤉𐤌	H559	17	0.65		
𐤉𐤔𐤀𐤓𐤅	H7604	19	0.95		
𐤅𐤌𐤃𐤕	H4060	4	0.75		
𐤔𐤁𐤏𐤅𐤕	H7620	3	0.67	H7621	0.3333333333333333
𐤌𐤇𐤋𐤒𐤉	H2505	3	0.67		
𐤉𐤇𐤔𐤅	H2814	3	0.33		
𐤁𐤇𐤋𐤒𐤉𐤌	H2506	3	1.00		
𐤀𐤔𐤊𐤋𐤅𐤕	H811	5	1.00		
𐤋𐤁𐤅𐤀𐤅	H935	4	1.00		
𐤔𐤅𐤌𐤌𐤅𐤕	H4194	3	0.33		
𐤅𐤀𐤇𐤓𐤉𐤕𐤍	H319	3	0.67		
𐤅𐤄𐤕𐤊𐤅𐤍𐤍	H3559	6	0.83		
𐤌𐤁𐤅𐤏𐤉	H4002	3	1.00		
𐤀𐤕𐤀𐤁𐤋	H60	3	1.00	H853	0.0
𐤍𐤓𐤃𐤌𐤕𐤉	H7290	3	0.00		
𐤔𐤕𐤅𐤋	H8362	3	1.00		
𐤁𐤁𐤒𐤏𐤄	H1237	7	1.00		
𐤎𐤋𐤏𐤉𐤌	H5553	8	0.50		
𐤄𐤔𐤕𐤓𐤏	H7489	6	0.33	H8311	0.16666666666666666
𐤅𐤌𐤌𐤅𐤋𐤅	H4136	3	0.33		
𐤅𐤓𐤅𐤌	H7312	3	1.00		
𐤅𐤄𐤌𐤏𐤉𐤍	H4599	3	1.00		
𐤁𐤔𐤋𐤅𐤄	H7962	6	0.67		
𐤄𐤀𐤓𐤆	H730	4	1.00		
𐤁𐤌𐤑𐤅𐤒𐤄	H6695	5	0.80		
𐤅𐤕𐤅𐤎𐤉𐤐	H3254	3	1.00		
𐤅𐤒𐤔𐤉𐤌	H7186	7	0.43		
𐤄𐤇𐤓𐤉𐤁𐤄	H2724	5	0.20		
𐤓𐤁𐤉𐤏𐤉𐤕	H7243	6	0.67	H7244	0.6666666666666666
𐤅𐤌𐤋𐤊𐤄	H4435	3	0.67		
𐤂𐤃𐤋𐤉𐤌	H1419	4	0.75	H1434	0.0
𐤅𐤍𐤂𐤋𐤕𐤄	H1540	3	1.00		
𐤓𐤀𐤔𐤅𐤕	H7225	4	1.00		
𐤌𐤍𐤄𐤉𐤏𐤓	H3293	4	0.75	H4480	0.25
𐤅𐤏𐤓𐤊	H6186	12	0.75	H6187	0.25
𐤋𐤏𐤉𐤍𐤉𐤅	H5869	6	1.00		
𐤔𐤋𐤈𐤅𐤍𐤅	H7980	22	0.95		
𐤐𐤔𐤓𐤅	H6591	4	1.00		
𐤅𐤄𐤕𐤁𐤅𐤍𐤍	H995	5	1.00		
𐤅𐤏𐤅𐤁𐤓	H5674	3	1.00		
𐤁𐤉𐤓𐤀𐤕𐤅	H1254	4	0.00		
𐤁𐤓𐤏𐤅𐤕	H7451	13	1.00		
𐤉𐤓𐤔𐤕	H3423	9	0.89	H3425	0.2222222222222222
𐤄𐤁𐤉𐤍𐤄	H996	7	0.71		
𐤍𐤌𐤑𐤀𐤉𐤌	H4672	30	0.87		
𐤅𐤄𐤀𐤌𐤍𐤌	H552	6	0.00		
𐤅𐤋𐤎𐤅𐤓	H5493	5	0.60		
𐤊𐤉𐤓𐤀𐤕	H7200	3	1.00		
𐤅𐤀𐤑𐤅𐤌	H6684	3	1.00		
𐤀𐤋𐤔𐤃𐤉	H7706	4	0.00	H413	0.75
𐤄𐤏𐤅𐤋𐤌𐤅𐤕	H5769	3	1.00		
𐤄𐤏𐤅𐤁𐤓	H5680	7	0.00		
𐤌𐤊𐤉𐤍	H3559	7	1.00		
𐤆𐤅𐤊𐤓	H2145	5	0.40		
𐤕𐤐𐤋𐤕𐤉	H8605	5	0.60		
𐤅𐤁𐤆𐤌𐤍	H2165	8	0.62		
𐤅𐤀𐤑𐤋𐤊	H5337	3	0.00		
𐤊𐤃𐤓𐤅𐤕	H1755	3	0.00		
𐤍𐤔𐤌𐤏𐤅	H8085	8	1.00		
𐤃𐤅𐤓𐤔𐤕	H1875	3	0.67		
𐤋𐤐𐤍𐤉𐤊𐤍	H6440	6	1.00		
𐤅𐤏𐤁𐤓𐤅	H5674	9	0.89		
𐤄𐤍𐤁𐤅𐤍𐤉𐤌	H995	8	0.88		
𐤉𐤇𐤓𐤉𐤔𐤅	H2790	3	1.00		
𐤅𐤍𐤄𐤐𐤊	H2015	3	1.00		
𐤅𐤉𐤐𐤉	H3308	3	0.33		
𐤁𐤏𐤁𐤓𐤕	H5678	3	0.33		
𐤅𐤏𐤅𐤓𐤓𐤅	H5782	3	0.00		
𐤁𐤀𐤇𐤓𐤅𐤍𐤄	H314	20	0.85		
𐤋𐤌𐤏𐤔𐤄𐤅	H4639	5	0.80		
𐤋𐤍𐤇𐤔	H5175	3	0.33		
𐤌𐤒𐤁𐤋𐤕	H6901	3	0.67		
𐤄𐤉𐤅𐤃𐤏𐤉𐤌	H3045	11	1.00		
𐤄𐤁𐤈𐤇	H982	6	0.17		
𐤅𐤌𐤒𐤁𐤋	H6903	3	1.00		
𐤄𐤕𐤓𐤅𐤌𐤌𐤅	H7311	7	0.57		
𐤅𐤄𐤔𐤕𐤍𐤅	H8352	4	0.00		
𐤓𐤀𐤅𐤄	H7200	3	1.00		
𐤉𐤌𐤎𐤅	H4549	3	0.67		
𐤋𐤏𐤍𐤅𐤉𐤌	H5869	3	1.00		
𐤅𐤄𐤁𐤉𐤍𐤄	H998	7	0.71		
𐤔𐤏𐤕𐤄	H8160	3	0.00		
𐤋𐤊𐤅𐤊𐤁𐤉𐤌	H3556	5	1.00		
𐤋𐤄𐤅𐤃	H1935	4	1.00		
𐤓𐤇𐤁𐤉	H7338	3	0.67	H7342	1.0
𐤓𐤅𐤌𐤌𐤅𐤕	H7319	8	0.38		
𐤌𐤑𐤐𐤉𐤌	H6823	8	0.25		
𐤄𐤌𐤑𐤅𐤒𐤅𐤕	H4690	3	0.00		
𐤌𐤑𐤅𐤒𐤅𐤕	H3332	5	0.20	H4691	0.2
𐤔𐤅𐤍𐤀𐤉𐤊𐤌	H8130	5	0.20		
𐤅𐤁𐤌𐤓𐤀𐤄	H4758	3	0.67		
𐤀𐤕𐤊𐤋𐤄𐤀𐤓𐤑	H776	4	1.00	H3605	0.75
𐤄𐤉𐤅𐤓𐤃𐤉𐤌	H3381	4	1.00		
𐤁𐤄𐤉𐤓𐤉𐤌	H2022	4	0.25		
𐤁𐤏𐤕𐤉𐤌	H6256	6	1.00		
𐤄𐤌𐤂𐤋𐤄	H4039	4	0.00		
𐤅𐤕𐤄𐤋𐤄	H8416	11	0.27		
𐤋𐤕𐤍𐤅𐤕	H8567	4	0.50	H8568	0.0
𐤁𐤓𐤉𐤀𐤕𐤅	H1254	3	0.00		
𐤁𐤋𐤁𐤊𐤌	H3820	4	1.00		
𐤃𐤇𐤅	H1760	7	0.43		
𐤇𐤅𐤔𐤁	H2803	71	0.89		
𐤕𐤌𐤄𐤅𐤍	H8539	10	0.80	H8541	0.4
𐤋𐤄𐤂𐤉𐤃𐤋𐤊	H5046	5	0.80		
𐤅𐤌𐤀𐤋𐤄	H428	11	0.82	H423	0.0
𐤄𐤇𐤔𐤊𐤉𐤌	H2823	4	0.00		
𐤍𐤊𐤕𐤁𐤄	H3789	6	0.17		
𐤍𐤏𐤔𐤉𐤌	H6213	8	1.00		
𐤍𐤅𐤋𐤃𐤄	H3205	10	1.00		
𐤄𐤁𐤄𐤉𐤓𐤉𐤌	H3384	11	0.91		
𐤄𐤔𐤋𐤉𐤔𐤉𐤌	H7970	3	0.00		
𐤅𐤀𐤄𐤓𐤍	H175	4	0.25		
𐤁𐤕𐤁𐤍𐤉𐤕	H8403	5	0.80		
𐤄𐤓𐤀𐤄𐤅	H7200	3	1.00		
𐤄𐤏𐤍𐤅𐤉	H5869	5	0.60		
𐤄𐤁𐤓𐤒𐤉𐤌	H1300	4	0.50		
𐤅𐤌𐤔𐤌𐤓𐤅𐤕	H4931	3	0.33		
𐤅𐤇𐤋𐤉𐤐𐤅𐤕	H2487	3	0.00		
𐤅𐤔𐤒𐤈	H8252	4	0.25	H8253	0.5
𐤅𐤄𐤌𐤒𐤅𐤌𐤅𐤕	H4725	3	0.67		
𐤏𐤋𐤄𐤏𐤌𐤉𐤌	H5971	3	0.67	H5921	1.0
𐤅𐤄𐤁𐤓𐤊𐤄	H1293	3	0.33		
𐤄𐤕𐤓𐤂𐤆	H7264	10	0.70		
𐤄𐤔𐤁𐤈	H7626	30	0.90		
𐤍𐤇𐤋𐤑	H2502	5	0.80		
𐤅𐤉𐤄𐤓𐤎	H2040	12	0.75		
𐤄𐤑𐤋𐤌	H5337	12	0.75		
𐤅𐤄𐤌𐤏𐤈	H4592	3	0.33		
𐤄𐤃𐤅𐤌𐤉𐤌	H1818	8	0.38		
𐤄𐤍𐤊𐤁𐤃𐤅𐤕	H3513	4	0.75		
𐤍𐤊𐤁𐤔𐤄	H3533	15	0.53		
𐤋𐤇𐤓𐤐𐤅𐤕	H2781	4	0.75		
𐤏𐤆𐤅𐤁𐤄	H5800	7	0.43	H5805	0.5714285714285714
𐤓𐤌𐤅𐤕	H7311	9	0.67	H7411	0.6666666666666666
𐤉𐤍𐤑𐤋𐤅	H5337	3	0.67		
𐤍𐤇𐤔𐤁𐤅	H2803	23	0.78		
𐤋𐤌𐤀𐤅𐤌𐤄	H3972	6	0.50		
𐤋𐤏𐤌𐤉𐤌	H5971	9	0.78		
𐤅𐤄𐤍𐤌𐤋𐤈	H4422	3	0.33		
𐤋𐤄𐤔𐤀𐤓	H7605	57	0.46		
𐤅𐤌𐤇𐤋𐤄	H4244	3	0.33		
𐤅𐤇𐤓𐤐𐤅𐤕	H2781	4	0.75		
𐤉𐤉𐤏𐤐𐤅	H3286	3	0.67		
𐤀𐤅𐤌𐤉	H4310	5	0.00	H176	0.0
𐤌𐤍𐤄𐤉𐤋𐤅𐤃𐤉𐤌	H3205	3	0.67	H4480	0.3333333333333333
𐤋𐤅𐤉𐤄	H3880	4	0.00		
𐤍𐤒𐤓𐤀𐤉𐤌	H7121	13	0.92		
𐤅𐤋𐤒𐤑	H7093	6	0.67		
𐤍𐤇𐤓𐤁	H2717	4	0.50		
𐤕𐤇𐤆𐤒	H2388	4	0.75		
𐤅𐤄𐤌𐤏𐤉𐤍𐤅𐤕	H4599	3	1.00		
𐤔𐤅𐤕𐤉𐤌	H8147	6	0.67	H8354	0.6666666666666666
𐤍𐤆𐤄𐤓𐤉𐤌	H2094	6	0.17		
𐤍𐤔𐤓	H5404	10	1.00	H5403	1.0
𐤁𐤄𐤁𐤉𐤀𐤌	H935	3	1.00		
𐤒𐤔𐤅𐤓𐤉𐤌	H7194	3	0.67		
𐤁𐤒𐤔𐤓	H7195	8	0.50		
𐤋𐤈𐤅𐤁𐤕𐤊𐤌	H2896	5	1.00		
𐤁𐤂𐤋𐤋𐤌	H1558	9	0.67		
𐤄𐤁𐤑𐤅𐤓𐤄	H1219	6	1.00		
𐤄𐤇𐤆𐤒𐤅𐤕	H2388	4	1.00		
𐤄𐤄𐤓𐤅𐤎𐤄	H2040	3	0.33		
𐤋𐤍𐤇𐤌𐤍𐤉	H5162	4	1.00		
𐤀𐤕𐤏𐤑𐤁	H6089	3	0.00	H853	0.3333333333333333
𐤉𐤍𐤒𐤌	H5358	7	0.86		
𐤅𐤒𐤓𐤅𐤁𐤉𐤌	H7138	3	1.00		
𐤌𐤊𐤇𐤔𐤉𐤌	H3586	3	0.00		
𐤅𐤐𐤒𐤃	H6485	18	0.94		
𐤂𐤅𐤋𐤉𐤌	H1556	3	0.67		
𐤕𐤄𐤐𐤊	H2015	8	1.00		
𐤏𐤋𐤅𐤌𐤉𐤌	H4325	6	0.00	H5921	1.0
𐤅𐤋𐤁𐤋𐤉	H1097	9	0.67		
𐤅𐤃𐤌𐤌𐤄	H1827	4	0.50		
𐤅𐤋𐤏𐤍𐤔	H6065	4	0.00		
𐤍𐤀𐤌𐤍𐤅𐤕	H539	5	0.60		
𐤅𐤆𐤊𐤓𐤕𐤌	H2142	5	1.00		
𐤂𐤌𐤀𐤕𐤆𐤀𐤕	H2063	4	0.25	H853	0.5
𐤍𐤋𐤒𐤇𐤄	H3947	9	0.56		
𐤀𐤏𐤉𐤃	H3259	4	0.75	H5749	0.75
𐤌𐤀𐤓𐤉𐤊	H748	4	0.75		
𐤋𐤇𐤅𐤁𐤄	H2327	4	0.50		
𐤋𐤃𐤓𐤊𐤉𐤌	H1870	3	1.00		
𐤋𐤕𐤐𐤋𐤄	H8605	4	1.00		
𐤋𐤁𐤒𐤔𐤅𐤕	H7186	5	0.00		
𐤉𐤃𐤉𐤏𐤄	H3045	9	1.00		
𐤁𐤒𐤓𐤀𐤊𐤌	H7121	3	0.67		
𐤁𐤔𐤋𐤔𐤉𐤌	H7970	3	0.67	H7992	1.0
𐤔𐤌𐤌𐤕	H8034	4	0.75		
𐤅𐤔𐤐𐤏𐤕	H8229	3	0.67		
𐤅𐤌𐤔𐤐𐤇𐤅𐤕	H4940	3	1.00		
𐤏𐤋𐤉𐤅𐤔𐤁𐤉	H3427	4	1.00	H5921	0.75
𐤐𐤒𐤃𐤕𐤌	H6486	3	0.67	H6485	0.6666666666666666
𐤄𐤎𐤉𐤓𐤅𐤕	H5518	11	0.00		
𐤅𐤉𐤀𐤔𐤌	H816	4	0.75		
𐤄𐤔𐤓𐤔	H8328	11	0.91		
𐤌𐤉𐤈𐤉𐤁𐤉𐤌	H3190	3	1.00		
𐤄𐤔𐤋𐤔𐤉𐤌	H7970	4	1.00	H7992	0.75
𐤋𐤄𐤓𐤀𐤅𐤕𐤊	H7200	3	0.67		
𐤌𐤃𐤅𐤓𐤅𐤕	H1752	8	0.25		
𐤔𐤁𐤉𐤋𐤉𐤌	H7641	3	0.33		
𐤅𐤋𐤓𐤅𐤇	H7307	5	0.60		
𐤁𐤋𐤏𐤃𐤉𐤄𐤌	H5707	3	0.00		
𐤋𐤄𐤊𐤉𐤋	H3557	6	0.83	H398	0.3333333333333333
𐤄𐤏𐤋𐤉𐤅𐤍𐤉𐤌	H5945	6	0.83		
𐤄𐤅𐤐𐤓𐤄	H6510	5	0.00		
𐤍𐤅𐤓𐤏	H7489	4	1.00		
𐤅𐤉𐤏𐤍𐤌	H6031	3	1.00	H6030	1.0
𐤌𐤋𐤀𐤍𐤅	H4390	5	1.00		
𐤁𐤂𐤋𐤋𐤍𐤅	H1558	4	1.00		
𐤄𐤍𐤔𐤌𐤅𐤕	H8074	10	0.40		
𐤀𐤌𐤍𐤀	H4994	5	0.60	H518	0.2
𐤊𐤏𐤁𐤓	H5674	4	1.00		
𐤅𐤊𐤏𐤁𐤅𐤓	H5674	26	0.77		
𐤔𐤐𐤏𐤕	H8229	15	0.67		
𐤅𐤍𐤔𐤀𐤓𐤅	H7604	15	0.67		
𐤋𐤐𐤍𐤉𐤌𐤊𐤍	H3651	4	0.50	H6440	1.0
𐤋𐤀𐤓𐤊	H753	19	0.47	H750	0.3157894736842105
𐤌𐤅𐤔𐤋𐤕	H4910	7	1.00		
𐤅𐤑𐤌𐤕	H6770	3	0.00		
𐤔𐤍𐤅𐤑𐤓𐤅	H5341	3	0.67		
𐤊𐤁𐤔𐤄	H7716	6	0.50	H3535	0.3333333333333333
𐤁𐤉𐤃𐤉𐤊	H3027	4	1.00		
𐤅𐤋𐤇𐤒𐤓	H2713	3	0.67		
𐤋𐤓𐤀𐤔𐤅𐤍𐤉𐤌	H7223	3	1.00		
𐤋𐤌𐤄𐤓	H4116	42	0.83	H4122	0.47619047619047616
𐤅𐤒𐤓𐤁𐤄	H7126	3	1.00		
𐤁𐤒𐤅𐤌𐤄	H6965	3	0.67	H6967	0.6666666666666666
𐤆𐤒𐤍𐤄	H2209	6	0.83	H2204	0.6666666666666666
𐤅𐤄𐤅𐤃𐤏𐤕	H1847	6	0.00	H3045	0.6666666666666666
𐤉𐤕𐤊𐤅𐤍𐤍	H3559	4	0.75		
𐤀𐤇𐤋	H2490	8	1.00		
𐤅𐤏𐤅𐤋𐤋𐤉𐤌	H5768	4	0.75		
𐤏𐤅𐤋𐤋𐤉𐤄𐤍	H5768	3	1.00		
𐤉𐤐𐤇𐤃𐤅	H6342	6	1.00		
𐤊𐤀𐤅𐤉𐤁𐤉𐤌	H341	3	0.33		
𐤅𐤇𐤓𐤃𐤄	H2731	7	0.71		
𐤄𐤅𐤋𐤃𐤌	H3206	3	0.67		
𐤅𐤍𐤓𐤀𐤕𐤄	H7200	3	1.00		
𐤋𐤀𐤈𐤅	H328	3	0.00		
𐤋𐤄𐤅𐤃𐤉𐤏𐤊	H3045	6	1.00		
𐤅𐤋𐤀𐤌𐤓	H559	6	1.00		
𐤋𐤄𐤒𐤅𐤕	H6957	4	0.00		
𐤉𐤁𐤓𐤀	H1254	3	0.00		
𐤌𐤆𐤅	H2098	8	0.12		
𐤔𐤌𐤕𐤅	H4191	5	0.80	H7760	0.8
𐤉𐤃𐤉𐤃	H3039	7	0.14		
𐤁𐤋𐤉𐤋𐤅𐤕	H3915	5	1.00		
𐤅𐤓𐤁𐤉	H7227	3	1.00		
𐤕𐤋𐤀𐤅𐤕	H3811	15	0.00		
𐤓𐤇𐤁𐤉𐤌	H7341	5	0.60		
𐤅𐤉𐤏𐤑𐤅	H3289	7	0.43		
𐤁𐤆𐤅	H962	28	0.50	H936	0.5357142857142857
𐤅𐤌𐤏𐤔𐤉𐤅	H4639	4	0.50		
𐤄𐤔𐤓𐤉𐤃𐤉𐤌	H8300	3	0.67		
𐤄𐤐𐤒𐤃𐤅	H6485	4	1.00		
𐤅𐤀𐤓𐤊𐤀𐤐𐤉𐤌	H639	3	0.33	H753	0.3333333333333333
𐤅𐤍𐤔𐤀𐤓	H7604	9	0.78		
𐤅𐤌𐤍𐤅𐤇𐤄	H4496	3	0.33		
𐤅𐤋𐤓𐤁𐤉𐤌	H7227	6	1.00		
𐤅𐤄𐤍𐤇𐤔𐤕	H5178	3	0.33		
𐤄𐤍𐤒𐤋𐤄	H7043	3	0.33		
𐤁𐤃𐤏𐤕𐤊	H1847	3	0.33		
𐤁𐤏𐤍𐤅𐤉𐤉𐤌	H5879	9	0.00		
𐤄𐤔𐤊𐤓	H7941	9	0.33		
𐤁𐤃𐤌𐤌𐤄	H1827	4	0.50		
𐤋𐤌𐤔𐤐𐤈𐤅	H4941	3	0.67		
𐤁𐤊𐤐𐤌	H6433	15	0.00		
𐤍𐤔𐤌𐤅𐤕	H8074	8	0.25	H5397	0.875
𐤄𐤑𐤐𐤅𐤉	H6687	3	0.00		
𐤁𐤔𐤒𐤈	H8252	7	0.86		
𐤅𐤄𐤏𐤌𐤋	H5999	4	0.75		
𐤍𐤇𐤋𐤑𐤅	H2502	6	0.50		
𐤅𐤌𐤄𐤓𐤅	H4116	20	0.60		
𐤄𐤏𐤍𐤅𐤉𐤉𐤌	H6035	4	0.50		
𐤋𐤍𐤔𐤌𐤅𐤕	H8074	3	0.00		
𐤍𐤌𐤓𐤑	H4834	6	0.00		
𐤅𐤇𐤆𐤒𐤉𐤄𐤅	H2396	4	0.50		
𐤋𐤏𐤍𐤔	H6065	17	0.00		
𐤁𐤃𐤓𐤊𐤉𐤌	H1870	13	0.85		
𐤇𐤔𐤊𐤉𐤌	H2823	6	0.17	H2825	0.0
𐤁𐤏𐤔𐤅𐤕𐤍𐤅	H6213	3	0.67		
𐤉𐤀𐤓𐤉𐤊	H748	9	0.67	H2975	0.1111111111111111
𐤇𐤎𐤃𐤉𐤌	H2623	6	0.50	H2617	0.6666666666666666
𐤄𐤔𐤊𐤋	H7919	9	1.00		
𐤊𐤓𐤇𐤌	H7358	3	0.33	H7355	1.0
𐤍𐤑𐤓𐤊	H5341	3	1.00		
𐤅𐤕𐤅𐤊𐤉𐤇𐤄𐤅	H8433	3	0.67		
𐤐𐤒𐤃𐤕𐤅	H6486	11	0.91		
𐤋𐤕𐤇𐤍𐤅𐤍𐤉	H8469	3	0.67		
𐤇𐤍𐤅𐤍	H2587	6	0.00	H2603	1.0
𐤊𐤀𐤊𐤓	H406	3	1.00		
𐤋𐤍𐤌𐤑𐤀𐤉𐤌	H4672	3	1.00		
𐤄𐤔𐤐𐤋𐤕	H8214	3	0.00		
𐤔𐤐𐤏	H8228	23	0.26		
𐤄𐤀𐤅𐤁𐤃𐤉𐤌	H6	3	1.00		
𐤄𐤇𐤐𐤔	H2665	9	0.00		
𐤑𐤌𐤀𐤅𐤍	H6770	6	0.67	H6774	0.6666666666666666
𐤌𐤁𐤅𐤊𐤕	H1058	7	0.57	H3998	0.0
𐤍𐤎𐤉𐤊𐤉𐤌	H5257	3	0.00		
𐤔𐤅𐤌𐤌𐤉𐤌	H8074	5	0.80		
𐤄𐤌𐤅𐤊𐤍	H3651	4	1.00		
𐤅𐤔𐤋𐤇𐤍	H7979	3	0.67		
𐤀𐤅𐤁𐤃	H6	12	0.92		
𐤌𐤀𐤊𐤋𐤌	H398	6	0.83	H4519	0.0
𐤅𐤀𐤏𐤆𐤁	H5800	3	0.33		
𐤔𐤊𐤁𐤕𐤉	H7901	3	1.00		
𐤁𐤓𐤂𐤆	H7267	3	0.67	H7266	0.6666666666666666
𐤏𐤋𐤑𐤓𐤕	H6869	3	0.67	H5921	0.0
𐤍𐤄𐤓𐤎	H2040	10	0.50		
𐤔𐤃𐤃	H7703	4	1.00		
𐤍𐤔𐤁𐤅	H7617	8	0.88	H3427	0.875
𐤆𐤏𐤄	H2113	3	0.67		
𐤕𐤏𐤆𐤁𐤍𐤉	H5800	3	1.00		
𐤎𐤐𐤓𐤄	H5611	7	0.00	H5608	0.5714285714285714
𐤀𐤒𐤓𐤄	H7136	3	0.33		
𐤂𐤃𐤋𐤕𐤅	H1431	4	1.00		
𐤇𐤓𐤁𐤍	H2719	11	0.82		
𐤉𐤐𐤉𐤄	H3308	14	0.71		
𐤒𐤈𐤍𐤅𐤕	H6996	14	0.86		
𐤅𐤆𐤏𐤉𐤓𐤅𐤕	H2191	3	1.00		
𐤄𐤕𐤉𐤊𐤅𐤍	H2694	3	0.00		
𐤋𐤊𐤍𐤐𐤉𐤅	H3671	4	1.00		
𐤄𐤊𐤍𐤐𐤉𐤌	H3671	9	1.00		
𐤁𐤌𐤋𐤊𐤄	H3212	3	1.00	H4436	0.3333333333333333
𐤅𐤕𐤏𐤋𐤌	H5927	5	0.40		
𐤄𐤔𐤒𐤈𐤉𐤌	H8252	7	0.71		
𐤁𐤌𐤒𐤅𐤌𐤍	H4725	3	1.00		
𐤄𐤍𐤏𐤉𐤓𐤅𐤕	H5296	4	0.00		
𐤅𐤋𐤄𐤇𐤆𐤉𐤒	H2388	5	0.80		
𐤅𐤀𐤇𐤓𐤉𐤄	H310	8	1.00		
𐤋𐤄𐤏𐤋𐤌	H5769	3	1.00		
𐤄𐤔𐤕𐤉𐤌	H8354	6	0.67		
𐤄𐤕𐤏𐤅𐤓𐤓	H5782	13	0.23		
𐤍𐤎𐤁	H5437	3	1.00		
𐤒𐤋𐤄	H6963	15	0.20	H7031	0.0
𐤍𐤔𐤓𐤐𐤄	H8313	6	0.33		
𐤇𐤒𐤓𐤕	H2714	3	0.33	H2713	0.3333333333333333
𐤆𐤊𐤉𐤕𐤉	H2135	4	0.25		
𐤋𐤃𐤍𐤉𐤀𐤋	H1841	7	0.71	H1840	0.7142857142857143
𐤉𐤌𐤔𐤋	H4910	4	1.00	H4911	0.0
𐤌𐤇𐤁𐤓𐤅𐤕	H4225	3	0.00	H4226	0.3333333333333333
𐤌𐤌𐤔𐤋	H4474	5	0.20	H4911	0.2
𐤀𐤇𐤓𐤉𐤕𐤄	H319	3	0.33		
𐤄𐤒𐤑𐤓𐤄	H7114	3	0.67		
𐤌𐤒𐤋𐤈	H4733	3	0.00		
𐤌𐤒𐤃𐤔𐤊𐤌	H6942	5	1.00		
𐤅𐤉𐤕𐤏𐤓𐤁𐤅	H6148	3	0.67		
𐤋𐤍𐤔𐤀𐤓𐤉𐤌	H7604	3	1.00		
𐤁𐤄𐤕𐤁𐤅𐤍𐤍𐤌	H995	4	1.00		
𐤊𐤋𐤉𐤌𐤋𐤇𐤌𐤄	H4421	4	0.75	H3627	0.5
𐤅𐤄𐤂𐤉𐤏𐤅	H5060	8	0.88		
𐤓𐤀𐤉𐤕𐤅	H7200	3	1.00		
𐤂𐤋𐤅	H1540	22	0.95	H1556	0.7272727272727273
𐤄𐤌𐤁𐤅𐤀𐤅𐤕	H3996	4	0.50		
𐤁𐤌𐤏𐤉𐤍𐤅𐤕	H5869	3	0.33	H4519	0.0
𐤅𐤏𐤑𐤓	H6113	6	0.83	H6115	0.16666666666666666
𐤍𐤊𐤁𐤃𐤅𐤕	H3513	4	1.00		
𐤅𐤀𐤓𐤁	H693	3	0.33	H7235	1.0
𐤄𐤓𐤐𐤄	H7503	8	0.75	H7495	0.625
𐤄𐤑𐤃𐤄	H6720	23	0.13		
𐤌𐤄𐤉𐤓𐤉𐤌	H3384	8	0.50		
𐤁𐤓𐤅𐤇𐤊𐤌	H7307	4	0.50		
𐤅𐤆𐤊𐤓𐤅𐤍	H2146	4	0.75		
𐤊𐤅𐤕𐤁𐤉𐤌	H3789	3	0.67		
𐤅𐤍𐤄𐤓	H5104	3	0.67		
𐤀𐤁𐤕𐤉𐤍𐤅	H1	3	1.00		
𐤅𐤌𐤐𐤀𐤓	H6287	4	0.00		
𐤐𐤔𐤏𐤍𐤅	H6586	3	1.00		
𐤌𐤓𐤏𐤉	H7451	9	0.89	H4829	0.2222222222222222
𐤋𐤊𐤁𐤔𐤍	H3532	3	0.33		
𐤔𐤋𐤔𐤕𐤌	H7969	3	1.00		
𐤅𐤌𐤓𐤅𐤌𐤌	H7311	3	1.00	H7313	0.0
𐤄𐤋𐤋𐤅𐤄𐤅	H1984	32	1.00		
𐤅𐤓𐤅𐤌𐤌𐤅𐤄𐤅	H7311	31	1.00		
𐤄𐤌𐤏𐤉𐤍𐤅𐤕	H4599	5	0.40		
𐤏𐤕𐤉𐤒𐤄	H6275	9	0.33		
𐤔𐤅𐤍𐤄	H8138	7	0.71		
𐤌𐤅𐤑𐤀𐤅	H4161	5	1.00		
𐤌𐤔𐤐𐤇𐤕𐤉	H4940	4	0.75		
𐤐𐤔𐤅𐤈𐤉𐤌	H6584	5	0.20		
𐤌𐤂𐤆𐤏	H1503	12	0.33		
𐤁𐤌𐤔𐤊	H4900	42	0.86		
𐤄𐤌𐤊𐤅𐤍𐤄	H4350	20	0.00		
𐤁𐤊𐤄𐤅𐤍𐤄	H3238	7	0.29		
𐤋𐤔𐤋𐤈𐤅𐤍	H7983	9	0.00		
𐤔𐤋𐤔𐤋𐤕	H5394	5	0.00		
𐤄𐤉𐤇𐤔	H3188	5	0.60		
𐤉𐤄𐤉𐤍𐤅	H1961	4	0.75		
𐤁𐤉𐤇𐤃	H3162	18	0.83		
𐤌𐤄𐤅𐤋𐤋	H1984	6	0.83		
𐤄𐤊𐤕𐤅𐤕	H3807	6	0.00		
𐤔𐤏𐤅𐤃	H5750	4	1.00		
𐤄𐤉𐤃𐤉𐤏𐤄	H3046	9	1.00		
𐤌𐤏𐤑𐤌𐤌	H6106	3	0.67		
𐤌𐤐𐤒𐤇	H6491	4	0.50		
𐤁𐤀𐤎𐤅𐤍𐤌	H611	3	0.33		
𐤅𐤀𐤄𐤅𐤁	H157	9	0.89		
𐤍𐤉𐤓𐤅𐤍	H5214	53	0.19		
𐤍𐤎𐤉𐤕𐤉	H5254	3	0.33		
𐤋𐤔𐤊𐤊	H7753	11	0.27		
𐤔𐤅𐤀𐤐𐤉	H639	3	1.00		
𐤌𐤅𐤋𐤃𐤕𐤌	H4138	15	1.00		
𐤕𐤒𐤐𐤄	H8624	16	0.06	H8631	0.125
𐤄𐤔𐤅𐤃𐤃𐤉𐤌	H7703	57	0.89		
𐤋𐤏𐤑𐤅𐤓	H6113	40	0.82		
𐤑𐤐𐤅𐤉𐤉𐤌	H6826	7	0.14		
𐤋𐤌𐤓𐤀𐤉𐤕	H7200	11	0.91		
𐤏𐤌𐤃𐤌	H5977	10	0.40		
𐤔𐤉𐤏𐤋𐤄	H5927	3	1.00		
𐤕𐤅𐤔𐤁𐤉	H7725	15	0.93		
𐤎𐤅𐤓𐤉𐤄	H5627	175	0.50		
𐤔𐤀𐤐𐤅	H7602	10	0.30		
𐤋𐤌𐤓𐤃	H3381	32	0.66	H4775	0.0625
𐤄𐤎𐤅𐤓𐤉𐤌	H631	51	0.69		
𐤁𐤉𐤕𐤔𐤀𐤍	H1052	18	0.11	H1004	0.9444444444444444
𐤀𐤋𐤑𐤅	H6680	4	0.25	H413	1.0
𐤄𐤍𐤇𐤔𐤁	H2803	3	0.67		
𐤍𐤑𐤇𐤅	H5331	29	0.90		
𐤋𐤒𐤅𐤓𐤀𐤉𐤌	H7121	4	1.00		
𐤄𐤕𐤇𐤉𐤋𐤅	H2342	10	0.90		
𐤕𐤇𐤉𐤋𐤄	H2342	5	1.00		
𐤄𐤕𐤐𐤕𐤇𐤄	H6605	3	0.67		
𐤁𐤕𐤅𐤒𐤐	H8632	3	0.00		
𐤄𐤀𐤌𐤅𐤓𐤄	H559	5	1.00		
𐤍𐤅𐤊𐤇𐤅	H5226	11	0.91		
𐤅𐤄𐤕𐤇𐤉𐤋𐤅	H2470	4	0.75		
𐤍𐤔𐤒𐤌	H5402	49	0.82		
𐤂𐤌𐤓𐤅	H1586	23	0.35		
𐤊𐤋𐤅𐤌	H3615	5	1.00		
𐤋𐤇𐤊𐤅𐤕	H2441	14	0.21		
𐤁𐤔𐤋𐤉𐤇𐤅𐤕	H7972	7	1.00		
𐤑𐤐𐤅𐤓𐤉	H6833	37	0.00		
𐤋𐤂𐤅𐤓𐤋	H1486	16	0.69		
𐤋𐤌𐤔𐤎𐤄	H4933	6	0.67		
𐤅𐤁𐤔𐤋	H1311	3	0.00	H1310	0.3333333333333333
𐤒𐤓𐤅𐤁𐤉𐤄𐤌	H7138	13	0.85		
𐤌𐤆𐤅𐤉𐤍𐤉𐤌	H2109	26	0.04		
𐤌𐤐𐤋𐤂𐤅𐤕	H6389	3	0.33	H4653	0.0
𐤍𐤔𐤅𐤀𐤉	H5375	14	0.93		
𐤄𐤌𐤐𐤋𐤂𐤄	H6389	4	0.50	H4519	0.0
𐤔𐤀𐤐	H637	11	0.91	H7602	0.45454545454545453
𐤋𐤁𐤑𐤓	H6862	14	0.79	H1219	0.7857142857142857
𐤄𐤔𐤓𐤓𐤄	H8325	11	0.00		
𐤁𐤌𐤕𐤍𐤄	H4979	22	0.82		
𐤁𐤉𐤃𐤉𐤄	H3027	6	1.00		
𐤏𐤅𐤓𐤓	H5782	22	0.09		
𐤔𐤍𐤀𐤕𐤌	H8130	30	0.30	H8135	0.03333333333333333
𐤋𐤕𐤊𐤍	H8505	4	0.25		
𐤅𐤁𐤎𐤐𐤓	H5612	3	1.00		
𐤄𐤎𐤉𐤕	H5638	10	0.00	H5496	0.7
𐤁𐤒𐤓𐤁𐤕	H7126	63	0.65		
𐤄𐤏𐤍𐤉𐤍𐤉𐤌	H6045	50	0.62		
𐤋𐤄𐤓𐤂𐤉𐤏	H7280	3	0.67		
𐤄𐤔𐤊𐤍𐤉𐤌	H7931	17	0.82		
𐤁𐤇𐤆𐤒𐤕	H2392	12	0.50		
𐤄𐤍𐤆𐤊𐤓𐤉𐤌	H2142	26	0.81		
𐤋𐤌𐤔𐤂𐤁	H4869	9	0.56		
𐤌𐤎𐤁𐤄	H5438	21	0.57		
𐤍𐤔𐤒𐤐𐤄	H8259	4	0.00		
𐤅𐤄𐤔𐤅𐤃𐤃𐤉𐤌	H7703	8	1.00		
𐤔𐤍𐤌𐤑𐤀𐤅	H4672	5	0.80		
𐤌𐤆𐤌𐤕𐤌	H2154	15	0.60	H4519	0.06666666666666667
𐤐𐤀𐤄	H6285	4	0.75		
𐤋𐤁𐤋𐤉	H1097	32	0.75		
𐤁𐤄𐤂𐤉𐤏𐤅	H5060	7	1.00		
𐤌𐤑𐤅𐤃𐤕	H4686	21	0.52		
𐤌𐤌𐤇𐤔𐤁𐤕𐤅	H4284	10	0.70		
𐤅𐤌𐤎𐤓𐤄	H5627	4	0.50		
𐤋𐤒𐤃𐤌	H6924	27	0.89		
𐤅𐤁𐤄𐤅𐤃𐤏	H3045	6	0.83		
𐤄𐤑𐤋𐤕𐤅	H5337	4	1.00		
𐤄𐤀𐤔𐤉𐤌	H817	9	0.33	H816	1.0
𐤅𐤄𐤌𐤉𐤕𐤄𐤅	H4191	3	0.33		
𐤕𐤒𐤅𐤅𐤕	H8615	9	1.00		
𐤋𐤉𐤃𐤉𐤅	H3027	4	1.00		
𐤍𐤎𐤉𐤊	H5262	3	0.00	H5257	0.0
𐤅𐤁𐤓𐤑𐤅𐤕𐤅	H7521	8	0.75		
𐤄𐤌𐤊𐤅𐤍𐤉𐤌	H3561	3	0.00		
𐤋𐤔𐤌𐤅𐤏𐤄	H8052	6	0.50		
𐤌𐤈𐤅𐤁𐤉	H2896	9	0.67		
𐤄𐤀𐤔𐤌𐤄	H819	29	0.24		
𐤈𐤐𐤋𐤅	H2950	8	0.00		
𐤄𐤑𐤉𐤓𐤉𐤌	H6696	31	0.06		
𐤅𐤋𐤁𐤓𐤅𐤇	H7307	9	0.67		
𐤁𐤏𐤆𐤁𐤌	H5800	3	0.67		
𐤊𐤐𐤓𐤉𐤄𐤌	H6529	6	0.33		
𐤄𐤌𐤋𐤀𐤉𐤌	H4394	6	0.00	H4392	1.0
𐤋𐤀𐤆𐤍𐤉	H244	10	0.00		
𐤋𐤌𐤑𐤅𐤃𐤕	H4685	5	0.60		
𐤄𐤇𐤎𐤃𐤉𐤌	H2617	18	0.78		
𐤔𐤉𐤁𐤉𐤀𐤅	H935	4	1.00		
𐤅𐤋𐤀𐤇𐤓𐤅𐤍𐤄	H314	24	0.62		
𐤔𐤎𐤐𐤓𐤍𐤅	H5612	8	0.50		
𐤔𐤒𐤓𐤄	H7135	22	0.00		
𐤐𐤒𐤅𐤃𐤄	H6489	3	0.00		
𐤅𐤋𐤏𐤑𐤅𐤓	H6113	5	1.00		
𐤋𐤁𐤈𐤇𐤅𐤍	H982	7	0.00		
𐤌𐤋𐤅𐤉	H3878	3	0.33		
𐤁𐤉𐤍𐤕𐤉𐤌	H1323	11	0.73		
𐤄𐤌𐤂𐤉𐤏	H5060	11	0.82		
𐤅𐤓𐤑𐤅	H7323	9	0.44		
𐤋𐤐𐤇𐤅𐤕	H6341	4	0.25		
𐤌𐤑𐤐𐤅𐤓𐤉	H6833	4	0.00	H4519	0.0
𐤔𐤔𐤌𐤅	H8034	10	0.70		
𐤁𐤌𐤓𐤇𐤒	H7350	38	0.89		
𐤑𐤉𐤓𐤉𐤌	H6735	23	0.61	H6736	0.043478260869565216
𐤌𐤅𐤏𐤑𐤕	H6098	37	0.32	H4156	0.16216216216216217
𐤅𐤌𐤋𐤅𐤉	H3878	3	0.33		
𐤃𐤓𐤔𐤕𐤉	H1875	5	0.40		
𐤌𐤀𐤍𐤅	H3985	15	0.07		
𐤇𐤁𐤅𐤓𐤕	H2266	4	1.00	H2250	0.0
𐤄𐤂𐤋𐤉𐤋𐤉𐤉𐤌	H1544	21	0.10		
𐤔𐤓𐤀𐤄	H7200	11	1.00		
𐤇𐤃𐤓𐤉𐤌	H2315	5	0.80		
𐤋𐤐𐤒𐤉𐤃𐤉	H6485	3	1.00		
𐤅𐤑𐤅𐤉𐤕𐤉𐤌	H6680	7	1.00		
𐤁𐤇𐤐𐤑𐤉	H2654	4	0.75		
𐤁𐤊𐤐𐤓𐤉	H6529	3	0.33	H3722	0.6666666666666666
𐤋𐤌𐤅𐤔𐤋	H4910	20	0.70		
𐤋𐤉𐤃𐤅	H3027	20	1.00		
𐤋𐤎𐤐𐤒	H5606	4	0.50		
𐤅𐤌𐤌𐤍𐤉	H4480	3	0.33		
𐤀𐤔𐤉𐤌	H7760	6	1.00		
𐤄𐤀𐤌𐤉𐤑𐤉𐤌	H533	3	0.67		
𐤅𐤓𐤀𐤔𐤅𐤍𐤄	H7223	3	1.00		
𐤉𐤃𐤉𐤃𐤅𐤕	H3039	13	0.08		
𐤄𐤌𐤂𐤉𐤏𐤉𐤌	H5060	4	0.75		
𐤄𐤔𐤊𐤍𐤅𐤕	H7934	4	1.00		
𐤋𐤒𐤓𐤅𐤁𐤉	H7138	3	0.67		
𐤁𐤄𐤌𐤔𐤊	H4900	6	0.83		
𐤋𐤔𐤋𐤅𐤌𐤉	H7965	3	1.00		
𐤀𐤎𐤅𐤍𐤌	H611	9	0.11		
𐤀𐤌𐤅𐤍𐤌	H551	6	0.17		
𐤍𐤇𐤐𐤆𐤅	H2648	7	0.57		
𐤔𐤉𐤋𐤀	H3808	3	0.67		
𐤕𐤏𐤋𐤅𐤋𐤉𐤅	H5953	3	0.33		
𐤂𐤁𐤏𐤄	H1389	23	0.43	H1390	0.9130434782608695
𐤁𐤑𐤏𐤅	H1215	14	0.36		
𐤌𐤔𐤅𐤌𐤓𐤉	H4929	8	1.00		
𐤄𐤌𐤑𐤓	H6862	5	0.80	H4712	0.0
𐤎𐤉𐤓𐤄	H5627	4	0.50		
𐤋𐤄𐤅𐤋𐤉𐤊𐤌	H1980	7	1.00		
𐤄𐤁𐤅𐤂𐤃𐤉𐤌	H898	4	0.25		
𐤌𐤑𐤁𐤉𐤀𐤌	H6644	5	0.20	H4519	0.0
𐤄𐤌𐤑𐤁𐤉𐤀	H6633	14	0.50		
𐤁𐤓𐤉𐤁	H7379	5	0.60		
𐤋𐤂𐤋𐤉𐤋𐤉𐤉𐤌	H1550	4	0.00		
𐤔𐤄𐤃𐤁𐤓	H1697	6	1.00		
𐤁𐤔𐤁𐤅𐤏𐤅𐤕	H7620	8	0.38		
𐤀𐤌𐤕𐤕	H571	3	1.00	H4191	1.0
𐤁𐤉𐤇𐤎	H2347	11	0.64		
𐤆𐤓𐤌	H2230	6	0.50		
𐤅𐤍𐤎𐤅	H5127	9	0.44		
𐤋𐤏𐤍𐤉𐤍𐤉𐤌	H6045	6	0.33		
𐤅𐤄𐤁𐤈𐤉𐤇𐤅	H982	7	0.43		
𐤅𐤄𐤇𐤉𐤋	H2428	3	1.00		
𐤄𐤎𐤊𐤉𐤌	H8310	22	0.00		
𐤁𐤁𐤒𐤔𐤄	H1245	4	0.50		
𐤋𐤄𐤓𐤔𐤅𐤕	H7326	5	0.20		
𐤅𐤋𐤒𐤃𐤌	H6924	3	1.00		
𐤋𐤁𐤒𐤔𐤕𐤅	H7198	3	0.00		
𐤏𐤓𐤌𐤕𐤅	H6194	7	0.00		
𐤐𐤋𐤉𐤈	H6412	3	0.00		
𐤍𐤊𐤋𐤉𐤅	H3201	3	0.67		
𐤄𐤏𐤓𐤌𐤄	H6194	6	0.00		
𐤐𐤒𐤅𐤃𐤕𐤉	H6485	4	1.00		
𐤋𐤄𐤊𐤍𐤎	H3664	22	0.09		
𐤋𐤎𐤋𐤅𐤇	H5545	8	0.75		
𐤎𐤊𐤋𐤅𐤕𐤌	H5531	6	0.50		
𐤌𐤇𐤉𐤕𐤌	H2416	3	1.00		
𐤑𐤓𐤅	H6862	7	0.57		
𐤊𐤌𐤀𐤕𐤉𐤌	H3967	4	1.00		
𐤁𐤂𐤁𐤏	H1387	4	0.25		
𐤁𐤃𐤏𐤕𐤉	H1847	11	0.45		
𐤋𐤐𐤓𐤔𐤉𐤌	H6571	3	0.67	H6566	0.3333333333333333
𐤏𐤔𐤅𐤕𐤉	H6213	3	0.67		
𐤌𐤇𐤅𐤆	H4231	9	0.00		
𐤄𐤕𐤍𐤐𐤋𐤅𐤕	H5307	3	1.00		
𐤊𐤌𐤎𐤅𐤐𐤓	H4557	3	0.67		
𐤄𐤑𐤋𐤇𐤕𐤉	H6747	4	0.00		
𐤅𐤑𐤐𐤅𐤓𐤉	H6833	3	0.00		
𐤋𐤄𐤕𐤒𐤅𐤌𐤌	H6965	7	0.86		
𐤁𐤉𐤓𐤀𐤌	H3372	7	1.00		
𐤅𐤇𐤊𐤅	H2441	5	0.40		
𐤋𐤔𐤏𐤕	H6256	5	0.80		
𐤄𐤊𐤔𐤓	H8269	11	0.82		
𐤀𐤌𐤉𐤑𐤉	H533	6	0.67		
𐤁𐤋𐤅𐤉𐤕	H1115	14	0.86		
𐤀𐤅𐤎𐤓𐤉𐤌	H631	4	0.50		
𐤋𐤌𐤊𐤓𐤌	H4376	3	1.00		
𐤋𐤁𐤏𐤋𐤉𐤄	H5921	3	1.00	H1167	1.0
𐤔𐤂𐤅	H7686	5	0.60		
𐤄𐤂𐤆𐤋𐤄	H1500	5	1.00		
𐤍𐤐𐤅𐤑𐤄	H6327	4	0.50		
𐤅𐤐𐤕𐤅	H6595	5	0.00		
𐤅𐤋𐤌𐤄𐤓	H4116	6	1.00		
𐤌𐤓𐤅𐤑	H7323	8	0.75	H4793	0.0
𐤌𐤄𐤐𐤊𐤅𐤕	H2015	3	1.00	H4519	0.0
𐤋𐤌𐤏𐤅𐤋	H4603	3	0.00		
𐤍𐤅𐤏𐤆	H3267	21	0.10		
𐤋𐤏𐤅𐤋𐤋	H5768	4	0.25		
𐤄𐤓𐤉𐤏	H7451	10	0.50	H7321	0.8
𐤋𐤏𐤌𐤕𐤅	H5980	3	0.67		
𐤄𐤕𐤅𐤔𐤁𐤉𐤌	H8453	12	0.58		
𐤄𐤍𐤔𐤒𐤐𐤕	H8259	3	0.67		
𐤋𐤌𐤐𐤒𐤃	H4662	5	0.80		
𐤂𐤅𐤓𐤋𐤉	H1486	3	0.33		
𐤔𐤇𐤅𐤓	H2354	7	0.57	H7815	0.0
𐤄𐤍𐤅𐤊𐤇𐤉𐤌	H3198	3	0.33		
𐤄𐤓𐤔𐤄	H7326	23	0.13		
𐤋𐤌𐤑𐤅𐤕𐤅	H4687	3	0.33		
𐤀𐤉𐤍𐤉	H369	8	0.50		
𐤀𐤅𐤓𐤇𐤉𐤌	H7355	8	0.75		
𐤄𐤑𐤅𐤓𐤊	H6697	11	0.36		
𐤁𐤀𐤅𐤌𐤑	H553	5	0.80		
𐤋𐤎𐤂𐤅𐤓	H5462	17	0.94		
𐤅𐤁𐤇𐤔𐤁𐤌	H2805	6	0.83		
𐤂𐤅𐤓𐤋𐤌	H1486	6	0.67		
𐤄𐤐𐤇	H6341	5	0.40	H6351	0.6
𐤋𐤂𐤓𐤅𐤕	H1616	3	0.00		
𐤉𐤌𐤀𐤍𐤅	H3985	3	0.33		
𐤔𐤐𐤊𐤕𐤉	H8210	4	0.25		
𐤋𐤁𐤉𐤕𐤌	H1004	9	0.89		
𐤁𐤇𐤐𐤑𐤌	H2654	5	1.00		
𐤄𐤌𐤔𐤈𐤌𐤄	H4895	3	0.67		
𐤄𐤀𐤂𐤌	H98	3	0.33		
𐤊𐤍𐤓𐤕	H3672	10	0.20		
𐤄𐤌𐤑𐤅𐤒𐤄	H6695	4	1.00		
𐤌𐤍𐤅𐤎	H4498	28	0.46		
𐤋𐤁𐤂𐤅𐤃	H898	9	0.33		
𐤋𐤌𐤔𐤌𐤏	H8085	8	0.75	H4926	0.5
𐤋𐤍𐤊𐤅𐤍	H3559	21	0.95		
𐤅𐤋𐤀𐤎𐤅𐤐	H622	9	1.00		
𐤌𐤊𐤅𐤎𐤄	H4372	3	0.67		
𐤎𐤉𐤓𐤅𐤕	H5518	6	0.00		
𐤍𐤁𐤅𐤊𐤅	H5033	8	0.00		
𐤌𐤉𐤃𐤉𐤄𐤌	H4063	8	0.00		
𐤋𐤊𐤁𐤅𐤃𐤉	H3519	4	0.75		
𐤅𐤐𐤒𐤃𐤕𐤉	H6485	3	0.67		
𐤁𐤎𐤉𐤓𐤄	H5518	3	0.00		
𐤁𐤇𐤐𐤑	H2654	19	0.95	H2656	0.5263157894736842
𐤄𐤌𐤅𐤏𐤑𐤄	H6098	21	0.14		
𐤔𐤌𐤎𐤐𐤓𐤌	H4557	4	1.00		
𐤐𐤇𐤅𐤕	H6346	47	0.60	H6347	0.5957446808510638
𐤁𐤐𐤇	H6341	11	0.00		
𐤋𐤉𐤎𐤓	H5493	12	0.33		
𐤊𐤐𐤅𐤉	H3709	3	0.67		
𐤄𐤐𐤓𐤕𐤉	H6578	9	0.11	H6509	0.4444444444444444
𐤄𐤀𐤅𐤋𐤕	H2974	3	0.67		
𐤄𐤌𐤀𐤎𐤓	H632	3	0.67		
𐤊𐤔𐤋𐤀	H3808	6	1.00		
𐤁𐤓𐤉𐤁𐤌	H7379	4	0.50		
𐤁𐤏𐤍𐤔	H6064	6	0.83		
𐤀𐤅𐤄𐤁𐤅	H157	8	1.00		
𐤅𐤁𐤒𐤔𐤄𐤅	H1245	7	0.71		
𐤁𐤔𐤌𐤅𐤏𐤄	H8052	4	1.00		
𐤋𐤌𐤑𐤁𐤉𐤀	H6644	5	0.20		
𐤁𐤄𐤋𐤇𐤌𐤌	H3899	8	0.12		
𐤁𐤄𐤅𐤎𐤉𐤐𐤅	H3084	5	0.20		
𐤍𐤕𐤉𐤍𐤉𐤅	H5414	11	1.00		
𐤍𐤅𐤏𐤆𐤉𐤌	H3267	5	0.20		
𐤊𐤌𐤑𐤅𐤕𐤅	H4687	7	0.57		
𐤄𐤎𐤊𐤉𐤌𐤅	H8310	19	0.00		
𐤔𐤄𐤆𐤊𐤓𐤕𐤉	H2142	3	0.67		
𐤄𐤔𐤉𐤁𐤅𐤕𐤉	H7725	4	1.00		
𐤄𐤂𐤅𐤋𐤍	H1526	13	0.08		
𐤄𐤓𐤉𐤌𐤄	H7311	3	1.00		
𐤁𐤍𐤉𐤕𐤉	H1129	3	0.67		
𐤊𐤐𐤓𐤉𐤌	H3715	5	1.00	H3723	0.8
𐤄𐤈𐤁𐤏	H2883	31	0.06		
𐤌𐤓𐤅𐤍	H4784	3	0.67		
𐤀𐤇𐤃𐤅𐤕	H259	17	0.94		
𐤋𐤁𐤒𐤔𐤄𐤅	H1245	4	0.50		
𐤄𐤌𐤔𐤓𐤄	H4951	26	0.50		
𐤁𐤔𐤌𐤉𐤓𐤕	H8069	5	0.80		
𐤋𐤉𐤔𐤓	H8269	4	0.75		
𐤁𐤏𐤍𐤉𐤍𐤉𐤌	H6045	13	0.77		
𐤌𐤊𐤁𐤓	H4345	31	0.00	H4346	0.06451612903225806
𐤋𐤁𐤒𐤔𐤕	H7198	6	0.00		
𐤋𐤐𐤅𐤏𐤋	H6466	4	0.50		
𐤄𐤅𐤂𐤍	H1588	6	0.00		
𐤋𐤄𐤀𐤔𐤉𐤌	H7760	5	1.00		
𐤄𐤅𐤊𐤇𐤅𐤕	H3581	4	1.00		
𐤅𐤌𐤉𐤕𐤓	H3499	4	0.75		
𐤌𐤑𐤃𐤅	H6654	10	0.10		
𐤅𐤑𐤅𐤄𐤅	H6680	9	0.89		
𐤔𐤉𐤃𐤏	H3045	3	1.00		
𐤌𐤎𐤅𐤓𐤕	H5493	3	0.33	H4519	0.0
𐤅𐤋𐤇𐤁𐤓𐤉𐤅	H2270	3	0.33		
𐤅𐤐𐤒𐤃𐤅	H6485	3	0.67		
𐤊𐤐𐤉𐤕	H3709	3	0.33		
𐤔𐤀𐤁𐤉	H1	3	1.00	H7579	0.0
𐤋𐤉𐤃𐤉𐤃𐤉	H3039	3	0.00		
𐤊𐤏𐤁𐤅𐤓	H5674	23	0.83		
𐤃𐤀𐤂𐤕𐤉	H1672	3	1.00		
𐤁𐤐𐤇𐤃𐤌	H6343	7	0.71		
𐤋𐤆𐤓𐤅𐤌	H2114	3	0.33		
𐤔𐤉𐤇𐤉𐤍	H7822	3	0.00		
𐤋𐤉𐤔𐤅𐤍	H3462	4	0.50		
𐤅𐤂𐤓𐤔	H1644	7	0.71		
𐤕𐤂𐤓𐤅𐤌	H1633	6	0.00		
𐤕𐤑𐤋𐤉𐤇	H6743	3	0.33		
𐤁𐤄𐤓𐤁𐤄	H7235	16	1.00		
𐤄𐤔𐤁𐤉𐤕𐤅	H1004	3	1.00	H7673	1.0
𐤍𐤈𐤉𐤕𐤉	H5186	7	0.71		
𐤄𐤑𐤉𐤃𐤄	H6720	16	0.88		
𐤄𐤃𐤓𐤅𐤔𐤄	H1875	5	0.40		
𐤊𐤁𐤅𐤋	H3521	6	0.67		
𐤋𐤄𐤑𐤉𐤕	H3341	7	0.71		
𐤑𐤉𐤓𐤉	H6735	10	0.90		
𐤌𐤀𐤓𐤁	H693	5	0.80	H3993	0.8
𐤁𐤏𐤕𐤉𐤃	H6264	20	0.45		
𐤓𐤅𐤑𐤉𐤌	H7323	24	0.58		
𐤋𐤄𐤅𐤏𐤑	H6086	12	0.17		
𐤁𐤊𐤕𐤁𐤌	H3789	3	0.67		
𐤉𐤇𐤓𐤑𐤅	H2782	3	0.00		
𐤌𐤌𐤔𐤓𐤕𐤉	H8334	3	0.67		
𐤌𐤑𐤇𐤅	H4696	5	0.80		
𐤄𐤐𐤓𐤔	H6566	3	0.33		
𐤋𐤋𐤁𐤉	H3820	3	1.00		
𐤋𐤐𐤓𐤔	H6566	8	0.25	H6567	0.0
𐤋𐤄𐤅𐤑𐤀𐤅𐤕	H3318	4	1.00		
𐤄𐤐𐤒𐤅𐤇	H6491	3	0.33		
𐤌𐤑𐤃𐤊𐤌	H6654	3	0.00		
𐤋𐤉𐤐𐤄	H6310	4	1.00		
𐤁𐤒𐤓𐤉𐤀𐤅𐤕	H7149	6	0.50		
𐤉𐤒𐤍𐤀𐤅	H7065	6	0.50		
𐤍𐤅𐤏𐤆𐤅	H3267	15	0.07		
𐤊𐤏𐤎𐤌	H3708	14	0.21		
𐤅𐤌𐤁𐤋𐤉	H1097	25	0.88		
𐤔𐤊𐤁𐤃𐤅	H3513	3	1.00		
𐤁𐤐𐤇𐤉	H6341	4	0.50		
𐤋𐤇𐤉𐤋𐤉𐤌	H2428	7	1.00		
𐤋𐤂𐤁𐤓𐤄	H1397	3	0.00		
𐤃𐤅𐤓𐤔𐤉𐤌	H1875	9	0.56		
𐤁𐤕𐤒𐤐	H8632	4	0.75	H8633	1.0
𐤌𐤅𐤋𐤃𐤕	H4138	3	0.67		
𐤊𐤓𐤕𐤄	H3772	5	0.60		
𐤅𐤉𐤃𐤉𐤃𐤅𐤕	H3039	6	0.33		
𐤋𐤀𐤎𐤐𐤄	H622	25	1.00		
𐤉𐤃𐤉𐤃𐤉𐤄𐤌	H3041	3	0.00		
𐤊𐤀𐤅𐤉𐤁	H341	5	1.00		
𐤋𐤃𐤇𐤅𐤕	H1760	11	0.36		
𐤔𐤏𐤕	H6256	16	0.94	H8160	0.375
𐤁𐤇𐤔𐤁𐤉	H2805	4	0.25		
𐤌𐤇𐤉𐤋𐤉	H4249	3	0.67		
𐤇𐤉𐤋𐤉𐤌	H2428	25	1.00		
𐤌𐤌𐤉𐤃𐤏𐤉	H3045	3	1.00		
𐤄𐤇𐤉𐤋𐤉𐤌	H2428	41	1.00		
𐤇𐤋𐤒𐤕𐤉	H2513	3	0.33		
𐤋𐤔𐤅𐤌𐤓𐤉	H8104	7	1.00		
𐤔𐤋𐤉𐤔𐤉𐤌	H7970	5	0.00		
𐤋𐤃𐤊𐤀	H1792	3	0.00		
𐤍𐤔𐤌𐤓𐤅	H8104	12	1.00		
𐤅𐤔𐤒𐤓𐤉𐤌	H8267	4	0.50		
𐤄𐤎𐤕𐤉𐤓𐤅	H5641	3	0.33		
𐤔𐤍𐤌𐤑𐤀	H4672	7	0.86		
𐤄𐤄𐤐𐤊	H2015	13	0.92		
𐤌𐤌𐤄	H4100	31	0.90		
𐤔𐤒𐤅𐤅	H6960	4	0.75		
𐤌𐤎𐤉𐤓𐤅𐤕𐤌	H4147	4	0.25		
𐤌𐤐𐤒𐤃𐤌	H6485	4	0.75	H4519	0.25
𐤔𐤏𐤋𐤉	H2705	3	0.00	H8168	0.0
𐤋𐤄𐤅𐤐𐤉𐤏	H3313	4	0.25		
𐤕𐤅𐤃𐤕𐤅	H8426	4	1.00		
𐤔𐤋𐤈𐤅𐤍𐤉	H7983	6	0.17		
𐤋𐤇𐤂𐤅𐤓	H2296	3	0.67		
𐤕𐤅𐤊𐤇𐤅	H3198	4	0.50		
𐤔𐤇𐤉	H7879	11	0.27	H7812	0.2727272727272727
𐤌𐤏𐤌𐤉𐤃	H5975	3	0.67		
𐤋𐤏𐤃𐤉𐤌	H5707	8	1.00		
𐤍𐤄𐤂𐤕𐤉	H5090	3	0.33		
𐤒𐤉𐤌𐤅	H6965	5	0.80		
𐤔𐤋𐤇𐤅𐤌	H2345	3	0.00		
𐤌𐤓𐤑𐤅𐤍𐤌	H7522	12	1.00	H4519	0.16666666666666666
𐤄𐤌𐤔𐤌𐤓𐤅𐤕	H4931	4	0.50		
𐤉𐤌𐤍𐤏𐤅	H4513	9	0.44		
𐤋𐤄𐤁𐤀	H935	9	1.00		
𐤄𐤕𐤒𐤑𐤐	H7107	5	0.40		
𐤌𐤐𐤏𐤋𐤉	H6466	4	0.50	H4659	0.5
𐤄𐤌𐤅𐤋𐤃𐤕	H3205	5	1.00		
𐤊𐤇𐤉	H3581	5	0.60		
𐤋𐤄𐤌𐤅𐤍	H1995	18	0.89		
𐤋𐤄𐤕𐤊𐤅𐤍𐤍	H3559	5	1.00		
𐤄𐤓𐤉𐤁	H7379	17	0.71		
𐤄𐤐𐤒𐤅𐤃𐤅𐤕	H6489	6	0.00		
𐤁𐤃𐤓𐤊𐤌	H1870	13	0.92		
𐤌𐤉𐤅𐤍𐤕𐤍	H3129	5	1.00		
𐤋𐤄𐤔𐤕𐤓𐤓	H8323	4	0.50		
𐤅𐤄𐤁𐤈𐤉𐤇	H982	20	0.55		
𐤔𐤄𐤍	H2005	7	0.14		
𐤋𐤄𐤓𐤇𐤉𐤒	H7368	14	0.71		
𐤁𐤓𐤑𐤅𐤍𐤌	H7522	4	0.75		
𐤔𐤏𐤋𐤉𐤄𐤌	H5921	5	1.00		
𐤌𐤌𐤂𐤃𐤋	H4026	4	0.25	H4024	0.5
𐤁𐤌𐤓𐤇𐤒𐤉𐤌	H4801	4	0.50		
𐤋𐤌𐤔𐤍𐤄𐤅	H4932	3	0.67		
𐤁𐤓𐤅𐤓𐤅𐤕	H1305	7	0.43		
𐤌𐤅𐤈𐤁	H2896	3	0.67		
𐤋𐤁𐤈𐤇𐤅𐤍𐤌	H986	5	0.40		
𐤌𐤅𐤕𐤓𐤅𐤕	H4195	5	0.20		
𐤅𐤐𐤓𐤑𐤅	H6555	6	0.83		
𐤏𐤑𐤅𐤕	H6098	15	0.27		
𐤁𐤕𐤇𐤁𐤅𐤋𐤅𐤕𐤉	H8458	3	0.67		
𐤌𐤉𐤃𐤉𐤃𐤉	H4312	4	0.00		
𐤌𐤌𐤋𐤀𐤉𐤌	H4392	5	0.40	H4390	1.0
𐤌𐤍𐤄𐤂𐤉	H1896	30	0.00	H4480	1.0
𐤀𐤓𐤌𐤅𐤍	H759	35	0.80		
𐤋𐤑𐤉𐤓𐤉𐤌	H6735	4	1.00		
𐤌𐤊𐤎𐤐𐤉	H3701	3	1.00		
𐤊𐤆𐤅	H2098	66	0.08		
𐤋𐤁𐤇𐤅𐤍	H969	7	0.00		
𐤅𐤄𐤅𐤃𐤉𐤏	H3045	19	1.00		
𐤔𐤀𐤉𐤐𐤕𐤅	H374	3	0.00		
𐤏𐤓𐤉𐤑	H6184	21	0.90		
𐤅𐤓𐤏𐤉	H7453	4	0.50	H7462	0.5
𐤔𐤋𐤐𐤅	H8025	7	0.43		
𐤋𐤓𐤂𐤅𐤌	H7275	4	1.00		
𐤌𐤓𐤇𐤒	H7350	6	0.83	H4801	0.8333333333333334
𐤑𐤐𐤅𐤉𐤄	H6823	7	0.00		
𐤌𐤎𐤊𐤍𐤄	H4543	4	0.25		
𐤋𐤄𐤕𐤇𐤉𐤋	H2342	5	0.80		
𐤔𐤔𐤋𐤇𐤅	H7971	4	0.75		
𐤅𐤋𐤉𐤅𐤍𐤕𐤍	H3129	4	1.00		
𐤌𐤁𐤅𐤊𐤕𐤌	H3998	3	0.00		
𐤁𐤒𐤁𐤋𐤌	H6903	5	0.80		
𐤅𐤍𐤊𐤁𐤃𐤉	H3513	4	1.00		
𐤋𐤅𐤕𐤓	H8446	4	0.50		
𐤉𐤏𐤑𐤌	H3289	3	0.67	H6105	0.6666666666666666
𐤌𐤈𐤁𐤏𐤅	H2883	22	0.14		
𐤌𐤁𐤇𐤉𐤓𐤉	H972	3	0.67		
𐤄𐤅𐤋𐤊𐤕𐤉	H1980	3	1.00	H3212	1.0
𐤌𐤈𐤕	H4133	5	0.20	H4294	0.2
𐤏𐤔𐤅𐤉𐤄	H6213	15	0.93		
𐤄𐤅𐤋𐤋𐤅𐤕	H1947	4	0.50	H1948	0.5
𐤌𐤌𐤑𐤅𐤓	H4692	7	0.57		
𐤄𐤅𐤑𐤀𐤅𐤕	H3318	7	0.86		
𐤄𐤀𐤔𐤌𐤉𐤌	H817	9	0.22		
𐤄𐤌𐤂𐤓𐤔	H4054	4	0.50		
𐤍𐤅𐤓𐤀𐤉𐤌	H3372	16	0.81		
𐤁𐤎𐤐𐤅𐤓𐤉	H5612	4	0.25		
𐤁𐤃𐤄	H3027	12	0.92		
𐤋𐤄𐤌𐤍𐤏	H4513	5	0.40		
𐤌𐤄𐤅𐤑𐤉𐤀	H3318	3	1.00		
𐤅𐤁𐤌𐤋𐤊	H4428	4	1.00		
𐤁𐤎𐤅𐤓𐤉𐤄	H5494	42	0.05		
𐤋𐤔𐤋𐤉𐤈	H7980	10	1.00		
𐤅𐤁𐤒𐤔𐤅𐤄𐤅	H1245	4	0.25		
𐤄𐤂𐤅𐤓𐤌	H1481	19	0.89		
𐤋𐤄𐤌𐤉𐤕𐤊	H4191	6	1.00		
𐤁𐤌𐤀𐤎𐤓	H632	17	0.35		
𐤁𐤏𐤋𐤉𐤋	H5948	3	0.00		
𐤁𐤒𐤓𐤁𐤕𐤄	H7126	4	0.50		
𐤄𐤀𐤔𐤌	H817	9	0.11		
𐤌𐤑𐤅𐤃𐤅𐤕	H4686	11	0.36		
𐤍𐤔𐤒𐤊𐤌	H5402	4	0.75		
𐤁𐤃𐤒𐤅	H919	5	0.00		
𐤔𐤇𐤋𐤒	H2506	4	0.50		
𐤔𐤀𐤉𐤔	H376	13	1.00		
𐤇𐤓𐤑	H2782	5	0.40	H2783	0.0
𐤁𐤒𐤋𐤅𐤕	H6963	8	0.25		
𐤒𐤓𐤅	H7023	34	0.32	H7136	0.8529411764705882
𐤎𐤐𐤓𐤊	H5612	5	0.80		
𐤁𐤒𐤉𐤀𐤉𐤌	H6892	4	0.00		
𐤋𐤀𐤌𐤕𐤅	H571	6	1.00		
𐤋𐤐𐤓𐤎𐤌	H6539	4	0.50		
𐤋𐤎𐤐𐤓𐤉	H5608	4	0.75		
𐤋𐤔𐤋𐤉𐤈𐤉𐤌	H7989	3	0.67		
𐤅𐤀𐤇𐤃𐤉𐤌	H259	21	0.95		
𐤄𐤔𐤋𐤉𐤈	H7989	13	0.54	H7980	0.8461538461538461
𐤎𐤐𐤅𐤓𐤉	H5612	5	0.60		
𐤁𐤉𐤅𐤇𐤍𐤍	H974	4	0.00		
𐤐𐤓𐤒𐤅	H6561	5	0.20		
𐤅𐤕𐤐𐤔𐤅	H8610	14	0.57		
𐤁𐤌𐤔𐤂𐤁	H4869	7	0.86		
𐤇𐤅𐤌𐤅𐤕𐤉𐤄𐤌	H2346	8	0.62		
𐤇𐤊𐤅𐤕	H2441	4	0.25		
𐤅𐤔𐤓𐤐𐤅	H8313	8	0.75		
𐤄𐤑𐤋𐤉𐤇𐤄	H6743	7	0.43		
𐤁𐤔𐤌𐤅𐤏	H8085	4	1.00		
𐤄𐤕𐤋𐤒𐤈𐤅	H3950	12	0.08		
𐤌𐤏𐤁𐤓𐤉𐤌	H5674	14	0.86	H5682	0.35714285714285715
𐤌𐤏𐤁𐤓𐤕	H4569	3	0.33		
𐤄𐤌𐤇𐤅𐤆	H4231	4	0.00		
𐤄𐤍𐤇𐤅𐤑𐤉𐤌	H5169	5	0.40		
𐤅𐤋𐤄𐤌𐤋𐤈	H4422	11	0.64		
𐤅𐤁𐤏𐤉𐤓	H5892	10	0.70		
𐤅𐤋𐤊𐤃𐤅	H3920	5	0.40		
𐤋𐤄𐤎𐤅𐤂	H5472	8	0.75		
𐤅𐤍𐤎𐤅𐤂𐤅	H5253	6	0.83		
𐤄𐤌𐤐𐤒𐤃𐤉𐤌	H6485	10	0.90		
𐤔𐤌𐤉𐤓𐤕	H8068	13	0.08		
𐤁𐤌𐤔𐤓𐤄	H8283	3	0.00		
𐤔𐤅𐤋𐤋𐤄	H7998	3	0.00		
𐤌𐤍𐤅𐤏	H4513	3	0.67		
𐤌𐤋𐤁𐤅𐤀	H935	3	1.00		
𐤅𐤁𐤓𐤀𐤔𐤌	H7218	22	0.91		
𐤋𐤐𐤕𐤏	H6621	11	0.82		
𐤔𐤏𐤌𐤃	H5975	4	0.50		
𐤁𐤑𐤅𐤕	H6680	3	0.67		
𐤅𐤇𐤃𐤋𐤅	H2308	3	0.33		
𐤔𐤀𐤍𐤔𐤉	H376	5	0.80		
𐤁𐤌𐤑𐤅𐤕𐤅	H4687	4	0.75		
𐤋𐤓𐤅𐤌𐤉	H3141	3	0.33		
𐤋𐤍𐤉𐤓𐤅𐤍	H5214	3	0.00		
𐤅𐤑𐤏𐤒𐤅	H6817	4	0.25		
𐤔𐤎𐤐𐤓𐤕𐤉	H5608	6	0.67		
𐤋𐤌𐤑𐤅𐤓	H6697	15	0.53	H4692	1.0
𐤁𐤎𐤊𐤍𐤕	H5532	12	0.67		
𐤅𐤊𐤐𐤏𐤌	H6471	10	0.90		
𐤔𐤊𐤊	H7753	5	0.00		
𐤊𐤋𐤅𐤀𐤉𐤌	H3610	3	0.00		
𐤔𐤁𐤅𐤉𐤉𐤌	H942	3	0.33		
𐤌𐤒𐤓𐤅𐤁𐤉	H7130	5	1.00		
𐤄𐤕𐤊𐤅𐤍𐤍	H3559	5	1.00		
𐤁𐤆𐤊𐤅𐤕	H2134	4	0.25		
𐤄𐤌𐤑𐤀𐤕𐤉	H4672	5	1.00		
𐤀𐤔𐤌𐤅𐤕	H819	5	0.60		
𐤋𐤄𐤅𐤓𐤉𐤌	H3088	3	0.67		
𐤒𐤅𐤓𐤅𐤕	H6979	23	0.39		
𐤊𐤀𐤁𐤉𐤅	H1	3	1.00		
𐤄𐤌𐤀𐤔𐤉𐤌𐤉𐤌	H7760	4	1.00	H4519	0.0
𐤄𐤋𐤔𐤉𐤍	H3956	4	0.00		
𐤒𐤃𐤌𐤅𐤍𐤉𐤅𐤕	H6923	5	0.00		
𐤏𐤕𐤉𐤒	H6268	6	0.67	H6266	0.6666666666666666
𐤎𐤐𐤓𐤉𐤍𐤅	H5608	6	0.83		
𐤄𐤇𐤓𐤐𐤅𐤕	H2779	7	0.29		
𐤌𐤕𐤉𐤌𐤎𐤐𐤓	H4557	26	0.88	H4970	0.6153846153846154
𐤋𐤃𐤁𐤓𐤉𐤌	H1697	86	1.00		
𐤅𐤌𐤁𐤉𐤀𐤉𐤌	H935	6	1.00		
𐤓𐤀𐤉𐤄	H7211	16	0.38	H7200	1.0
𐤊𐤅𐤕𐤁𐤉	H3789	4	0.50		
𐤄𐤓𐤅𐤑𐤄	H7521	9	0.89		
𐤒𐤃𐤅𐤌𐤉𐤌	H6917	11	0.55		
𐤀𐤍𐤎𐤄	H5254	11	0.09		
𐤉𐤃𐤏𐤅𐤌	H3045	4	1.00		
𐤔𐤁𐤊𐤋	H3605	6	0.83		
𐤋𐤉𐤃𐤌	H3027	15	0.93		
𐤊𐤕𐤉𐤁𐤕	H3789	3	1.00		
𐤅𐤄𐤊𐤔𐤃𐤉𐤌	H3778	7	0.86		
𐤁𐤈𐤅𐤇𐤅𐤕	H982	4	0.25		
𐤔𐤌𐤑𐤀𐤅	H4672	5	1.00		
𐤔𐤊𐤍𐤉𐤄𐤌	H7935	9	0.22		
𐤔𐤒𐤓𐤅	H8267	5	0.20		
𐤆𐤊𐤓𐤅𐤍𐤅𐤕	H2146	9	0.67		
𐤅𐤁𐤒𐤅𐤔𐤉	H1245	3	0.67		
𐤄𐤀𐤅𐤕𐤉𐤅𐤕	H226	6	0.00		
𐤔𐤒𐤁𐤋𐤅	H6903	8	1.00		
𐤄𐤍𐤋𐤇𐤌𐤉𐤌	H3898	21	0.90		
𐤒𐤔𐤈	H7187	5	0.20	H7189	0.4
𐤁𐤆𐤊𐤓𐤅𐤍	H2142	5	0.80		
𐤔𐤉𐤓𐤉𐤌	H8269	8	0.88	H7892	0.875
𐤄𐤐𐤓𐤎𐤉𐤌	H6539	19	0.95		
𐤄𐤎𐤅𐤓𐤉	H5493	11	0.82		
𐤏𐤕𐤉𐤒𐤉𐤌	H6267	3	1.00		
𐤋𐤀𐤅𐤋𐤕	H200	3	0.00		
𐤋𐤀𐤔𐤅𐤓𐤌	H804	9	0.56		
𐤁𐤎𐤐𐤓𐤉𐤄𐤌	H5608	6	0.83		
𐤅𐤄𐤐𐤊𐤅	H2015	7	0.71		
𐤐𐤓𐤎𐤌	H6539	3	0.00		
𐤌𐤊𐤇𐤉𐤔𐤉𐤌	H2440	3	0.00	H4519	0.0
𐤌𐤔𐤍𐤄𐤅	H4932	5	0.20		
𐤁𐤊𐤕𐤁𐤅	H3789	4	0.25		
𐤄𐤐𐤓𐤑	H6557	4	0.50	H6555	0.5
𐤎𐤁𐤅𐤕	H5437	10	1.00		
𐤅𐤋𐤓𐤀𐤔𐤅𐤍𐤄	H7223	15	1.00		
𐤔𐤅𐤒𐤃𐤉𐤌	H6921	3	0.67		
𐤄𐤏𐤕𐤉𐤒𐤉𐤌	H6267	5	0.80		
𐤔𐤊𐤕𐤁	H3789	3	0.67		
𐤄𐤏𐤓𐤉𐤑	H6184	22	0.77		
𐤃𐤅𐤁𐤓𐤉	H1696	3	1.00		
𐤅𐤁𐤌𐤑𐤀𐤌	H4672	4	1.00		
𐤋𐤀𐤌𐤕𐤌	H523	5	0.40	H517	0.8
𐤅𐤄𐤁𐤁𐤋𐤉𐤌	H894	4	1.00		
𐤄𐤁𐤁𐤋𐤉𐤌	H1087	33	0.21		
𐤄𐤕𐤏𐤓𐤁𐤅	H6148	12	0.25		
𐤁𐤃𐤉𐤅𐤒	H919	16	0.19		
𐤌𐤅𐤕𐤓	H4195	12	0.17		
𐤅𐤀𐤎𐤅𐤓	H631	7	0.43		
𐤁𐤌𐤏𐤋𐤅𐤕	H4609	8	0.75		
𐤋𐤁𐤃𐤅𐤒	H918	4	0.00		
𐤅𐤁𐤁𐤁𐤋	H894	3	0.33		
𐤅𐤁𐤉𐤕𐤓	H3499	10	0.70		
𐤔𐤅𐤋𐤇𐤉𐤌	H3892	9	0.00		
𐤄𐤍𐤔𐤅𐤀𐤄	H5375	3	1.00		
𐤄𐤅𐤓𐤉𐤄	H2030	8	0.75		
𐤄𐤊𐤕𐤁𐤉𐤌	H3789	11	0.82		
𐤋𐤐𐤋𐤈𐤄	H6413	3	0.00		
𐤍𐤊𐤓𐤉𐤌	H5237	31	0.87		
𐤄𐤌𐤅𐤐𐤕	H4159	5	0.00		
𐤊𐤓𐤇𐤅	H7381	6	0.00		
𐤆𐤌𐤍𐤌	H2165	6	0.83		
𐤀𐤇𐤔𐤅𐤓𐤅𐤔	H325	17	1.00		
𐤌𐤅𐤊𐤉𐤇𐤉𐤌	H3198	5	0.60		
𐤁𐤃𐤅𐤓𐤅𐤕	H1755	4	0.75		
𐤔𐤏𐤁𐤓𐤅	H5674	9	1.00		
𐤄𐤇𐤆𐤉𐤅𐤍	H2384	3	0.00		
𐤔𐤏𐤌𐤃𐤅	H5975	6	1.00		
𐤉𐤎𐤅𐤓𐤉𐤌	H5493	10	0.60		
𐤌𐤔𐤅𐤍𐤄	H4932	4	0.75		
𐤁𐤇𐤅𐤒𐤉𐤅	H2436	3	0.00		
𐤄𐤎𐤌𐤅𐤊𐤉𐤌	H5564	9	0.44		
𐤁𐤅𐤔𐤅	H954	18	0.50		
𐤁𐤒𐤓𐤁𐤕𐤌	H7126	6	0.67		
𐤄𐤌𐤍𐤑𐤇𐤉𐤌	H5329	14	0.21		
𐤄𐤇𐤓𐤉𐤔𐤅	H2790	3	1.00		
𐤅𐤇𐤅𐤔𐤁	H2803	5	1.00		
𐤌𐤎𐤐𐤓𐤉	H5612	7	0.86	H4557	0.7142857142857143
𐤒𐤃𐤔𐤍𐤅	H6944	3	0.67		
𐤅𐤄𐤀𐤌	H518	19	1.00	H517	0.5263157894736842
𐤄𐤌𐤍𐤎𐤉𐤌	H5127	7	0.43		
𐤄𐤋𐤅𐤏𐤆𐤉𐤌	H5795	13	0.08		
𐤓𐤀𐤉𐤅𐤕	H7200	10	1.00		
𐤍𐤑𐤇𐤕	H5329	3	0.00		
𐤌𐤅𐤔𐤁𐤍𐤅	H7725	3	1.00		
𐤏𐤓𐤉𐤍𐤅	H5892	3	0.00		
𐤋𐤄𐤓𐤇𐤉𐤁	H7337	6	0.33		
𐤂𐤁𐤅𐤓𐤉	H1368	24	0.38		
𐤄𐤌𐤃𐤉𐤉𐤌	H1768	6	0.50	H4519	0.0
𐤀𐤉𐤓𐤅𐤐𐤄	H7503	5	0.40		
𐤊𐤌𐤒𐤓𐤄	H4745	3	0.33		
𐤁𐤒𐤔𐤉	H7190	17	0.00		
𐤌𐤀𐤓𐤑𐤅𐤕	H776	5	1.00		
𐤅𐤎𐤁𐤕	H5437	5	0.60		
𐤄𐤔𐤒𐤓𐤉𐤌	H8267	8	0.62		
𐤕𐤔𐤅𐤒𐤕	H8669	6	0.00		
𐤋𐤕𐤌𐤅𐤄	H8537	4	0.25		
𐤁𐤄𐤋𐤉𐤊𐤅𐤕	H1979	4	0.25		
𐤁𐤎𐤐𐤓𐤉𐤍𐤅	H5608	5	1.00		
𐤁𐤀𐤅𐤕𐤍	H226	11	0.27		
𐤄𐤈𐤏𐤍𐤅𐤕	H2943	7	0.00		
𐤅𐤄𐤏𐤉𐤃𐤅	H5749	3	1.00		
𐤏𐤅𐤉𐤍𐤉𐤌	H5869	5	0.80		
𐤆𐤅𐤊𐤓𐤉𐤌	H2143	3	0.33		
𐤋𐤄𐤏𐤕𐤉𐤒	H6268	8	0.12		
𐤌𐤇𐤎𐤓𐤅𐤍	H4270	8	0.75		
𐤅𐤊𐤁𐤔𐤅	H3533	11	0.45		
𐤁𐤀𐤐𐤎	H657	5	1.00	H658	0.2
𐤄𐤀𐤋𐤉𐤌	H352	35	0.49		
𐤍𐤅𐤐	H5131	6	0.00		
𐤄𐤏𐤋𐤉𐤅𐤍𐤄	H5945	57	0.68		
𐤄𐤕𐤇𐤕𐤅𐤍𐤄	H8481	32	0.75		
𐤅𐤄𐤐𐤒𐤉𐤃	H6485	12	0.83		
𐤄𐤀𐤔𐤅𐤓𐤉𐤌	H842	15	0.07		
𐤁𐤍𐤐𐤕	H5299	6	0.17		
𐤍𐤒𐤓𐤀𐤄	H7121	29	1.00		
𐤀𐤅𐤓𐤉𐤎	H747	9	0.22		
𐤌𐤊𐤅𐤍𐤉𐤌	H4349	4	0.25		
𐤄𐤍𐤔𐤉𐤌𐤄	H8074	3	0.67		
𐤄𐤍𐤒𐤅𐤁𐤉𐤌	H5344	10	0.60		
𐤅𐤌𐤋𐤇𐤌𐤄	H4421	9	0.78		
𐤌𐤃𐤕𐤅	H4060	3	0.33		
𐤅𐤋𐤊𐤁𐤅𐤔	H3533	5	0.40		
𐤍𐤃𐤅𐤃𐤉𐤌	H5076	4	0.00		
𐤔𐤍𐤒𐤓𐤀𐤅	H7121	3	1.00		
𐤏𐤃𐤉𐤄𐤌	H5707	7	0.43		
𐤐𐤋𐤂𐤔𐤉	H6370	3	1.00		
𐤄𐤏𐤑𐤅𐤌	H6099	8	0.75		
𐤁𐤀𐤔𐤓𐤅	H838	6	0.33		
𐤅𐤋𐤄𐤊𐤍𐤉𐤏	H3665	4	0.75		
𐤅𐤍𐤄𐤂	H5090	5	0.60		
𐤅𐤄𐤓𐤉𐤌	H7311	11	0.82		
𐤉𐤕𐤁𐤓𐤓	H1305	6	0.00		
𐤌𐤊𐤕𐤁𐤉	H4385	5	0.60		
𐤁𐤌𐤅	H1119	4	0.00		
𐤔𐤒𐤓𐤉𐤅	H8267	10	0.70		
𐤉𐤎𐤃𐤅	H3247	8	0.50	H3245	0.75
𐤄𐤑𐤅𐤓𐤉𐤉𐤌	H6696	7	0.14		
𐤇𐤉𐤓𐤅𐤌	H2438	10	0.60		
𐤅𐤁𐤍𐤃𐤁𐤕	H5071	4	0.25		
𐤅𐤊𐤓𐤕	H3772	6	1.00		
𐤋𐤑𐤐𐤅𐤕	H6822	5	0.00		
𐤅𐤄𐤂𐤃𐤉𐤋	H1431	4	0.75		
𐤋𐤁𐤉𐤍𐤄	H998	5	0.00		
𐤅𐤐𐤀𐤓	H6287	5	0.40		
𐤅𐤃𐤓𐤔	H1875	19	0.58		
𐤄𐤇𐤉𐤃𐤅𐤕	H2420	6	0.00		
𐤄𐤔𐤋𐤅𐤇𐤅𐤕	H7971	5	0.80		
𐤁𐤇𐤉𐤃𐤅𐤕	H2420	3	0.00		
𐤅𐤔𐤒𐤃	H8245	9	0.22		
𐤎𐤕𐤌	H5640	3	0.00		
𐤁𐤄𐤓𐤉𐤌𐤅	H2022	3	1.00		
𐤔𐤋𐤌𐤅	H8003	16	0.69	H7999	0.875
𐤄𐤕𐤒𐤔𐤓𐤅	H7194	3	0.67		
𐤁𐤔𐤕𐤉𐤌	H8147	5	0.80		
𐤌𐤆𐤌𐤍	H2165	13	0.69		
𐤕𐤒𐤐	H8633	27	0.48	H8632	0.4444444444444444
𐤄𐤁𐤁𐤋𐤉	H1097	17	0.71		
𐤁𐤌𐤅𐤓𐤃	H4174	10	0.50		
𐤅𐤊𐤔𐤌𐤅𐤏	H8085	14	0.79		
𐤄𐤊𐤁𐤅𐤃𐤄	H3520	11	0.36		
𐤌𐤎𐤏𐤅	H4550	13	0.69		
𐤄𐤊𐤅𐤔𐤓	H3787	4	0.25		
𐤄𐤕𐤍𐤃𐤁	H5068	3	0.67		
𐤇𐤋𐤒𐤄	H2513	10	0.80	H2508	0.5
𐤅𐤇𐤌𐤓	H2563	3	0.33		
𐤄𐤒𐤉𐤐	H5362	17	0.94		
𐤁𐤂𐤃𐤋𐤅	H1431	10	0.90	H1433	0.3
𐤉𐤎𐤃𐤄	H3245	3	0.33		
𐤄𐤁𐤍𐤉𐤍𐤉𐤌	H1146	19	0.53		
𐤋𐤊𐤍𐤏𐤍𐤉𐤌	H3669	3	0.67		
𐤅𐤁𐤆𐤃𐤅𐤍	H2087	4	0.00		
𐤅𐤄𐤎𐤊𐤉𐤌𐤅	H8310	6	0.17		
𐤅𐤊𐤅𐤓𐤔	H3566	3	0.33		
𐤋𐤄𐤏𐤋𐤉𐤌	H5927	14	1.00		
𐤄𐤓𐤀𐤉𐤅𐤕	H7200	3	1.00		
𐤁𐤐𐤓𐤎	H6539	7	1.00		
𐤌𐤇𐤒𐤓	H4278	3	0.67		
𐤁𐤒𐤓𐤁𐤕𐤅	H7126	7	0.43		
𐤇𐤒𐤄	H2708	3	0.33	H2710	1.0
𐤃𐤏𐤅𐤕	H1844	5	0.00		
𐤌𐤇𐤅𐤒𐤉	H2436	3	0.00		
𐤌𐤒𐤑𐤕𐤍	H7118	3	0.67	H4519	0.0
𐤌𐤅𐤍𐤄	H4487	3	1.00		
𐤁𐤄𐤏𐤋𐤅𐤕𐤅	H5930	3	0.00		
𐤅𐤄𐤎𐤅𐤓𐤉𐤌	H5493	9	0.67		
𐤄𐤑𐤉𐤃𐤅𐤍𐤉𐤌	H6721	8	0.75		
𐤄𐤉𐤃𐤉𐤌	H3027	11	1.00		
𐤉𐤀𐤅𐤓𐤅𐤕	H2975	3	0.33		
𐤍𐤐𐤋𐤀𐤅	H6381	4	0.50		
𐤋𐤌𐤅𐤕𐤓	H4195	12	0.42		
𐤍𐤐𐤋𐤀𐤉𐤌	H6381	9	0.78		
𐤄𐤔𐤌𐤅𐤏𐤅𐤕	H8085	4	1.00		
𐤔𐤀𐤅𐤌𐤓𐤉𐤌	H201	3	0.00		
𐤅𐤁𐤐𐤉	H6310	7	0.86		
𐤌𐤅𐤆𐤓	H2114	7	0.43		
𐤄𐤌𐤔𐤊𐤉𐤋𐤉𐤌	H7919	3	1.00		
𐤄𐤏𐤍𐤉𐤒	H6059	5	0.60		
𐤁𐤉𐤍𐤕𐤅	H8420	10	0.00	H996	1.0
𐤍𐤆𐤄𐤓	H2094	4	0.00		
𐤁𐤊𐤔𐤓𐤅𐤍	H3788	3	0.33		
𐤔𐤏𐤋𐤄	H5927	10	1.00		
𐤋𐤂𐤃𐤅𐤋𐤄	H1419	9	1.00		
𐤁𐤔𐤋𐤈𐤅𐤍	H7983	6	0.33		
𐤇𐤆𐤒𐤉𐤄	H2396	9	0.67		
𐤌𐤃𐤉𐤍𐤕𐤌	H4083	3	0.00		
𐤁𐤇𐤅𐤒𐤉𐤍𐤅	H2706	5	0.80		
𐤁𐤌𐤓𐤃𐤌	H3381	4	0.75	H4519	0.0
𐤄𐤄𐤉𐤊𐤋𐤅𐤕	H3201	3	1.00		
𐤂𐤅𐤃𐤋	H1419	12	1.00		
𐤔𐤈𐤇	H7849	6	0.33		
𐤓𐤁𐤅𐤏	H7251	8	1.00		
𐤌𐤇𐤅𐤁𐤓𐤅𐤕	H4225	8	0.38		
𐤀𐤅𐤓𐤊	H216	12	0.75		
𐤅𐤂𐤁𐤄𐤅	H1361	10	0.90		
𐤌𐤔𐤒𐤋𐤌	H4948	4	1.00		
𐤕𐤌𐤅𐤍𐤄	H8544	6	0.67		
𐤁𐤌𐤎𐤏	H4551	4	0.25		
𐤄𐤀𐤃𐤅𐤌	H120	6	0.67		
𐤌𐤔𐤅𐤋𐤌	H4910	4	0.50		
𐤄𐤑𐤐𐤅𐤓	H6833	6	1.00		
𐤄𐤒𐤉𐤌𐤄	H6966	3	0.33		
𐤅𐤋𐤌𐤋𐤈	H4422	4	0.75		
𐤌𐤒𐤃𐤔𐤉𐤄𐤌	H6942	4	0.75		
𐤅𐤌𐤏𐤉𐤍𐤉	H5869	5	1.00		
𐤌𐤔𐤍𐤀𐤕	H8130	3	0.33		
𐤄𐤆𐤊𐤉𐤓𐤅	H2142	4	0.75		
𐤄𐤊𐤕𐤄	H5221	5	0.40		
𐤒𐤃𐤌𐤅𐤕𐤍𐤅	H6932	3	0.00		
𐤄𐤃𐤁𐤄	H1681	11	0.09		
𐤔𐤇𐤔𐤁𐤅	H2803	6	1.00		
𐤄𐤓𐤅𐤁	H7378	4	0.75		
𐤍𐤃𐤉𐤁𐤉	H5081	6	0.83		
𐤌𐤕𐤒𐤅𐤕𐤌	H8615	12	0.25	H4519	0.0
𐤑𐤋𐤅𐤋𐤄	H6742	6	0.00		
𐤄𐤆𐤓𐤄	H2114	3	1.00		
𐤌𐤀𐤁𐤅𐤕𐤉𐤄𐤌	H1	6	0.50		
𐤌𐤔𐤅𐤁𐤕	H1323	6	0.83	H4878	0.3333333333333333
𐤌𐤏𐤑𐤌	H6086	7	0.00	H4519	0.0
𐤈𐤇𐤅	H2902	4	0.00		
𐤅𐤄𐤒𐤉𐤌𐤅	H6965	8	0.75	H6966	0.375
𐤄𐤔𐤉𐤇𐤅𐤕	H7843	4	0.25		
𐤌𐤑𐤅𐤓𐤏𐤉𐤌	H6879	4	1.00		
𐤉𐤑𐤉𐤀𐤕	H3318	10	1.00		
𐤕𐤔𐤅𐤒𐤕𐤅	H8669	4	0.25		
𐤊𐤔𐤌𐤅	H8034	5	1.00		
𐤄𐤌𐤑𐤅𐤓𐤏𐤉𐤌	H6879	16	0.94		
𐤌𐤇𐤑𐤁𐤅𐤕	H4274	3	0.00		
𐤅𐤄𐤍𐤁𐤉𐤀	H5030	16	1.00		
𐤉𐤎𐤅𐤓𐤉	H3249	6	0.00		
𐤅𐤋𐤌𐤂𐤍	H4043	4	0.50		
𐤌𐤊𐤄𐤍𐤉	H3548	5	1.00		
𐤕𐤕𐤅	H5414	6	1.00		
𐤄𐤒𐤋𐤅𐤍	H7036	4	0.75		
𐤄𐤁𐤈𐤉𐤇𐤌	H982	8	0.25		
𐤄𐤒𐤃𐤅𐤔𐤅𐤕	H6942	5	0.60		
𐤐𐤎𐤋𐤉	H6459	4	0.25	H6456	0.25
𐤊𐤔𐤋𐤔𐤉𐤌	H7970	12	0.75		
𐤅𐤍𐤎𐤏	H5265	20	0.90		
𐤅𐤍𐤒𐤋	H7043	11	0.73		
𐤄𐤌𐤔𐤐𐤈𐤉𐤌	H4941	16	0.88		
𐤁𐤉𐤕𐤔𐤌𐤔	H8121	12	0.58	H1004	0.8333333333333334
𐤅𐤄𐤎𐤊𐤉𐤌	H8310	6	0.17		
𐤋𐤃𐤁𐤓𐤉𐤍𐤅	H1697	4	1.00		
𐤋𐤊𐤕𐤇𐤋𐤄	H2490	5	0.80		
𐤄𐤌𐤅𐤌𐤉𐤌	H4310	4	0.50	H4519	0.0
𐤁𐤈𐤏𐤌	H2942	3	0.67	H2939	0.0
𐤁𐤏𐤆𐤓𐤕𐤅	H5833	9	0.22		
𐤕𐤀𐤅𐤕𐤅	H8378	17	0.82		
𐤍𐤁𐤅𐤀𐤕𐤅	H5016	10	0.70		
𐤋𐤌𐤁𐤓𐤀𐤔𐤅𐤍𐤄	H7223	3	0.67		
𐤁𐤓𐤑𐤅𐤕𐤅	H7521	15	0.80		
𐤋𐤌𐤑𐤀𐤅	H4672	3	1.00		
𐤅𐤍𐤄𐤐𐤅𐤊	H2015	5	0.80		
𐤋𐤁𐤒𐤔𐤕𐤌	H7198	3	0.00		
𐤊𐤅𐤋𐤍	H3605	11	0.73		
𐤅𐤔𐤁𐤅𐤏𐤄	H7651	3	0.33		
𐤅𐤓𐤁𐤅𐤕	H7379	14	0.43	H7227	0.9285714285714286
𐤅𐤄𐤓𐤎𐤅	H2040	7	0.43		
𐤅𐤍𐤒𐤓𐤀	H7121	9	1.00		
𐤍𐤂𐤆𐤓𐤄	H1504	5	0.40		
𐤊𐤏𐤎𐤅	H3708	26	0.69	H3707	0.8846153846153846
𐤄𐤇𐤅𐤆𐤄	H2373	3	0.00		
𐤋𐤇𐤅𐤒𐤉	H2706	3	0.67		
𐤄𐤌𐤆𐤌𐤄	H4209	29	0.66		
𐤍𐤄𐤐𐤅𐤊	H2015	3	0.67		
𐤁𐤌𐤇𐤎𐤅𐤓	H4270	4	1.00		
𐤋𐤕𐤋𐤅𐤕	H8518	10	0.20		
𐤁𐤀𐤅𐤉𐤁𐤉𐤌	H341	14	0.57		
𐤏𐤁𐤓𐤉𐤄	H5674	9	0.89	H5680	0.0
𐤌𐤏𐤁𐤓𐤅𐤕	H4569	8	1.00		
𐤌𐤍𐤅𐤎𐤕𐤌	H5640	14	0.00	H4480	0.9285714285714286
𐤋𐤂𐤁𐤓	H1397	7	0.57		
𐤁𐤓𐤑𐤅𐤕𐤌	H7521	7	0.43		
𐤋𐤉𐤇𐤎	H2347	5	0.40		
𐤈𐤄𐤓𐤅𐤕	H2889	4	0.25		
𐤄𐤅𐤋𐤌	H1986	3	0.00		
𐤔𐤂𐤄	H7686	5	0.80	H7681	0.2
𐤇𐤉𐤓𐤉𐤌𐤅𐤍	H2768	6	0.00		
𐤄𐤀𐤉𐤌𐤄	H520	3	0.67		
𐤅𐤋𐤂𐤓𐤔𐤌	H1647	4	0.25		
𐤄𐤌𐤏𐤓𐤅𐤕	H6172	19	0.00	H4631	1.0
𐤋𐤏𐤔𐤓𐤉𐤌	H6242	3	0.67		
𐤌𐤇𐤋𐤅𐤕	H4258	4	0.00	H4247	0.0
𐤋𐤄𐤒𐤄𐤉𐤋	H6950	5	1.00		
𐤈𐤁𐤏𐤅	H2883	13	0.15		
𐤍𐤅𐤔𐤁𐤄	H3427	3	1.00		
𐤅𐤋𐤄𐤓𐤅𐤎	H2040	3	0.67		
𐤋𐤃𐤏𐤕𐤅	H3045	5	1.00		
𐤄𐤌𐤇𐤅𐤒𐤒	H2712	18	0.50		
𐤔𐤍𐤅	H8127	12	0.00	H8138	0.75
𐤈𐤅𐤁𐤕𐤌	H2896	9	1.00		
𐤁𐤅𐤍𐤉	H1138	3	0.00	H1129	0.3333333333333333
𐤄𐤅𐤀𐤋𐤕𐤉	H2974	3	0.67		
𐤋𐤁𐤈𐤋	H2919	17	0.06		
𐤈𐤏𐤍𐤅𐤕	H2943	8	0.00		
𐤀𐤐𐤉𐤅𐤍	H212	55	0.00		
𐤄𐤌𐤁𐤀𐤓	H884	6	0.33		
𐤅𐤍𐤀𐤉𐤌	H4994	4	0.75		
𐤌𐤄𐤁𐤉𐤍	H995	3	1.00		
𐤁𐤊𐤁𐤃	H3515	3	0.67	H3516	0.0
𐤋𐤎𐤅𐤐	H5491	3	0.00		
𐤄𐤎𐤀𐤄	H5429	3	0.00		
𐤋𐤑𐤃	H6655	21	0.86		
𐤒𐤏𐤓𐤅𐤕	H7086	5	0.40		
𐤁𐤄𐤀𐤌𐤉𐤍𐤅	H539	9	0.67		
𐤌𐤍𐤅𐤎𐤕	H4499	12	0.67		
𐤄𐤓𐤅𐤃𐤐	H7291	3	1.00		
𐤁𐤁𐤍𐤉𐤍	H1121	12	0.92		
𐤊𐤃𐤏𐤕	H1847	6	0.50		
𐤋𐤒𐤅	H6957	3	0.33		
𐤍𐤁𐤏𐤓	H1197	6	0.33		
𐤎𐤁𐤅	H5437	3	1.00		
𐤄𐤍𐤀𐤌𐤍𐤄	H539	6	0.83		
𐤋𐤄𐤔𐤐𐤉𐤋	H8213	6	0.67		
𐤁𐤕𐤕𐤌	H5414	6	1.00		
𐤄𐤀𐤆𐤓𐤇𐤉𐤌	H249	33	0.45		
𐤅𐤊𐤋𐤋	H3636	11	0.09		
𐤄𐤔𐤈𐤍𐤄	H7856	4	0.25		
𐤔𐤉𐤔𐤁𐤅	H3427	5	1.00		
𐤍𐤌𐤋	H4135	8	0.12		
𐤒𐤄𐤋𐤌	H6951	3	0.33		
𐤅𐤏𐤓𐤁	H6153	7	0.43	H6158	0.0
𐤌𐤉𐤎𐤃	H4146	5	0.00	H3245	0.6
𐤕𐤅𐤔𐤁𐤉𐤌	H8453	4	1.00		
𐤌𐤑𐤅𐤉𐤍𐤉𐤌	H6791	7	0.00		
𐤁𐤉𐤔𐤓	H3476	3	0.33		
𐤇𐤐𐤔𐤉𐤕	H2670	3	1.00	H2669	0.0
𐤁𐤓𐤔𐤅𐤕𐤅	H7568	4	0.25		
𐤋𐤄𐤏𐤍𐤉𐤒	H6059	4	0.25		
𐤅𐤀𐤌𐤅𐤍𐤕𐤅	H530	3	0.00		
𐤅𐤄𐤔𐤋𐤉𐤊	H7993	4	0.00		
𐤋𐤔𐤊𐤓𐤄	H7910	7	0.29	H7937	0.7142857142857143
𐤄𐤌𐤉𐤕𐤄	H4191	14	0.93		
𐤅𐤑𐤃𐤄	H6679	4	0.25		
𐤋𐤔𐤍𐤀	H8130	14	0.43		
𐤄𐤎𐤉𐤕𐤄	H5496	3	0.67		
𐤅𐤇𐤔𐤁𐤄	H2807	3	0.00		
𐤄𐤍𐤕𐤅𐤍𐤉𐤌	H5411	31	0.39		
𐤅𐤌𐤈𐤏𐤌	H2942	3	0.67		
𐤄𐤅𐤑𐤀𐤄	H3318	5	1.00		
𐤄𐤏𐤅𐤍	H5771	4	0.50		
𐤔𐤅𐤋𐤈𐤕	H7986	3	0.00		
𐤐𐤔𐤄	H6581	4	0.00		
𐤄𐤓𐤇𐤉𐤁𐤅	H7337	3	0.00		
𐤂𐤉𐤋	H1524	7	1.00		
𐤋𐤊𐤁𐤅𐤃𐤌	H3519	6	0.83		
𐤋𐤌𐤅𐤔𐤋𐤉𐤌	H4910	3	0.67		
𐤌𐤅𐤋𐤅𐤍	H4411	4	0.25		
𐤋𐤀𐤋𐤉𐤌	H352	6	0.83		
𐤋𐤏𐤅𐤍	H5771	6	0.33		
𐤅𐤔𐤍𐤉𐤕	H8145	12	0.75		
𐤅𐤁𐤉𐤌𐤉𐤍𐤅	H3225	3	1.00		
𐤅𐤍𐤑𐤋	H5337	6	1.00		
𐤄𐤍𐤅𐤕𐤍𐤉𐤌	H5414	11	1.00		
𐤋𐤌𐤀𐤅𐤔𐤓𐤉𐤌	H3474	4	0.75	H4519	0.0
𐤋𐤄𐤀𐤎𐤐	H622	7	0.86		
𐤅𐤋𐤎𐤁𐤋	H5445	4	0.50		
𐤄𐤌𐤔𐤀	H4853	9	0.67	H4855	0.0
𐤄𐤌𐤉𐤈	H4132	4	0.00		
𐤅𐤀𐤐𐤉𐤅𐤍	H639	5	0.40		
𐤅𐤁𐤏𐤁𐤓𐤅	H5674	4	0.75		
𐤁𐤌𐤃𐤉𐤍𐤄	H4082	10	0.60		
𐤅𐤄𐤅𐤋𐤉𐤊𐤅	H3212	6	0.50		
𐤐𐤋𐤋	H6420	10	0.10	H6419	0.1
𐤌𐤔𐤐𐤈𐤉𐤄𐤌	H4941	7	1.00		
𐤄𐤉𐤅𐤍𐤉	H3121	4	0.00		
𐤄𐤍𐤄𐤓𐤂	H2026	5	1.00		
𐤄𐤑𐤌𐤀𐤉𐤌	H6771	3	0.33		
𐤇𐤋𐤅𐤋	H2491	8	0.62		
𐤅𐤄𐤉𐤔	H3426	4	1.00		
𐤄𐤔𐤐𐤅𐤊	H8210	4	0.50		
𐤌𐤔𐤍𐤀𐤕𐤌	H8130	14	0.43		
𐤁𐤁𐤍𐤉𐤍𐤅	H1121	3	1.00		
𐤇𐤑𐤓𐤅𐤕	H2691	4	0.50	H2698	0.75
𐤄𐤒𐤁𐤅𐤏	H6906	6	0.00		
𐤋𐤍𐤊𐤓𐤉𐤌	H5237	6	1.00		
𐤋𐤃𐤓𐤅𐤊	H1870	4	0.75		
𐤄𐤆𐤊𐤓𐤉𐤌	H2145	6	0.83		
𐤄𐤃𐤁𐤉𐤓	H1687	8	0.62		
𐤄𐤌𐤅𐤍𐤇𐤉𐤌	H5146	5	0.00	H4519	0.2
𐤅𐤄𐤌𐤍𐤅𐤓𐤄	H4501	3	1.00		
𐤌𐤔𐤌𐤓𐤕𐤌	H8104	3	0.67		
𐤅𐤄𐤕𐤀𐤎𐤐𐤅	H622	3	1.00		
𐤄𐤌𐤍𐤇𐤅𐤕	H2679	11	0.18		
𐤅𐤊𐤋𐤌𐤄	H3639	3	0.33		
𐤁𐤏𐤁𐤃𐤉𐤌	H5650	3	0.67		
𐤋𐤄𐤁𐤀𐤉𐤔	H887	4	0.75		
𐤌𐤀𐤇𐤕	H259	3	0.33		
𐤌𐤊𐤅𐤍𐤕	H4349	4	0.50		
𐤅𐤒𐤁𐤏	H6906	13	0.23		
𐤅𐤍𐤁𐤄𐤋𐤅	H926	3	1.00		
𐤌𐤌𐤃𐤕	H4061	7	0.00		
𐤎𐤌𐤅𐤊𐤄	H5564	3	0.33		
𐤄𐤊𐤓𐤌𐤋	H3760	12	0.58	H3759	0.5833333333333334
𐤍𐤐𐤕𐤅	H5317	7	0.00		
𐤄𐤎𐤊𐤉𐤍𐤅	H5532	11	0.36		
𐤌𐤑𐤅𐤐𐤉𐤌	H6823	7	0.71		
𐤌𐤎𐤂𐤓	H5462	5	0.80	H4525	0.0
𐤋𐤄𐤍𐤉𐤇𐤌	H3240	3	1.00		
𐤄𐤋𐤅𐤒𐤇	H3947	5	0.80		
𐤅𐤁𐤔𐤓𐤌	H1320	4	0.25		
𐤅𐤍𐤃𐤌𐤄	H1819	4	0.00	H1826	0.0
𐤊𐤄𐤋𐤊𐤄	H1980	11	0.91		
𐤀𐤎𐤅𐤍𐤅𐤕	H621	7	0.14		
𐤔𐤐𐤕𐤉𐤄𐤌	H8193	3	0.33		
𐤑𐤅𐤓𐤕	H6699	6	0.17		
𐤀𐤕𐤉𐤍𐤉	H5414	6	1.00		
𐤆𐤉𐤍𐤅𐤍	H2183	3	0.00		
𐤄𐤓𐤀𐤅𐤉𐤉𐤌	H7200	11	0.91		
𐤄𐤌𐤓𐤏𐤄	H7451	5	0.80	H4829	1.0
𐤔𐤅𐤌𐤌	H8064	5	0.20		
𐤁𐤔𐤊𐤋𐤅	H3605	4	1.00		
𐤁𐤌𐤍𐤄𐤂𐤉𐤌	H5090	7	0.43		
𐤄𐤅𐤏𐤉𐤋𐤄	H3276	3	1.00		
𐤌𐤔𐤍𐤀𐤄	H8135	5	0.20		
𐤌𐤇𐤅𐤒𐤒𐤍𐤅	H2710	17	1.00		
𐤅𐤋𐤏𐤆𐤁	H5800	3	0.33		
𐤅𐤌𐤅𐤏𐤉𐤋𐤉𐤌	H3276	3	1.00		
𐤔𐤅𐤈𐤍𐤉𐤍𐤅	H7853	3	0.33		
𐤆𐤏𐤉𐤓	H2191	3	0.33		
𐤌𐤓𐤊	H4816	6	0.33		
𐤄𐤌𐤅𐤏𐤉𐤋	H4598	6	0.00		
𐤄𐤔𐤅𐤍𐤉𐤌	H8141	8	0.75		
𐤅𐤋𐤄𐤒𐤃𐤉𐤌	H6921	3	0.00		
𐤁𐤌𐤃𐤅𐤕𐤉𐤄𐤌	H4060	4	0.75		
𐤄𐤌𐤇𐤅𐤒𐤒𐤉𐤌	H2712	8	0.00	H4519	0.0
𐤁𐤌𐤔𐤐𐤈𐤉𐤌	H4941	3	1.00		
𐤐𐤒𐤅𐤃𐤅𐤕	H6485	5	1.00		
𐤌𐤍𐤄𐤂𐤉𐤄𐤌	H1896	5	0.00		
𐤅𐤄𐤈𐤄	H5186	12	1.00		
𐤌𐤑𐤓𐤅𐤕	H4694	4	0.25	H6869	0.75
𐤄𐤈𐤉𐤋	H2904	12	0.42		
𐤌𐤏𐤅𐤋𐤄	H5921	4	1.00		
𐤁𐤌𐤏𐤌𐤃	H5975	9	0.78		
𐤍𐤈𐤋	H5190	7	0.00	H5192	0.2857142857142857
𐤊𐤅𐤍𐤕𐤅	H3674	3	0.67		
𐤅𐤕𐤅𐤌𐤊	H8551	3	0.67		
𐤌𐤅𐤈𐤋𐤕	H2919	3	0.33	H4519	0.0
𐤒𐤅𐤎𐤌	H7081	3	0.33	H7080	0.3333333333333333
𐤔𐤋𐤉𐤈𐤉𐤌	H7989	3	1.00		
𐤄𐤌𐤅𐤑𐤀𐤅𐤕	H4161	8	0.62		
𐤁𐤉𐤐𐤉𐤅	H3308	6	0.33		
𐤔𐤁𐤉𐤍	H996	9	1.00		
𐤄𐤌𐤍𐤄𐤂𐤉𐤌	H5090	18	0.56		
𐤅𐤁𐤇𐤓𐤅	H977	5	0.60		
𐤅𐤁𐤃𐤓𐤊	H1870	19	0.89		
𐤋𐤄𐤇𐤋	H2490	7	0.86		
𐤉𐤇𐤎𐤅	H2620	3	1.00		
𐤊𐤏𐤁𐤃𐤉𐤌	H5650	3	0.67		
𐤔𐤁𐤉𐤏𐤉	H7651	3	0.67	H7637	1.0
𐤄𐤌𐤔𐤓𐤅𐤕	H8269	6	1.00	H4519	0.16666666666666666
𐤌𐤐𐤒𐤉𐤃𐤉𐤌	H6485	3	1.00		
𐤇𐤓𐤅𐤕𐤉𐤌	H2801	4	0.75		
𐤌𐤏𐤍𐤔	H6066	6	1.00		
𐤄𐤎𐤁𐤅𐤕	H5437	4	1.00		
𐤁𐤓𐤉𐤕𐤀𐤇𐤉𐤌	H251	3	1.00	H1285	0.0
𐤅𐤌𐤇𐤔𐤁𐤄	H4284	3	1.00		
𐤁𐤌𐤍𐤄𐤂𐤉	H5090	3	0.33	H4519	0.0
𐤊𐤋𐤅𐤋	H3632	4	0.75		
𐤕𐤒𐤍𐤄	H7069	6	0.83		
𐤅𐤁𐤇𐤊𐤌𐤕𐤌	H2451	3	0.00		
𐤍𐤁𐤇𐤓𐤅	H977	9	0.67		
𐤅𐤍𐤊𐤓	H5236	3	0.33	H5235	0.0
𐤄𐤑𐤌𐤇𐤉𐤌	H6779	4	0.25		
𐤅𐤉𐤂𐤉𐤏𐤄	H3018	3	0.67		
𐤅𐤄𐤍𐤉𐤇	H5117	6	0.83	H3240	1.0
𐤄𐤒𐤁𐤅𐤓𐤄	H6900	5	0.80		
𐤅𐤁𐤌𐤓𐤌𐤄	H4820	5	1.00		
𐤋𐤄𐤔𐤉𐤀𐤄	H5377	3	0.67		
𐤀𐤅𐤌𐤓𐤕	H559	8	1.00		
𐤐𐤇𐤅𐤕𐤄	H6346	3	0.67		
𐤄𐤊𐤓𐤉𐤕𐤄	H3772	3	0.67		
𐤄𐤍𐤔𐤌𐤄	H8074	13	0.54	H5397	1.0
𐤄𐤍𐤈𐤅𐤏𐤄	H5193	3	0.00		
𐤁𐤌𐤒𐤓𐤉𐤌	H7119	3	0.33		
𐤄𐤅𐤋𐤃	H3205	3	1.00		
𐤃𐤓𐤔𐤄	H1875	7	0.86		
𐤄𐤄𐤅𐤓𐤉𐤌	H2022	9	0.22		
𐤋𐤄𐤅𐤓𐤉𐤅	H2029	3	0.67		
𐤇𐤎𐤃𐤉𐤄𐤌	H2617	3	0.67		
𐤋𐤄𐤆𐤄𐤓	H2094	23	0.17		
𐤄𐤉𐤅𐤔𐤓	H7891	10	0.20		
𐤌𐤒𐤓𐤁𐤕	H7126	5	0.40		
𐤄𐤆𐤄𐤉𐤓	H2094	9	0.33		
𐤍𐤌𐤋𐤈𐤄	H4422	4	0.75		
𐤅𐤋𐤂𐤋𐤅𐤕	H1540	6	0.83		
𐤄𐤐𐤒𐤃𐤅𐤍	H6487	5	1.00		
𐤔𐤋𐤊𐤋	H3605	4	1.00		
𐤔𐤄𐤂𐤉𐤏𐤅	H5060	7	0.86		
𐤁𐤔𐤅𐤌𐤌	H8064	5	0.20		
𐤄𐤕𐤌𐤅𐤓𐤅𐤕	H8561	6	0.00		
𐤔𐤒𐤌𐤅	H8242	4	0.25		
𐤔𐤃𐤁𐤓𐤅	H1697	4	1.00		
𐤐𐤋𐤈𐤅𐤍	H6403	5	0.80		
𐤄𐤍𐤁𐤏𐤓𐤉𐤌	H1197	3	0.33		
𐤅𐤌𐤅𐤐𐤕	H4159	5	0.40		
𐤃𐤕𐤍𐤅	H1881	3	0.33		
𐤇𐤆𐤓	H2386	8	0.00		
𐤐𐤈𐤅𐤓𐤉𐤌	H6359	4	0.75		
𐤅𐤈𐤐𐤇𐤅	H2948	3	0.33		
𐤆𐤅𐤋𐤕𐤌	H2108	4	0.75		
𐤕𐤋𐤀𐤄	H3811	9	0.00	H8513	0.2222222222222222
𐤉𐤕𐤂𐤁𐤓𐤅	H1396	10	0.70		
𐤉𐤇𐤉𐤃𐤉𐤌	H3173	3	0.67		
𐤀𐤐𐤉𐤋𐤅	H652	8	0.00		
𐤄𐤒𐤋𐤄	H6963	9	0.22		
𐤄𐤉𐤎𐤅𐤓𐤉𐤌	H5493	8	0.62		
𐤏𐤋𐤅𐤕𐤌	H5930	4	0.50		
𐤁𐤏𐤓𐤊𐤌	H1165	3	0.00		
𐤅𐤎𐤐𐤓𐤅	H5608	15	0.40		
𐤋𐤏𐤓𐤉𐤑	H6184	4	0.25		
𐤔𐤊𐤌𐤏𐤈	H4592	4	1.00		
𐤁𐤔𐤒𐤓𐤉𐤅	H7147	3	0.00		
𐤋𐤌𐤍𐤅𐤏	H5128	13	1.00		
𐤄𐤌𐤓𐤌𐤄	H4820	3	0.67		
𐤅𐤄𐤓𐤉𐤌𐤅	H7311	10	0.60		
𐤋𐤌𐤏𐤋𐤕	H5921	6	1.00	H4519	0.0
𐤅𐤁𐤌𐤍𐤇𐤅𐤕	H4503	3	1.00		
𐤋𐤎𐤌𐤅𐤊	H5564	3	0.67		
𐤋𐤌𐤔𐤅𐤓𐤓𐤉𐤌	H7891	3	0.33		
𐤄𐤇𐤓𐤔𐤉𐤌	H2795	8	0.00	H2791	0.0
𐤓𐤑𐤅𐤉𐤉𐤌	H7323	3	0.00		
𐤍𐤒𐤉𐤄	H5355	4	0.25		
𐤏𐤆𐤅𐤁𐤉𐤌	H5800	3	0.00		
𐤁𐤃𐤏𐤄	H1844	9	0.00		
𐤌𐤅𐤓𐤔𐤕	H4182	3	0.00		
𐤅𐤄𐤅𐤌𐤕	H4191	4	1.00		
𐤔𐤒𐤁𐤋	H6903	10	0.90		
𐤔𐤄𐤁𐤉𐤀	H935	5	1.00		
𐤌𐤂𐤁𐤅𐤓𐤕𐤌	H1369	3	0.67		
𐤍𐤄𐤍𐤅	H5116	4	1.00		
𐤌𐤏𐤅𐤈	H4592	3	0.67		
𐤄𐤍𐤁𐤏𐤓𐤄	H1197	5	0.40		
𐤊𐤃𐤓𐤊𐤌	H1870	4	1.00		
𐤁𐤄𐤋𐤒𐤇	H3947	6	0.33		
𐤅𐤔𐤅𐤌	H7760	12	1.00		
𐤀𐤃𐤅𐤍𐤉𐤌	H113	8	0.88		
𐤄𐤄𐤌𐤅𐤍𐤉𐤌	H1995	8	0.88		
𐤔𐤅𐤁𐤕𐤉𐤌	H1004	4	0.75		
𐤄𐤄𐤍𐤀𐤄	H4994	4	0.75		
𐤌𐤌𐤋𐤀	H4390	8	0.88	H4393	0.625
𐤇𐤔𐤒𐤅	H2836	6	0.83		
𐤋𐤄𐤊𐤏𐤉𐤎𐤌	H3707	3	0.67		
𐤅𐤄𐤐𐤏𐤌	H6471	4	1.00		
𐤍𐤂𐤏𐤉	H5061	4	0.00		
𐤁𐤇𐤋𐤒𐤌	H2505	7	1.00		
𐤁𐤕𐤇𐤁𐤅𐤋𐤅𐤕	H8458	4	1.00		
𐤌𐤓𐤉𐤁𐤕	H4808	4	0.25	H4809	0.25
𐤀𐤔𐤓𐤌	H834	5	0.60		
𐤁𐤆𐤉𐤌	H957	5	0.00		
𐤁𐤀𐤅𐤕𐤅	H853	40	0.78		
𐤄𐤊𐤁𐤉𐤓𐤄	H3524	3	0.67		
𐤁𐤌𐤌𐤔𐤋𐤕	H4910	10	0.90	H4519	0.1
𐤄𐤔𐤏𐤓𐤅𐤓𐤄	H8186	4	0.00		
𐤅𐤄𐤌𐤄𐤅𐤌𐤄	H4103	3	0.33		
𐤌𐤁𐤈𐤇𐤌	H4009	7	0.29		
𐤇𐤔𐤅𐤁𐤉𐤌	H2803	7	1.00		
𐤄𐤐𐤓𐤕𐤉𐤌	H6578	81	0.11		
𐤅𐤄𐤏𐤓𐤁𐤉𐤌	H6163	7	1.00	H6158	0.0
𐤇𐤍𐤅𐤐𐤄	H2610	3	1.00		
𐤄𐤎𐤂𐤅𐤓	H5462	4	0.75		
𐤃𐤇𐤄	H1760	20	0.45		
𐤄𐤓𐤑𐤇	H7523	33	0.85		
𐤉𐤔𐤒𐤋𐤅	H8254	3	0.67		
𐤄𐤀𐤎𐤅𐤍𐤅𐤕	H611	14	0.21		
𐤌𐤄𐤎𐤅𐤐𐤓𐤉𐤌	H5608	3	1.00	H4519	0.0
𐤌𐤌𐤄𐤓𐤉𐤌	H2022	5	1.00		
𐤌𐤄𐤀𐤌𐤕	H571	3	1.00		
𐤋𐤀𐤋𐤉𐤃𐤉	H3027	5	1.00	H410	0.4
𐤁𐤇𐤆𐤒𐤉𐤃	H3027	41	1.00	H2392	0.14634146341463414
𐤅𐤌𐤔𐤊𐤅	H4902	5	0.60		
𐤄𐤌𐤑𐤅𐤃𐤅𐤕	H4679	16	0.25		
𐤀𐤊𐤎𐤄	H3680	6	1.00		
𐤐𐤂𐤏𐤉	H6293	5	0.80		
𐤉𐤂𐤏𐤉𐤌	H3023	3	0.33		
𐤀𐤍𐤔𐤉𐤄𐤑𐤁𐤀	H6635	120	0.91	H376	0.9083333333333333
𐤅𐤄𐤄𐤉𐤊𐤋	H1964	10	1.00		
𐤌𐤃𐤅𐤕𐤉𐤄𐤌	H4060	5	0.80		
𐤊𐤇𐤒	H2706	27	0.74		
𐤀𐤊𐤆𐤓𐤉𐤅𐤕	H395	14	0.07		
𐤄𐤐𐤋𐤉𐤈𐤉𐤌	H6412	17	0.35		
𐤋𐤄𐤕𐤓𐤏𐤌	H7481	3	0.00		
𐤁𐤆𐤆	H962	9	0.89		
𐤔𐤒𐤅𐤄	H6960	8	0.88		
𐤄𐤌𐤑𐤁	H4673	21	0.71		
𐤄𐤆𐤃	H2102	3	0.00		
𐤋𐤃𐤅𐤔	H1758	5	0.20		
𐤁𐤏𐤑𐤌𐤕	H6109	3	0.00		
𐤓𐤔𐤏𐤕𐤅	H7564	14	0.64		
𐤄𐤎𐤅𐤁𐤋𐤉𐤌	H5449	3	0.00		
𐤅𐤁𐤐𐤇𐤃𐤅	H6342	6	1.00		
𐤅𐤈𐤄𐤓	H2891	5	0.60		
𐤁𐤉𐤕𐤑𐤅𐤓	H6697	3	0.67	H1004	1.0
𐤄𐤌𐤏𐤓𐤊𐤅𐤕	H4635	11	0.00		
𐤌𐤑𐤐𐤅𐤕	H6822	3	0.33		
𐤋𐤂𐤃𐤅𐤋𐤅𐤕	H1419	4	1.00		
𐤌𐤇𐤉𐤉𐤌	H2416	3	1.00		
𐤌𐤕𐤒𐤅𐤄	H8615	5	1.00		
𐤕𐤅𐤑𐤀𐤅𐤕	H8444	6	0.50		
𐤐𐤋𐤉𐤈𐤉	H6412	9	0.11		
𐤌𐤔𐤓𐤕𐤌	H8334	3	0.33		
𐤔𐤀𐤍𐤍	H7600	3	0.33	H7599	0.3333333333333333
𐤌𐤔𐤓𐤕𐤅	H8334	13	0.23		
𐤁𐤑𐤅𐤓𐤅	H6697	3	0.67		
𐤄𐤌𐤏𐤁𐤓𐤅𐤕	H4569	3	1.00		
𐤅𐤄𐤏𐤁𐤉𐤓	H5674	8	1.00		
𐤇𐤕𐤍𐤅	H2859	15	0.93	H2860	0.9333333333333333
𐤄𐤓𐤅𐤑𐤇𐤉𐤌	H7523	5	0.60		
𐤄𐤍𐤀𐤌𐤍𐤅𐤕	H539	3	0.67		
𐤅𐤋𐤃𐤅𐤔	H1758	3	0.00		
𐤀𐤉𐤌𐤉𐤌	H3816	3	0.00	H367	0.3333333333333333
𐤉𐤍𐤏𐤌	H5276	4	0.00		
𐤕𐤇𐤍𐤅𐤍𐤉𐤄	H8469	3	0.67		
𐤌𐤊𐤀𐤅𐤁𐤉𐤅	H4341	6	0.67		
𐤄𐤕𐤀𐤍𐤐	H599	6	0.50		
𐤁𐤔𐤋𐤌𐤅	H7965	4	1.00		
𐤌𐤂𐤁𐤅𐤓𐤉	H1368	4	0.50	H4519	0.0
𐤌𐤉𐤃𐤁𐤀	H4311	5	0.20		
𐤄𐤊𐤅𐤕𐤉𐤌	H5221	6	0.50		
𐤌𐤓𐤔𐤄	H4762	15	0.67		
𐤄𐤁𐤍𐤅𐤉𐤄	H1129	7	0.43		
𐤄𐤍𐤑𐤅𐤓𐤉𐤌	H6696	26	0.92		
𐤁𐤇𐤅𐤌𐤕	H2346	8	0.88		
𐤋𐤄𐤓	H2022	5	1.00		
𐤏𐤅𐤓𐤓𐤄	H5782	7	0.29		
𐤋𐤊𐤄𐤍𐤄	H2005	5	0.20		
𐤌𐤐𐤋𐤕𐤌	H4658	7	0.00		
𐤄𐤍𐤔𐤉𐤀𐤅𐤕	H5387	3	1.00		
𐤄𐤍𐤆𐤓	H5145	14	0.43	H5144	0.21428571428571427
𐤌𐤊𐤁𐤅𐤃𐤅	H3519	3	0.67		
𐤋𐤐𐤓𐤉	H6499	3	0.33		
𐤅𐤁𐤌𐤒𐤓𐤄	H4745	4	0.25		
𐤅𐤁𐤀𐤅𐤕𐤅	H935	7	1.00		
𐤄𐤉𐤐𐤉𐤌	H3308	5	0.00		
𐤍𐤏𐤑𐤓	H6113	11	0.64		
𐤌𐤇𐤋𐤕𐤅	H4258	11	0.18		
𐤁𐤐𐤀𐤓	H6287	5	0.40		
𐤉𐤔𐤕𐤅𐤌𐤌	H8074	5	0.80		
𐤌𐤏𐤑𐤌𐤕	H6106	6	0.83		
𐤉𐤂𐤅𐤍𐤅	H3015	5	0.60		
𐤅𐤔𐤐𐤊	H8210	3	0.67		
𐤋𐤎𐤁𐤕	H5437	17	1.00		
𐤌𐤄𐤏𐤅𐤌𐤃𐤉𐤌	H5975	5	0.60	H4519	0.0
𐤄𐤐𐤑𐤉𐤓	H6484	16	0.00		
𐤅𐤁𐤔𐤀𐤓𐤉𐤕	H7611	5	0.80		
𐤋𐤌𐤔𐤓𐤄	H8283	5	0.60		
𐤔𐤍𐤉𐤅	H8127	6	0.00	H8141	1.0
𐤂𐤃𐤓𐤄	H1448	12	0.17	H1449	0.5
𐤊𐤁𐤅𐤃𐤕	H3519	7	0.14		
𐤅𐤋𐤊𐤃	H3920	9	0.44		
𐤉𐤅𐤔𐤁𐤉𐤄𐤍	H3427	5	0.80		
𐤄𐤕𐤒𐤅𐤌𐤌	H6965	6	0.83		
𐤄𐤌𐤓𐤉𐤁𐤅𐤕	H7379	6	0.33	H4519	0.0
𐤁𐤌𐤕𐤒𐤅𐤌𐤌𐤉𐤌	H6965	3	1.00	H4519	0.0
𐤌𐤔𐤔𐤕	H8337	3	1.00	H4959	0.3333333333333333
𐤁𐤂𐤁𐤅𐤋𐤅𐤕	H1366	7	0.57		
𐤁𐤐𐤓𐤎𐤅𐤕	H6541	4	0.00		
𐤄𐤀𐤎𐤅𐤍	H611	41	0.15		
𐤌𐤇𐤌𐤔𐤉𐤌	H2572	3	1.00		
𐤁𐤀𐤋𐤐	H505	3	1.00		
𐤅𐤔𐤌𐤅𐤍𐤕	H8083	3	1.00		
𐤔𐤅𐤍𐤀𐤉𐤅	H8130	24	0.54		
𐤀𐤅𐤉𐤁𐤅	H341	11	0.91		
𐤁𐤀𐤌𐤑	H553	7	0.71		
𐤁𐤌𐤐𐤋𐤕𐤅	H4658	3	0.33		
𐤄𐤕𐤌𐤅𐤓𐤄	H8545	6	0.67		
𐤄𐤏𐤅𐤆𐤓𐤉𐤌	H5826	5	0.00		
𐤅𐤄𐤅𐤋𐤉𐤊	H3212	18	0.72		
𐤅𐤋𐤌𐤓𐤀𐤄	H4758	15	0.67		
𐤐𐤉𐤋𐤂𐤔𐤉𐤅	H6370	4	1.00		
𐤋𐤂𐤁𐤅𐤋𐤅𐤕	H1366	5	1.00		
𐤋𐤂𐤋𐤅𐤕𐤌	H1540	3	0.67		
𐤅𐤀𐤉𐤌𐤕	H571	3	0.00		
𐤌𐤄𐤅𐤌𐤅𐤕	H4103	14	0.64		
𐤅𐤇𐤐𐤓	H2660	3	0.33		
𐤄𐤇𐤓𐤉𐤑	H2742	5	1.00		
𐤔𐤍𐤔𐤀𐤓	H7604	5	0.80		
𐤔𐤓𐤃𐤅	H8277	5	0.60		
𐤌𐤉𐤍𐤀𐤉	H4484	3	0.00		
𐤇𐤓𐤕𐤕	H2802	9	0.00		
𐤂𐤓𐤎𐤄	H1638	5	0.00		
𐤃𐤉𐤒	H1785	4	0.25		
𐤅𐤄𐤊𐤓𐤉𐤇	H7381	4	0.00		
𐤁𐤁𐤈𐤇𐤅	H982	4	0.50		
𐤏𐤋𐤍𐤒𐤋𐤄	H7043	34	0.47	H5921	1.0
𐤀𐤊𐤆𐤓𐤉𐤅𐤕𐤅	H395	7	0.14		
𐤒𐤍𐤕𐤄	H7069	4	0.25		
𐤁𐤇𐤒𐤉	H2706	4	1.00	H2436	0.25
𐤁𐤌𐤑𐤅𐤅𐤕	H6680	5	0.80	H4519	0.4
𐤅𐤌𐤔𐤍𐤉	H8147	3	1.00		
𐤄𐤔𐤀𐤉𐤓𐤄	H7604	5	0.40		
𐤔𐤉𐤑𐤀	H3318	5	1.00		
𐤅𐤋𐤀𐤎𐤅𐤓	H631	3	1.00		
𐤄𐤊𐤍𐤎𐤅𐤕	H5254	3	0.00		
𐤄𐤂𐤃𐤉𐤋𐤄	H1419	3	0.67		
𐤌𐤎𐤐𐤓𐤅	H4557	3	0.67		
𐤔𐤊𐤉𐤓𐤉𐤌	H7936	14	0.29		
𐤌𐤔𐤋𐤄	H7887	5	0.00	H4910	1.0
𐤁𐤏𐤑𐤄	H6098	23	0.39		
𐤁𐤔𐤅𐤍𐤀𐤉𐤄𐤌	H8130	4	0.50		
𐤀𐤓𐤌𐤍𐤉𐤄	H764	19	0.00		
𐤉𐤃𐤉𐤃𐤉𐤌	H3039	5	0.40		
𐤅𐤄𐤊𐤓𐤉𐤆	H3745	5	0.40		
𐤄𐤎𐤌𐤅𐤊𐤄	H5564	8	0.62		
𐤌𐤎𐤓𐤄	H5493	8	1.00	H4519	0.125
𐤐𐤓𐤑𐤄	H6557	18	0.28		
𐤉𐤇𐤎	H2347	4	0.00		
𐤅𐤏𐤔𐤓𐤅	H6239	4	0.75		
𐤅𐤋𐤄𐤔𐤉𐤁𐤅	H7725	3	1.00		
𐤌𐤃𐤅𐤕𐤉𐤅	H4060	14	0.79		
𐤁𐤌𐤋𐤅𐤊𐤄	H4436	13	0.08		
𐤋𐤕𐤌𐤅𐤊	H8537	3	0.67		
𐤋𐤇𐤐𐤑𐤅	H2656	8	0.62		
𐤁𐤌𐤕𐤍𐤅𐤕	H4979	22	0.91		
𐤅𐤓𐤅𐤊𐤁𐤉𐤌	H7392	6	0.83		
𐤌𐤔𐤓𐤅𐤕	H8334	3	0.00		
𐤊𐤔𐤁𐤀	H935	3	1.00		
𐤁𐤏𐤆𐤓𐤅	H5828	6	0.00		
𐤄𐤊𐤓𐤉𐤏𐤅	H3766	5	0.20		
𐤄𐤎𐤊𐤅𐤌	H5520	7	0.14		
𐤁𐤄𐤌𐤋𐤈𐤅	H4422	3	0.33		
𐤊𐤐𐤓𐤅	H3724	3	0.33		
𐤄𐤎𐤊𐤉𐤍	H5532	3	0.67		
𐤌𐤋𐤌𐤋𐤀	H4390	6	0.67		
𐤕𐤇𐤍𐤕𐤅	H8467	4	0.75		
𐤅𐤁𐤃𐤏𐤕𐤅	H1847	14	0.29		
𐤌𐤂𐤃𐤋𐤕	H1431	5	0.60	H4519	0.2
𐤄𐤑𐤓𐤉	H6862	3	0.67	H6875	1.0
𐤁𐤔𐤏𐤓𐤉𐤄	H8179	5	1.00		
𐤋𐤄𐤊𐤁𐤔	H3532	4	0.25		
𐤄𐤍𐤅𐤓𐤀𐤄	H7200	10	0.90		
𐤋𐤀𐤅𐤉𐤁𐤉𐤅	H341	10	0.60		
𐤄𐤍𐤀𐤃𐤓𐤉𐤌	H142	3	1.00		
𐤄𐤂𐤔𐤓	H1651	10	0.00		
𐤄𐤌𐤇𐤁𐤓	H2268	3	0.00		
𐤄𐤃𐤓𐤅𐤔	H1875	19	0.63		
𐤊𐤇𐤅𐤕𐤉𐤄𐤌	H2333	4	0.25		
𐤏𐤌𐤋𐤌	H5999	8	0.38		
𐤄𐤎𐤅𐤋𐤋𐤄	H5550	20	0.95		
𐤍𐤎𐤕𐤌	H5254	3	0.33	H5127	0.3333333333333333
𐤌𐤊𐤅𐤍𐤅𐤕	H4349	19	0.26		
𐤁𐤂𐤃𐤋𐤌	H1431	6	1.00		
𐤅𐤍𐤏𐤔𐤅	H6213	6	0.83		
𐤎𐤅𐤋𐤄	H5542	3	0.00		
𐤅𐤄𐤒𐤉𐤐𐤅	H5362	5	1.00		
𐤄𐤒𐤌𐤉𐤌	H6965	11	0.91		
𐤔𐤔𐤌𐤄	H8033	5	0.00		
𐤅𐤋𐤄𐤏𐤋𐤅𐤕	H5921	8	1.00		
𐤁𐤄𐤊𐤉𐤓𐤅	H5234	8	0.88		
𐤁𐤂𐤓𐤆𐤍	H1631	11	0.00		
𐤄𐤔𐤅𐤊𐤍𐤉𐤌	H3651	3	1.00		
𐤄𐤍𐤑𐤉𐤁𐤅𐤕	H5324	4	1.00		
𐤄𐤅𐤁𐤋	H1892	6	0.00		
𐤄𐤕𐤏𐤍𐤄	H6030	4	0.75	H6031	0.75
𐤋𐤔𐤋𐤈𐤅𐤍𐤅	H7980	3	0.67		
𐤍𐤄𐤓𐤎𐤄	H2040	9	0.56		
𐤌𐤋𐤉𐤊	H4405	16	0.19		
𐤌𐤄𐤉𐤄𐤅𐤃𐤉𐤌	H3064	11	0.00		
𐤀𐤔𐤌𐤕𐤌	H819	6	0.17		
𐤅𐤌𐤓𐤔𐤄	H4762	5	0.80		
𐤅𐤀𐤔𐤃𐤅𐤃	H795	8	0.25		
𐤍𐤄𐤓𐤅	H5104	15	0.13	H5102	0.6666666666666666
𐤌𐤕𐤒𐤅𐤕𐤅	H8615	6	0.83	H4519	0.0
𐤌𐤀𐤄𐤁𐤕𐤌	H160	7	0.71		
𐤅𐤄𐤕𐤍𐤂𐤇𐤅	H5055	7	0.71		
𐤅𐤀𐤋𐤐𐤉𐤌	H505	5	1.00	H504	0.0
𐤁𐤒𐤏𐤅	H1234	7	1.00		
𐤋𐤄𐤍𐤐𐤔	H5315	5	0.80		
𐤅𐤌𐤅𐤏𐤑𐤕	H6098	9	0.22		
𐤕𐤁𐤅𐤓	H8396	8	0.62	H243	0.0
𐤅𐤔𐤀𐤓𐤉𐤕𐤌	H7611	4	1.00		
𐤄𐤍𐤁𐤈𐤉𐤌	H5028	8	0.25		
𐤁𐤄𐤅𐤑𐤉𐤀𐤅	H3318	4	1.00		
𐤍𐤎𐤐𐤄	H5595	6	1.00		
𐤔𐤍𐤌𐤋𐤈	H4422	3	1.00		
𐤇𐤔𐤅𐤁𐤄	H2815	4	0.50		
𐤔𐤋𐤌𐤉𐤕	H8019	32	0.28		
𐤄𐤊𐤓𐤉𐤇	H7381	12	0.00		
𐤁𐤓𐤏𐤋	H7478	5	0.00		
𐤂𐤅𐤐𐤕𐤅	H1480	4	0.75		
𐤅𐤋𐤓𐤂𐤋	H7272	3	1.00	H7270	1.0
𐤁𐤀𐤔𐤒𐤋𐤅𐤍	H831	4	0.25		
𐤁𐤋𐤁𐤍𐤅𐤍	H3844	3	0.67		
𐤉𐤃𐤍	H3027	9	1.00		
𐤁𐤂𐤁𐤅𐤓𐤉𐤌	H1368	3	0.00		
𐤋𐤄𐤁𐤒𐤉𐤏	H1234	17	0.53		
𐤋𐤇𐤉𐤋	H2428	7	1.00		
𐤑𐤓𐤊𐤉𐤅	H6862	7	0.43		
𐤍𐤐	H5297	3	0.33		
𐤄𐤉𐤌𐤍𐤉	H3233	6	1.00	H3231	1.0
𐤄𐤓𐤅𐤃𐤐𐤉𐤌	H7291	9	0.89		
𐤄𐤑𐤉𐤒	H3332	8	0.75		
𐤌𐤇𐤍𐤌	H4266	26	0.38		
𐤐𐤑𐤏𐤉𐤌	H6482	5	1.00		
𐤆𐤃𐤅𐤍𐤌	H2087	11	0.00		
𐤐𐤑𐤏𐤉𐤅	H6482	7	1.00		
𐤅𐤌𐤒𐤅𐤄	H4723	4	0.75	H4724	0.25
𐤌𐤎𐤅𐤓𐤉𐤄	H4149	21	0.33		
𐤅𐤄𐤔𐤒𐤉𐤈	H8252	4	0.75		
𐤅𐤁𐤌𐤍𐤅𐤇𐤄	H4496	5	0.40		
𐤅𐤉𐤄𐤍𐤅	H3050	5	0.80		
𐤊𐤅𐤆𐤁𐤅𐤕	H2100	4	0.50		
𐤌𐤕𐤊𐤅𐤍𐤕𐤅	H4971	4	0.00		
𐤋𐤐𐤏𐤋𐤄	H6466	3	1.00		
𐤔𐤅𐤃𐤃𐤉𐤌	H1730	11	0.36	H7703	1.0
𐤋𐤁𐤅𐤕	H3826	8	0.00		
𐤁𐤌𐤔𐤓𐤕𐤅	H8334	3	0.00		
𐤊𐤌𐤅𐤔𐤋	H4910	3	0.67		
𐤌𐤒𐤍𐤀𐤕	H7068	4	0.75		
𐤅𐤁𐤇𐤑𐤓	H2702	4	0.25	H2705	0.25
𐤁𐤏𐤆𐤁𐤅	H5800	3	1.00		
𐤌𐤂𐤃𐤋𐤕𐤅	H4026	6	0.33		
𐤌𐤌𐤔𐤓𐤕𐤅	H8334	4	0.25		
𐤋𐤄𐤅𐤃𐤉𐤏𐤄𐤅	H3046	7	0.71		
𐤅𐤂𐤌𐤓	H1586	13	0.23		
𐤋𐤄𐤐𐤉𐤇	H6368	11	0.27		
𐤍𐤒𐤌𐤕𐤅	H5360	25	0.68		
𐤅𐤀𐤅𐤄𐤁𐤅	H157	6	1.00		
𐤔𐤂𐤌𐤋	H1580	4	1.00		
𐤔𐤄𐤓𐤀𐤄	H7200	8	1.00		
𐤌𐤀𐤅𐤄𐤁𐤉	H157	5	0.60		
𐤄𐤕𐤇𐤅𐤋𐤋𐤄	H2342	6	0.83		
𐤅𐤄𐤕𐤉𐤑𐤁	H3320	7	0.86		
𐤅𐤍𐤂𐤔	H5066	4	1.00	H5065	0.25
𐤌𐤄𐤒𐤓𐤅𐤁𐤉𐤌	H7138	3	0.67		
𐤋𐤂𐤁𐤅𐤕	H1358	11	0.27		
𐤌𐤊𐤎𐤕	H4373	4	0.00		
𐤄𐤁𐤈𐤉𐤇𐤄𐤅	H982	5	0.40		
𐤁𐤔𐤇𐤃	H7810	6	0.33		
𐤄𐤓𐤏𐤋	H7477	9	0.00		
𐤌𐤏𐤌𐤃𐤅	H5978	3	0.67		
𐤋𐤐𐤒𐤃𐤄	H6486	3	1.00		
𐤈𐤓𐤅𐤃	H2956	3	0.33		
𐤋𐤉𐤎𐤃	H3245	3	0.67		
𐤄𐤎𐤏𐤃𐤄	H5582	3	0.33		
𐤅𐤋𐤄𐤂𐤉𐤃	H5046	11	0.91		
𐤅𐤌𐤓𐤁	H7230	13	0.92		
𐤋𐤇𐤒𐤅𐤓	H2713	22	0.45		
𐤌𐤑𐤃𐤄	H6654	21	0.10	H4686	0.6190476190476191
𐤋𐤕𐤇𐤍𐤅𐤍𐤉𐤅	H8469	5	0.60		
𐤌𐤌𐤑𐤃𐤄	H6654	3	0.33		
𐤄𐤏𐤓𐤉𐤑𐤅𐤕	H6184	7	1.00		
𐤋𐤏𐤓𐤉𐤑𐤉𐤌	H6184	3	0.67		
𐤒𐤓𐤁𐤕𐤅	H7126	4	1.00		
𐤅𐤄𐤔𐤀𐤉𐤓𐤅	H7604	6	0.83		
𐤊𐤔𐤊𐤁𐤓	H3529	4	0.00		
𐤅𐤋𐤏𐤌𐤕𐤌	H5980	5	0.60		
𐤇𐤌𐤔𐤄𐤏𐤔𐤓	H6240	7	0.86	H2568	0.14285714285714285
𐤅𐤔𐤀𐤅𐤍	H205	3	0.33	H7588	1.0
𐤄𐤍𐤎𐤉𐤊𐤉𐤌	H5257	3	0.00		
𐤋𐤂𐤃𐤋𐤄	H1419	9	1.00		
𐤉𐤕𐤇𐤆𐤒𐤅	H2388	3	1.00		
𐤅𐤇𐤌𐤔𐤌𐤀𐤅𐤕	H3967	3	1.00	H2568	1.0
𐤋𐤐𐤓𐤅𐤑	H6555	5	1.00		
𐤅𐤁𐤌𐤋𐤇𐤌𐤄	H4421	4	1.00		
𐤍𐤈𐤔𐤄	H5203	3	1.00		
𐤄𐤌𐤅𐤍𐤉𐤌	H1995	17	0.59		
𐤅𐤁𐤄𐤂𐤉𐤏	H5060	12	0.83		
𐤄𐤇𐤌𐤔𐤉𐤌	H2572	9	0.44	H2571	0.5555555555555556
𐤏𐤓𐤌𐤄	H6195	14	0.29	H6194	0.14285714285714285
𐤋𐤐𐤓𐤕𐤉𐤌	H6578	4	0.00		
𐤅𐤄𐤅𐤊𐤉𐤇	H3198	8	0.50		
𐤒𐤋𐤋𐤅	H7043	4	0.75		
𐤋𐤀𐤆𐤍𐤉𐤅	H244	7	0.00		
𐤌𐤀𐤎𐤓	H632	3	0.33		
𐤅𐤀𐤇𐤉𐤄	H2421	4	0.75	H281	0.25
𐤌𐤍𐤅𐤎𐤕𐤅	H4499	6	0.50		
𐤅𐤁𐤌𐤓𐤇𐤒	H7350	3	1.00		
𐤁𐤉𐤓𐤄	H1249	4	0.25	H1002	0.25
𐤄𐤅𐤓𐤃𐤉𐤅𐤍	H3383	7	0.00		
𐤅𐤉𐤏𐤑	H3289	18	0.44		
𐤄𐤃𐤓𐤅𐤔𐤉𐤌	H1875	9	0.44		
𐤀𐤍𐤔𐤉𐤇𐤉𐤋	H2428	8	0.88	H376	1.0
𐤐𐤈𐤓𐤄	H6363	10	0.20		
𐤁𐤔𐤍𐤉𐤅	H8127	3	0.00		
𐤋𐤍𐤐𐤑	H5310	5	0.20		
𐤄𐤐𐤑𐤏	H6482	3	1.00		
𐤁𐤔𐤕𐤉𐤄𐤍	H8147	3	0.67		
𐤔𐤀𐤌	H518	29	0.93		
𐤋𐤔𐤅𐤍𐤀𐤉𐤌	H8130	3	0.33		
𐤔𐤋𐤅𐤇𐤉𐤄𐤌	H2421	4	0.50		
𐤄𐤏𐤅𐤌𐤃𐤅𐤕	H5975	4	0.75		
𐤁𐤕𐤐𐤀𐤓𐤄	H8597	3	1.00		
𐤀𐤅𐤉𐤁𐤉𐤄	H341	5	0.00		
𐤌𐤎𐤏	H4551	12	0.75	H4550	0.8333333333333334
𐤁𐤀𐤓𐤅	H216	3	0.67		
𐤅𐤀𐤋𐤉𐤄𐤌	H413	3	1.00		
𐤐𐤄𐤀𐤇𐤃	H259	3	1.00	H6311	0.3333333333333333
𐤌𐤊𐤋𐤉𐤄𐤌	H3627	6	0.33		
𐤎𐤉𐤋𐤅𐤍	H5544	21	0.00		
𐤁𐤐𐤇𐤃𐤅	H6343	11	0.64		
𐤇𐤔	H4122	6	0.33	H2363	0.3333333333333333
𐤅𐤄𐤍𐤉𐤎	H5127	4	0.75		
𐤏𐤔𐤅𐤉	H6213	14	0.93		
𐤌𐤊𐤔𐤅𐤋𐤉𐤌	H4383	3	0.00		
𐤁𐤌𐤑𐤃𐤄	H4686	12	0.58		
𐤄𐤌𐤈𐤉𐤓𐤅	H4305	7	0.00		
𐤉𐤓𐤅	H3384	15	0.80	H7301	0.6666666666666666
𐤁𐤏𐤅𐤌𐤃𐤉𐤌	H5975	3	0.33		
𐤋𐤊𐤋𐤊𐤋𐤕𐤌	H3557	3	0.33		
𐤋𐤔𐤌𐤌𐤄	H8077	10	0.60		
𐤉𐤓𐤅𐤇	H3386	3	0.00	H7304	1.0
𐤊𐤋𐤊𐤋𐤕	H3557	4	1.00		
𐤄𐤏𐤆𐤅𐤁𐤉𐤌	H5800	4	0.25		
𐤄𐤑𐤉𐤁	H5324	7	0.71		
𐤅𐤋𐤄𐤒𐤕	H3862	3	0.00		
𐤌𐤋𐤌𐤃𐤉	H3925	7	0.43		
𐤋𐤑𐤁𐤀𐤅	H6635	10	1.00		
𐤁𐤐𐤓𐤕𐤉𐤌	H6578	4	0.25		
𐤅𐤁𐤓𐤀𐤔𐤅𐤍𐤄	H7223	21	1.00		
𐤁𐤑𐤋𐤏𐤅𐤕	H6763	3	1.00		
𐤔𐤋𐤅𐤇𐤉𐤅	H2421	4	1.00		
𐤍𐤕𐤐𐤔𐤅	H8610	19	0.11		
𐤋𐤁𐤑𐤅𐤓	H6697	11	0.45		
𐤔𐤓𐤄𐤑𐤁𐤀	H6635	14	0.64	H8269	0.9285714285714286
𐤅𐤇𐤋𐤄	H2342	8	0.88	H2470	0.625
𐤉𐤕𐤓𐤅𐤕	H3499	4	0.75		
𐤀𐤌𐤀𐤅𐤎	H3988	10	0.50		
𐤅𐤄𐤇𐤉𐤔	H2440	4	0.50		
𐤁𐤕𐤒𐤅𐤕𐤅	H8615	6	1.00		
𐤄𐤅𐤓𐤏	H7451	3	1.00		
𐤉𐤕𐤂𐤓𐤄	H1624	4	0.00		
𐤋𐤌𐤔𐤏𐤍	H4937	8	0.50		
𐤋𐤂𐤆𐤅𐤋	H1497	8	0.62		
𐤅𐤁𐤄𐤂𐤉𐤏𐤅	H5060	7	0.71		
𐤌𐤑𐤁𐤀	H6635	10	0.60	H6633	0.6
𐤍𐤋𐤅𐤄	H3867	9	0.22		
𐤁𐤆𐤏𐤐	H2197	3	0.33		
𐤀𐤑𐤁𐤏	H676	5	0.20		
𐤅𐤄𐤇𐤓𐤉𐤁	H2717	7	1.00		
𐤕𐤇𐤍𐤅𐤕𐤅	H8467	7	0.00		
𐤌𐤏𐤆	H5797	4	0.50	H4581	0.5
𐤓𐤅𐤑𐤇𐤉	H7523	3	0.67		
𐤌𐤌𐤅𐤋𐤅	H4136	3	1.00		
𐤄𐤌𐤈𐤁𐤇	H4293	3	0.33		
𐤍𐤃𐤇𐤐𐤅	H1765	9	0.11		
𐤑𐤏𐤃𐤉𐤄𐤌	H6806	6	0.00		
𐤄𐤌𐤅𐤍𐤅𐤕	H3233	11	0.36		
𐤅𐤋𐤄𐤅𐤑𐤉𐤀	H3318	9	1.00		
𐤁𐤄𐤐𐤉𐤋𐤅	H5307	4	1.00		
𐤍𐤏𐤓𐤌𐤅	H6192	8	0.62		
𐤕𐤋𐤉𐤌	H8510	3	0.67		
𐤌𐤄𐤌𐤊𐤄	H5221	4	0.50		
𐤕𐤋𐤉	H8510	4	0.75	H8522	0.0
𐤏𐤑𐤓𐤅𐤄𐤅	H6116	7	0.00		
𐤍𐤃𐤄𐤌𐤉𐤌	H1724	4	0.75		
𐤌𐤌𐤂𐤅𐤓	H4032	3	1.00		
𐤄𐤂𐤔𐤌𐤉𐤌	H1653	18	0.61		
𐤏𐤁𐤅𐤃𐤅𐤕	H5647	4	0.75		
𐤀𐤇𐤃𐤏𐤔𐤓	H6240	4	1.00	H259	1.0
𐤁𐤌𐤎𐤐𐤓𐤅	H4557	4	0.75		
𐤏𐤋𐤐𐤉𐤄	H6310	3	1.00	H5921	1.0
𐤅𐤄𐤇𐤋𐤔𐤉𐤌	H2523	6	0.17		
𐤔𐤅𐤐𐤊𐤉	H7780	4	0.00		
𐤄𐤎𐤅𐤋𐤋𐤅𐤕	H5550	41	1.00		
𐤌𐤄𐤋𐤇𐤌	H3899	6	0.00		
𐤄𐤌𐤍𐤄𐤓𐤅𐤕	H5104	14	0.14	H4492	0.5714285714285714
𐤁𐤓𐤑𐤇	H7524	11	0.64		
𐤌𐤑𐤁𐤅	H4673	5	0.60		
𐤁𐤑𐤓𐤕𐤅	H1219	4	0.25		
𐤁𐤄𐤓𐤁𐤅𐤕𐤅	H7235	3	1.00		
𐤁𐤄𐤐𐤊𐤌	H2015	4	1.00		
𐤓𐤊𐤅𐤔𐤄	H7399	4	0.50		
𐤋𐤑𐤃𐤒	H6664	12	0.58		
𐤔𐤀𐤋𐤕𐤄	H7592	4	0.75		
𐤁𐤃𐤓𐤅𐤌	H1864	5	0.40		
𐤔𐤉	H7862	4	0.75	H7716	0.25
𐤄𐤅𐤍𐤇	H5146	8	0.00	H5117	1.0
𐤁𐤏𐤓𐤌𐤕	H6194	3	0.00		
𐤌𐤋𐤑𐤀𐤕	H3318	3	1.00		
𐤁𐤏𐤓𐤁𐤉𐤌	H6163	4	1.00	H6148	0.0
𐤁𐤇𐤔𐤁𐤄	H2803	3	1.00		
𐤉𐤍𐤂𐤐	H5062	4	0.75		
𐤒𐤅𐤕𐤄	H6960	5	1.00		
𐤌𐤄𐤀𐤅𐤉𐤁𐤉𐤌	H341	9	0.78	H4519	0.2222222222222222
𐤁𐤇𐤅𐤌𐤄	H2346	16	1.00		
𐤁𐤓𐤃𐤐𐤅	H7291	6	1.00		
𐤅𐤄𐤍𐤉𐤎𐤅	H5127	5	0.80		
𐤌𐤈𐤁𐤇	H4293	8	0.38		
𐤔𐤓𐤉𐤄𐤇𐤉𐤋𐤉𐤌	H2428	6	0.83	H8269	1.0
𐤅𐤐𐤔𐤈	H6584	5	0.60		
𐤔𐤁𐤀𐤄	H935	7	0.86		
𐤄𐤓𐤉𐤒𐤄	H7385	3	0.67		
𐤄𐤕𐤂𐤋𐤂𐤋𐤅	H1556	6	0.50		
𐤁𐤀𐤎𐤅𐤍	H611	3	0.33		
𐤄𐤌𐤅𐤐𐤕𐤉𐤌	H4159	5	0.80		
𐤕𐤏𐤅𐤓𐤓𐤅	H5782	3	0.33		
𐤓𐤅𐤇𐤇𐤉𐤉𐤌	H2416	4	0.75	H7307	0.25
𐤋𐤀𐤎𐤅𐤍	H611	6	0.50		
𐤅𐤄𐤀𐤅𐤕	H226	3	1.00		
𐤅𐤌𐤒𐤓𐤄	H4745	3	0.00		
𐤄𐤍𐤌𐤑𐤀𐤄	H4672	4	0.75		
𐤄𐤎𐤅𐤊𐤊	H5526	8	0.62		
𐤄𐤑𐤌𐤀	H6771	6	0.83		
𐤋𐤋𐤄𐤈	H3858	3	0.00		
𐤅𐤄𐤎𐤂𐤉𐤓𐤅	H5462	3	1.00		
𐤄𐤃𐤀𐤂𐤄	H1674	5	0.40		
𐤊𐤇𐤃	H3582	3	0.67		
𐤋𐤏𐤆𐤓𐤄𐤅	H5838	3	0.00		
𐤋𐤕𐤒𐤅𐤍	H8626	5	0.00		
𐤁𐤍𐤅𐤐𐤋𐤉𐤌	H5307	3	1.00		
𐤌𐤍𐤉𐤇	H5117	5	1.00	H3240	1.0
𐤅𐤋𐤃𐤁𐤓𐤉𐤌	H1697	6	1.00		
𐤍𐤃𐤁𐤕	H5071	14	0.64	H5082	0.2857142857142857
𐤄𐤇𐤋𐤅𐤕	H2490	5	1.00		
𐤄𐤏𐤆𐤓𐤄	H5835	21	0.33		
𐤋𐤂𐤌𐤅𐤋	H1576	11	0.82	H1577	0.36363636363636365
𐤄𐤌𐤋𐤉𐤑	H3887	5	0.60		
𐤅𐤉𐤐𐤅	H3305	5	0.40		
𐤀𐤓𐤂𐤁	H709	8	0.00		
𐤇𐤅𐤓𐤍	H1032	5	0.20	H2362	0.2
𐤅𐤌𐤎𐤓	H5493	22	0.95		
𐤍𐤑𐤉𐤁𐤅𐤕	H5333	3	0.00		
𐤋𐤔𐤋𐤅𐤈	H3876	7	0.00	H7980	0.7142857142857143
𐤆𐤅𐤋𐤕	H2108	40	0.78		
𐤄𐤑𐤋𐤇𐤕𐤅	H6747	9	0.11		
𐤅𐤏𐤑𐤌𐤄	H6105	9	1.00		
𐤄𐤍𐤃𐤉𐤁𐤄	H5081	7	0.86		
𐤇𐤌𐤔𐤏𐤔𐤓𐤄	H6240	4	0.75	H2568	0.5
𐤄𐤀𐤅𐤋𐤌𐤉𐤌	H197	33	0.00		
𐤁𐤄𐤃𐤓𐤅	H1926	5	0.60		
𐤅𐤄𐤒𐤉𐤐	H5362	7	0.86		
𐤐𐤅𐤓𐤉𐤄	H6509	3	0.67		
𐤍𐤁𐤇𐤓𐤉𐤌	H977	12	0.67		
𐤌𐤒𐤅𐤓𐤅𐤕	H7157	8	0.25		
𐤀𐤉𐤍𐤇𐤒𐤓	H2714	3	0.00	H369	0.6666666666666666
𐤄𐤌𐤑𐤅𐤋𐤄	H4688	5	0.80		
𐤄𐤐𐤅𐤍𐤉𐤌	H6440	3	1.00		
𐤁𐤀𐤓𐤌𐤅𐤍	H759	5	1.00		
𐤋𐤀𐤍𐤉𐤅𐤕	H591	5	0.80		
𐤎𐤋𐤏𐤉	H5553	3	1.00		
𐤌𐤁𐤅𐤀𐤅𐤕	H935	3	1.00	H4519	0.3333333333333333
𐤈𐤁𐤏	H2883	26	0.12		
𐤄𐤒𐤔𐤉𐤌	H7186	13	0.54		
𐤅𐤓𐤇𐤁𐤍	H7341	3	1.00		
𐤏𐤅𐤑𐤓	H6113	3	1.00		
𐤌𐤌𐤅𐤋𐤌	H4136	3	0.67		
𐤅𐤀𐤉𐤍𐤅	H335	20	0.00		
𐤁𐤌𐤃𐤕𐤅	H1881	3	0.67		
𐤋𐤍𐤑𐤉𐤁𐤅𐤕	H5333	4	0.25		
𐤋𐤇𐤌𐤔	H2568	6	1.00	H2569	0.5
𐤇𐤓𐤕	H2802	3	0.00		
𐤅𐤄𐤒𐤃𐤉𐤔	H6942	3	1.00		
𐤋𐤒𐤓𐤅𐤁𐤉𐤅	H7138	4	0.75		
𐤁𐤆𐤊𐤓	H2145	3	1.00		
𐤄𐤒𐤉𐤓𐤅𐤕	H7023	6	1.00		
𐤃𐤌𐤕𐤄	H1819	7	0.57		
𐤅𐤄𐤉𐤊𐤋𐤅𐤕	H3201	3	0.67		
𐤅𐤁𐤑𐤅𐤓	H6697	3	0.00		
𐤕𐤏𐤋𐤅𐤕	H8585	3	1.00		
𐤅𐤁𐤂𐤃𐤋𐤌	H1433	3	0.33		
𐤅𐤋𐤕𐤍𐤅𐤕	H8567	3	0.00		
𐤄𐤀𐤕𐤅𐤍𐤉𐤌	H860	3	0.00		
𐤁𐤌𐤅𐤎𐤉𐤄	H4532	3	0.33		
𐤁𐤄𐤊𐤉𐤍𐤅	H3559	4	0.75		
𐤋𐤌𐤔𐤇𐤒𐤉𐤌	H7832	3	0.67		
𐤄𐤒𐤋	H7043	6	1.00	H7031	0.3333333333333333
𐤁𐤂𐤃𐤅𐤋𐤅𐤕	H1419	4	1.00		
𐤄𐤑𐤉𐤃	H6679	8	0.88		
𐤂𐤁𐤅𐤓𐤇𐤉𐤋	H2428	8	1.00	H1368	0.375
𐤄𐤇𐤍𐤉𐤕	H2595	8	1.00		
𐤄𐤌𐤈𐤓𐤄	H4307	6	0.50		
𐤊𐤂𐤃𐤋	H1433	6	0.17	H1419	0.6666666666666666
𐤋𐤌𐤌𐤔𐤋𐤄	H7887	4	0.00		
𐤅𐤁𐤁𐤈𐤇𐤄	H985	4	0.00		
𐤏𐤋𐤅𐤌𐤉𐤅	H5934	3	0.33		
𐤄𐤕𐤌𐤊𐤓𐤅	H4376	4	0.00		
𐤅𐤁𐤏𐤑𐤌𐤕	H6106	5	0.60		
𐤂𐤋𐤕𐤄	H1540	10	0.70		
𐤄𐤇𐤓𐤉𐤃𐤄	H2731	3	1.00		
𐤅𐤇𐤓𐤃	H2730	3	0.33	H2729	1.0
𐤅𐤁𐤎𐤕𐤓	H5643	5	0.60		
𐤅𐤁𐤉𐤍𐤄	H998	5	0.60		
𐤅𐤄𐤁𐤍𐤉𐤌	H1121	3	1.00		
𐤃𐤅𐤃𐤕𐤅	H1733	6	1.00		
𐤅𐤇𐤌𐤕𐤌	H2574	3	0.00		
𐤋𐤁𐤃𐤅𐤕	H905	3	1.00		
𐤑𐤅𐤀𐤕	H853	8	0.62	H6680	0.75
𐤌𐤀𐤔𐤌	H817	4	0.00		
𐤅𐤏𐤋𐤉𐤊𐤌	H5921	4	1.00		
𐤁𐤊𐤏𐤎	H3708	6	0.83		
𐤅𐤋𐤀𐤅𐤄𐤁𐤉𐤌	H157	3	1.00		
𐤍𐤔𐤅𐤀𐤅𐤕	H5375	9	1.00		
𐤁𐤍𐤉𐤄𐤍𐤏𐤅𐤓𐤉𐤌	H5271	3	1.00	H1121	1.0
𐤄𐤉𐤒𐤓𐤉𐤌	H3368	16	0.38		
𐤇𐤁𐤒	H2264	3	0.00	H2263	0.3333333333333333
𐤌𐤔𐤋𐤔𐤕	H8027	7	1.00		
𐤄𐤍𐤀𐤎𐤐	H622	9	1.00		
𐤄𐤊𐤁𐤅𐤔𐤄	H3535	3	0.00		
𐤋𐤂𐤃𐤅𐤋	H1419	7	0.71		
𐤌𐤇𐤆𐤒	H2388	6	0.67	H2389	0.8333333333333334
𐤁𐤏𐤋𐤉𐤋𐤅𐤕	H5948	13	0.08		
𐤎𐤐	H5592	3	0.00	H5490	0.6666666666666666
𐤅𐤄𐤑𐤏𐤉𐤓𐤉𐤌	H6810	3	0.67		
𐤄𐤂𐤁𐤓𐤕	H1404	3	0.67		
𐤄𐤓𐤁𐤕𐤄	H7235	6	1.00		
𐤅𐤂𐤋𐤕𐤄	H1540	3	0.67		
𐤌𐤃𐤓𐤊𐤉𐤄𐤌	H1870	5	1.00		
𐤑𐤃𐤒𐤕𐤌	H6666	6	0.17		
𐤒𐤔𐤁𐤕	H7183	3	0.33		
𐤋𐤍𐤎𐤉𐤊	H5262	3	0.00		
𐤌𐤋𐤔𐤀𐤕	H5375	5	1.00		
𐤁𐤌𐤆𐤌𐤕	H4209	4	0.75		
𐤏𐤍𐤅𐤉𐤉𐤄𐤌	H5869	5	0.40		
𐤒𐤓𐤁𐤕𐤌	H7126	6	0.83		
𐤌𐤕𐤀𐤎𐤐𐤉𐤌	H622	7	1.00	H4519	0.14285714285714285
𐤋𐤄𐤅𐤓𐤂𐤉𐤌	H2026	4	0.75		
𐤌𐤊𐤏𐤎	H3708	3	0.33		
𐤏𐤁𐤓𐤕𐤌	H5674	6	1.00		
𐤄𐤍𐤒𐤉𐤉𐤌	H5355	8	0.62		
𐤉𐤎𐤅𐤓𐤉𐤄𐤌	H3249	3	0.00		
𐤀𐤓𐤑𐤉𐤄𐤅𐤃𐤄	H3063	3	0.00	H776	1.0
𐤁𐤌𐤆𐤌𐤕𐤅	H4209	3	0.67		
𐤋𐤈𐤅𐤁𐤕𐤌	H2896	6	1.00		
𐤅𐤍𐤁𐤅𐤍𐤉𐤌	H995	3	1.00		
𐤅𐤁𐤓𐤅𐤓	H1305	7	0.14		
𐤋𐤇𐤈𐤀𐤕𐤅	H2403	5	0.40		
𐤅𐤋𐤁𐤔	H3847	4	0.75		
𐤉𐤅𐤀𐤔	H3101	10	0.80		
𐤁𐤓𐤉𐤕𐤔𐤋𐤅𐤌	H7965	6	1.00	H1285	0.5
𐤁𐤌𐤔𐤐𐤇𐤕𐤅	H4940	3	0.33		
𐤁𐤎𐤁𐤁𐤅	H5437	4	1.00		
𐤁𐤊𐤇𐤔	H3585	9	0.11		
𐤋𐤄𐤕𐤇𐤐𐤔	H2664	4	0.75		
𐤄𐤓𐤀𐤅𐤉𐤅𐤕	H7200	4	1.00		
𐤋𐤄𐤊𐤓𐤉𐤏	H3766	6	0.50		
𐤅𐤁𐤒𐤇𐤕𐤅	H3947	5	0.60		
𐤍𐤃𐤇𐤅	H5080	3	0.67		
𐤆𐤉𐤐	H2128	3	0.67		
𐤃𐤁𐤓𐤀𐤌𐤕	H571	6	0.83	H1697	1.0
𐤄𐤐𐤉𐤇	H6341	3	0.33		
𐤄𐤏𐤋𐤉𐤋𐤄	H5950	17	0.06		
𐤋𐤀𐤌𐤋𐤋𐤉𐤌	H535	3	0.00		
𐤋𐤄𐤌𐤉𐤕𐤄	H4191	4	1.00		
𐤅𐤄𐤅𐤃𐤉𐤏𐤄	H3045	4	1.00		
𐤁𐤌𐤇𐤔𐤁𐤕𐤌	H4284	6	0.67		
𐤋𐤄𐤅𐤓𐤂	H2026	6	0.83		
𐤏𐤍𐤔𐤌	H6064	9	0.89		
𐤁𐤌𐤓𐤀𐤌	H7214	3	0.33		
𐤅𐤊𐤊𐤋𐤅𐤕𐤅	H3615	4	1.00		
𐤃𐤍𐤅	H1777	3	0.67		
𐤋𐤎𐤅𐤁𐤁	H5437	6	0.83		
𐤅𐤋𐤄𐤔𐤀𐤉𐤓	H7604	3	1.00		
𐤋𐤄𐤈𐤅𐤕𐤅	H5186	4	1.00		
𐤋𐤑𐤏𐤉𐤓𐤉𐤌	H6810	4	1.00		
𐤋𐤓𐤑𐤇𐤅	H7523	3	1.00		
𐤅𐤄𐤀𐤔𐤉𐤌	H7760	3	1.00		
𐤁𐤏𐤑𐤉𐤌	H6086	3	1.00		
𐤅𐤌𐤇𐤕𐤄	H4288	4	0.75	H4229	0.5
𐤅𐤂𐤃𐤋𐤉𐤌	H1419	4	0.75		
𐤋𐤀𐤄𐤁𐤕𐤅	H157	4	1.00		
𐤄𐤇𐤌𐤋𐤄	H2550	7	0.86		
𐤋𐤁𐤊𐤅𐤓	H1071	3	0.67		
𐤄𐤒𐤔𐤓𐤉𐤌	H7194	7	0.86		
𐤅𐤋𐤈𐤅𐤁𐤕	H2896	4	1.00		
𐤅𐤇𐤁𐤒	H2263	3	0.67		
𐤄𐤍𐤎𐤉𐤊	H5262	3	0.00		
𐤅𐤇𐤌𐤋	H2538	3	0.00		
𐤉𐤔𐤀𐤉𐤓	H7604	11	0.91		
𐤀𐤇𐤉𐤅𐤕	H259	4	0.75	H269	1.0
𐤅𐤀𐤇𐤅𐤕𐤄	H269	3	1.00		
𐤋𐤀𐤌	H517	7	1.00	H3816	0.2857142857142857
𐤅𐤃𐤁𐤓𐤄	H1683	4	0.75		
𐤄𐤕𐤏𐤁𐤓	H5674	7	0.71		
𐤇𐤈𐤀𐤅𐤕	H2403	7	0.57	H2399	0.42857142857142855
𐤓𐤑𐤅𐤐𐤉𐤌	H7529	7	0.14		
𐤌𐤄𐤃𐤁𐤓𐤉𐤌	H1697	12	1.00		
𐤉𐤂𐤓𐤔	H1644	6	0.50		
𐤋𐤔𐤍𐤀𐤄	H4994	8	0.62		
𐤁𐤂𐤋𐤋𐤄	H1558	14	0.93		
𐤌𐤇𐤅𐤋𐤋𐤉	H2342	6	1.00		
𐤅𐤋𐤍𐤔𐤉	H802	3	1.00		
𐤔𐤏𐤔𐤅	H6213	6	1.00		
𐤆𐤓𐤒𐤄	H2236	3	0.00		
𐤁𐤉𐤓𐤔𐤕	H7568	3	0.00		
𐤁𐤑𐤅𐤀𐤕𐤅	H3318	7	0.86		
𐤄𐤎𐤌	H2013	15	0.60		
𐤅𐤓𐤇𐤅𐤒	H7350	3	0.67		
𐤄𐤎𐤅𐤃𐤅𐤕	H5475	4	0.25		
𐤋𐤄𐤌𐤓	H4171	3	0.33		
𐤅𐤋𐤊𐤋𐤅𐤕	H3615	3	1.00		
𐤇𐤑𐤓𐤅	H2695	4	0.00		
𐤄𐤓𐤂𐤉𐤆	H7264	4	1.00		
𐤁𐤀𐤂𐤓𐤅𐤕	H107	5	1.00		
𐤋𐤐𐤆𐤓	H6340	3	0.00		
𐤎𐤕𐤌𐤅	H5640	8	0.12		
𐤋𐤄𐤋𐤋𐤅	H1984	4	1.00		
𐤐𐤕𐤇𐤅𐤍𐤐𐤄	H6311	3	0.00	H6610	0.0
𐤋𐤕𐤌𐤄𐤅𐤍	H8539	3	0.33		
𐤋𐤄𐤇𐤋𐤑	H2503	4	0.25		
𐤄𐤕𐤊𐤎𐤄	H3680	3	0.67		
𐤄𐤁𐤄𐤋𐤄	H928	4	0.00		
𐤋𐤀𐤅𐤄𐤁𐤉	H157	4	1.00		
𐤅𐤃𐤀𐤂𐤄	H1674	3	1.00		
𐤇𐤌𐤕𐤉	H2534	3	0.67	H2346	0.0
𐤄𐤉𐤓𐤀𐤄	H7200	18	1.00		
𐤄𐤀𐤓𐤅𐤓𐤄	H779	3	0.33		
𐤌𐤎𐤊𐤍𐤕	H4543	4	0.50	H4544	0.0
𐤌𐤁𐤈𐤇𐤊𐤌	H4009	4	0.25		
𐤌𐤊𐤀𐤅𐤁𐤉	H4341	4	0.25		
𐤄𐤍𐤁𐤆𐤄	H959	4	0.25		
𐤏𐤍𐤅𐤉𐤉𐤌	H5869	6	0.83		
𐤁𐤌𐤅𐤐𐤕𐤉𐤌	H4159	3	0.67		
𐤄𐤀𐤎𐤉𐤓𐤉𐤌	H615	10	0.90		
𐤁𐤌𐤆𐤌𐤄	H4209	11	0.82		
𐤀𐤒𐤌𐤉	H6965	8	1.00		
𐤌𐤀𐤄𐤁𐤕𐤄	H160	4	1.00		
𐤊𐤕𐤁𐤄	H3792	6	0.67	H3789	0.16666666666666666
𐤌𐤀𐤎	H3988	4	0.75		
𐤅𐤋𐤉𐤕𐤓	H3499	8	0.62		
𐤅𐤌𐤇𐤋𐤕	H4246	3	0.33		
𐤄𐤆𐤒𐤍𐤄	H2209	8	1.00		
𐤃𐤊𐤀𐤅	H1792	3	0.33		
𐤌𐤇𐤋𐤉𐤅	H2483	6	1.00		
𐤌𐤉𐤂𐤅𐤍𐤅	H3015	3	0.67		
𐤄𐤐𐤎𐤋𐤉𐤌	H6456	3	0.00		
𐤄𐤏𐤔𐤅𐤉𐤉𐤌	H6213	5	1.00		
𐤁𐤅𐤇𐤓𐤉𐤌	H2764	5	0.80		
𐤅𐤁𐤏𐤑𐤌	H6106	3	0.67	H6107	0.0
𐤀𐤓𐤊𐤉𐤌	H753	5	0.60		
𐤄𐤔𐤉𐤁𐤅𐤄𐤅	H7725	5	0.60		
𐤋𐤃𐤅𐤍	H1835	3	0.00		
𐤄𐤍𐤕𐤐𐤔𐤉𐤌	H8610	11	0.36		
𐤄𐤏𐤑𐤅𐤓𐤉𐤌	H6113	3	0.67		
𐤁𐤌𐤏𐤉𐤅	H4578	4	0.75		
𐤅𐤐𐤋𐤑𐤅𐤕	H6427	4	0.00		
𐤀𐤁𐤓𐤉𐤅	H46	3	0.00		
𐤉𐤎𐤅𐤓𐤉𐤅	H3249	4	0.00		
𐤅𐤈𐤅𐤁𐤉𐤌	H2896	11	1.00		
𐤋𐤔𐤕𐤉𐤄	H8147	11	0.64		
𐤅𐤄𐤐𐤊	H2015	7	0.86		
𐤋𐤀𐤇𐤅𐤕𐤅	H259	3	0.67		
𐤅𐤋𐤄𐤌𐤉𐤕𐤌	H4191	3	1.00		
𐤄𐤅𐤌𐤕𐤄	H4191	3	1.00		
𐤄𐤑𐤉𐤒𐤅	H3332	7	0.43		
𐤄𐤌𐤆𐤅𐤍	H4202	12	0.58		
𐤋𐤇𐤕𐤅𐤊	H2865	3	0.33		
𐤀𐤇𐤉𐤀𐤁	H256	3	1.00		
𐤀𐤎𐤅𐤓𐤉𐤅	H612	4	0.75		
𐤄𐤑𐤅𐤀𐤄	H3318	12	1.00		
𐤅𐤋𐤐𐤍𐤉𐤄𐤌	H6440	4	0.75		
𐤁𐤉𐤌𐤄	H4100	6	0.50		
𐤅𐤌𐤌𐤓𐤅𐤌	H4791	3	1.00		
𐤔𐤓𐤓𐤄	H8325	7	0.00		
𐤁𐤃𐤓𐤔𐤅	H1875	3	0.67		
𐤄𐤌𐤊𐤎𐤉𐤌	H3680	3	0.33		
𐤉𐤋𐤋𐤄	H3215	8	0.00		
𐤁𐤄𐤔𐤋𐤉𐤊𐤌	H7993	5	0.80		
𐤔𐤐𐤊𐤃𐤌	H1818	6	0.67	H8210	0.3333333333333333
𐤇𐤂𐤌	H2282	4	1.00		
𐤄𐤊𐤎𐤐𐤉𐤌	H3701	3	0.67		
𐤄𐤍𐤅𐤎𐤐𐤕	H3254	4	1.00		
𐤄𐤅𐤁𐤉𐤋	H1892	3	0.00		
𐤌𐤅𐤓𐤅𐤎	H4825	3	0.00		
𐤄𐤅𐤔𐤉𐤁	H3427	15	0.93		
𐤋𐤉𐤅𐤋𐤉𐤄	H3915	3	0.33		
𐤅𐤁𐤄𐤓𐤉𐤌𐤅	H7311	4	0.25		
𐤄𐤓𐤅𐤂𐤉𐤌	H2026	3	1.00		
𐤅𐤐𐤓𐤈	H6528	3	0.00		
𐤁𐤀𐤉𐤁𐤄	H342	3	0.33		
𐤉𐤅𐤓𐤔𐤅	H3423	3	0.67		
𐤅𐤀𐤂𐤓𐤅𐤕	H107	3	1.00		
𐤃𐤓𐤅𐤌	H1864	11	0.55		
𐤁𐤀𐤅𐤋𐤌𐤉𐤌	H197	8	0.25		
𐤏𐤌𐤅𐤃𐤉	H5982	6	0.83		
𐤍𐤅𐤀𐤔𐤅	H2976	17	0.88		
𐤌𐤉𐤔𐤅𐤏𐤄	H3444	5	0.20		
𐤅𐤉𐤕𐤓𐤌	H3499	5	0.60		
𐤅𐤂𐤆𐤋𐤅	H1497	8	0.75		
𐤅𐤁𐤇𐤊𐤌𐤕𐤅	H2451	4	1.00		
𐤋𐤈𐤌𐤅𐤍	H2934	3	0.33		
𐤅𐤁𐤏𐤁𐤓	H5676	5	0.80		
𐤒𐤅𐤌𐤕𐤅	H6967	20	0.80		
𐤄𐤓𐤅𐤁𐤉𐤌	H7227	3	1.00		
𐤀𐤓𐤉𐤅𐤎	H747	6	0.50		
𐤄𐤍𐤉𐤎	H5127	5	1.00	H5211	0.0
𐤋𐤌𐤅𐤓𐤃𐤉𐤌	H4174	4	0.00		
𐤅𐤋𐤐𐤍𐤅𐤕	H6437	6	0.83		
𐤔𐤅𐤈𐤍𐤉𐤅	H7853	3	1.00		
𐤋𐤔𐤃	H3955	3	0.00	H7701	0.6666666666666666
𐤅𐤇𐤒𐤉	H2706	3	0.67		
𐤄𐤕𐤇𐤅𐤋𐤋𐤅	H2342	3	0.67		
𐤉𐤇𐤌𐤋𐤅	H2550	5	1.00		
𐤅𐤁𐤈𐤋	H2920	4	0.00		
𐤅𐤕𐤁𐤅𐤀𐤅𐤕	H8393	3	1.00		
𐤍𐤇𐤋𐤕𐤄	H5159	3	0.33		
𐤍𐤇𐤋𐤕𐤍	H5159	3	0.67		
𐤁𐤌𐤓𐤀𐤉𐤄𐤌	H4758	5	1.00		
𐤁𐤌𐤎𐤏𐤅	H5265	4	1.00		
𐤅𐤍𐤅𐤊𐤇	H3198	3	0.67		
𐤑𐤇𐤒	H6712	3	0.33	H6711	0.3333333333333333
𐤋𐤊𐤇	H3581	6	1.00		
𐤅𐤄𐤔𐤌𐤓𐤅𐤍𐤉𐤌	H8111	5	1.00		
𐤁𐤂𐤋𐤉𐤄	H1473	4	0.75		
𐤔𐤁𐤋𐤉𐤌	H7641	5	0.80		
𐤄𐤔𐤅𐤓𐤉𐤌	H8269	3	1.00		
𐤄𐤔𐤁𐤋𐤉𐤌	H7641	4	1.00		
𐤄𐤃𐤕	H1881	3	0.67		
𐤀𐤅𐤎𐤐𐤉𐤌	H3254	4	1.00		
𐤇𐤒𐤉𐤄𐤌	H2706	4	0.75		
𐤁𐤄𐤀𐤌𐤉𐤍𐤌	H539	7	0.57		
𐤀𐤉𐤍𐤄	H369	30	0.93		
𐤔𐤅𐤌𐤓𐤕	H4786	3	0.00		
𐤁𐤍𐤊𐤎𐤉𐤌	H5233	3	0.67		
𐤄𐤇𐤁𐤅𐤓𐤄	H2250	3	0.00		
𐤄𐤉𐤇𐤉𐤃𐤉𐤌	H3173	4	0.75		
𐤋𐤔𐤋𐤈	H7980	3	0.67		
𐤊𐤓𐤏𐤉𐤌	H3766	3	0.00	H3767	0.3333333333333333
𐤅𐤁𐤋𐤇𐤌	H3899	3	0.67		
𐤌𐤅𐤓𐤀	H4172	19	0.84		
𐤋𐤅𐤁𐤔𐤉𐤌	H954	3	0.00		
𐤁𐤋𐤅	H1086	4	0.25	H3810	0.25
𐤒𐤅𐤍𐤉𐤌	H7070	3	0.00		
𐤓𐤂𐤉𐤋	H7272	8	1.00		
𐤅𐤁𐤁𐤅𐤀𐤌	H935	4	1.00		
𐤅𐤌𐤍𐤉𐤇	H5117	3	1.00		
𐤉𐤑𐤅𐤅	H6680	4	0.75		
𐤇𐤅𐤒𐤓𐤉𐤌	H2713	3	0.33		
𐤄𐤓𐤀𐤅𐤕𐤅	H7200	3	1.00		
𐤁𐤌𐤎𐤓𐤅	H5493	4	0.75	H4519	0.25
𐤅𐤉𐤌𐤍𐤏	H3234	11	0.18	H4513	0.7272727272727273
𐤄𐤍𐤋𐤅𐤉𐤌	H3867	10	0.40		
𐤁𐤀𐤎𐤅𐤓	H631	3	0.67		
𐤄𐤌𐤀𐤊𐤋𐤉𐤌	H398	5	0.80		
𐤅𐤋𐤌𐤏𐤔𐤄	H4639	3	0.67		
𐤍𐤔𐤌𐤕𐤌	H5397	3	0.67		
𐤀𐤁𐤓𐤉𐤄𐤌	H85	4	0.00		
𐤍𐤈𐤋𐤅	H5190	5	0.00		
𐤄𐤌𐤀𐤔𐤓𐤉𐤌	H834	3	1.00	H4519	0.0
𐤄𐤃𐤎	H1918	3	0.00		
𐤌𐤉𐤋𐤃𐤅𐤕𐤌	H4138	3	0.00		
𐤅𐤒𐤍𐤅	H7064	3	0.00		
𐤁𐤅𐤃𐤒𐤉𐤌	H1851	3	0.33		
𐤁𐤂𐤆𐤓𐤄	H1509	3	0.00		
𐤊𐤀𐤍	H369	4	0.75		
𐤄𐤓𐤂𐤆	H7265	3	0.67		
𐤋𐤇𐤒𐤉	H2706	3	0.67		
𐤄𐤁𐤉𐤌𐤄	H1116	8	0.25		
𐤁𐤌𐤒𐤋𐤅𐤕	H4731	5	0.00		
𐤏𐤋𐤉𐤅𐤍𐤄	H5945	3	0.00		
𐤁𐤌𐤏𐤋𐤕𐤅	H5930	4	0.25	H4519	0.0
𐤂𐤋𐤉𐤄	H1540	4	0.75		
𐤅𐤌𐤑𐤃	H6654	4	0.75		
𐤎𐤌𐤋	H5566	8	0.62		
𐤁𐤍𐤌𐤅𐤕	H4194	3	0.67	H1121	1.0
𐤅𐤕𐤔𐤀𐤓	H7604	3	0.67		
𐤁𐤋𐤕𐤉𐤀𐤌	H518	8	1.00	H1115	0.625
𐤍𐤏𐤑𐤓𐤅	H6113	6	0.67		
𐤍𐤃𐤉𐤁𐤅𐤕	H5081	7	0.71		
𐤌𐤏𐤔𐤍𐤅	H6227	3	0.00	H4519	0.0
𐤔𐤇𐤒𐤄	H2708	3	0.67		
𐤋𐤌𐤕𐤍𐤄	H4979	6	1.00		
𐤌𐤀𐤔𐤕𐤅	H802	6	1.00		
𐤁𐤀𐤓𐤌𐤍𐤉𐤄	H764	6	0.00		
𐤅𐤁𐤆𐤆𐤅	H962	7	0.86		
𐤋𐤁𐤔𐤅𐤓𐤄	H1309	4	0.50		
𐤒𐤍𐤀𐤕𐤌	H7068	10	0.30		
𐤏𐤐𐤉𐤌	H5889	3	0.00		
𐤂𐤍𐤄	H1588	3	0.00	H1593	0.0
𐤅𐤌𐤉𐤃𐤌	H3027	3	1.00		
𐤇𐤅𐤂𐤂	H2287	3	1.00		
𐤐𐤋𐤎	H6424	5	0.00	H6425	0.0
𐤔𐤋𐤔𐤏𐤔𐤓𐤄	H6240	3	0.33	H7969	0.0
𐤅𐤀𐤅𐤕𐤄	H853	10	0.80		
𐤋𐤔𐤉𐤇𐤄	H7881	4	0.00		
𐤄𐤌𐤋𐤉𐤊	H4427	4	0.75		
𐤓𐤅𐤑𐤇𐤉𐤌	H7523	3	1.00		
𐤍𐤒𐤉𐤅𐤕	H5355	4	0.50		
𐤄𐤌𐤅𐤍𐤅	H1995	4	0.75		
𐤇𐤓𐤅𐤕𐤌	H2801	12	0.00		
𐤅𐤐𐤔𐤈𐤅	H6584	8	1.00		
𐤁𐤏𐤋𐤉𐤄𐤌	H5921	7	1.00		
𐤐𐤎𐤋𐤉𐤌	H6456	3	0.33		
𐤁𐤏𐤔𐤓𐤌	H6242	6	0.17		
𐤁𐤌𐤏𐤅𐤆	H4581	5	0.80		
𐤀𐤋𐤁𐤉𐤍𐤅𐤎	H5127	18	0.56	H413	0.9444444444444444
𐤄𐤏𐤔𐤅𐤒𐤉𐤌	H6217	5	0.20		
𐤐𐤂𐤏𐤄	H6293	7	0.43		
𐤄𐤇𐤓𐤁𐤍	H2719	5	1.00		
𐤅𐤇𐤓𐤐𐤄	H2781	3	0.67		
𐤅𐤁𐤌𐤏𐤔𐤉	H4639	4	0.50		
𐤄𐤇𐤌𐤎	H2555	11	0.73		
𐤅𐤁𐤓𐤇𐤅	H1272	10	0.70		
𐤄𐤓𐤀𐤔𐤉	H7218	3	0.67		
𐤄𐤔𐤒𐤉𐤈	H7007	5	0.00	H8252	0.8
𐤋𐤑𐤓𐤅𐤕	H6869	6	0.50		
𐤅𐤉𐤎𐤃	H3245	4	0.75		
𐤌𐤄𐤌𐤏𐤔𐤄	H4639	3	0.67		
𐤄𐤆𐤁𐤇	H2077	12	1.00	H2076	1.0
𐤔𐤁𐤏𐤄𐤏𐤔𐤓	H6240	4	1.00	H7651	0.25
𐤅𐤋𐤊𐤁𐤅𐤕	H3518	3	1.00		
𐤕𐤅𐤊𐤅	H8432	3	0.67		
𐤋𐤀𐤋𐤉𐤃𐤌	H3027	12	1.00	H410	0.8333333333333334
𐤅𐤋𐤄𐤏𐤁𐤉𐤓	H5674	4	1.00		
𐤋𐤐𐤒𐤃𐤕	H6486	3	1.00		
𐤄𐤌𐤓𐤑𐤇𐤉𐤌	H7523	4	0.25		
𐤍𐤃𐤓𐤄	H5088	3	0.67	H5087	0.6666666666666666
𐤌𐤑𐤀𐤕𐤄𐤅	H4672	3	0.67		
𐤕𐤇𐤍𐤅𐤍𐤉𐤄𐤌	H8469	3	0.33		
𐤔𐤓𐤉𐤄𐤌𐤀𐤅𐤕	H3967	3	0.00	H8269	0.6666666666666666
𐤁𐤔𐤉𐤌𐤌	H8064	7	0.14		
𐤉𐤎𐤂𐤉𐤓𐤅	H5462	10	0.70		
𐤒𐤃𐤔𐤌	H6944	6	1.00		
𐤅𐤋𐤇𐤑𐤅	H3905	7	0.71		
𐤁𐤉𐤆𐤉𐤕𐤀	H968	4	0.00		
𐤄𐤕𐤉𐤑𐤁	H3320	16	0.75		
𐤍𐤎𐤅𐤂𐤅	H5472	20	0.55		
𐤄𐤌𐤇𐤁𐤓𐤉𐤌	H2270	3	0.33		
𐤇𐤁𐤒𐤅	H2263	6	0.67		
𐤍𐤅𐤏𐤑	H3289	11	0.82		
𐤅𐤉𐤅𐤃𐤉𐤏	H3045	11	1.00		
𐤓𐤅𐤃𐤐𐤉	H7291	5	0.60		
𐤇𐤎𐤄	H2621	3	0.33	H2620	0.6666666666666666
𐤅𐤁𐤄𐤂𐤉𐤏𐤌	H5060	5	0.60		
𐤌𐤕𐤏𐤓𐤄	H8593	4	0.25	H6168	0.25
𐤐𐤔𐤕𐤄	H6581	3	0.00	H6594	0.0
𐤋𐤔𐤊𐤕	H3957	3	0.33		
𐤄𐤂𐤆𐤉𐤕	H1496	3	0.00		
𐤉𐤔𐤒𐤈𐤅	H8252	4	1.00		
𐤄𐤍𐤑𐤉𐤁𐤉𐤌	H5333	10	0.10		
𐤊𐤇𐤊𐤌	H2450	3	0.00	H3581	0.6666666666666666
𐤌𐤄𐤊𐤉𐤋	H3557	8	0.75		
𐤄𐤐𐤒𐤃𐤅𐤕	H6486	3	1.00		
𐤄𐤀𐤃𐤅𐤍𐤉𐤌	H113	4	0.75		
𐤄𐤃𐤓𐤅𐤓	H1865	4	1.00		
𐤕𐤁𐤈𐤇𐤅	H982	3	0.67		
𐤁𐤌𐤋𐤇𐤌𐤕𐤍𐤅	H4421	3	1.00		
𐤌𐤓𐤇𐤁𐤉	H7341	3	0.33	H4800	0.6666666666666666
𐤌𐤅𐤎𐤉𐤐𐤉𐤌	H935	3	1.00		
𐤁𐤑𐤐𐤅𐤍	H6828	10	0.70		
𐤄𐤍𐤃𐤉𐤁𐤉𐤌	H5081	3	0.33		
𐤅𐤄𐤉𐤅𐤔𐤁𐤉𐤌	H3427	3	1.00		
𐤋𐤔𐤔	H8337	3	1.00		
𐤉𐤕𐤏𐤅𐤓𐤓𐤅	H5782	5	0.00		
𐤄𐤌𐤓𐤇𐤒	H1023	5	0.60	H4801	0.8
𐤂𐤁𐤅𐤓𐤉𐤄𐤇𐤉𐤋	H2428	7	1.00	H1368	0.42857142857142855
𐤄𐤊𐤅𐤔𐤉𐤌	H3569	13	1.00		
𐤌𐤔𐤕𐤓𐤏𐤕	H7489	4	0.25	H4519	0.0
𐤄𐤃𐤅	H3034	3	0.33	H1912	0.0
𐤅𐤇𐤎𐤍	H2634	3	0.00		
𐤍𐤌𐤋𐤉𐤌	H4135	3	0.00	H5244	0.3333333333333333
𐤅𐤍𐤅𐤓𐤀𐤄	H7200	8	1.00		
𐤁𐤇𐤆𐤒𐤅	H2392	3	0.67		
𐤌𐤅𐤇𐤄	H4229	3	0.00		
𐤁𐤉𐤃𐤉𐤊𐤌	H3027	5	1.00		
𐤈𐤐𐤊𐤌	H2945	3	1.00		
𐤅𐤍𐤔𐤉𐤊𐤌	H802	5	0.80		
𐤅𐤐𐤇𐤃𐤌	H6343	3	1.00		
𐤉𐤔𐤇𐤈𐤅	H7819	4	0.75		
𐤄𐤅𐤎𐤐𐤕𐤌	H3254	3	1.00		
𐤀𐤅𐤋𐤌𐤉	H197	5	0.20		
𐤍𐤔𐤐𐤊𐤅	H8210	4	1.00		
𐤄𐤒𐤃𐤉𐤔𐤅	H6942	6	0.67		
𐤌𐤇𐤔𐤉𐤌	H2814	3	0.33		
𐤍𐤇𐤅𐤌𐤉𐤌	H5150	3	0.67		
𐤅𐤋𐤐𐤏𐤌𐤉𐤌	H6471	4	1.00		
𐤅𐤄𐤌𐤅𐤓𐤃𐤉𐤌	H4775	13	0.00		
𐤌𐤇𐤋𐤋𐤉	H2491	3	1.00	H2490	1.0
𐤄𐤑𐤉𐤕𐤅	H3341	9	0.78		
𐤅𐤉𐤓𐤅	H3384	9	0.56		
𐤁𐤑𐤓𐤉𐤄𐤌	H6862	3	0.00		
𐤅𐤄𐤍𐤑𐤅𐤓𐤉𐤌	H5341	6	0.67		
𐤇𐤓𐤅𐤕𐤍𐤅	H2801	11	0.00		
𐤄𐤒𐤍𐤀𐤉𐤌	H7067	61	0.00		
𐤋𐤌𐤔𐤐𐤇𐤕	H4940	3	1.00		
𐤌𐤄𐤌𐤓𐤃	H4778	4	0.00		
𐤌𐤂𐤍𐤉𐤄𐤌	H4043	5	1.00		
𐤄𐤒𐤓𐤅𐤁𐤅𐤕	H7138	5	1.00		
𐤂𐤁𐤏	H1387	6	0.83	H1390	0.16666666666666666
𐤅𐤄𐤑𐤋𐤄	H2020	6	0.17		
𐤅𐤀𐤎𐤐𐤅	H622	5	1.00		
𐤏𐤓𐤌𐤅𐤕	H6194	7	0.57		
𐤁𐤄𐤑𐤅𐤕𐤌	H5327	3	0.67		
𐤁𐤍𐤃𐤉𐤁𐤅𐤕	H5081	3	0.33		
𐤔𐤋𐤔𐤄𐤏𐤔𐤓	H6240	3	1.00	H7969	0.3333333333333333
𐤄𐤅𐤓𐤉𐤌	H7311	4	0.75		
𐤅𐤔𐤇𐤈	H7819	6	0.33		
𐤋𐤏𐤋𐤌	H5769	3	0.67	H5958	1.0
𐤅𐤊𐤓𐤕𐤅	H3772	7	0.71		
𐤄𐤀𐤌𐤍𐤄	H546	6	0.33		
𐤄𐤌𐤕𐤍𐤃𐤁𐤉𐤌	H5068	3	0.00		
𐤉𐤅𐤌𐤉𐤅𐤌	H3117	4	1.00		
𐤋𐤐𐤉𐤃𐤉𐤌	H3940	3	1.00		
𐤋𐤄𐤓𐤐𐤅𐤕	H7383	3	0.33		
𐤄𐤐𐤂𐤓𐤉𐤌	H6297	18	1.00		
𐤅𐤊𐤀𐤋𐤐𐤉𐤌	H505	3	1.00		
𐤌𐤑𐤁𐤀𐤅	H6635	7	1.00		
𐤋𐤉𐤐𐤉	H3308	4	1.00		
𐤊𐤓𐤏𐤅	H3766	9	0.22		
𐤁𐤉𐤕𐤇𐤅𐤓𐤅𐤍	H1032	6	0.67	H1004	0.6666666666666666
𐤄𐤓𐤀𐤔𐤄	H7218	6	1.00	H7222	0.16666666666666666
𐤁𐤕𐤓𐤅𐤏𐤕	H8643	3	1.00		
𐤂𐤉𐤅𐤓𐤀	H1617	13	0.23		
𐤅𐤄𐤐𐤉𐤑	H6327	3	0.67		
𐤄𐤌𐤀𐤎𐤐	H622	4	0.75		
𐤉𐤊𐤓𐤅𐤕	H3772	6	0.83		
𐤁𐤌𐤏𐤓𐤊𐤅𐤕	H4634	5	1.00		
𐤁𐤔𐤅𐤍𐤀𐤉𐤌	H8130	4	0.25		
𐤌𐤂𐤍𐤉	H4043	6	0.83		
𐤋𐤄𐤕𐤒𐤓𐤁	H7126	3	1.00		
𐤅𐤋𐤒𐤁𐤋	H6903	8	1.00		
𐤅𐤄𐤓𐤂𐤋𐤉𐤌	H7272	5	1.00		
𐤑𐤏𐤃𐤉	H6806	3	0.33		
𐤅𐤁𐤏𐤉𐤍𐤉𐤄𐤌	H5869	4	0.75		
𐤁𐤌𐤓𐤅𐤑𐤕𐤌	H4794	5	0.00		
𐤅𐤁𐤌𐤎𐤐𐤓	H4557	3	1.00		
𐤋𐤓𐤏𐤕𐤅	H7451	4	1.00		
𐤏𐤓𐤊𐤌	H5892	4	0.25		
𐤅𐤊𐤎𐤄	H3680	10	0.50		
𐤌𐤏𐤃𐤅	H4571	4	0.25		
𐤅𐤉𐤋𐤋𐤕	H3215	3	0.00		
𐤃𐤂𐤋𐤉	H1714	4	0.00		
𐤌𐤄𐤎𐤊𐤍𐤄	H5532	9	0.67	H4519	0.0
𐤏𐤁𐤓𐤄𐤉𐤓𐤃𐤍	H3383	11	0.64	H5674	0.8181818181818182
𐤔𐤓𐤉𐤄𐤑𐤁𐤀	H6635	15	0.87	H8269	0.8666666666666667
𐤁𐤀𐤓𐤔𐤁𐤏	H7651	3	0.33	H884	0.0
𐤇𐤉𐤋𐤅𐤕	H2428	4	1.00		
𐤉𐤍𐤎𐤅	H5127	6	0.50	H5254	0.16666666666666666
𐤄𐤂𐤍𐤁𐤄	H1591	6	1.00		
𐤋𐤄𐤅𐤍𐤅𐤕	H1952	4	0.00		
𐤀𐤍𐤔𐤉𐤄𐤇𐤉𐤋	H2428	6	0.83	H376	1.0
𐤄𐤌𐤇𐤑𐤉𐤕	H4276	5	0.60		
𐤓𐤔𐤏𐤅	H7562	11	0.64		
𐤉𐤇𐤉𐤃𐤉	H3173	6	0.83		
𐤐𐤒𐤅𐤇𐤄	H6494	5	0.40		
𐤉𐤕𐤐𐤔	H8610	7	0.29		
𐤀𐤕𐤉𐤒𐤉𐤌	H862	4	0.00		
𐤄𐤄𐤉𐤍	H1969	3	0.67		
𐤄𐤑𐤅𐤐𐤉𐤌	H6822	7	0.71		
𐤅𐤒𐤔𐤓	H7194	4	0.25		
𐤅𐤋𐤄𐤅𐤃𐤅𐤕	H3034	6	1.00		
𐤁𐤁𐤂𐤃	H899	5	0.40		
𐤌𐤔𐤂𐤁	H4869	15	0.60		
𐤋𐤌𐤁𐤍𐤄	H1121	3	1.00	H4519	0.0
𐤇𐤅𐤌𐤅𐤕𐤉𐤊𐤌	H2346	5	1.00		
𐤄𐤒𐤅𐤋𐤅𐤕	H6963	3	1.00		
𐤅𐤄𐤔𐤀𐤅𐤍	H7588	3	0.67		
𐤌𐤏𐤉𐤄𐤌	H5804	4	0.25	H4519	0.0
𐤉𐤃𐤀𐤂𐤅	H1672	3	0.67		
𐤉𐤀𐤓𐤊𐤅	H748	4	0.25		
𐤅𐤂𐤌𐤓𐤅	H1586	4	0.25		
𐤌𐤇𐤅𐤌𐤕	H2346	4	0.75		
𐤌𐤕𐤌𐤄𐤌𐤄	H4102	3	1.00		
𐤅𐤄𐤍𐤉𐤐𐤅	H5130	3	0.33		
𐤁𐤅𐤔𐤉𐤌	H7760	3	1.00	H954	0.6666666666666666
𐤅𐤄𐤌𐤅𐤍𐤉𐤌	H1995	3	0.67		
𐤌𐤏𐤈𐤌𐤏𐤈	H4592	3	1.00		
𐤄𐤕𐤊𐤅𐤍𐤄	H8484	3	0.33		
𐤒𐤍𐤀𐤉𐤌	H7067	4	0.00		
𐤃𐤀𐤂𐤕𐤅	H1672	6	0.50		
𐤄𐤎𐤌𐤅𐤊𐤅𐤕	H5564	5	0.60		
𐤋𐤄𐤂𐤉𐤇	H1520	7	0.43		
𐤄𐤇𐤉𐤔𐤅	H2363	3	0.67		
𐤄𐤔𐤕𐤏𐤓𐤅	H8593	10	0.60		
𐤄𐤕𐤍𐤂𐤇𐤅	H5055	9	0.56		
𐤌𐤐𐤒𐤃𐤉𐤄𐤌	H6485	4	0.75		
𐤄𐤔𐤅𐤓𐤅𐤕	H7794	3	0.67		
𐤁𐤓𐤌𐤇𐤉𐤄𐤌	H7420	3	0.33		
𐤄𐤌𐤄𐤉𐤓𐤄	H3384	4	0.50		
𐤅𐤇𐤔𐤁𐤅	H2803	11	0.82		
𐤅𐤋𐤒𐤁𐤓𐤅	H6912	3	0.33		
𐤀𐤔𐤓𐤄	H842	4	0.25		
𐤄𐤌𐤇𐤊𐤄	H2442	4	0.50		
𐤅𐤋𐤄𐤂𐤍	H1588	4	0.00		
𐤎𐤅𐤁𐤁	H5437	9	1.00		
𐤌𐤊𐤐𐤓	H6499	3	0.33	H3722	0.6666666666666666
𐤕𐤋𐤄	H8518	10	0.10	H8510	0.0
𐤌𐤉𐤓𐤅𐤕	H4786	3	0.00		
𐤂𐤁𐤓𐤉𐤌	H1368	3	0.33	H1397	0.3333333333333333
𐤑𐤅𐤌𐤇𐤉𐤌	H6779	3	0.67		
𐤌𐤏𐤁𐤓𐤄𐤉𐤓𐤃𐤍	H3383	3	0.67	H5676	1.0
𐤅𐤕𐤌𐤓𐤉𐤌	H8561	3	0.33		
𐤋𐤓𐤅𐤉𐤄	H7310	6	0.00		
𐤄𐤔𐤅𐤈𐤐𐤉𐤌	H7857	4	0.75		
𐤐𐤋𐤊	H6418	5	0.20		
𐤄𐤍𐤇𐤋𐤉𐤌	H5158	6	0.83		
𐤅𐤄𐤊𐤐𐤓	H3724	3	0.67		
𐤉𐤓𐤃𐤍	H3383	7	1.00		
𐤄𐤌𐤕𐤓𐤅𐤌𐤌	H7311	4	0.50		
𐤅𐤄𐤂𐤅𐤋𐤍	H1474	4	0.75		
𐤋𐤓𐤇𐤁𐤄	H7341	3	0.33		
𐤏𐤓𐤐𐤄	H6204	3	0.67		
𐤄𐤍𐤅𐤏𐤆𐤉𐤌	H3267	4	0.25		
𐤍𐤇𐤐𐤆	H2648	13	0.92		
𐤔𐤌𐤅𐤍𐤄𐤏𐤔𐤓	H6240	3	1.00	H8083	0.6666666666666666
𐤄𐤐𐤅𐤓𐤑𐤉𐤌	H6555	4	0.50		
𐤔𐤏𐤋𐤉𐤄	H5921	3	1.00		
𐤁𐤓𐤅𐤇𐤉𐤌	H1280	3	0.00		
𐤄𐤌𐤄𐤉𐤓𐤉𐤌	H3384	8	0.88		
𐤌𐤇𐤋𐤒𐤉𐤌	H2506	3	0.33		
𐤀𐤄𐤋𐤉	H168	3	1.00		
𐤍𐤅𐤕𐤍𐤕	H5414	7	1.00		
𐤋𐤉𐤔𐤍	H8147	3	0.67		
𐤅𐤊𐤏𐤋𐤅𐤕	H5927	3	0.67		
𐤔𐤓𐤉𐤄𐤀𐤋𐤐𐤉𐤌	H505	3	0.00	H8269	0.6666666666666666
𐤅𐤀𐤅𐤎𐤐𐤉𐤌	H622	3	1.00		
𐤋𐤐𐤓𐤒	H6561	5	0.20		
𐤌𐤇𐤉𐤑𐤕	H4276	4	0.25		
𐤁𐤌𐤑𐤅𐤃𐤕	H4679	5	0.20		
𐤐𐤂𐤓𐤅	H6296	4	0.00		
𐤄𐤀𐤓𐤊𐤄	H753	3	1.00		
𐤅𐤁𐤇𐤅𐤓𐤉	H970	4	1.00		
𐤍𐤈𐤅𐤉	H5186	3	1.00		
𐤊𐤉𐤃𐤅𐤍𐤉𐤌	H3591	3	1.00		
𐤁𐤌𐤃𐤕𐤌	H4061	3	0.00		
𐤁𐤍𐤔𐤒𐤌	H5402	4	0.75		
𐤄𐤌𐤎𐤏	H4551	3	1.00		
𐤔𐤅𐤂𐤉𐤌	H7686	3	0.67		
𐤄𐤌𐤍𐤅𐤎𐤄	H4498	4	0.75		
𐤍𐤊𐤅𐤍𐤅𐤕	H3559	3	1.00		
𐤂𐤆𐤓𐤕	H1507	18	0.17	H1510	0.6666666666666666
𐤄𐤒𐤍𐤉𐤍	H7069	3	0.67		
𐤄𐤔𐤁𐤅𐤉𐤌	H3427	16	0.81		
𐤍𐤌𐤋𐤈𐤉𐤌	H4422	4	0.50		
𐤄𐤍𐤌𐤑𐤀𐤕	H4672	6	1.00		
𐤋𐤐𐤋𐤇	H6400	3	0.00		
𐤄𐤉𐤏𐤓𐤉𐤌	H7157	3	0.33	H3293	1.0
𐤋𐤇𐤑𐤅𐤁	H2672	5	1.00		
𐤌𐤒𐤔𐤉	H4170	3	0.00		
𐤄𐤇𐤍𐤉𐤕𐤅𐤕	H2595	3	0.67		
𐤅𐤋𐤂𐤉𐤅𐤍	H1588	4	0.00		
𐤅𐤔𐤓𐤉𐤄𐤀𐤋𐤐𐤉𐤌	H505	3	0.33	H8269	0.6666666666666666
𐤄𐤌𐤇𐤑𐤑𐤓𐤉𐤌	H2690	4	1.00		
𐤁𐤔𐤅𐤓𐤅𐤕	H7327	8	0.00		
𐤋𐤌𐤏𐤁𐤓	H5676	3	1.00		
𐤊𐤐𐤅𐤋𐤄	H3717	7	0.71		
𐤅𐤏𐤋𐤉𐤄	H5921	8	1.00		
𐤄𐤀𐤍𐤎	H597	9	0.11		
𐤄𐤒𐤋𐤏𐤉𐤌	H7050	6	0.00	H7051	0.6666666666666666
𐤄𐤉𐤀𐤅𐤔	H376	9	1.00		
𐤉𐤍𐤂𐤐𐤅	H5062	6	0.17		
𐤁𐤔𐤀𐤓𐤉𐤕	H7611	7	1.00		
𐤏𐤉𐤐𐤅	H5889	9	0.56		
𐤕𐤋𐤅𐤋	H3213	4	0.00	H8524	0.25
𐤁𐤑𐤋𐤏	H6763	4	0.75	H6762	0.0
𐤄𐤌𐤂𐤍𐤉𐤌	H4043	4	0.50		
𐤌𐤌𐤏𐤋𐤄	H5927	8	1.00	H4610	0.375
𐤌𐤒𐤋𐤏𐤕	H4734	3	0.00		
𐤑𐤐𐤅𐤉	H6826	18	0.11		
𐤄𐤇𐤓𐤉𐤃𐤅	H2729	6	0.67		
𐤋𐤍𐤂𐤇	H5056	7	0.00		
𐤄𐤌𐤊𐤅𐤍𐤅𐤕	H4350	25	0.00		
𐤅𐤄𐤂𐤉𐤇𐤅	H1520	8	0.12		
𐤄𐤕𐤋𐤊𐤃𐤅	H3920	4	0.75		
𐤑𐤍𐤅𐤕	H6793	5	0.20		
𐤅𐤏𐤑𐤓𐤅	H6113	5	0.40		
𐤄𐤕𐤍𐤂𐤔𐤅	H5066	5	0.80		
𐤁𐤂𐤃𐤅𐤃𐤉𐤌	H1416	4	0.75		
𐤅𐤋𐤊𐤁𐤔𐤄	H3532	3	0.00		
𐤁𐤄𐤊𐤓𐤉𐤕𐤅	H3772	3	1.00		
𐤉𐤓𐤐𐤄	H7503	4	1.00		
𐤌𐤆𐤅𐤍𐤅𐤕	H2181	3	0.67		
𐤎𐤐𐤅𐤒𐤌	H5606	3	0.67		
𐤌𐤑𐤅𐤉𐤉𐤌	H6685	6	0.00		
𐤏𐤔𐤉𐤓𐤄	H6240	5	0.60		
𐤊𐤊𐤋𐤁𐤉𐤌	H3611	3	0.00		
𐤅𐤇𐤍𐤅	H2583	4	0.75		
𐤋𐤀𐤓𐤊𐤉𐤌𐤉𐤌	H3117	3	1.00	H753	1.0
𐤁𐤉𐤋𐤋𐤄	H3214	4	0.00		
𐤄𐤏𐤅𐤓𐤅𐤕	H5785	5	0.60		
𐤁𐤀𐤅𐤉𐤁	H341	5	0.60		
𐤅𐤄𐤇𐤑𐤉𐤌	H2678	3	0.00		
𐤒𐤅𐤓𐤄	H6982	6	0.50		
𐤄𐤔𐤒𐤉𐤌	H8242	3	1.00	H7785	0.3333333333333333
𐤍𐤐𐤂𐤏𐤄	H6293	3	0.67		
𐤅𐤌𐤍𐤉	H4481	7	0.71	H4483	0.14285714285714285
𐤅𐤄𐤇𐤅𐤌𐤄	H2534	10	0.30		
𐤄𐤔𐤓𐤐𐤄	H8316	3	0.33		
𐤂𐤌𐤉𐤇𐤃	H3162	5	1.00	H1571	0.6
𐤎𐤁	H5437	3	1.00		
𐤄𐤎𐤅𐤊𐤊𐤉𐤌	H5526	4	1.00		
𐤌𐤇𐤑𐤉	H2677	3	0.67		
𐤄𐤀𐤉𐤓𐤅	H215	3	0.67		
𐤍𐤐𐤂𐤏	H6293	10	0.80		
𐤄𐤎𐤉𐤓𐤄	H5493	3	0.67		
𐤅𐤕𐤋𐤉	H8510	3	0.33		
𐤀𐤍𐤒𐤕	H603	4	0.50		
𐤍𐤁𐤒𐤏𐤄	H1234	3	0.67		
𐤅𐤋𐤁𐤑𐤓	H6862	3	0.67		
𐤑𐤋𐤏𐤅𐤕	H6763	3	1.00		
𐤇𐤑𐤉𐤄𐤌	H2677	5	0.40		
𐤎𐤋𐤌𐤅𐤕	H5551	5	1.00		
𐤅𐤄𐤓𐤅𐤁𐤉𐤌	H7378	3	0.33		
𐤉𐤋𐤋𐤕	H3215	4	0.00		
𐤕𐤇𐤕𐤉𐤄𐤍	H8478	5	1.00		
𐤅𐤄𐤑𐤁𐤀	H6635	7	1.00		
𐤅𐤂𐤋𐤅	H1540	5	0.60		
𐤅𐤄𐤕𐤋𐤊𐤃𐤅	H3920	4	0.50		
𐤄𐤓𐤅𐤇𐤄	H7309	3	0.00		
𐤎𐤉𐤅𐤍	H5510	5	1.00		
𐤅𐤄𐤑𐤍𐤅𐤕	H6793	3	0.33		
𐤄𐤔𐤅𐤌𐤓𐤅𐤍𐤉𐤌	H8118	10	1.00		
𐤌𐤔𐤌𐤓𐤉	H8104	3	0.67	H4929	0.6666666666666666
𐤋𐤄𐤈𐤄	H5186	3	0.33	H3857	0.6666666666666666
𐤃𐤔𐤅	H1758	5	0.00		
𐤄𐤂𐤄	H3014	3	0.33	H1897	0.6666666666666666
𐤁𐤕𐤓𐤃𐤌𐤄	H8639	3	0.33		
𐤇𐤔𐤊𐤅	H2820	7	0.71	H2821	0.2857142857142857
𐤄𐤌𐤅𐤓𐤃	H4174	4	1.00		
𐤅𐤄𐤏𐤑𐤅𐤌𐤉𐤌	H6099	3	1.00		
𐤁𐤌𐤍𐤄𐤓𐤅𐤕	H5104	4	0.00		
𐤄𐤊𐤁𐤅𐤔	H3532	4	0.25		
𐤄𐤕𐤇𐤁𐤀	H2244	3	0.33		
𐤋𐤄𐤒𐤃𐤉𐤌	H6921	9	0.56		
𐤄𐤍𐤔𐤌𐤏𐤉𐤌	H8085	5	1.00		
𐤁𐤅𐤃𐤀𐤉	H908	6	0.00		
𐤍𐤇𐤔𐤁𐤉𐤌	H2803	6	1.00		
𐤌𐤇𐤌𐤓	H2563	3	0.33		
𐤄𐤌𐤋𐤅𐤄	H4519	3	0.00		
𐤌𐤔𐤉𐤌	H3220	4	0.75	H7760	1.0
𐤅𐤄𐤏𐤅𐤌𐤃𐤉𐤌	H5975	6	1.00		
𐤍𐤅𐤇𐤄	H5119	4	0.25		
𐤌𐤐𐤇𐤃𐤌	H6343	3	1.00		
𐤈𐤁𐤏𐤉	H2883	4	0.00		
𐤋𐤌𐤏𐤑𐤅𐤓	H4622	3	0.00		
𐤄𐤔𐤇𐤅𐤓	H7837	3	0.33		
𐤄𐤆𐤓𐤌	H2114	6	1.00		
𐤄𐤊𐤓𐤉𐤕𐤅	H3772	5	1.00		
𐤅𐤋𐤄𐤈𐤅𐤕	H5186	5	1.00		
𐤄𐤌𐤅𐤊𐤍𐤉𐤌	H3651	3	1.00	H4519	0.3333333333333333
𐤉𐤎𐤉𐤓	H5493	8	1.00		
𐤁𐤁𐤆𐤄	H2088	4	1.00		
𐤌𐤓𐤉𐤍𐤐𐤔	H5315	3	1.00	H4805	0.0
𐤊𐤇𐤋𐤒	H2506	3	0.00		
𐤌𐤀𐤅𐤉𐤁𐤉𐤊𐤌	H341	3	0.67		
𐤄𐤓𐤀𐤅𐤉𐤌	H7200	5	1.00		
𐤅𐤄𐤌𐤉𐤕𐤌	H4191	3	0.33		
𐤄𐤑𐤏𐤒𐤅𐤕	H6818	6	0.00		
𐤌𐤅𐤑𐤀𐤉𐤄	H4672	3	0.67		
𐤅𐤄𐤉𐤀𐤅𐤓	H2975	3	1.00		
𐤅𐤀𐤓𐤊𐤅	H753	8	1.00		
𐤅𐤌𐤉𐤌𐤉𐤅	H4325	4	0.75		
𐤇𐤌𐤉𐤌	H2525	5	0.80		
𐤊𐤌𐤉	H4310	3	0.67		
𐤁𐤈𐤏𐤌𐤌	H2942	3	1.00		
𐤄𐤒𐤏𐤓𐤄	H7086	3	0.33		
𐤄𐤏𐤂𐤋𐤄	H5699	8	0.62	H5697	0.25
𐤌𐤂𐤉𐤏𐤉𐤌	H5060	3	1.00		
𐤂𐤅𐤁𐤄	H1364	5	0.80		
𐤅𐤁𐤒𐤓𐤁𐤕	H7126	4	0.50		
𐤅𐤍𐤅𐤐𐤋	H5307	3	0.67		
𐤄𐤃𐤅𐤓𐤔𐤉𐤌	H1875	3	1.00		
𐤋𐤏𐤑𐤌𐤄	H6106	7	0.14		
𐤄𐤌𐤒𐤅𐤓	H4726	8	1.00		
𐤂𐤉𐤃𐤉	H1517	3	0.67		
𐤍𐤐𐤂𐤏𐤅	H6293	4	0.75		
𐤅𐤈𐤁𐤏𐤅	H2883	4	0.25		
𐤅𐤃𐤒𐤓𐤅	H1856	4	0.50		
𐤍𐤔𐤇𐤕𐤅	H7843	5	0.80		
𐤄𐤆𐤓	H2114	11	0.82		
𐤅𐤋𐤄𐤕𐤍𐤐𐤋	H5307	3	1.00		
𐤍𐤊𐤍𐤏𐤄	H3665	7	0.43		
𐤄𐤑𐤋𐤏	H6763	4	1.00		
𐤍𐤔𐤒𐤐	H8259	5	0.20		
𐤅𐤌𐤒𐤅𐤓	H4726	3	0.67		
𐤋𐤋𐤅𐤇𐤌𐤉𐤌	H2526	3	0.00		
𐤌𐤀𐤇𐤅𐤓𐤉	H310	9	1.00		
𐤁𐤑𐤃	H6654	15	0.40		
𐤀𐤍𐤔𐤉𐤄𐤌𐤋𐤇𐤌𐤄	H4421	9	0.56	H376	1.0
𐤁𐤌𐤁𐤅𐤀	H3996	4	1.00		
𐤅𐤄𐤒𐤔𐤄	H7186	4	0.50		
𐤄𐤐𐤊𐤄	H2015	6	1.00	H2018	0.16666666666666666
𐤄𐤌𐤑𐤉𐤀𐤅	H4672	9	0.78		
𐤋𐤁𐤅𐤓𐤇𐤉𐤌	H1280	3	0.00		
𐤍𐤄𐤐𐤊𐤕	H2015	3	0.67		
𐤒𐤈	H6985	5	0.60		
𐤂𐤋𐤂𐤋	H1537	5	0.60	H1534	0.2
𐤋𐤄𐤅𐤀𐤔	H784	3	0.00		
𐤌𐤕𐤇𐤕𐤉𐤕	H8482	3	0.33		
𐤍𐤑𐤇𐤄	H5331	4	0.50		
𐤅𐤀𐤍𐤔𐤉𐤄𐤌𐤋𐤇𐤌𐤄	H4421	4	0.75	H376	1.0
𐤅𐤄𐤔𐤅𐤌𐤓𐤉𐤌	H8104	4	1.00		
𐤕𐤁𐤅𐤎𐤕𐤌	H8395	8	0.50		
𐤄𐤏𐤐𐤉𐤋𐤅	H6077	5	0.00		
𐤅𐤄𐤔𐤉𐤁𐤄	H7725	3	1.00		
𐤄𐤒𐤔𐤉𐤇	H7188	3	0.00		
𐤋𐤑𐤋𐤏	H6761	3	0.00	H6763	0.6666666666666666
𐤅𐤋𐤐𐤕𐤅𐤇	H6605	4	0.50		
𐤉𐤏𐤓𐤊𐤅	H6186	4	0.75		
𐤕𐤍𐤅𐤐𐤕	H8573	8	0.12		
𐤌𐤊𐤇𐤅𐤕𐤉𐤄𐤌	H2333	3	0.00		
𐤍𐤌𐤄𐤓𐤄	H4116	3	1.00		
𐤁𐤓𐤂𐤋𐤉𐤌	H7272	4	0.50		
𐤅𐤄𐤔𐤁𐤅𐤉𐤌	H7725	3	1.00		
𐤋𐤏𐤍𐤔𐤌	H6065	4	0.00		
𐤌𐤍𐤅𐤎𐤄	H5254	6	0.33	H4499	0.16666666666666666
𐤏𐤋𐤅𐤌𐤉𐤄𐤌	H3050	4	0.00	H5921	1.0
𐤄𐤆𐤃𐤅𐤍	H2087	8	0.00		
𐤁𐤄𐤒𐤉𐤌𐤌	H6965	3	0.67		
𐤌𐤄𐤊𐤄𐤍𐤉𐤌	H3548	6	1.00		
𐤅𐤃𐤌𐤅	H1818	4	0.50	H1826	0.75
𐤄𐤂𐤃𐤉𐤋𐤅	H1431	6	0.83		
𐤓𐤂𐤔	H7283	12	0.00	H7285	0.0
𐤌𐤀𐤁𐤅𐤕𐤉𐤍𐤅	H1	4	0.50		
𐤅𐤄𐤒𐤍𐤀𐤉𐤌	H7067	10	0.00		
𐤅𐤏𐤁𐤓𐤄	H5674	5	1.00	H5678	0.0
𐤎𐤐𐤓𐤍𐤅	H5612	15	0.27		
𐤋𐤒𐤍𐤀𐤉𐤌	H7067	3	0.00		
𐤀𐤉𐤔𐤇𐤉𐤋	H2428	7	1.00	H376	0.8571428571428571
𐤇𐤅𐤓𐤔𐤉	H2789	3	0.33		
𐤅𐤒𐤓𐤅𐤁𐤉𐤄𐤌	H7138	4	1.00		
𐤋𐤁𐤈𐤀	H981	4	0.25		
𐤅𐤒𐤅𐤓𐤀𐤉𐤌	H6981	4	0.50		
𐤇𐤈𐤀𐤅𐤕𐤉𐤄𐤌	H2403	4	0.00		
𐤄𐤅𐤀𐤋𐤕𐤌	H2974	3	0.67		
𐤄𐤋𐤔𐤉𐤍𐤅	H3956	4	0.25		
𐤋𐤄𐤎𐤂𐤓	H5462	3	0.67		
𐤁𐤇𐤌𐤎	H2555	5	0.80		
𐤅𐤍𐤔𐤉	H802	3	0.67		
𐤌𐤂𐤁𐤅𐤋𐤅𐤕	H1366	3	0.67	H4519	0.0
𐤓𐤑𐤅𐤍𐤊𐤌	H7522	3	1.00		
𐤄𐤎𐤅𐤂𐤓𐤉𐤌	H5462	3	1.00		
𐤄𐤐𐤕𐤅𐤇𐤉𐤌	H6607	4	1.00		
𐤁𐤌𐤂𐤍𐤉𐤄𐤌	H4043	5	1.00		
𐤁𐤉𐤓𐤀𐤕𐤌	H7200	3	1.00		
𐤌𐤉𐤇𐤋	H3176	3	1.00		
𐤅𐤆𐤓𐤒𐤅	H2236	3	0.00		
𐤅𐤄𐤀𐤃𐤅𐤌𐤉𐤌	H130	9	0.22		
𐤅𐤒𐤐𐤑𐤅	H7092	4	0.75		
𐤅𐤊𐤋𐤕𐤄	H3615	4	0.75		
𐤊𐤏𐤓𐤊𐤅	H6187	3	0.33		
𐤃𐤅𐤇𐤄	H1760	3	0.00		
𐤅𐤍𐤑𐤇𐤅	H5331	3	1.00		
𐤌𐤅𐤎𐤓𐤉𐤌	H4148	8	0.62	H5493	0.75
𐤏𐤋𐤉𐤋𐤕	H5949	7	0.86		
𐤍𐤏𐤆𐤁𐤅	H5800	3	0.33		
𐤅𐤁𐤇𐤐𐤆𐤅𐤍	H2649	4	0.00		
𐤌𐤉𐤈𐤉𐤁	H3190	4	1.00		
𐤎𐤅𐤁𐤋𐤉𐤌	H5445	12	0.33		
𐤊𐤌𐤅𐤄𐤍	H2006	5	0.40		
𐤌𐤍𐤏𐤄	H5270	5	0.00		
𐤅𐤋𐤄𐤀𐤎𐤐	H622	3	1.00		
𐤅𐤍𐤔𐤁𐤏𐤅	H7650	4	0.50		
𐤅𐤉𐤓𐤄	H3138	4	0.50	H3384	1.0
𐤂𐤅𐤉𐤅𐤕	H1472	4	1.00		
𐤀𐤁𐤉𐤋𐤄	H56	3	0.00		
𐤅𐤄𐤏𐤌𐤉𐤃	H5975	8	0.88		
𐤕𐤇𐤋𐤕𐤅	H8431	3	0.33		
𐤁𐤐𐤓𐤉	H6529	4	1.00		
𐤄𐤉𐤐𐤉	H3308	4	0.00		
𐤁𐤔𐤀𐤓	H7606	17	0.65	H7605	0.9411764705882353
𐤌𐤒𐤓𐤁𐤅	H7130	3	0.67		
𐤌𐤔𐤕𐤓𐤏	H7489	5	0.60		
𐤋𐤔𐤉𐤇𐤅𐤕	H7843	3	0.33		
𐤀𐤍𐤉𐤅𐤎	H597	4	0.00		
𐤌𐤊𐤎𐤀𐤅	H3678	6	0.50		
𐤄𐤒𐤔𐤓	H7195	11	0.45		
𐤍𐤕𐤒	H5424	3	0.00	H5423	0.0
𐤋𐤏𐤕𐤉𐤃𐤅𐤕	H6264	4	0.25		
𐤁𐤁𐤓𐤉𐤕𐤌	H1285	3	0.00		
𐤁𐤄𐤂𐤉𐤇𐤌	H1520	3	0.33		
𐤏𐤋𐤅𐤕𐤅	H5930	3	0.33		
𐤅𐤋𐤃𐤁𐤓𐤉	H1697	3	1.00		
𐤋𐤋𐤒𐤈	H3950	6	1.00		
𐤕𐤅𐤔𐤁	H8453	4	0.25	H3427	0.75
𐤅𐤁𐤏𐤅𐤃𐤌	H5750	5	1.00		
𐤋𐤄𐤑𐤋𐤕𐤌	H5337	5	1.00		
𐤄𐤐𐤑𐤉𐤓𐤅	H6484	7	0.00		
𐤁𐤏𐤉𐤍𐤉𐤌	H5869	4	1.00	H5879	0.5
𐤁𐤒𐤓𐤍	H7161	5	0.80		
𐤅𐤌𐤑𐤅𐤄	H6680	5	0.80		
𐤒𐤅𐤁𐤏	H6959	3	0.33		
𐤄𐤌𐤋𐤉𐤊𐤅	H4427	5	1.00		
𐤌𐤌𐤋𐤇𐤌𐤅𐤕	H4421	5	0.60		
𐤋𐤁𐤉𐤍𐤕	H1129	3	1.00		
𐤅𐤋𐤁𐤀𐤓	H875	4	0.50		
𐤌𐤂𐤉𐤏𐤅𐤕	H5060	3	1.00		
𐤏𐤔𐤅𐤉𐤉𐤌	H6213	11	0.91		
𐤋𐤀𐤉	H335	3	0.67		
𐤌𐤐𐤓𐤑	H6557	3	0.33		
𐤄𐤇𐤎𐤓𐤉𐤌	H2638	4	1.00		
𐤅𐤋𐤄𐤅𐤃𐤉𐤏𐤅	H3045	4	1.00		
𐤅𐤂𐤆𐤓𐤕	H1510	3	0.67		
𐤋𐤒𐤓𐤀𐤅	H7121	3	1.00		
𐤁𐤈𐤅𐤇𐤄	H982	13	0.77		
𐤅𐤁𐤄𐤁𐤉𐤍𐤅	H995	3	1.00		
𐤆𐤅𐤋𐤕𐤍𐤅	H2108	3	0.67		
𐤉𐤕𐤂𐤁𐤓	H1396	5	0.80		
𐤁𐤏𐤓𐤊	H6186	4	0.25		
𐤅𐤄𐤒𐤓𐤁𐤅𐤕	H7138	4	1.00		
𐤉𐤔𐤅𐤏𐤕𐤅	H3444	3	0.00		
𐤁𐤌𐤊𐤅𐤍𐤅𐤕	H4349	3	0.33		
𐤅𐤄𐤌𐤒𐤃𐤔	H4720	8	1.00		
𐤄𐤀𐤌𐤋𐤋𐤄	H535	3	0.00		
𐤄𐤑𐤅	H6680	3	0.67	H5327	1.0
𐤔𐤊𐤓𐤅𐤍	H7943	3	0.00		
𐤇𐤑𐤄	H2673	3	0.67	H2351	0.6666666666666666
𐤌𐤑𐤁𐤌	H4673	8	0.50		
𐤂𐤆𐤏𐤉	H1503	3	0.67		
𐤄𐤀𐤉𐤋𐤍𐤅𐤕	H356	4	0.25		
𐤄𐤃𐤐	H1920	6	0.83		
𐤌𐤂𐤁𐤏𐤕	H1390	3	1.00	H1389	0.6666666666666666
𐤄𐤓𐤄𐤆𐤉𐤕𐤉𐤌	H2132	4	0.00	H2022	1.0
𐤌𐤐𐤓𐤉𐤃	H6504	4	1.00		
𐤄𐤌𐤂𐤉𐤇𐤉𐤌	H1518	6	0.17		
𐤌𐤓𐤅𐤑𐤕𐤅	H4794	4	0.75		
𐤌𐤀𐤌𐤑	H553	3	1.00		
𐤄𐤁𐤅𐤔𐤄	H3004	3	0.33		
𐤊𐤎𐤅𐤕𐤏𐤉𐤍𐤉𐤌	H5869	3	1.00	H3682	0.3333333333333333
𐤋𐤌𐤆𐤌𐤕𐤅	H4209	4	1.00		
𐤄𐤎𐤅𐤁𐤁𐤉𐤌	H5437	3	1.00		
𐤌𐤑𐤋𐤉𐤇𐤉𐤌	H6743	5	0.80		
𐤊𐤔𐤍𐤉	H8147	3	1.00	H8141	0.3333333333333333
𐤑𐤅𐤐𐤅𐤕	H6689	3	0.33		
𐤌𐤔𐤅𐤌	H7760	12	1.00		
𐤄𐤔𐤕𐤓𐤏𐤄	H7462	3	0.33		
𐤎𐤁𐤁𐤄	H5437	3	1.00		
𐤅𐤐𐤂𐤏𐤄	H6293	3	1.00		
𐤄𐤍𐤁𐤍𐤄	H1129	3	0.33		
𐤄𐤔𐤁𐤉𐤕	H1004	7	0.86	H7673	0.42857142857142855
𐤀𐤓𐤊𐤍	H753	3	1.00		
𐤅𐤏𐤁𐤉	H5645	3	0.33		
𐤅𐤒𐤍𐤀𐤕𐤅	H7068	3	0.67		
𐤓𐤂𐤔𐤅𐤕	H7283	3	0.00		
𐤄𐤌𐤑𐤒	H6693	4	0.00		
𐤋𐤀𐤅𐤋𐤌	H197	3	0.00		
𐤋𐤇𐤃𐤓𐤉𐤌	H2315	3	1.00		
𐤋𐤂𐤁𐤏𐤄	H1390	3	1.00		
𐤎𐤐𐤅𐤍	H5603	3	1.00		
𐤄𐤇𐤃𐤓𐤉𐤌	H2315	6	0.67		
𐤅𐤏𐤌𐤅𐤃𐤉𐤌	H5982	3	1.00		
𐤌𐤏𐤑𐤉𐤌	H6086	3	1.00	H4519	0.0
𐤄𐤔𐤌𐤌𐤄	H8064	5	0.20		
𐤏𐤋𐤉𐤅𐤕	H5942	3	0.33	H5944	0.3333333333333333
𐤅𐤄𐤌𐤆𐤁𐤇	H4196	4	1.00		
𐤊𐤐𐤅𐤋𐤉𐤌	H3718	4	0.75		
𐤄𐤏𐤌𐤅𐤃𐤉𐤌	H5982	7	1.00		
𐤅𐤄𐤀𐤅𐤋𐤌𐤉𐤌	H197	3	0.33		
𐤄𐤋𐤔𐤊𐤅𐤕	H3957	3	1.00		
𐤋𐤌𐤁𐤅𐤀	H3996	3	0.33		
𐤌𐤏𐤆𐤓𐤕	H5833	3	0.33		
𐤄𐤀𐤅𐤋𐤌	H197	26	0.23		
𐤊𐤕𐤐𐤅𐤕	H3802	3	1.00		
𐤁𐤒𐤅𐤌𐤕𐤅	H6967	5	0.60		
𐤅𐤄𐤔𐤏𐤓	H8179	3	1.00		
𐤅𐤕𐤅𐤋𐤏𐤕𐤔𐤍𐤉	H8147	3	0.67	H8438	1.0
𐤄𐤒𐤍𐤉𐤌	H7070	3	0.33		
𐤌𐤔𐤐𐤏	H8228	4	0.00		
𐤕𐤀𐤉𐤌	H8380	4	0.00	H8372	1.0
𐤅𐤋𐤍𐤔𐤉𐤌	H802	3	1.00		
𐤄𐤊𐤔𐤓𐤉𐤌	H8269	4	1.00		
𐤄𐤀𐤐𐤅𐤃	H646	5	1.00		
𐤄𐤌𐤏𐤉𐤋	H4598	4	0.75		
𐤄𐤇𐤆𐤄	H2373	10	0.90	H2374	0.1
𐤔𐤁𐤑𐤅	H6680	3	0.67		
𐤅𐤁𐤓𐤒𐤕	H1304	3	1.00		
𐤅𐤄𐤀𐤅𐤋𐤌	H197	3	0.33		
𐤔𐤉𐤀𐤄	H5375	3	1.00		
𐤄𐤑𐤐𐤅𐤍𐤉	H6831	4	0.00	H6830	0.5
𐤌𐤄𐤑𐤓𐤅𐤕	H6862	3	0.33	H4519	0.3333333333333333
𐤅𐤕𐤓	H8449	3	0.00		
𐤄𐤍𐤐𐤂𐤏𐤉𐤌	H6293	3	0.33		
𐤌𐤀𐤇𐤅𐤓𐤉𐤄𐤌	H310	3	1.00		
𐤅𐤄𐤀𐤁𐤍	H68	4	1.00		
𐤌𐤃𐤃𐤅	H4058	3	0.67		
𐤐𐤔𐤕𐤉𐤌	H6593	5	0.80		
𐤁𐤌𐤑𐤅𐤃𐤅𐤕	H4679	5	0.40		
𐤉𐤑𐤅𐤄𐤅	H6680	3	1.00		
𐤉𐤓𐤔𐤄	H3425	11	0.18	H3423	1.0
𐤌𐤓𐤅𐤊𐤁𐤉	H4817	3	0.00		
𐤄𐤕𐤇𐤐𐤔𐤅	H2664	3	0.00		
𐤇𐤌𐤋𐤕𐤅	H2550	3	0.67		
𐤃𐤀𐤂𐤅	H1673	3	0.00		
𐤄𐤍𐤋𐤊𐤃𐤉𐤌	H3920	3	0.33		
𐤄𐤓𐤇𐤅𐤁𐤅𐤕	H7339	3	0.33		
𐤌𐤄𐤄𐤌𐤅𐤍	H1995	3	0.67		
𐤅𐤍𐤅𐤀𐤔𐤅	H2976	3	1.00		
𐤄𐤑𐤋𐤄	H6738	4	0.50	H2020	0.5
𐤅𐤄𐤁𐤑𐤅𐤓𐤅𐤕	H1219	5	1.00		
𐤅𐤍𐤊𐤍𐤏	H3665	6	0.67		
𐤋𐤏𐤅𐤌𐤃𐤉𐤌	H5982	4	0.25		
𐤌𐤌𐤑𐤁	H4673	4	0.00		
𐤌𐤕𐤅𐤍𐤉𐤌	H4976	3	0.33		
𐤄𐤕𐤅𐤊𐤇𐤅𐤕	H8433	3	0.33		
𐤍𐤑𐤇𐤍𐤅	H5331	3	1.00		
𐤅𐤂𐤆𐤋	H1499	4	0.75		
𐤄𐤀𐤓𐤌𐤉𐤌	H761	13	0.92		
𐤁𐤂𐤋𐤅𐤕	H1530	3	0.33		
𐤇𐤓𐤅𐤕𐤅	H2801	3	0.00		
𐤄𐤌𐤅𐤍𐤊𐤌	H1995	3	0.67		
𐤉𐤊𐤓𐤏𐤅	H3766	4	0.25		
𐤋𐤒𐤅𐤅𐤕	H6957	6	0.00		
𐤔𐤁𐤅𐤏𐤕𐤅	H7651	6	0.33		
𐤏𐤔𐤉𐤓𐤉	H6224	3	0.00	H6223	0.6666666666666666
𐤋𐤂𐤅𐤏	H1478	4	0.75		
𐤅𐤁𐤃𐤒𐤅	H1855	3	0.33		
𐤄𐤌𐤆𐤅𐤍𐤅𐤕	H2181	3	0.67		
𐤃𐤉𐤌	H1767	6	1.00		
𐤏𐤋𐤅𐤁𐤉𐤌	H3220	3	0.00	H5921	1.0
𐤄𐤊𐤀𐤁	H1	7	0.71	H3511	0.42857142857142855
𐤈𐤓𐤐𐤌	H2964	3	1.00		
𐤀𐤊𐤆𐤓𐤉𐤅𐤕𐤌	H395	8	0.12		
𐤄𐤀𐤌𐤋𐤋𐤉𐤌	H537	7	0.00		
𐤂𐤆𐤏	H1503	7	0.29		
𐤁𐤏𐤌𐤒𐤉𐤌	H6010	3	1.00		
𐤒𐤌𐤇𐤉	H7058	4	0.00		
𐤇𐤕𐤓	H2864	4	0.00		
𐤄𐤌𐤇𐤕𐤓𐤕	H2864	4	0.25	H4519	0.0
𐤄𐤌𐤅𐤈𐤅𐤕	H4294	3	1.00		
𐤄𐤕𐤓𐤅𐤌𐤌	H7311	5	0.60		
𐤇𐤓𐤁𐤅𐤕𐤌	H2719	4	1.00		
𐤄𐤁𐤏𐤓𐤄	H1200	3	1.00		
𐤌𐤀𐤉𐤆𐤅	H227	4	0.75		
𐤏𐤅𐤃𐤃	H5752	5	0.20		
𐤁𐤄𐤊𐤉𐤓𐤌	H3595	4	1.00		
𐤅𐤋𐤍𐤎𐤅𐤕	H5254	4	0.25		
𐤄𐤂𐤋𐤅𐤉𐤌	H1540	3	1.00		
𐤀𐤓𐤅𐤊	H753	6	0.50		
𐤆𐤅𐤊𐤄	H2134	3	0.00		
𐤁𐤃𐤉𐤒	H919	3	0.33		
𐤄𐤃𐤉𐤒	H1854	4	0.25		
𐤃𐤓𐤅𐤌𐤄	H1864	3	0.67		
𐤉𐤁𐤔𐤅𐤕	H3002	3	0.67		
𐤊𐤅𐤍𐤍	H3559	4	0.75		
𐤌𐤌𐤒𐤅𐤌𐤅𐤕	H4725	3	0.67		
𐤉𐤊𐤁𐤔𐤅	H3533	5	1.00		
𐤌𐤀𐤊𐤋𐤉𐤌	H398	4	1.00	H4519	0.0
𐤌𐤄𐤑𐤓𐤄	H6862	3	0.67	H4519	0.0
𐤄𐤌𐤑𐤅𐤒	H6693	3	0.67		
𐤓𐤅𐤀𐤉𐤄𐤌	H7200	6	1.00		
𐤍𐤃𐤅	H5110	5	0.40		
𐤋𐤄𐤊𐤉𐤓𐤌	H3595	3	0.67		
𐤍𐤁𐤒𐤏	H1234	4	0.75		
𐤄𐤓𐤏𐤉𐤔𐤅	H7494	3	0.00		
𐤄𐤍𐤅𐤀𐤔𐤉𐤌	H2976	3	0.67		
𐤋𐤇𐤁𐤓𐤉𐤅	H2266	4	1.00		
𐤔𐤊𐤍𐤄	H7931	3	0.67		
𐤁𐤂𐤅𐤉𐤄	H1459	3	0.33		
𐤋𐤄𐤓𐤉𐤏	H7321	3	1.00		
𐤇𐤐𐤓	H2660	3	0.67	H1662	0.6666666666666666
𐤅𐤄𐤓𐤔𐤅𐤕	H7326	3	0.00		
𐤁𐤇𐤒𐤉𐤌	H2706	6	1.00		
𐤅𐤄𐤑𐤉𐤂𐤅	H3322	3	0.00		
𐤉𐤄𐤉𐤍	H1961	3	1.00		
𐤁𐤕𐤔𐤏	H8672	3	1.00		
𐤌𐤓𐤉𐤅𐤕	H4812	3	0.67		
𐤄𐤌𐤏𐤓𐤁𐤉	H6153	5	0.20	H4519	0.4
𐤂𐤓𐤌𐤄	H1634	5	0.20		
𐤍𐤇𐤉𐤌	H5146	3	0.00		
𐤄𐤌𐤇𐤎𐤅𐤓	H4270	10	0.80		
𐤋𐤒𐤓𐤁𐤅𐤕	H7126	3	1.00		
𐤁𐤒𐤓𐤁𐤅𐤕	H7126	6	0.67		
𐤊𐤀𐤁𐤋	H57	3	0.00	H60	0.0
𐤕𐤊𐤍𐤅	H5221	5	0.40		
𐤅𐤏𐤔𐤉𐤓𐤄	H6223	3	0.33		
𐤁𐤌𐤏𐤔𐤉𐤄	H4639	3	1.00		
𐤌𐤊𐤅𐤍𐤅	H4349	3	0.33		
𐤄𐤎𐤅𐤁𐤁𐤅𐤕	H5437	4	1.00		
𐤅𐤕𐤋𐤀𐤅𐤕	H3811	4	0.00		
𐤌𐤁𐤐𐤍𐤉𐤌	H6440	3	0.67	H4519	0.0
𐤍𐤃𐤇𐤐	H1765	3	0.00		
𐤄𐤏𐤔𐤅𐤉𐤅𐤕	H6213	4	0.75		
𐤄𐤒𐤋𐤋𐤅𐤕	H7045	4	0.25		
𐤋𐤌𐤅𐤑𐤀	H4672	3	0.67		
𐤇𐤉𐤋𐤍𐤅	H2474	3	0.00		
𐤀𐤃𐤉𐤓𐤉	H117	5	0.80		
𐤅𐤊𐤃𐤓𐤊	H1870	3	0.67		
𐤋𐤄𐤇𐤓𐤉𐤃	H2729	4	0.75		
𐤋𐤂𐤁𐤅𐤓𐤄	H1369	6	0.83		
𐤅𐤋𐤒𐤅𐤅𐤕	H6957	3	1.00		
𐤅𐤄𐤁𐤕𐤉𐤌	H1004	3	1.00		
𐤅𐤀𐤓𐤁𐤅	H693	4	0.50		
𐤅𐤌𐤆𐤓𐤒𐤉𐤌	H4219	3	0.33		
𐤄𐤓𐤐𐤅𐤕	H7383	5	0.40		
𐤍𐤃𐤄𐤌𐤅	H1724	4	0.00		
𐤂𐤓𐤔𐤄	H1646	3	0.33	H1644	0.6666666666666666
𐤍𐤌𐤊𐤓𐤅	H4376	3	0.67		
𐤄𐤎𐤊𐤍𐤅𐤕	H5532	21	0.43		
𐤄𐤐𐤓𐤀𐤉𐤌	H6501	5	0.00		
𐤁𐤄𐤋𐤇𐤌𐤅	H3898	12	0.75		
𐤄𐤃𐤀𐤂𐤅𐤕	H1673	3	0.00		
𐤅𐤋𐤌𐤓𐤃	H4775	3	0.00		
𐤇𐤋𐤅𐤕	H2471	6	0.33	H2470	0.5
𐤔𐤍𐤅𐤕𐤉𐤅	H8141	4	0.75		
𐤌𐤅𐤎𐤉𐤄	H4532	3	0.33		
𐤄𐤁𐤒𐤔𐤄	H1245	3	0.33		
𐤌𐤉𐤌𐤉𐤒𐤃𐤌	H6924	5	0.80	H3117	1.0
𐤄𐤍𐤅𐤏𐤓	H5288	6	0.83		
𐤊𐤐𐤅𐤋	H3717	9	0.22		
𐤋𐤄𐤇𐤓𐤉𐤔	H2758	4	0.25		
𐤎𐤏𐤃𐤅	H5582	4	0.50		
𐤑𐤅𐤓𐤄	H6870	8	0.12		
𐤅𐤁𐤉𐤐𐤉	H3308	3	0.00		
𐤍𐤔𐤂𐤁𐤅𐤕	H7682	4	0.75		
𐤕𐤀𐤓𐤅	H8389	7	0.71		
𐤔𐤍𐤕𐤄	H8141	4	0.75		
𐤄𐤍𐤃𐤅𐤍𐤉𐤌	H1777	3	0.00		
𐤌𐤂𐤅𐤓	H4032	4	0.75	H4033	0.5
𐤍𐤏𐤑𐤓𐤄	H6113	3	0.67		
𐤒𐤓𐤍𐤉𐤄	H7161	3	1.00		
𐤄𐤈𐤁𐤏𐤉	H2883	7	0.00		
𐤉𐤂𐤔	H5066	4	1.00	H5065	0.25
𐤄𐤔𐤀𐤓	H7604	15	0.47		
𐤁𐤒𐤓𐤒𐤏	H7172	3	0.33		
𐤅𐤔𐤅𐤍𐤉𐤌	H8147	6	0.83		
𐤋𐤐𐤋𐤀	H6381	5	1.00		
𐤔𐤍𐤌𐤋𐤈𐤅	H4422	4	0.75		
𐤊𐤔𐤋𐤄	H3782	3	0.33	H7887	0.0
𐤄𐤀𐤋𐤍𐤉𐤌	H440	4	0.00		
𐤐𐤋𐤂𐤔𐤉𐤅	H6370	3	1.00		
𐤍𐤐𐤔𐤍	H5315	3	0.67		
𐤎𐤉𐤋𐤅𐤄	H5542	6	0.00		
𐤄𐤇𐤐𐤔𐤉𐤌	H2670	5	0.80		
𐤋𐤄𐤅𐤁𐤉𐤋	H1892	3	0.00		
𐤄𐤑𐤅𐤒	H3332	3	1.00		
𐤀𐤄𐤁𐤕𐤄	H157	6	1.00		
𐤄𐤓𐤊	H7390	5	0.20	H7401	0.2
𐤁𐤅𐤏𐤓𐤉𐤌	H5892	3	0.67		
𐤅𐤋𐤍𐤔𐤉𐤄𐤌	H802	3	1.00		
𐤕𐤒𐤅𐤅𐤕𐤉𐤍𐤅	H8615	3	1.00		
𐤋𐤏𐤑𐤕𐤅	H6098	5	0.80		
𐤀𐤎𐤅𐤓𐤅𐤕	H631	3	0.00		
𐤍𐤏𐤉𐤌𐤄	H5279	3	0.33		
𐤔𐤍𐤕𐤍𐤅	H5414	3	1.00		
𐤅𐤀𐤌𐤅𐤍𐤕𐤌	H530	3	0.67		
𐤋𐤓𐤁𐤁𐤅𐤕	H7233	5	1.00		
𐤌𐤔𐤓𐤔	H8328	4	0.50		
𐤓𐤏𐤉𐤄𐤌	H7453	8	0.88	H7462	0.625
𐤄𐤌𐤇𐤔𐤁𐤄	H4284	8	0.75		
𐤅𐤄𐤅𐤁𐤀𐤅	H935	3	0.67		
𐤔𐤀𐤋𐤕𐤅	H7592	6	0.83		
𐤌𐤍𐤅𐤓𐤄	H4501	3	1.00		
𐤅𐤁𐤏𐤌𐤃𐤅	H5975	9	0.78		
𐤋𐤏𐤋𐤉𐤋𐤄	H5949	4	0.50		
𐤅𐤁𐤄𐤊𐤉𐤓𐤅	H5234	3	1.00		
𐤁𐤇𐤎𐤃𐤉	H2617	4	0.75		
𐤄𐤃𐤉𐤅𐤒	H1854	4	0.00		
𐤊𐤅𐤍𐤕𐤉	H3674	4	0.50		
𐤁𐤍𐤅𐤂𐤏	H5061	67	0.09		
𐤊𐤔𐤄𐤌	H7718	32	0.09		
𐤔𐤉𐤒𐤓𐤄	H3368	6	0.50		
𐤋𐤌𐤐𐤏𐤋	H6466	4	0.50		
𐤋𐤄𐤌𐤔𐤉𐤊	H4897	11	0.00		
𐤎𐤅𐤂	H5472	3	0.33	H5509	0.0
𐤌𐤋𐤄𐤕𐤀𐤌𐤑	H553	4	1.00		
𐤉𐤃𐤉𐤏𐤅𐤕	H3045	4	1.00		
𐤋𐤄𐤍𐤅𐤕	H5116	7	0.86		
𐤀𐤋𐤌𐤋𐤀	H4390	3	1.00	H413	1.0
𐤋𐤇𐤒𐤅𐤕	H2708	9	0.89		
𐤅𐤋𐤇𐤔𐤅𐤁	H2815	4	1.00		
𐤌𐤒𐤓𐤉	H4726	4	0.75		
𐤌𐤃𐤉𐤍𐤉𐤅𐤕	H4083	3	0.67		
𐤄𐤀𐤅𐤔𐤓	H843	4	0.25		
𐤋𐤊𐤇𐤅	H3581	3	1.00		
𐤋𐤄𐤓𐤑𐤅𐤕	H7323	4	0.75		
𐤀𐤕𐤀𐤓	H766	7	0.00	H853	1.0
𐤄𐤇𐤁𐤅𐤓	H2277	4	0.25		
𐤌𐤅𐤊𐤔𐤓	H3787	4	0.75		
𐤋𐤄𐤃𐤁𐤒	H1692	3	1.00		
𐤌𐤀𐤅𐤔𐤓𐤉𐤌	H833	12	0.92		
𐤄𐤕𐤇𐤉𐤋	H2342	31	1.00		
𐤁𐤀𐤌𐤍𐤅𐤕	H543	4	0.25		
𐤔𐤃𐤋	H1800	6	0.00		
𐤔𐤀𐤋𐤄𐤉𐤌	H430	50	0.90		
𐤁𐤌𐤃𐤅𐤕𐤉𐤅	H4060	3	0.67		
𐤅𐤁𐤋𐤕𐤉	H1115	19	0.95		
𐤁𐤄𐤕𐤀𐤌	H8372	20	0.45		
𐤔𐤍𐤉𐤕𐤍	H8145	3	1.00		
𐤁𐤀𐤅𐤐𐤍	H212	106	0.01		
𐤊𐤍𐤄	H3651	4	1.00	H3657	0.25
𐤌𐤄𐤀𐤇𐤓𐤉𐤌	H312	3	1.00		
𐤅𐤁𐤏𐤔𐤅𐤕𐤅	H6213	8	1.00		
𐤎𐤁𐤉𐤁𐤄	H5439	8	1.00		
𐤌𐤄𐤀𐤃𐤌𐤄	H120	6	0.83	H4519	0.16666666666666666
𐤏𐤋𐤀𐤅𐤃𐤅𐤕	H181	12	0.08	H5921	1.0
𐤅𐤊𐤓𐤀𐤅𐤕𐤅	H7200	9	1.00		
𐤄𐤅𐤁𐤀𐤄	H935	8	1.00		
𐤄𐤉𐤊𐤅𐤋𐤕	H3629	3	0.00		
𐤁𐤀𐤔𐤓𐤌	H834	3	1.00		
𐤁𐤀𐤅𐤔𐤓	H834	4	1.00		
𐤋𐤎𐤁𐤄	H5438	11	0.64		
𐤐𐤒𐤅𐤃𐤕	H6485	6	1.00		
𐤀𐤅𐤔𐤓	H3474	10	1.00		
𐤀𐤓𐤅𐤊𐤉𐤌	H753	6	0.83		
𐤁𐤊𐤏𐤎𐤅	H3708	4	1.00		
𐤁𐤍𐤒𐤋	H7043	5	1.00		
𐤁𐤐𐤉𐤓𐤅𐤕	H6578	3	0.00		
𐤅𐤀𐤉𐤉𐤌	H339	5	0.60		
𐤄𐤕𐤉𐤔𐤁	H8664	4	0.25		
𐤏𐤍𐤔𐤅	H6064	12	1.00		
𐤊𐤋𐤐𐤉	H6310	27	1.00		
𐤔𐤇𐤉𐤅	H2421	5	1.00		
𐤔𐤄𐤔𐤉𐤂	H7873	5	0.80		
𐤍𐤐𐤂𐤔	H6298	6	0.67		
𐤌𐤀𐤅𐤕𐤄	H853	5	1.00		
𐤋𐤕𐤏𐤍𐤅𐤂𐤅𐤕	H8588	3	0.33		
𐤔𐤏𐤋𐤉𐤅	H2705	6	0.17		
𐤄𐤌𐤎𐤅𐤐𐤓	H4557	4	0.75		
𐤅𐤑𐤀𐤑𐤀𐤉𐤅	H6631	3	0.67		
𐤁𐤀𐤅𐤕𐤄	H226	17	0.12		
𐤉𐤄𐤓𐤎	H2040	6	1.00		
𐤌𐤋𐤁𐤍𐤉𐤌	H3843	4	1.00		
𐤁𐤈𐤇𐤅𐤍𐤌	H986	6	0.67		
𐤌𐤓𐤅𐤑𐤄	H7521	5	1.00	H4835	0.4
𐤁𐤊𐤃𐤉	H1768	14	0.86		
𐤋𐤒𐤉𐤉𐤌	H6965	4	0.75		
𐤅𐤁𐤀𐤅𐤐𐤍	H212	6	0.00		
𐤄𐤒𐤃𐤅𐤌	H6924	5	1.00		
𐤌𐤓𐤅𐤁𐤄	H4809	8	0.50		
𐤎𐤊𐤅𐤌	H5525	6	0.83		
𐤄𐤓𐤂𐤉𐤔	H7284	13	0.31		
𐤏𐤃𐤉𐤉𐤍	H5731	21	0.57		
𐤌𐤄𐤌𐤁𐤅𐤋	H3999	3	1.00		
𐤌𐤔𐤕𐤌𐤔𐤉𐤌	H4185	5	0.60	H4519	0.4
𐤌𐤃𐤌𐤔𐤒	H1834	4	0.50		
𐤄𐤒𐤅𐤃𐤌	H6924	13	1.00		
𐤅𐤔𐤋𐤀	H3808	19	0.95		
𐤄𐤂𐤉𐤅𐤍𐤉	H1902	4	0.25		
𐤄𐤔𐤕𐤌𐤔𐤅	H4185	11	0.55		
𐤁𐤎𐤁𐤉𐤁𐤄	H5439	3	1.00		
𐤌𐤕𐤀𐤉𐤌	H8372	11	0.36	H4519	0.2727272727272727
𐤁𐤅𐤃𐤀𐤅𐤕	H1668	3	0.33		
𐤄𐤉𐤃𐤉𐤏𐤅𐤕	H3046	6	1.00		
𐤋𐤏𐤍𐤉𐤍	H6041	5	0.60		
𐤌𐤎𐤁𐤕	H4142	7	1.00		
𐤌𐤏𐤅𐤃𐤃	H5749	4	0.75		
𐤔𐤄𐤌𐤉𐤌	H4310	5	1.00		
𐤁𐤌𐤓𐤑	H7323	11	0.64		
𐤋𐤂𐤅𐤁𐤄	H1358	8	0.00		
𐤌𐤈𐤅𐤓𐤐	H2964	4	0.00		
𐤅𐤋𐤓𐤂𐤋𐤉	H7272	6	1.00		
𐤌𐤊𐤍𐤉𐤌	H3651	10	1.00	H4519	0.0
𐤄𐤉𐤁𐤔𐤕	H3001	4	0.75		
𐤑𐤅𐤓𐤅𐤕	H6869	4	0.00	H6697	0.25
𐤋𐤂𐤌𐤓	H1586	3	0.67		
𐤅𐤔𐤄𐤉𐤀	H1931	3	1.00		
𐤄𐤑𐤅𐤓𐤄	H6697	5	0.80		
𐤁𐤕𐤐𐤔𐤌	H8610	3	0.33		
𐤄𐤔𐤈𐤇	H7849	15	0.07		
𐤅𐤁𐤒𐤇𐤕𐤌	H3947	4	1.00		
𐤁𐤀𐤇𐤓𐤉𐤌	H312	3	1.00		
𐤄𐤍𐤌𐤍𐤏	H4513	9	0.33		
𐤌𐤀𐤓𐤁𐤏𐤕	H702	3	1.00		
𐤌𐤏𐤆𐤄	H4581	4	0.50	H5804	0.5
𐤄𐤉𐤇𐤉𐤃𐤉	H3173	6	1.00		
𐤁𐤋𐤅𐤁	H3820	5	1.00		
𐤔𐤄𐤀𐤇𐤓𐤉𐤌	H312	3	1.00		
𐤌𐤄𐤐𐤓𐤕	H6578	4	0.25		
𐤁𐤄𐤅𐤋𐤃	H3205	3	1.00		
𐤄𐤊𐤋𐤃𐤉𐤌	H3850	7	0.00		
𐤅𐤌𐤓𐤀𐤉𐤌	H7200	3	0.67		
𐤄𐤇𐤅𐤒𐤉𐤉𐤌	H2706	3	1.00		
𐤌𐤐𐤋𐤂𐤔𐤅	H6370	4	1.00	H4519	0.0
𐤍𐤏𐤋𐤅𐤕	H5274	3	0.00	H5275	0.0
𐤄𐤃𐤏𐤄	H1844	4	0.25		
𐤂𐤅𐤓𐤌	H1634	5	0.40		
𐤋𐤄𐤑𐤋𐤇𐤕𐤅	H6747	4	0.00		
𐤄𐤃𐤏𐤅𐤕	H1847	3	0.00		
𐤉𐤎𐤊𐤉𐤌	H5258	7	0.43		
𐤋𐤁𐤉𐤍	H996	6	0.83		
𐤅𐤌𐤎𐤁𐤄	H5438	5	0.20		
𐤅𐤔𐤀𐤉𐤍	H335	4	0.00		
𐤅𐤌𐤅𐤊𐤔𐤓	H3787	3	0.67		
𐤋𐤌𐤑𐤓𐤉𐤉𐤌	H4714	11	1.00		
𐤌𐤑𐤁𐤉𐤀	H6635	6	1.00		
𐤍𐤅𐤂𐤐𐤅	H5062	4	0.50		
𐤅𐤉𐤇𐤋𐤉𐤈	H2480	3	0.00		
𐤄𐤑𐤉𐤏	H3326	7	0.00		
𐤁𐤀𐤐𐤍	H637	6	0.83		
𐤅𐤉𐤕𐤂𐤁𐤓𐤅	H1396	4	0.75		
𐤄𐤏𐤉𐤆𐤄	H5810	4	0.50		
𐤅𐤄𐤕𐤐𐤋𐤋𐤄	H6419	3	0.00		
𐤌𐤔𐤌𐤏𐤅	H8085	4	1.00		
𐤄𐤁𐤔𐤅𐤓𐤅𐤕	H1308	3	0.00		
𐤒𐤍𐤉𐤍𐤌	H7075	4	1.00		
𐤕𐤔𐤅𐤁𐤕𐤅	H7673	5	0.60		
𐤊𐤔𐤄𐤉𐤀	H1931	5	0.80		
𐤅𐤕𐤋𐤌𐤉𐤃𐤅	H8527	3	0.00		
𐤅𐤀𐤍𐤎	H597	4	0.00		
𐤄𐤓𐤂𐤉𐤏	H7280	4	1.00		
𐤄𐤀𐤍𐤅𐤔𐤉	H582	9	0.89		
𐤄𐤏𐤌𐤅𐤍𐤉𐤌	H5984	7	1.00		
𐤋𐤀𐤅𐤕𐤄	H853	3	0.67		
𐤔𐤍𐤔𐤋𐤇𐤄	H7971	3	1.00		
𐤋𐤁𐤋𐤅𐤕	H1086	4	0.75		
𐤌𐤇𐤆𐤉𐤓	H2386	3	0.00		
𐤔𐤇𐤈𐤀	H2398	3	1.00		
𐤍𐤔𐤅𐤀𐤄	H5385	5	0.40		
𐤋𐤒𐤓𐤁𐤄	H7126	4	1.00		
𐤁𐤌𐤇𐤋𐤄	H2470	7	1.00	H4245	0.7142857142857143
𐤒𐤓𐤀𐤅𐤄	H7121	3	1.00		
𐤁𐤂𐤉𐤋	H1524	8	1.00		
𐤊𐤌𐤕𐤍𐤄	H4979	6	1.00		
𐤔𐤁𐤔𐤏𐤄	H8159	5	0.80		
𐤌𐤀𐤅𐤔𐤓	H3474	5	1.00		
𐤄𐤍𐤅𐤊𐤇𐤉	H3198	4	0.75		
𐤔𐤔𐤅𐤌	H7760	4	1.00		
𐤁𐤉𐤊𐤋𐤕𐤅	H3615	7	1.00		
𐤄𐤀𐤌𐤅𐤍	H526	3	0.00	H527	0.3333333333333333
𐤋𐤃𐤏𐤕𐤉	H1847	13	0.38		
𐤉𐤃𐤇𐤄	H1760	6	0.17		
𐤋𐤐𐤒𐤅𐤃𐤅𐤕	H6489	8	0.50		
𐤋𐤔𐤉𐤁𐤄	H7872	3	1.00		
𐤔𐤃𐤁𐤓	H1697	12	1.00		
𐤉𐤐𐤓𐤎	H6536	3	0.33		
𐤋𐤇𐤆𐤅𐤓	H2387	6	0.83		
𐤁𐤐𐤓𐤅𐤓	H6517	3	0.00		
𐤍𐤌𐤍𐤏𐤄	H4513	3	0.00		
𐤁𐤉𐤕𐤍𐤅	H5414	7	1.00		
𐤋𐤍𐤏𐤓𐤅𐤕	H5288	3	1.00		
𐤔𐤁𐤑𐤃𐤒	H6664	3	1.00		
𐤄𐤓𐤀𐤕𐤄	H7200	9	0.89		
𐤌𐤑𐤃𐤌	H6718	7	0.71		
𐤔𐤀𐤌𐤍𐤌	H551	4	0.75		
𐤂𐤁𐤓𐤕𐤉	H1404	4	0.75	H1369	1.0
𐤄𐤄𐤑𐤏𐤄	H6808	7	0.43		
𐤁𐤈𐤍𐤄	H990	3	1.00		
𐤅𐤄𐤑𐤏𐤉𐤓	H6810	4	1.00		
𐤅𐤔𐤐𐤏	H8228	3	0.33		
𐤄𐤌𐤐𐤏𐤋	H6466	7	0.86		
𐤄𐤑𐤋𐤇𐤕	H6747	5	0.00	H6743	1.0
𐤄𐤉𐤃𐤉𐤃𐤅𐤕	H3039	6	0.33		
𐤔𐤎𐤁𐤋	H5449	3	0.33		
𐤔𐤁𐤒𐤔	H1245	3	0.67		
𐤌𐤎𐤊𐤉𐤌	H4539	4	0.00		
𐤋𐤄𐤕𐤒𐤔𐤓	H7194	3	0.67		
𐤁𐤒𐤔𐤓𐤉	H7195	4	0.25		
𐤌𐤍𐤔𐤉𐤅	H802	3	0.33		
𐤀𐤓𐤅𐤇𐤄	H737	3	0.33		
𐤋𐤓𐤑𐤅𐤕	H7521	11	0.91		
𐤅𐤑𐤅𐤕𐤄	H6680	5	1.00		
𐤋𐤃𐤅𐤓𐤉	H1755	3	1.00		
𐤃𐤌𐤅𐤉𐤅𐤕	H1819	4	0.50		
𐤅𐤋𐤁𐤎𐤅𐤐	H5488	13	0.00		
𐤕𐤌𐤉𐤌𐤅𐤕	H8549	3	0.67		
𐤄𐤒𐤓𐤁𐤄	H7138	11	1.00		
𐤔𐤔𐤌𐤏𐤄	H8085	4	0.75		
𐤄𐤓𐤑𐤅𐤉𐤄	H7521	5	0.80		
𐤅𐤁𐤋𐤊𐤕𐤅	H3212	5	1.00		
𐤄𐤕𐤏𐤍𐤅𐤂	H8588	4	0.00		
𐤏𐤅𐤍𐤂	H6027	3	0.33		
𐤄𐤁𐤋𐤕𐤉	H1115	17	0.94		
𐤋𐤓𐤂𐤋𐤅	H7272	4	1.00		
𐤔𐤀𐤁𐤉𐤄𐤌	H1	4	1.00		
𐤓𐤑𐤅𐤍𐤄	H7522	5	1.00		
𐤏𐤁𐤅𐤓𐤅	H5674	8	1.00		
𐤄𐤅𐤊𐤇𐤄	H3581	5	1.00		
𐤌𐤓𐤇𐤋	H7354	3	1.00		
𐤔𐤐𐤇𐤅𐤕	H6346	5	0.60	H8198	0.4
𐤔𐤍𐤉𐤕𐤍𐤅	H8145	3	0.67		
𐤁𐤒𐤅𐤋𐤄	H6963	3	0.33		
𐤌𐤔𐤅𐤕𐤐𐤉𐤌	H8596	3	0.00	H4519	0.0
𐤅𐤁𐤒𐤔𐤄	H1245	5	0.80		
𐤃𐤏𐤕𐤍	H1847	3	0.33		
𐤁𐤓𐤉𐤇𐤕	H1272	3	1.00		
𐤔𐤀𐤇𐤓𐤉	H310	16	1.00		
𐤋𐤄𐤕𐤇𐤔𐤁	H2803	3	1.00		
𐤋𐤌𐤅𐤋𐤃𐤕𐤅	H3205	3	1.00		
𐤄𐤕𐤓𐤏𐤌	H7481	4	0.25		
𐤁𐤒𐤍𐤉𐤍𐤅	H7075	3	0.33		
𐤋𐤇𐤐𐤑𐤉𐤌	H2656	4	1.00		
𐤁𐤑𐤋𐤌𐤉𐤌	H6754	4	0.00		
𐤌𐤓𐤑𐤅𐤍𐤅	H7522	11	1.00		
𐤋𐤀𐤅𐤔𐤓	H834	6	0.83		
𐤋𐤌𐤑𐤁	H4673	8	0.62		
𐤌𐤌𐤉𐤍𐤉𐤌	H3225	4	1.00		
𐤄𐤕𐤇𐤉𐤋𐤄	H8462	5	0.60		
𐤔𐤀𐤇𐤉𐤅	H251	4	1.00		
𐤄𐤕𐤒𐤓𐤁	H7126	4	0.75		
𐤄𐤕𐤍𐤑𐤋	H5337	3	1.00		
𐤇𐤂𐤂𐤅	H2287	6	1.00		
𐤔𐤀𐤎𐤅𐤓	H631	4	0.75		
𐤓𐤅𐤁𐤌	H7227	6	0.83		
𐤌𐤀𐤌	H3971	7	0.14		
𐤍𐤃𐤄𐤌	H1724	4	0.50		
𐤉𐤏𐤅𐤃𐤃	H5749	3	1.00		
𐤔𐤍𐤅𐤋𐤃	H3205	6	1.00		
𐤄𐤊𐤓𐤉𐤇𐤅	H7381	7	0.00		
𐤏𐤌𐤋𐤒𐤉	H6003	4	1.00		
𐤄𐤑𐤋𐤇𐤄	H6743	9	0.89		
𐤄𐤁𐤍𐤄	H1121	4	1.00		
𐤄𐤏𐤅𐤆	H5756	7	0.71		
𐤍𐤃𐤓𐤉𐤌	H5088	3	0.00		
𐤇𐤔𐤔	H2842	9	0.00		
𐤊𐤅𐤍𐤕	H3674	4	0.00		
𐤅𐤁𐤉𐤍𐤕𐤉𐤌	H998	4	0.50		
𐤄𐤇𐤓𐤃𐤄	H2731	3	0.67		
𐤅𐤓𐤊	H7390	4	0.00		
𐤆𐤌𐤌𐤌	H2161	3	1.00		
𐤔𐤉𐤌𐤑𐤀	H4672	4	1.00		
𐤁𐤌𐤒𐤑𐤕	H7093	5	0.40		
𐤋𐤌𐤓𐤏𐤄	H4828	4	0.00		
𐤔𐤄𐤋𐤊	H1980	5	1.00		
𐤋𐤏𐤓𐤁𐤉𐤌	H6148	5	0.40		
𐤑𐤏𐤓𐤅	H6820	9	0.22		
𐤄𐤔𐤍𐤅𐤉	H8145	5	0.80		
𐤋𐤉𐤅𐤔𐤓	H8269	3	1.00		
𐤕𐤀𐤅𐤕𐤄	H857	4	0.25		
𐤌𐤁𐤅𐤒𐤔𐤄	H1245	3	0.67		
𐤄𐤐𐤑𐤉𐤓𐤄	H6477	4	0.00		
𐤀𐤋𐤌𐤋𐤉	H4405	5	0.80	H413	1.0
𐤋𐤁𐤒𐤔𐤕𐤄	H7185	3	0.67		
𐤋𐤄𐤅𐤊𐤇	H3198	5	0.40		
𐤁𐤀𐤄𐤁𐤉𐤌	H159	3	1.00		
𐤉𐤊𐤍𐤏	H3665	3	0.67		
𐤕𐤐𐤍𐤄	H6437	3	1.00		
𐤅𐤄𐤕𐤅𐤑𐤀𐤄	H3318	3	1.00		
𐤔𐤕𐤅𐤊𐤋	H3201	3	1.00		
𐤁𐤓𐤑𐤅𐤕𐤄	H7521	3	1.00		
𐤄𐤏𐤋𐤁𐤅𐤍	H45	5	0.40		
𐤋𐤐𐤂𐤏	H6293	3	0.67		
𐤔𐤄𐤂𐤉𐤏	H5060	6	1.00		
𐤁𐤀𐤅𐤕𐤌	H935	9	1.00		
𐤋𐤕𐤅𐤊𐤅	H8432	13	0.85		
𐤔𐤁𐤏𐤅𐤃	H5750	6	1.00		
𐤔𐤍𐤓𐤀𐤄	H7200	5	0.80		
𐤄𐤌𐤔𐤒𐤄	H7262	4	0.00	H4945	1.0
𐤅𐤑𐤐𐤄	H6823	3	0.33		
𐤔𐤇𐤆𐤄	H2370	7	1.00		
𐤁𐤆𐤊𐤓𐤅𐤍𐤅	H2142	3	1.00		
𐤌𐤃𐤅𐤊𐤀	H1792	4	0.75		
𐤄𐤌𐤓𐤀𐤅𐤕	H7200	3	1.00		
𐤅𐤒𐤓𐤄	H7136	6	1.00		
𐤅𐤕𐤅𐤃𐤏	H3045	7	1.00		
𐤋𐤂𐤓𐤅𐤌	H1481	8	1.00		
𐤒𐤅𐤓𐤕	H6979	6	0.33		
𐤅𐤄𐤌𐤇𐤎𐤅𐤓	H4270	3	0.67		
𐤋𐤑𐤏𐤓	H6820	4	0.25		
𐤉𐤒𐤋𐤅	H7043	4	1.00		
𐤄𐤕𐤁𐤅𐤀𐤅𐤕	H8393	4	1.00		
𐤕𐤒𐤋	H8625	3	0.33	H7043	0.6666666666666666
𐤋𐤄𐤑𐤋𐤇𐤄	H6743	4	0.75		
𐤂𐤆𐤏𐤅	H1503	4	0.75		
𐤄𐤀𐤔𐤌𐤅𐤕	H817	5	0.00		
𐤌𐤔𐤅𐤕𐤐	H8596	7	0.00		
𐤔𐤁𐤂𐤋𐤋	H1558	7	1.00		
𐤔𐤄𐤅𐤈𐤋	H2919	3	0.00		
𐤁𐤑𐤏𐤓	H6820	4	0.50		
𐤄𐤎𐤎𐤅	H5483	3	0.67		
𐤂𐤍𐤁𐤅	H1589	3	1.00		
𐤋𐤁𐤎𐤅𐤐	H5488	6	0.17		
𐤔𐤓𐤅𐤉𐤉𐤌	H8269	5	1.00		
𐤍𐤏𐤓𐤊	H5288	4	0.50	H6186	0.75
𐤄𐤔𐤂𐤇𐤕	H1512	12	0.00		
𐤋𐤏𐤅𐤍𐤔	H6065	8	0.00		
𐤍𐤅𐤒𐤌	H5355	3	0.33		
𐤅𐤌𐤁𐤈𐤉𐤇	H984	3	0.67		
𐤎𐤅𐤁𐤋	H5449	4	0.50		
𐤌𐤄𐤇𐤉𐤉𐤌	H2416	3	1.00		
𐤊𐤏𐤎𐤊	H3708	3	1.00		
𐤋𐤇𐤌𐤋𐤄	H2550	5	1.00		
𐤋𐤐𐤅𐤋	H6322	4	0.75		
𐤁𐤏𐤑𐤌𐤍𐤅	H6106	4	1.00		
𐤔𐤉𐤑𐤀𐤅	H3318	9	1.00		
𐤔𐤍𐤔𐤀𐤓𐤅	H7604	6	1.00		
𐤅𐤊𐤀𐤉𐤋𐤅	H354	5	0.00		
𐤁𐤄𐤑𐤋𐤇𐤄	H6743	6	0.50		
𐤅𐤍𐤓𐤃𐤌	H7290	3	0.33		
𐤋𐤇𐤎𐤃𐤉	H2617	4	1.00		
𐤁𐤓𐤅𐤌𐤌𐤅𐤕	H7319	3	0.67		
𐤋𐤍𐤇𐤅𐤑	H5169	6	0.33		
𐤔𐤍𐤅𐤋𐤃𐤅	H3205	7	1.00		
𐤔𐤀𐤁𐤉𐤅	H1	3	0.67		
𐤋𐤆𐤅	H2098	6	0.00		
𐤀𐤓𐤉𐤊𐤅𐤕	H724	3	0.33		
𐤁𐤒𐤍𐤉𐤍	H7075	4	0.75		
𐤄𐤐𐤉𐤓𐤅𐤕	H6331	7	0.57		
𐤌𐤄𐤐𐤉𐤓𐤅𐤕	H6331	5	0.40	H4519	0.2
𐤁𐤕𐤒𐤐𐤅	H8632	3	0.67		
𐤌𐤀𐤁𐤅𐤕𐤉𐤅	H1	3	1.00		
𐤊𐤍𐤂𐤃𐤌	H5048	3	1.00		
𐤁𐤄𐤑𐤋𐤇𐤕𐤌	H6747	3	0.33		
𐤅𐤋𐤎𐤁𐤕	H5437	3	0.67		
𐤊𐤔𐤓𐤅𐤍𐤅	H3788	6	0.67		
𐤋𐤓𐤏𐤕𐤌	H7451	3	1.00		
𐤋𐤏𐤁𐤅𐤃𐤅𐤕	H5656	3	0.67		
𐤄𐤌𐤓𐤉𐤑	H4793	3	0.00		
𐤋𐤄𐤔𐤌𐤃𐤕	H8045	3	0.67		
𐤌𐤅𐤊𐤔𐤓𐤉𐤌	H3787	3	1.00	H4519	0.0
𐤅𐤉𐤐𐤍𐤄	H3312	7	0.71		
𐤄𐤆𐤍𐤉𐤇𐤅	H2186	5	0.80		
𐤁𐤎𐤊	H5519	4	1.00		
𐤋𐤂𐤅𐤃𐤋	H1431	3	1.00		
𐤔𐤄𐤅𐤃𐤉𐤏	H3045	4	1.00		
𐤋𐤄𐤑𐤋𐤕𐤅	H5337	6	1.00		
𐤔𐤄𐤋𐤋𐤅	H1984	5	1.00		
𐤅𐤉𐤐𐤉𐤅	H3308	5	0.40		
𐤄𐤕𐤐𐤒𐤉𐤃	H6485	3	1.00		
𐤄𐤌𐤆𐤊𐤉𐤓	H2142	4	1.00		
𐤌𐤊𐤐𐤉	H3709	4	0.00		
𐤌𐤌𐤋𐤊𐤕𐤊	H4467	4	1.00		
𐤌𐤄𐤏𐤁𐤓𐤉𐤌	H5680	8	1.00		
𐤋𐤄𐤎𐤊𐤉𐤌	H8310	5	0.00		
𐤅𐤔𐤄𐤅𐤀	H1931	4	1.00		
𐤊𐤅𐤔𐤓	H8269	5	1.00		
𐤇𐤅𐤋𐤔𐤄	H2476	3	1.00		
𐤄𐤏𐤉𐤆𐤅	H5756	13	0.23		
𐤌𐤃𐤅𐤊𐤀𐤉𐤌	H1792	3	0.67		
𐤅𐤄𐤌𐤑𐤓𐤉𐤉𐤌	H4713	3	1.00		
𐤌𐤓𐤑	H7323	4	0.75		
𐤉𐤐𐤂𐤅𐤔	H6298	4	0.50		
𐤋𐤐𐤏𐤅𐤋	H6466	7	0.86		
𐤅𐤉𐤇𐤎𐤓𐤅	H2637	3	1.00		
𐤄𐤌𐤂𐤉𐤏𐤄	H5060	4	1.00		
𐤅𐤁𐤍𐤅𐤂𐤏	H5060	5	0.80		
𐤌𐤑𐤅𐤉	H6680	5	0.60	H4519	0.0
𐤌𐤉𐤅𐤏𐤃	H5750	3	1.00		
𐤐𐤉𐤓𐤅𐤕	H6578	4	0.25		
𐤄𐤏𐤆𐤕𐤅	H5841	3	0.33		
𐤔𐤔𐤌𐤏	H8085	3	0.67		
𐤇𐤅𐤔𐤁𐤍𐤉	H2809	6	0.17		
𐤄𐤉𐤑𐤉𐤀𐤄	H3318	6	1.00		
𐤁𐤄𐤁𐤈𐤇𐤅𐤕	H982	5	0.60		
𐤅𐤃𐤅𐤌𐤄	H1746	7	0.00		
𐤊𐤔𐤄𐤉𐤅	H7716	3	0.33		
𐤑𐤅𐤃𐤒	H6662	5	0.80		
𐤄𐤌𐤇𐤆𐤅𐤕	H2380	3	0.67		
𐤁𐤒𐤉	H1231	6	0.83		
𐤋𐤄𐤊𐤓𐤉𐤇	H7381	3	0.00		
𐤔𐤄𐤏𐤁𐤓𐤉𐤌	H5680	5	1.00		
𐤋𐤂𐤌𐤓𐤉	H1586	28	0.61		
𐤋𐤄𐤇𐤆𐤉𐤓	H2386	7	0.00		
𐤇𐤅𐤂𐤂𐤉𐤌	H2287	6	1.00		
𐤅𐤉𐤇𐤋𐤉𐤈𐤅	H2480	5	0.20		
𐤉𐤔𐤉𐤂𐤅𐤌	H5381	3	0.00		
𐤍𐤑𐤅𐤓𐤉𐤌	H5341	5	1.00		
𐤋𐤄𐤔𐤌𐤃	H8045	9	0.44		
𐤄𐤑𐤋𐤕𐤌	H5337	12	1.00		
𐤌𐤄𐤌𐤑𐤅𐤒𐤄	H4690	3	0.33	H4519	0.3333333333333333
𐤋𐤌𐤐𐤋𐤈	H4655	3	0.33		
𐤋𐤄𐤑𐤋𐤄	H5338	4	1.00		
𐤍𐤎𐤂	H5472	3	0.33		
𐤄𐤄𐤑𐤋𐤄	H6738	3	0.00		
𐤂𐤓𐤌	H1634	10	0.40		
𐤔𐤄𐤒𐤉𐤐	H5362	3	1.00		
𐤂𐤌𐤅𐤓	H1586	7	0.71		
𐤄𐤒𐤓𐤒𐤏	H7172	4	0.00		
𐤁𐤌𐤆𐤅𐤍	H2098	3	0.00	H4519	0.0
𐤏𐤃𐤅𐤃	H5752	3	0.67		
𐤀𐤑𐤉𐤋𐤅𐤕	H680	3	0.67		
𐤋𐤕𐤐𐤋𐤕𐤅	H8605	3	1.00		
𐤔𐤉𐤔𐤀𐤓𐤅	H7604	3	0.67		
𐤓𐤀𐤅𐤉𐤅𐤕	H7200	4	1.00		
𐤄𐤀𐤔𐤉𐤌𐤅	H817	10	0.00		
𐤁𐤆𐤊𐤓𐤅𐤍𐤌	H2146	4	0.75		
𐤔𐤑𐤅𐤄	H6680	6	0.83		
𐤉𐤔𐤂𐤉𐤇	H7688	5	0.20		
𐤔𐤋𐤅𐤉𐤌	H7958	4	0.75		
𐤏𐤉𐤐𐤅𐤕	H5774	4	0.50		
𐤌𐤓𐤑𐤌	H7521	3	1.00		
𐤏𐤔𐤓𐤅𐤍	H6241	5	0.80		
𐤔𐤌𐤕𐤅𐤊	H8432	3	0.33		
𐤅𐤋𐤏𐤌𐤉𐤌	H5973	3	1.00		
𐤔𐤉𐤔𐤉𐤌𐤅	H7760	3	1.00		
𐤔𐤄𐤔𐤉𐤂𐤅	H5381	3	0.67		
𐤔𐤁𐤏𐤆𐤓𐤕	H5833	3	0.33		
𐤅𐤁𐤌𐤑𐤁	H4673	3	0.67		
𐤋𐤑𐤉𐤉𐤕	H6680	4	0.75		
𐤄𐤃𐤇𐤉𐤄	H1760	3	0.33		
𐤌𐤄𐤇𐤉𐤋𐤉𐤌	H2428	4	1.00		
𐤔𐤌𐤔𐤄	H4872	10	0.20	H8121	0.3
𐤇𐤉𐤋𐤉𐤅	H2428	14	1.00		
𐤄𐤏𐤌𐤋𐤒𐤉𐤌	H6002	22	1.00		
𐤏𐤑𐤅𐤌𐤉𐤌	H6099	3	1.00		
𐤄𐤕𐤅𐤑𐤀𐤄	H3318	4	1.00		
𐤌𐤋𐤄𐤉𐤅𐤕	H1961	6	0.67		
𐤐𐤇𐤅𐤕𐤉𐤌	H6346	4	0.50		
𐤋𐤒𐤓𐤁𐤕	H7126	3	1.00		
𐤌𐤈𐤓𐤅𐤕	H4306	3	0.67		
𐤍𐤔𐤌𐤈	H8058	3	1.00		
𐤀𐤍𐤅𐤔𐤉	H582	4	0.50		
𐤔𐤃𐤓𐤊	H7715	3	0.67	H7714	0.6666666666666666
𐤁𐤄𐤌𐤑𐤀𐤅	H4672	3	1.00		
𐤅𐤁𐤊𐤋𐤉𐤌	H3605	3	1.00		
𐤆𐤅𐤄𐤓	H2096	3	0.00		
𐤑𐤌𐤓	H6785	5	0.80		
𐤄𐤀𐤓𐤉𐤂	H708	4	0.00		
𐤌𐤌𐤒𐤃𐤔	H4720	3	0.67		
𐤄𐤇𐤌𐤓𐤉𐤌	H2543	3	0.00		
𐤁𐤑𐤋𐤀𐤋	H1212	4	1.00		
𐤅𐤋𐤏𐤁𐤅𐤃𐤕	H5656	4	0.75		
𐤁𐤓𐤅𐤇𐤁	H7339	4	0.75		
𐤈𐤁𐤏𐤅𐤕	H2885	6	1.00	H2884	0.0
𐤄𐤈𐤁𐤏𐤅𐤕	H2885	5	1.00		
𐤌𐤇𐤅𐤁𐤓	H2266	3	0.67		
𐤁𐤄𐤓𐤇𐤁𐤄	H7342	3	0.67		
𐤀𐤅𐤋𐤌𐤉𐤌	H483	4	0.00		
𐤒𐤓𐤔	H7175	4	0.00		
𐤒𐤓𐤔𐤉𐤌	H7175	3	0.00		
𐤄𐤒𐤓𐤔𐤉𐤌	H7175	5	0.00		
𐤄𐤑𐤋𐤏𐤅𐤕	H6763	3	1.00		
𐤁𐤕𐤊𐤋𐤉𐤕	H8504	5	0.60		
𐤌𐤏𐤅𐤓𐤁	H6153	5	0.20		
𐤌𐤀𐤅𐤕𐤅	H853	4	1.00		
𐤋𐤉𐤓𐤉𐤏𐤄	H7451	3	1.00		
𐤄𐤑𐤁𐤏𐤉𐤌	H6650	3	1.00		
𐤋𐤕𐤊𐤋𐤉𐤕	H8503	3	0.33		
𐤆𐤓𐤕𐤅𐤕	H2239	3	1.00		
𐤏𐤑𐤌𐤍	H6106	4	0.50		
𐤏𐤔𐤓𐤅𐤍𐤉𐤌	H6241	5	1.00		
𐤅𐤌𐤔𐤒𐤋𐤄	H4948	3	1.00		
𐤓𐤌𐤅𐤍𐤉𐤌	H7416	3	1.00		
𐤔𐤀𐤌𐤓𐤕𐤉	H559	7	1.00		
𐤅𐤏𐤔𐤅𐤉	H6213	4	1.00		
𐤋𐤕𐤅𐤊𐤌	H8432	4	0.75		
𐤀𐤑𐤉𐤋𐤉	H678	3	0.00	H679	0.6666666666666666
𐤌𐤑𐤁𐤏𐤉𐤌	H6648	3	0.00		
𐤔𐤄𐤊𐤄𐤍	H3548	4	1.00		
𐤄𐤊𐤕𐤐𐤉𐤌	H3802	3	1.00		
𐤓𐤌𐤅𐤍	H7417	4	0.75	H7416	0.75
𐤋𐤓𐤅𐤇𐤁	H7339	3	0.33		
𐤋𐤒𐤔𐤓	H7195	3	0.00		
𐤔𐤉𐤊𐤅𐤋	H7922	6	0.50		
𐤌𐤄𐤀𐤁𐤍𐤉𐤌	H68	4	0.75		
𐤄𐤊𐤕𐤐	H3802	4	1.00		
𐤄𐤇𐤅𐤔𐤍	H2833	5	1.00		
𐤁𐤂𐤃𐤋𐤍	H1431	3	1.00		
𐤔𐤁𐤍𐤉	H1121	6	1.00		
𐤌𐤕𐤇𐤉𐤋	H2342	4	0.75		
𐤁𐤈𐤅𐤓	H2905	3	1.00		
𐤁𐤒𐤑𐤅𐤕	H7098	3	0.67		
𐤄𐤑𐤌𐤇	H6779	9	1.00		
𐤌𐤏𐤑𐤌𐤄	H6109	5	0.00		
𐤏𐤂𐤅𐤋	H5696	3	1.00		
𐤋𐤄𐤏𐤓𐤉𐤑	H6184	3	0.67		
𐤅𐤁𐤕𐤕𐤅	H5414	7	1.00		
𐤋𐤀𐤅𐤕𐤅	H226	3	0.33		
𐤌𐤑𐤃𐤉	H6718	3	1.00		
𐤋𐤐𐤒𐤅𐤃𐤕	H6489	4	0.25		
𐤄𐤁𐤔𐤌𐤉𐤌	H1314	3	0.33		
𐤄𐤇𐤅𐤁𐤄	H2327	3	0.00		
𐤌𐤑𐤉𐤀𐤅𐤕	H4672	3	1.00		
𐤔𐤊𐤁𐤃	H3515	3	1.00		
𐤋𐤀𐤊𐤉𐤋𐤄	H402	8	0.75		
𐤌𐤁𐤉𐤍𐤉𐤄𐤌	H1121	3	1.00		
𐤇𐤅𐤒𐤄	H2708	3	0.67		
𐤋𐤐𐤉𐤄𐤌	H6310	4	1.00		
𐤍𐤅𐤊𐤇𐤉𐤌	H3198	5	1.00		
𐤊𐤕𐤐𐤉𐤅	H3802	3	1.00		
𐤋𐤓𐤇𐤅𐤒𐤉𐤌	H7350	4	1.00		
𐤄𐤌𐤊𐤁𐤃𐤉𐤌	H3515	3	1.00	H4519	0.0
𐤄𐤍𐤅𐤂𐤏𐤉𐤌	H5060	10	0.90		
𐤋𐤒𐤓𐤁𐤍𐤅𐤕	H7133	8	1.00		
𐤄𐤀𐤅𐤐𐤍	H212	4	0.00		
𐤋𐤍𐤕𐤇𐤉𐤌	H5409	3	1.00		
𐤀𐤅𐤎𐤓𐤕	H631	3	0.33		
𐤏𐤅𐤅𐤍𐤅𐤕	H6031	6	0.67		
𐤔𐤄𐤅𐤑𐤉𐤀	H3318	3	0.67		
𐤅𐤄𐤍𐤒𐤓𐤀	H7121	3	1.00		
𐤄𐤉𐤁𐤅𐤋	H1892	5	0.00		
𐤉𐤅𐤁𐤀𐤅	H935	6	1.00		
𐤄𐤈𐤏𐤌𐤉𐤌	H2942	3	0.67		
𐤅𐤄𐤆𐤄𐤉𐤓	H2094	3	0.00		
𐤌𐤄𐤌𐤇𐤋𐤄	H4245	3	0.67		
𐤍𐤀𐤔𐤌𐤄	H8033	3	0.67	H4994	0.6666666666666666
𐤋𐤂𐤁𐤓𐤉𐤌	H1397	3	0.00		
𐤅𐤋𐤔𐤊𐤁	H7901	3	1.00		
𐤋𐤁𐤏𐤋𐤉𐤄𐤌	H5921	3	1.00		
𐤅𐤄𐤄𐤅𐤑𐤀𐤅𐤕	H3318	3	1.00		
𐤄𐤌𐤅𐤊𐤓	H4376	3	1.00		
𐤄𐤄𐤅𐤑𐤀𐤄	H3318	7	1.00		
𐤄𐤒𐤅𐤍𐤄	H7069	3	1.00		
𐤄𐤉𐤊𐤅𐤋𐤉𐤌	H3627	4	0.50		
𐤋𐤉𐤅𐤔𐤁𐤉𐤌	H3427	3	1.00		
𐤅𐤁𐤄𐤓𐤀𐤅𐤕𐤌	H7200	4	1.00		
𐤄𐤒𐤍𐤉𐤍𐤉𐤌	H7075	3	0.67		
𐤊𐤔𐤀𐤋𐤄𐤉𐤌	H430	3	0.67		
𐤋𐤕𐤔𐤅𐤏𐤕𐤌	H8668	3	1.00		
𐤅𐤀𐤉𐤋𐤅	H352	7	0.71	H337	0.0
𐤁𐤔𐤁𐤉𐤋𐤌	H7641	4	0.00		
𐤋𐤌𐤑𐤅𐤅𐤕𐤉𐤅	H4687	4	0.75		
𐤋𐤐𐤓𐤕	H6578	7	0.14		
𐤄𐤏𐤉𐤆	H5756	7	0.14		
𐤄𐤍𐤉𐤏𐤅	H2012	3	0.33		
𐤁𐤊𐤍𐤏𐤍𐤉𐤌	H3669	3	1.00		
𐤄𐤀𐤋𐤅𐤄𐤅𐤕	H433	3	0.00		
𐤋𐤓𐤊𐤅𐤔	H7399	4	0.75		
𐤊𐤌𐤑𐤁𐤉𐤀	H6644	4	0.00		
𐤄𐤕𐤁𐤅𐤎𐤄	H947	9	0.33		
𐤌𐤄𐤊𐤍𐤏𐤍𐤉𐤌	H3667	3	1.00	H4519	0.3333333333333333
𐤋𐤔𐤉𐤀	H7723	4	0.25		
𐤊𐤁𐤉𐤊𐤅𐤋	H3201	4	1.00		
𐤄𐤎𐤊𐤌	H5258	4	0.00		
𐤍𐤉𐤌𐤅𐤒	H4743	3	0.33		
𐤂𐤆𐤓𐤅𐤕	H1507	6	0.17		
𐤀𐤉𐤋𐤅	H352	6	1.00		
𐤄𐤌𐤉𐤅𐤏𐤃	H3133	4	0.50		
𐤉𐤔𐤀𐤐	H7602	5	0.80		
𐤁𐤓𐤑𐤅𐤍𐤊𐤌	H7522	3	1.00		
𐤅𐤄𐤔𐤀𐤓	H7605	4	1.00		
𐤋𐤏𐤅𐤋	H5766	5	0.80	H5767	0.8
𐤑𐤐𐤉𐤄	H6823	3	0.00		
𐤎𐤁𐤉𐤁𐤌	H5439	4	1.00		
𐤔𐤒𐤅𐤉	H6957	5	0.60	H8250	0.2
𐤄𐤆𐤓𐤅𐤕	H2114	3	1.00		
𐤄𐤇𐤅𐤔𐤁𐤉𐤌	H2803	4	1.00		
𐤄𐤔𐤅𐤀𐤄	H7722	3	0.67		
𐤅𐤄𐤅𐤀𐤉𐤋	H2974	3	1.00		
𐤋𐤋𐤅𐤉𐤉𐤌	H3881	7	0.00		
𐤔𐤄𐤏𐤌	H5971	8	0.88		
𐤔𐤕𐤀𐤓𐤍𐤅	H8389	3	0.67		
𐤄𐤌𐤅𐤁𐤀𐤉𐤌	H935	5	1.00	H4519	0.0
𐤌𐤄𐤌𐤇𐤍𐤄	H4264	3	1.00		
𐤌𐤋𐤏𐤁𐤅𐤓	H5674	3	1.00		
𐤋𐤇𐤋𐤅𐤑	H2502	3	1.00		
𐤔𐤄𐤀𐤋𐤄𐤅𐤕	H428	3	1.00		
𐤌𐤍𐤅𐤎𐤉𐤌	H4498	4	0.50		
𐤋𐤀𐤅𐤄𐤁𐤅	H157	3	1.00		
𐤁𐤌𐤌𐤋𐤊𐤕	H4467	5	1.00		
𐤁𐤉𐤓𐤕	H1285	5	0.80	H1001	0.4
𐤋𐤈𐤅𐤁𐤅𐤕	H2896	3	0.67		
𐤌𐤉𐤏𐤑	H3289	3	0.67		
𐤔𐤄𐤌𐤋𐤊	H4428	10	1.00		
𐤌𐤋𐤊𐤅𐤕𐤉𐤕	H4437	3	1.00		
𐤌𐤋𐤕𐤕	H5414	4	1.00		
𐤅𐤏𐤅𐤆	H5797	10	0.90		
𐤋𐤇𐤁𐤒	H2263	3	0.33		
𐤌𐤍𐤅𐤑𐤇	H6703	3	0.33	H4480	1.0
𐤅𐤉𐤀𐤔𐤉𐤌𐤄𐤅	H7760	4	1.00		
𐤁𐤒𐤋𐤋𐤅𐤕	H7043	3	1.00		
𐤅𐤄𐤌𐤅𐤀𐤁𐤉𐤌	H4125	3	0.67		
𐤁𐤉𐤐𐤉𐤍	H6440	4	1.00		
𐤒𐤔𐤓𐤅	H7195	6	0.50		
𐤅𐤉𐤐𐤑𐤉𐤓𐤅	H6484	6	0.00		
𐤕𐤏𐤍𐤅𐤂𐤅𐤕	H8588	5	0.00		
𐤒𐤉𐤅𐤌𐤌	H6965	3	1.00		
𐤔𐤄𐤀𐤅𐤉𐤁𐤉𐤌	H341	4	0.50		
𐤔𐤉𐤔𐤀𐤓	H7604	5	0.80		
𐤄𐤆𐤊𐤓𐤍𐤅	H2145	3	1.00		
𐤄𐤑𐤋𐤇𐤕𐤌	H6747	5	0.00		
𐤋𐤀𐤋𐤏𐤆𐤓	H499	4	0.50		
𐤌𐤁𐤅𐤓𐤊𐤉𐤌	H953	3	0.67		
𐤄𐤌𐤉𐤅𐤏𐤃𐤅𐤕	H3133	3	0.33	H4519	0.6666666666666666
𐤒𐤑𐤍	H7101	3	1.00		
𐤅𐤋𐤒𐤇𐤕𐤄	H3947	4	1.00		
𐤋𐤌𐤅𐤏𐤉𐤋	H4603	5	0.60		
𐤅𐤋𐤆𐤁𐤇𐤉𐤌	H2077	3	1.00		
𐤋𐤀𐤋𐤄𐤅𐤕	H428	5	1.00		
𐤂𐤓𐤅𐤏𐤄	H1639	3	1.00		
𐤋𐤔𐤃𐤅𐤃	H1732	3	0.00	H7703	0.6666666666666666
𐤔𐤄𐤅𐤁𐤀𐤅	H935	6	0.83		
𐤌𐤍𐤔𐤉𐤌	H7760	5	1.00	H802	1.0
𐤅𐤄𐤋𐤅𐤉𐤉𐤌	H3881	3	0.00		
𐤏𐤔𐤅𐤄𐤅	H6213	7	1.00		
𐤄𐤁𐤏𐤋𐤉𐤌	H1168	3	0.33		
𐤁𐤂𐤅𐤓𐤍	H1637	4	0.75		
𐤅𐤉𐤅𐤎𐤉𐤐	H3254	3	1.00		
𐤇𐤐𐤔𐤉𐤅𐤕	H2670	5	1.00		
𐤉𐤅𐤓𐤔𐤄	H3425	4	0.50		
𐤔𐤉𐤌𐤅𐤕	H8034	3	0.67		
𐤒𐤓𐤅𐤁𐤉𐤄	H7126	5	1.00		
𐤔𐤌𐤋𐤀	H3808	3	1.00	H8033	1.0
𐤊𐤔𐤄𐤏𐤌	H5971	3	1.00		
𐤔𐤊𐤅𐤋𐤌	H3605	4	1.00		
𐤄𐤏𐤁𐤅𐤈	H5667	3	1.00		
𐤋𐤌𐤇𐤉𐤕𐤌	H2416	3	1.00		
𐤋𐤌𐤔𐤐𐤇𐤕𐤅	H4940	3	0.67		
𐤄𐤇𐤅𐤌	H2416	5	1.00		
𐤅𐤋𐤏𐤆𐤅𐤓	H5826	4	0.00		
𐤄𐤌𐤅𐤌	H4325	3	0.00		
𐤋𐤄𐤏𐤓𐤉𐤊	H5892	5	0.80		
𐤁𐤎𐤁𐤕	H5437	3	1.00		
𐤋𐤊𐤃𐤌	H3920	3	0.00		
𐤔𐤍𐤀𐤌𐤓𐤅	H559	9	1.00	H8127	0.0
𐤋𐤒𐤇𐤌	H3947	3	0.67		
𐤔𐤄𐤌𐤏𐤔𐤄	H4639	3	1.00		
𐤔𐤊𐤀𐤔𐤓	H834	3	1.00		
𐤋𐤓𐤇𐤁	H7341	3	0.67		
𐤊𐤃𐤓𐤊𐤅	H1870	4	1.00		
𐤎𐤁𐤉𐤁𐤅	H5439	12	1.00		
𐤔𐤍𐤔𐤁𐤏𐤅	H7650	4	1.00		
𐤄𐤂𐤍𐤄	H1903	3	0.00		
𐤃𐤏𐤕𐤄	H1847	3	0.00		
𐤏𐤉	H5857	3	1.00	H1164	0.3333333333333333
𐤅𐤁𐤌𐤎𐤐𐤃	H4553	3	1.00		
𐤔𐤍𐤁𐤀	H5012	6	0.50		
𐤄𐤀𐤌𐤉𐤕𐤉	H571	4	0.50		
𐤅𐤄𐤂𐤁𐤏𐤅𐤍𐤉𐤌	H1391	3	1.00		
𐤄𐤂𐤁𐤏𐤅𐤍𐤉𐤌	H1393	5	1.00		
𐤊𐤀𐤋	H410	8	1.00		
𐤍𐤔𐤒𐤐𐤕	H8259	3	0.00		
𐤅𐤄𐤕𐤇𐤉𐤋	H2470	5	0.60		
𐤉𐤐𐤉𐤅	H3308	3	0.67		
𐤋𐤔𐤉𐤋𐤄	H7956	4	1.00		
𐤍𐤅𐤑𐤇𐤅	H5331	3	1.00		
𐤌𐤄𐤏𐤓𐤉𐤌	H5892	3	0.67		
𐤅𐤄𐤏𐤓𐤉𐤊𐤅	H6186	3	1.00		
𐤅𐤏𐤆𐤄	H5804	4	0.50		
𐤄𐤊𐤉𐤋	H3557	4	1.00	H398	0.75
𐤅𐤔𐤌𐤉𐤓𐤕	H8104	3	1.00		
𐤄𐤀𐤔𐤓	H834	4	1.00		
𐤋𐤅𐤄	H3867	8	0.88		
𐤄𐤕𐤊𐤅𐤍𐤅𐤕	H3559	4	1.00		
𐤅𐤌𐤑𐤁	H4673	3	0.00		
𐤄𐤄𐤍𐤄𐤂𐤄	H1897	3	0.33		
𐤅𐤁𐤏𐤅𐤃𐤅	H5750	3	1.00		
𐤅𐤄𐤍𐤏𐤓𐤉𐤌	H5288	3	0.67		
𐤄𐤔𐤌𐤉𐤓𐤄	H8068	4	0.00		
𐤔𐤌𐤉𐤓𐤄	H3384	4	0.50		
𐤋𐤎𐤂𐤕	H5472	4	0.50		
𐤉𐤊𐤋𐤕𐤌	H3201	4	1.00		
𐤀𐤄𐤅𐤃	H164	4	1.00	H3034	1.0
𐤋𐤐𐤏𐤅𐤋𐤅𐤕	H6468	4	0.00		
𐤏𐤅𐤍𐤕	H5771	5	0.20		
𐤅𐤉𐤊𐤍𐤎𐤅	H3664	3	0.67		
𐤄𐤊𐤓𐤉𐤇𐤌	H7381	5	0.00		
𐤊𐤔𐤀𐤊	H389	4	0.50		
𐤅𐤂𐤃𐤏𐤅𐤍	H1439	3	1.00		
𐤁𐤂𐤕	H1661	3	0.67	H1660	0.3333333333333333
𐤄𐤂𐤅𐤓𐤍	H1637	5	1.00		
𐤋𐤂𐤃𐤏𐤅𐤍	H1439	4	0.75		
𐤌𐤕𐤅𐤍	H4191	3	1.00		
𐤉𐤅𐤕𐤌	H3147	9	0.78		
𐤂𐤏𐤋	H1603	7	0.00	H1604	0.0
𐤋𐤍𐤅𐤔𐤀	H5387	4	0.50		
𐤄𐤂𐤋𐤏𐤃𐤉	H1569	4	1.00		
𐤕𐤐𐤔𐤌	H8610	4	0.25		
𐤔𐤕𐤐	H8596	5	0.00		
𐤌𐤄𐤅𐤋𐤋𐤄	H1984	3	1.00		
𐤒𐤓𐤅𐤁𐤅𐤕	H7138	5	0.60		
𐤁𐤒𐤍𐤀𐤕𐤅	H7065	4	0.75		
𐤔𐤌𐤔𐤅𐤍	H8123	22	0.18		
𐤅𐤕𐤅𐤃𐤉𐤏	H3045	3	1.00		
𐤋𐤔𐤅𐤀𐤋𐤉𐤌	H413	5	1.00		
𐤀𐤋𐤉𐤌𐤋𐤊	H4427	3	0.67	H413	1.0
𐤍𐤏𐤌𐤉	H5281	6	0.67	H5280	0.0
𐤓𐤅𐤕	H7327	9	0.33		
𐤍𐤔𐤅𐤀𐤉𐤌	H5387	4	0.75		
𐤌𐤅𐤋𐤃𐤕𐤍	H4138	4	1.00		
𐤋𐤔𐤃𐤋	H1800	4	0.50		
𐤇𐤁𐤓𐤕𐤄	H2273	3	1.00		
𐤇𐤌𐤅𐤕𐤄	H2545	5	1.00		
𐤁𐤅𐤏𐤆	H1162	13	1.00		
𐤋𐤀𐤃𐤅𐤍𐤉𐤅	H113	3	1.00		
𐤔𐤒𐤁𐤋𐤄	H6903	3	1.00		
𐤋𐤏𐤉𐤋	H5941	3	0.33		
𐤋𐤄𐤒𐤃𐤉𐤔𐤅	H6942	3	0.67		
𐤋𐤑𐤏𐤓𐤅	H6820	3	0.00		
𐤅𐤄𐤐𐤋𐤔𐤕𐤉𐤌	H6430	11	1.00		
𐤊𐤔𐤍𐤅𐤃𐤏	H3045	5	1.00		
𐤄𐤀𐤔𐤃𐤅𐤃𐤉𐤌	H796	4	0.00		
𐤔𐤋𐤉𐤈𐤉	H7982	4	0.00		
𐤔𐤄𐤀𐤓𐤅𐤍	H727	3	1.00		
𐤅𐤁𐤏𐤔𐤅𐤕𐤌	H6213	4	1.00		
𐤋𐤄𐤔𐤉𐤂𐤌	H7873	3	0.33		
𐤅𐤌𐤔𐤅𐤌	H8033	5	0.20		
𐤊𐤌𐤍𐤄𐤂𐤅	H4491	3	0.00		
𐤅𐤔𐤍𐤀𐤕𐤅	H8135	3	0.00		
𐤅𐤇𐤓𐤔𐤉	H2796	3	0.67		
𐤌𐤔𐤂𐤉𐤇𐤉𐤌	H7688	3	0.00		
𐤄𐤍𐤒𐤌	H5359	3	0.67	H5358	1.0
𐤄𐤀𐤕𐤅𐤍𐤅𐤕	H860	3	0.00		
𐤔𐤄𐤍𐤁𐤉𐤀	H5030	3	1.00		
𐤀𐤁𐤍𐤓	H74	41	0.02		
𐤄𐤂𐤋𐤏𐤃𐤉𐤌	H1568	3	1.00		
𐤅𐤁𐤔𐤀𐤋𐤅	H7592	3	1.00		
𐤄𐤀𐤅𐤌𐤄	H520	3	0.33		
𐤅𐤁𐤉𐤓𐤀𐤕𐤅	H3374	4	0.25		
𐤔𐤐𐤒𐤃	H6485	4	1.00		
𐤋𐤅𐤀	H3808	3	1.00	H3863	1.0
𐤅𐤄𐤌𐤏𐤓𐤅𐤕	H4631	3	1.00		
𐤌𐤄𐤐𐤋𐤔𐤕𐤉𐤌	H6430	5	1.00		
𐤅𐤄𐤇𐤉𐤋𐤉𐤌	H2428	5	1.00		
𐤌𐤄𐤂𐤅𐤓𐤋	H1486	3	0.67		
𐤑𐤅𐤁𐤄	H6678	4	0.00	H760	0.5
𐤃𐤇𐤅𐤉	H1760	3	0.33		
𐤌𐤄𐤒𐤓𐤉𐤁	H7126	3	1.00		
𐤅𐤄𐤀𐤋𐤄𐤅𐤕	H428	4	0.75		
𐤋𐤍𐤁𐤀	H5030	3	1.00		
𐤌𐤋𐤅𐤌𐤃	H3925	3	1.00		
𐤅𐤉𐤂𐤌𐤓𐤅	H1584	4	0.25		
𐤅𐤉𐤍𐤎𐤅	H5127	4	1.00	H5254	0.25
𐤌𐤉𐤊𐤋	H4324	4	1.00	H4323	0.5
𐤋𐤏𐤑𐤄	H6098	7	0.43		
𐤀𐤅𐤉𐤁𐤊	H341	3	1.00		
𐤅𐤉𐤕𐤀𐤅𐤍𐤍	H596	6	0.33		
𐤅𐤀𐤁𐤍𐤓	H74	3	0.00		
𐤍𐤅𐤁	H5108	3	0.00		
𐤀𐤇𐤉𐤌𐤋𐤊	H288	7	0.29		
𐤅𐤉𐤇𐤆𐤉𐤒	H2388	3	1.00		
𐤁𐤌𐤌𐤋𐤊𐤕𐤉	H3212	5	0.80	H4519	0.4
𐤁𐤉𐤃𐤉𐤃𐤅𐤕	H3039	5	0.40		
𐤋𐤇𐤉𐤋𐤉𐤅	H2428	4	1.00		
𐤌𐤌𐤏𐤋𐤕	H5927	3	1.00		
𐤁𐤄𐤓𐤂𐤅	H2026	4	0.75		
𐤔𐤄𐤐𐤋𐤔𐤕𐤉𐤌	H6430	4	1.00		
𐤒𐤏𐤉𐤋𐤄	H7084	5	0.60		
𐤑𐤅𐤃𐤒𐤕	H6666	8	0.75		
𐤌𐤏𐤋𐤋𐤉𐤌	H4611	5	0.60		
𐤀𐤁𐤉𐤂𐤉𐤋	H26	3	0.67		
𐤌𐤍𐤏𐤊	H4513	3	0.67		
𐤅𐤍𐤏𐤍𐤔	H6064	3	1.00		
𐤀𐤁𐤉𐤔𐤉	H52	16	0.31		
𐤑𐤓𐤅𐤉𐤄	H6870	5	0.20		
𐤀𐤓𐤌𐤅𐤍𐤅	H764	4	0.00		
𐤑𐤒𐤋𐤂	H6860	6	0.83		
𐤉𐤇𐤐𐤔𐤅	H2664	3	0.67		
𐤋𐤕𐤐𐤔𐤄	H8610	3	0.67		
𐤅𐤕𐤁𐤄𐤋	H926	3	0.67		
𐤄𐤂𐤉𐤋	H1530	3	0.00		
𐤋𐤑𐤒𐤋𐤂	H6860	3	0.67		
𐤉𐤄𐤅𐤍𐤕𐤍	H3083	10	1.00	H3129	1.0
𐤌𐤊𐤋𐤄	H3615	3	1.00	H4356	0.0
𐤌𐤄𐤒𐤓𐤁	H7130	5	1.00		
𐤏𐤔𐤄𐤀𐤋	H6214	6	1.00		
𐤅𐤉𐤍𐤎𐤄	H5127	4	1.00		
𐤌𐤇𐤉𐤋𐤉𐤅	H4249	3	1.00		
𐤅𐤀𐤁𐤉𐤔𐤉	H52	3	0.00		
𐤌𐤀𐤌𐤅	H3971	3	0.00		
𐤀𐤌𐤍𐤅𐤍	H550	9	1.00		
𐤄𐤍𐤄𐤅𐤂𐤉𐤌	H5090	10	0.60		
𐤌𐤃𐤅𐤃	H1730	3	0.67	H1731	0.0
𐤅𐤄𐤍𐤏𐤉𐤌	H5273	3	0.00		
𐤔𐤁𐤀𐤅𐤕𐤌	H853	3	0.67		
𐤋𐤉𐤅𐤀𐤁	H3097	9	0.67		
𐤅𐤁𐤄𐤂𐤉𐤃𐤌	H5046	3	1.00		
𐤄𐤉𐤁𐤅𐤎𐤉𐤌	H2983	4	1.00		
𐤇𐤉𐤓𐤌	H2438	18	0.72		
𐤏𐤅𐤆𐤄	H5810	5	0.20		
𐤅𐤉𐤏𐤋𐤄	H5927	7	1.00		
𐤔𐤌𐤋𐤊	H4428	5	1.00		
𐤍𐤉𐤔𐤀	H5375	3	1.00		
𐤋𐤍𐤕𐤍	H5414	3	1.00		
𐤅𐤉𐤃𐤀𐤂	H1672	9	0.56		
𐤀𐤇𐤀𐤁	H256	91	1.00		
𐤌𐤑𐤁𐤉𐤌	H4673	3	1.00		
𐤔𐤉𐤔𐤒	H7895	7	1.00		
𐤉𐤄𐤅𐤔𐤐𐤈	H3092	24	1.00		
𐤀𐤇𐤉𐤋𐤅𐤃	H286	3	1.00		
𐤁𐤍𐤉𐤄𐤅	H1141	12	0.42		
𐤉𐤄𐤅𐤉𐤃𐤏	H3077	14	0.36		
𐤅𐤉𐤅𐤁𐤀	H935	7	1.00		
𐤌𐤐𐤉𐤁𐤅𐤔𐤕	H4648	9	0.78		
𐤑𐤉𐤁𐤀	H6717	8	0.38		
𐤄𐤏𐤆𐤓	H72	5	0.20	H5826	0.2
𐤅𐤋𐤍𐤅𐤎	H5127	4	1.00		
𐤌𐤐𐤑𐤏𐤉𐤅	H6482	3	1.00	H4519	0.0
𐤁𐤕𐤔𐤁𐤏	H7651	3	0.67	H1323	1.0
𐤋𐤏𐤆𐤁𐤅	H5800	3	0.67		
𐤅𐤉𐤇𐤊𐤄	H2442	6	0.67		
𐤌𐤆𐤅𐤍𐤅	H2098	4	0.00	H4519	0.25
𐤔𐤍𐤔𐤀	H5375	4	1.00		
𐤔𐤀𐤋𐤅𐤄𐤅	H433	4	0.00		
𐤉𐤅𐤍𐤃𐤁	H3122	3	1.00		
𐤋𐤀𐤌𐤍𐤅𐤍	H550	3	1.00		
𐤄𐤒𐤌𐤇	H7058	3	1.00		
𐤋𐤌𐤔𐤕𐤄	H4960	5	0.80		
𐤊𐤀𐤁𐤅	H1	3	1.00		
𐤅𐤕𐤃𐤓𐤅𐤔	H1875	3	1.00		
𐤅𐤋𐤔𐤀𐤅𐤋	H7586	3	1.00		
𐤀𐤇𐤉𐤕𐤐𐤋	H302	13	0.00		
𐤀𐤇𐤉𐤌𐤏𐤑	H290	7	0.43		
𐤋𐤀𐤁𐤔𐤋𐤅𐤌	H53	6	1.00		
𐤇𐤅𐤔𐤉	H2365	4	0.00	H2363	0.5
𐤕𐤅𐤏𐤋𐤕𐤅	H8585	4	0.75		
𐤋𐤂𐤃𐤐𐤅	H1442	3	0.67		
𐤋𐤊𐤀𐤋𐤄	H413	3	1.00		
𐤅𐤀𐤁𐤉𐤕𐤓	H54	4	0.25		
𐤋𐤄𐤆𐤄𐤉𐤓𐤅	H2094	3	0.00		
𐤌𐤊𐤎𐤉	H4371	3	0.00	H4374	0.3333333333333333
𐤋𐤀𐤔𐤓𐤅	H838	5	0.20		
𐤏𐤌𐤔𐤀	H6021	13	0.92		
𐤄𐤊𐤅𐤔𐤉	H3569	5	0.40		
𐤁𐤊𐤓𐤉	H1075	3	1.00	H1060	1.0
𐤅𐤉𐤇𐤋𐤈	H2480	3	0.00		
𐤔𐤃𐤋𐤄	H1802	3	0.67		
𐤁𐤒𐤑𐤁	H7095	3	0.00		
𐤔𐤄𐤆𐤊𐤓𐤍𐤅	H2142	3	1.00		
𐤋𐤁𐤓𐤓	H7325	4	0.00		
𐤁𐤇𐤌𐤔𐤉𐤌	H2572	3	1.00		
𐤀𐤁𐤉𐤔𐤂	H49	4	0.75		
𐤁𐤌𐤌𐤋𐤊𐤕𐤅	H4467	3	1.00		
𐤀𐤃𐤅𐤍𐤉𐤄𐤅	H138	8	0.12		
𐤅𐤀𐤃𐤅𐤍𐤉𐤄𐤅	H113	3	0.33		
𐤅𐤓𐤁𐤁𐤅𐤕	H7233	6	1.00		
𐤌𐤅𐤔𐤂	H5381	3	0.67		
𐤄𐤔𐤂𐤉𐤇	H7688	4	0.50		
𐤍𐤌𐤓𐤑𐤕	H4834	3	0.33		
𐤁𐤄𐤔𐤅𐤀𐤄	H7722	4	0.25		
𐤅𐤉𐤇𐤁𐤓	H2266	3	1.00		
𐤋𐤇𐤉𐤓𐤌	H2438	3	1.00		
𐤈𐤐𐤇	H2948	3	1.00	H2947	1.0
𐤁𐤊𐤍	H3651	3	1.00		
𐤄𐤊𐤍𐤉𐤌	H3654	3	0.00		
𐤄𐤐𐤍𐤅𐤕	H6438	3	0.67	H6437	1.0
𐤄𐤊𐤉𐤅𐤓	H3595	3	0.67		
𐤄𐤍𐤔𐤏𐤍	H8172	3	1.00		
𐤊𐤉𐤅𐤓𐤉	H3595	3	0.33		
𐤄𐤊𐤉𐤅𐤓𐤉𐤌	H3757	4	0.00		
𐤄𐤀𐤋𐤄𐤉	H430	3	1.00		
𐤌𐤔𐤅𐤕𐤐𐤕	H8611	3	0.00		
𐤅𐤉𐤂𐤃𐤉𐤋𐤅	H1431	3	1.00		
𐤑𐤓𐤊𐤌	H6862	6	0.67		
𐤋𐤄𐤕𐤐𐤏𐤋𐤅𐤕	H6466	3	0.00		
𐤄𐤌𐤆𐤓𐤇𐤉	H4217	4	0.50		
𐤅𐤉𐤄𐤓𐤎𐤄	H2040	3	0.67		
𐤕𐤀𐤓𐤄	H8389	6	0.83		
𐤁𐤌𐤓𐤊𐤁𐤕𐤅	H4818	4	1.00		
𐤄𐤆𐤍𐤉𐤇	H2186	3	0.33		
𐤋𐤎𐤅𐤓𐤉𐤄	H3256	3	0.67		
𐤋𐤉𐤓𐤁𐤏𐤌	H3379	4	1.00		
𐤅𐤉𐤓𐤁𐤏𐤌	H3379	7	1.00		
𐤋𐤃𐤏𐤕𐤌	H3045	4	1.00		
𐤀𐤎𐤀	H609	12	1.00		
𐤂𐤁𐤕𐤅𐤍	H1405	4	0.25		
𐤁𐤏𐤔𐤀	H1201	11	1.00		
𐤋𐤌𐤌𐤋𐤊𐤕	H3212	3	1.00	H4467	1.0
𐤏𐤌𐤓𐤉	H6018	6	1.00		
𐤅𐤀𐤇𐤀𐤁	H256	6	1.00		
𐤀𐤕𐤁𐤏𐤋	H1167	5	1.00	H853	1.0
𐤁𐤍𐤕𐤄	H1129	3	0.33	H995	1.0
𐤏𐤑𐤉𐤓𐤕	H6116	4	0.00		
𐤄𐤅𐤃𐤕𐤄	H1882	5	0.00		
𐤄𐤇𐤁𐤉𐤀	H2244	3	0.00		
𐤋𐤀𐤇𐤀𐤁	H256	7	1.00		
𐤇𐤆𐤀𐤋	H2371	14	1.00		
𐤍𐤁𐤅𐤕	H5022	13	0.77		
𐤁𐤇𐤈𐤀𐤅	H2399	4	0.50		
𐤋𐤔𐤅𐤌𐤓𐤅𐤍	H8110	4	1.00		
𐤁𐤍𐤄𐤃𐤃	H1130	15	1.00	H1121	1.0
𐤌𐤉𐤊𐤉𐤄𐤅	H4321	12	1.00	H4319	1.0
𐤊𐤁𐤃𐤅𐤄𐤅	H3513	4	1.00		
𐤉𐤄𐤅𐤓𐤌	H3088	18	1.00		
𐤀𐤇𐤆𐤉𐤄𐤅	H274	3	1.00		
𐤅𐤉𐤐𐤔𐤈𐤅	H6584	3	0.67		
𐤄𐤇𐤑𐤑𐤓𐤅𐤕	H2689	3	1.00		
𐤄𐤂𐤉𐤀	H1516	8	0.88		
𐤅𐤋𐤔𐤋𐤋	H7998	3	1.00		
𐤍𐤒𐤄𐤋	H6950	4	1.00		
𐤁𐤓𐤔𐤏𐤅	H7562	4	1.00		
𐤅𐤉𐤏𐤁𐤃	H5647	4	1.00		
𐤋𐤉𐤄𐤅𐤓𐤌	H3088	3	1.00		
𐤀𐤃𐤅𐤕	H182	36	0.89		
𐤅𐤕𐤊𐤆𐤁	H3576	3	1.00		
𐤎𐤁𐤁𐤅𐤌	H5437	3	1.00		
𐤔𐤌𐤓𐤅𐤍𐤄	H8111	5	1.00		
𐤅𐤋𐤌𐤊𐤓	H4376	3	1.00		
𐤄𐤍𐤑𐤁𐤉𐤌	H5324	14	0.93		
𐤅𐤉𐤏𐤅𐤃𐤃	H5749	3	1.00		
𐤅𐤒𐤓𐤁𐤕𐤅	H7126	3	1.00		
𐤅𐤉𐤄𐤅𐤓𐤌	H3088	4	0.75		
𐤎𐤋𐤕	H5560	4	1.00		
𐤉𐤒𐤓𐤌	H3368	15	0.27	H7159	0.0
𐤅𐤁𐤌𐤄𐤅𐤌𐤄	H4103	3	0.67		
𐤋𐤉𐤅𐤓𐤌	H3141	5	1.00		
𐤐𐤋𐤋𐤅	H6420	4	0.25		
𐤉𐤏𐤑𐤓	H6113	5	1.00		
𐤏𐤕𐤋𐤉𐤄	H6271	11	0.55		
𐤁𐤀𐤂𐤓𐤕𐤅	H107	4	1.00		
𐤀𐤎𐤅𐤍𐤅	H611	4	0.25		
𐤀𐤇𐤆𐤉𐤄	H274	9	1.00		
𐤌𐤏𐤅𐤓𐤓𐤕	H5782	3	0.00	H4519	0.0
𐤉𐤆𐤓𐤏𐤀𐤋𐤄	H3157	4	0.50		
𐤋𐤊𐤃𐤄	H3537	4	0.50		
𐤁𐤀𐤓𐤌𐤉𐤌	H4325	3	0.00	H884	0.0
𐤅𐤉𐤄𐤅𐤀	H3058	3	0.00		
𐤄𐤑𐤐𐤄	H6822	3	1.00		
𐤔𐤅𐤌𐤓𐤅𐤍𐤄	H8111	4	1.00		
𐤉𐤄𐤅𐤍𐤃𐤁	H3082	3	1.00		
𐤅𐤁𐤇𐤐𐤑𐤅	H2656	6	0.83		
𐤌𐤇𐤒𐤅𐤕	H2708	3	1.00		
𐤇𐤌𐤅𐤔	H2549	4	1.00		
𐤅𐤉𐤇𐤂𐤅	H2287	3	1.00		
𐤅𐤉𐤅𐤀𐤔	H3101	5	0.60		
𐤉𐤄𐤅𐤀𐤇𐤆	H3059	6	1.00		
𐤅𐤉𐤅𐤊𐤉𐤇𐤌	H3198	4	0.75		
𐤕𐤒𐤅𐤍	H7069	5	0.60		
𐤀𐤌𐤑𐤉𐤄	H558	13	1.00		
𐤉𐤄𐤅𐤀𐤔	H3060	11	1.00		
𐤅𐤀𐤌𐤑𐤉𐤄	H553	4	0.50		
𐤉𐤕𐤌𐤄	H8552	6	1.00	H3495	0.16666666666666666
𐤊𐤌𐤃𐤌𐤄	H1818	4	0.50		
𐤏𐤆𐤉𐤄𐤅	H5818	3	1.00		
𐤋𐤌𐤅𐤑𐤀𐤅	H4672	6	1.00		
𐤅𐤁𐤄𐤊𐤍𐤄	H3559	3	1.00		
𐤇𐤈𐤀𐤕𐤉𐤅	H2403	3	1.00		
𐤌𐤔𐤋𐤔𐤉𐤌	H7969	4	1.00	H4519	0.25
𐤉𐤀𐤇𐤆	H270	3	1.00		
𐤅𐤌𐤎𐤐𐤃	H4553	3	1.00		
𐤃𐤌𐤔𐤒𐤄	H1834	4	1.00		
𐤅𐤉𐤇𐤓𐤁	H2717	4	0.50		
𐤁𐤄𐤋𐤇𐤌	H3898	5	1.00		
𐤅𐤉𐤊𐤇𐤃	H3582	3	0.67		
𐤁𐤍𐤁𐤍𐤅	H1121	4	1.00		
𐤄𐤅𐤔𐤁𐤅	H3427	3	1.00		
𐤁𐤇𐤔𐤒	H2836	6	0.83		
𐤓𐤁𐤔𐤒𐤄	H7262	3	0.00	H7227	1.0
𐤋𐤄𐤃𐤐	H1920	3	1.00		
𐤅𐤄𐤔𐤋𐤅𐤇𐤉𐤌	H7964	5	1.00		
𐤅𐤁𐤔𐤅𐤁𐤅	H7725	3	1.00		
𐤋𐤐𐤓𐤑	H6557	4	0.25		
𐤄𐤇𐤋𐤉	H2483	3	1.00	H2470	1.0
𐤁𐤋𐤀𐤃𐤍	H1081	3	1.00	H1255	1.0
𐤍𐤔𐤀𐤉	H5375	8	1.00		
𐤅𐤉𐤏𐤆	H5810	10	0.50		
𐤒𐤓𐤕𐤄𐤅	H7177	4	0.25		
𐤂𐤁𐤄𐤉𐤌	H1364	6	1.00		
𐤄𐤌𐤑𐤃𐤅𐤕	H4679	12	0.17		
𐤄𐤑𐤓𐤉𐤊	H6862	10	0.70		
𐤅𐤕𐤏𐤁𐤓	H5674	4	1.00		
𐤔𐤐𐤍	H8227	3	0.00		
𐤊𐤀𐤋𐤅𐤄	H428	3	1.00		
𐤅𐤉𐤎𐤐𐤃	H5594	4	1.00		
𐤊𐤕𐤅𐤁𐤅𐤕	H3789	3	0.33		
𐤋𐤊𐤉𐤃𐤕	H3027	3	1.00		
𐤉𐤇𐤆𐤒𐤀𐤋	H3168	5	1.00		
𐤅𐤋𐤃𐤀𐤂	H1673	4	0.00		
𐤁𐤆𐤅𐤄𐤅	H2088	3	1.00		
𐤅𐤉𐤎𐤁𐤋	H5445	3	0.67		
𐤄𐤏𐤌𐤃𐤄	H5975	4	1.00		
𐤉𐤏𐤑𐤄𐤅	H3289	4	0.75		
𐤅𐤁𐤇𐤔𐤒	H2836	3	1.00		
𐤋𐤓𐤃𐤐	H7291	8	0.88		
𐤄𐤓𐤀𐤔𐤍𐤉𐤌	H7223	6	0.67		
𐤅𐤉𐤒𐤓𐤄𐤅	H3368	3	0.00		
𐤍𐤁𐤅𐤆𐤓𐤀𐤃𐤍	H5018	4	1.00		
𐤔𐤌𐤓𐤉	H8104	5	1.00	H8113	0.6
𐤂𐤃𐤋𐤉𐤄𐤅	H1436	16	0.56		
𐤅𐤉𐤔𐤉𐤁𐤌	H3427	3	1.00	H7725	1.0
𐤁𐤋𐤈𐤔𐤀𐤑𐤓	H1096	4	1.00	H1095	1.0
𐤍𐤂𐤓𐤏𐤅	H1639	3	0.33		
𐤁𐤒𐤅𐤌𐤅	H6965	3	1.00		
𐤄𐤇𐤓𐤈𐤌𐤉𐤌	H2748	3	1.00		
𐤅𐤃𐤍𐤉𐤀𐤋	H1841	5	1.00	H1840	1.0
𐤌𐤃𐤏𐤕𐤉	H1847	3	0.33		
𐤋𐤂𐤓𐤏	H1639	3	0.67		
𐤅𐤉𐤌𐤔𐤋	H4910	6	0.67		
𐤍𐤑𐤅𐤓𐤄	H5341	4	0.75		
𐤅𐤉𐤔𐤒𐤈𐤅	H8252	3	1.00		
𐤁𐤔𐤅𐤔𐤍	H7800	8	0.50		
𐤂𐤁𐤄𐤄	H1364	3	0.33	H1361	1.0
𐤑𐤌𐤇𐤄	H6780	3	0.33		
𐤅𐤇𐤐𐤑𐤉	H2656	6	0.83		
𐤉𐤕𐤐𐤋𐤋𐤅	H6419	3	0.67		
𐤅𐤁𐤅𐤍𐤉𐤌	H1129	3	1.00		
𐤋𐤐𐤓𐤎	H6539	3	0.33		
𐤋𐤇𐤆𐤒𐤄	H2394	3	0.33	H2388	1.0
𐤉𐤈𐤁	H3190	3	1.00		
𐤉𐤇𐤅𐤎𐤌	H2347	4	0.25		
𐤊𐤇𐤒𐤕	H2708	4	1.00		
𐤅𐤌𐤓𐤃𐤊𐤉	H4782	7	0.00		
𐤁𐤎𐤊𐤅𐤕	H5521	3	0.33		
𐤄𐤌𐤒𐤌𐤅𐤕	H4725	4	0.75		
𐤃𐤅𐤃𐤄	H1730	3	1.00		
𐤅𐤌𐤂𐤃𐤅𐤋𐤉	H4026	3	1.00		
𐤀𐤎𐤕𐤓	H635	18	0.11	H5641	0.3333333333333333
𐤄𐤒𐤓𐤁𐤉𐤌	H7138	6	1.00	H7131	0.5
𐤅𐤄𐤌𐤍	H2001	6	1.00	H4478	0.8333333333333334
𐤄𐤌𐤃𐤕𐤀	H4099	3	1.00		
𐤊𐤇𐤒𐤉𐤄𐤌	H2706	4	1.00		
𐤄𐤌𐤋𐤁𐤅𐤔	H3830	3	1.00	H4403	1.0
𐤋𐤌𐤓𐤃𐤊𐤉	H4782	4	0.00		
𐤅𐤕𐤁𐤈𐤇	H982	3	0.33		
𐤕𐤏𐤅𐤓𐤓	H5782	3	0.33		
𐤅𐤋𐤓𐤏𐤉𐤅	H7473	6	0.00		
𐤅𐤋𐤋𐤁𐤔	H3847	3	0.67		
𐤎𐤍𐤁𐤋𐤈	H5571	13	0.77		
𐤁𐤍𐤔𐤅𐤀𐤉𐤌	H5375	3	1.00		
𐤅𐤋𐤁𐤇𐤓	H977	4	1.00		
𐤊𐤇𐤒𐤅𐤕	H2706	8	0.88		
𐤅𐤋𐤏𐤌𐤃	H5975	4	1.00		
𐤁𐤌𐤑𐤃𐤅𐤕	H4679	4	1.00	H4686	1.0
𐤔𐤅𐤅𐤉	H2053	5	0.20		
𐤋𐤇𐤔𐤒	H2836	3	1.00		
𐤇𐤒𐤅𐤕𐤉𐤄𐤌	H2708	6	0.50		
𐤂𐤌𐤓𐤍𐤅	H1586	3	0.67		
𐤀𐤐𐤍	H212	4	0.00	H6437	1.0
𐤔𐤁𐤅𐤉𐤌	H3220	3	0.67	H7617	1.0
𐤎𐤅𐤁𐤁𐤕	H5439	3	1.00		
𐤔𐤒𐤉𐤃𐤕	H8245	5	0.40		
𐤔𐤒𐤉𐤃𐤕𐤅	H8245	6	0.50		
𐤅𐤊𐤌𐤍𐤄𐤂	H4491	3	0.00		
𐤅𐤁𐤎𐤅𐤓𐤉𐤄	H5494	3	0.00		
𐤄𐤃𐤌𐤔𐤒𐤉	H1834	9	0.33		
𐤀𐤃𐤅𐤕𐤌	H182	3	1.00		
𐤋𐤂𐤌𐤋𐤌	H1581	4	0.00		
𐤂𐤆𐤓𐤍𐤅	H1505	3	0.33		
𐤅𐤉𐤋𐤅𐤄	H3867	4	1.00		
𐤋𐤂𐤃𐤅𐤋𐤉	H1419	3	1.00		
𐤀𐤕𐤍𐤉𐤅𐤍	H868	4	0.00		
𐤊𐤁𐤀	H935	3	1.00		
𐤌𐤁𐤕	H1323	4	1.00		
𐤓𐤁𐤁𐤕	H7233	3	1.00		
𐤌𐤅𐤋𐤉𐤃𐤅	H3206	3	1.00		
𐤀𐤃𐤅𐤕𐤉𐤅	H182	5	1.00		
𐤁𐤌𐤎𐤉	H4522	3	0.33		
𐤄𐤋𐤒𐤃𐤌𐤅𐤍𐤉𐤌	H6931	3	1.00		
𐤌𐤔𐤕𐤐	H8596	3	0.00		
𐤓𐤏𐤉𐤍𐤅	H7473	3	0.00		
𐤄𐤐𐤕𐤇𐤉𐤌	H6607	5	1.00		
𐤅𐤁𐤓𐤀𐤕𐤅	H1254	3	0.00		
𐤅𐤍𐤃𐤉𐤁	H5081	3	1.00		
𐤋𐤂𐤁𐤅𐤓𐤕	H1368	3	0.00		
𐤁𐤌𐤀𐤓𐤁𐤉𐤌	H693	3	0.67		
𐤅𐤉𐤁𐤆𐤅𐤄	H962	3	1.00		
𐤁𐤓𐤅𐤀𐤄	H1278	3	0.00		
𐤁𐤀𐤓𐤍𐤅	H727	8	0.00		
𐤅𐤉𐤏𐤔𐤅𐤌	H6213	3	1.00		
𐤊𐤂𐤌𐤅𐤋𐤅	H1576	4	1.00		
𐤅𐤕𐤔𐤒𐤈	H8252	3	1.00		
𐤊𐤄𐤍𐤅	H3548	6	1.00	H3549	1.0
𐤕𐤅𐤊𐤌	H8432	3	0.67		
𐤄𐤇𐤕𐤍𐤅𐤕	H2860	4	1.00		
𐤁𐤄𐤌𐤑𐤅𐤃𐤄	H4686	3	0.00		
𐤋𐤍𐤀𐤌𐤍𐤉𐤌	H539	3	1.00		
𐤅𐤋𐤔𐤌𐤓𐤌	H8104	3	1.00		
𐤉𐤋𐤊𐤃	H3920	3	0.67		
𐤋𐤁𐤉𐤍𐤅	H1121	3	1.00		
𐤅𐤉𐤀𐤕	H857	9	0.33		
𐤐𐤓𐤕𐤉𐤌	H6578	4	0.00		
𐤅𐤕𐤇𐤕𐤉𐤄	H8478	4	1.00		
𐤔𐤍𐤀𐤅𐤄𐤅	H8130	4	0.50		
𐤆𐤍𐤅𐤍	H2183	3	0.00		
𐤄𐤕𐤏𐤓𐤁𐤅𐤕	H8594	4	1.00		
𐤐𐤓𐤕𐤉𐤄	H6578	27	0.44		
𐤀𐤂𐤓𐤕𐤅	H107	3	1.00		
𐤀𐤉𐤃𐤉	H343	3	0.00		
𐤁𐤏𐤑𐤕𐤌	H6098	4	0.25		
𐤔𐤋𐤅𐤌𐤑𐤉𐤅𐤍	H6726	3	0.00		
𐤍𐤊𐤍𐤏𐤕	H3665	4	1.00		
𐤁𐤀𐤍𐤉	H205	6	0.67	H590	0.16666666666666666
𐤏𐤅𐤁𐤃𐤄	H5744	6	0.50		
𐤅𐤊𐤏𐤔𐤓𐤉𐤌	H6242	3	1.00		
𐤅𐤉𐤎𐤂	H5253	3	0.67		
𐤕𐤏𐤓𐤁𐤅𐤕	H6149	4	0.25	H8594	1.0
𐤅𐤉𐤆𐤊𐤉𐤓𐤅	H2142	3	1.00		
𐤌𐤄𐤇𐤆𐤉𐤒	H2388	5	1.00		
𐤋𐤁𐤂𐤃	H898	3	0.67	H899	0.6666666666666666
𐤇𐤋𐤔𐤄	H2476	3	1.00		
𐤄𐤑𐤅𐤌	H6685	4	1.00	H6684	1.0
𐤅𐤉𐤅𐤋𐤊	H3212	5	1.00		
𐤄𐤎𐤁𐤉𐤁𐤅𐤕	H5439	3	1.00		
𐤐𐤈𐤅𐤓	H6363	3	0.33		
𐤅𐤁𐤇𐤐𐤑	H2654	3	1.00		
𐤁𐤎𐤌	H947	9	0.67		
𐤇𐤋𐤅𐤑	H2502	3	1.00		
𐤁𐤈𐤇𐤄	H982	8	0.38	H985	0.0
𐤀𐤕𐤅𐤍𐤄	H5089	4	0.00	H853	1.0
𐤌𐤇𐤆𐤅𐤕	H2380	3	0.33		
𐤁𐤄𐤇𐤆𐤉𐤒𐤅	H2388	3	1.00		
𐤄𐤂𐤆𐤓𐤅𐤕	H1507	3	0.00		
𐤄𐤆𐤊𐤉𐤅𐤕	H2140	3	0.00		
𐤅𐤌𐤅𐤏𐤑𐤕𐤌	H6098	5	0.20	H4519	0.6
𐤔𐤋𐤅𐤇𐤉𐤊𐤌	H2425	3	0.67		
𐤀𐤄𐤁𐤉𐤍𐤅	H157	3	1.00		
𐤅𐤁𐤊𐤕𐤁𐤅	H3789	3	0.33		
𐤐𐤈𐤓𐤕𐤉	H6363	3	0.00		
𐤌𐤅𐤏𐤃𐤉𐤄𐤌	H5707	3	0.00		
𐤉𐤒𐤄𐤋𐤅	H6950	3	1.00		
𐤅𐤉𐤕𐤍𐤑𐤋	H5337	3	1.00		
𐤅𐤋𐤕𐤐𐤔	H8610	3	0.67		
𐤂𐤌𐤋𐤅𐤄𐤅	H1580	3	1.00		
𐤃𐤅𐤌𐤌𐤉𐤌	H1748	4	1.00		
𐤀𐤋𐤄𐤌𐤇𐤍𐤄	H4264	3	1.00	H413	1.0
𐤋𐤓𐤊𐤁	H7392	3	1.00	H7395	0.6666666666666666
𐤅𐤀𐤕𐤄𐤃𐤁𐤓𐤉𐤌	H1697	3	1.00	H853	1.0
𐤁𐤆𐤒𐤉𐤌	H2131	4	1.00		
𐤅𐤁𐤇𐤔𐤁𐤅	H2803	9	1.00		
𐤅𐤋𐤀𐤅𐤉𐤁	H341	3	1.00		
𐤐𐤅𐤋𐤉𐤅𐤍	H6423	7	0.86		
𐤋𐤀𐤉𐤁𐤉𐤅	H341	3	0.67		
𐤁𐤍𐤒𐤋𐤄	H7043	6	1.00		
𐤄𐤋𐤎𐤈𐤉𐤌	H7750	6	0.50		
𐤇𐤍𐤌𐤀𐤋	H2601	5	0.00		
𐤄𐤉𐤃𐤉𐤃𐤉𐤌	H3039	3	0.33		
𐤋𐤉𐤋𐤉𐤃𐤉	H3206	3	0.67		
𐤅𐤋𐤕𐤕𐤄	H5414	3	1.00		
𐤅𐤍𐤉𐤓𐤅𐤍	H5214	3	0.00		
𐤋𐤒𐤅𐤕	H6957	3	0.67		
𐤉𐤕𐤏𐤅𐤓𐤓	H5782	3	0.00		
𐤁𐤔𐤍𐤀𐤕	H8135	3	0.33		
𐤄𐤏𐤍𐤅𐤄	H5869	5	1.00		
𐤅𐤉𐤊𐤀𐤁	H3510	7	0.86		
𐤌𐤌𐤍𐤄𐤂	H5090	3	1.00		
𐤍𐤃𐤁𐤕𐤅	H5071	3	1.00		
𐤁𐤏𐤕𐤅𐤕	H6256	3	1.00		
𐤁𐤄𐤅𐤑𐤀𐤅𐤕	H3318	11	1.00		
𐤄𐤏𐤆𐤅	H5756	3	0.33		
𐤄𐤌𐤋𐤊𐤅𐤕𐤉	H4437	5	1.00		
𐤅𐤁𐤐𐤀𐤕	H6285	3	1.00		
𐤉𐤔𐤒𐤉𐤐	H8259	3	1.00		
𐤅𐤌𐤀𐤃	H3966	3	1.00		
𐤉𐤏𐤔𐤒𐤅	H6231	3	1.00		
𐤅𐤔𐤋𐤅𐤌𐤉𐤕	H8019	7	0.71		
𐤊𐤀𐤉𐤁𐤉𐤌	H341	3	0.00		
𐤓𐤅𐤌𐤉𐤄	H7411	8	0.38		
𐤍𐤇𐤆𐤉𐤒	H2388	3	1.00		
𐤋𐤄𐤕𐤏𐤋𐤅𐤕	H5927	4	1.00		
𐤋𐤕𐤀𐤅𐤄	H8378	3	1.00		
𐤄𐤁𐤆𐤉𐤅𐤍	H963	3	0.00		
𐤌𐤔𐤋𐤅𐤌𐤉𐤕	H4922	6	0.00		
𐤋𐤀𐤎𐤓𐤌	H632	3	0.33		
𐤄𐤄𐤋𐤅𐤀𐤄	H3808	3	1.00		
𐤔𐤈𐤓	H7860	4	0.00	H7859	0.5
𐤌𐤅𐤏𐤑𐤄	H6098	4	0.00		
𐤄𐤀𐤔𐤉𐤌𐤌	H816	3	1.00		
𐤅𐤋𐤇𐤔𐤁	H2803	5	1.00		
𐤁𐤈𐤇𐤕	H982	3	0.67		
𐤎𐤁𐤁𐤅𐤄𐤅	H5437	5	1.00		
𐤀𐤋𐤊𐤎𐤎	H5580	3	0.00	H413	1.0
𐤁𐤈𐤍𐤉𐤄	H990	3	0.00		
𐤄𐤑𐤅𐤀𐤅𐤕	H3318	3	1.00		
𐤅𐤄𐤎𐤁𐤄	H5438	3	1.00		
𐤋𐤇𐤊𐤌𐤕	H2450	4	0.25		
𐤋𐤇𐤌𐤕𐤅	H2534	3	0.67		
𐤁𐤕𐤀𐤅𐤕𐤌	H8378	3	1.00		
𐤋𐤁𐤋𐤌	H1077	3	0.67		
𐤄𐤉𐤓𐤅𐤔𐤄	H3425	4	0.00		
𐤅𐤕𐤍𐤔𐤀	H5375	3	1.00		
𐤋𐤂𐤓𐤌	H1634	3	0.33		
𐤅𐤉𐤏𐤍𐤔𐤅	H6064	3	1.00		
𐤅𐤋𐤄𐤍𐤔𐤀	H5375	3	1.00		
𐤅𐤉𐤔𐤉𐤕	H7896	3	0.67		
𐤀𐤕𐤄𐤇𐤓𐤅𐤕	H2801	3	0.00	H853	1.0
𐤁𐤇𐤂𐤉𐤌	H2282	4	1.00		
𐤅𐤉𐤁𐤆𐤅𐤌	H959	3	0.33		
